churned,tx_count_obs_avg_per_year,tx_count_label,tx_count_1997,avg_balance_label,avg_balance_obs,balance_ratio
0,59.0,63.0,66.0,33200.926984126985,36503.28181818182,0.9095326592687353
0,93.0,95.0,99.0,56454.6652631579,50388.437373737375,1.120389283843564
0,80.4,77.0,82.0,39069.74025974026,32412.78780487805,1.2053804348745452
0,73.4,68.0,60.0,52962.32352941176,39553.295000000006,1.3390116684188196
0,93.6,96.0,100.0,46424.821875,31674.782000000003,1.4656713935710748
0,61.4,62.0,67.0,22414.93064516129,23739.801492537314,0.9441919997607182
0,72.4,90.0,63.0,27123.031111111108,1134.6698412698413,23.903897084950238
1,84.0,77.0,93.0,17150.164935064935,25728.93010752688,0.6665712434753644
0,101.6,100.0,105.0,28995.499,26395.814285714285,1.0984885211778708
0,72.8,95.0,86.0,102819.93578947369,74856.66162790699,1.373557590646573
0,101.2,96.0,107.0,25124.815625,30838.983177570095,0.8147095992216066
0,70.0,72.0,73.0,50583.958333333336,49410.367123287666,1.0237519224886014
0,59.8,58.0,63.0,29131.898275862066,22768.998412698413,1.2794545349704545
0,59.0,53.0,57.0,26415.192452830186,18324.9350877193,1.4414890053571148
0,99.6,107.0,112.0,57232.2785046729,56769.82232142857,1.0081461622448968
0,67.0,65.0,70.0,54923.515384615384,54380.75714285715,1.0099807040261028
0,68.8,70.0,73.0,6805.639999999999,7324.902739726028,0.9291099475069002
0,53.2,55.0,55.0,42396.9490909091,36823.42,1.1513582684853578
0,76.4,65.0,72.0,17849.521538461537,15675.480555555558,1.1386905476486637
0,68.4,74.0,73.0,33276.22432432433,31987.508219178082,1.0402881054790507
0,63.0,85.0,58.0,80120.92588235294,52952.22586206897,1.513079470748851
1,91.4,94.0,98.0,22249.18085106383,33557.90612244898,0.6630086147174709
0,70.8,72.0,72.0,25394.17638888889,21965.505555555555,1.156093417684445
0,70.4,70.0,74.0,44951.72857142857,35100.79054054054,1.2806471842709763
0,56.8,65.0,60.0,30926.590769230766,25033.846666666668,1.2353910759711757
0,58.2,68.0,60.0,24031.04117647059,19916.693333333336,1.20657785779386
0,61.0,75.0,51.0,81586.808,19763.494117647057,4.128157071534743
0,79.8,71.0,99.0,65582.95492957746,77512.31717171718,0.8460972052259519
0,59.0,56.0,62.0,19098.032142857144,21192.64677419355,0.9011631414587142
0,77.6,81.0,77.0,66853.91851851852,61701.03116883117,1.0835137963186972
0,56.0,59.0,62.0,26923.9,27510.677419354837,0.9786709207334162
0,61.8,63.0,66.0,62738.28571428572,46567.05303030303,1.3472676845893474
0,68.0,71.0,68.0,17314.038028169012,15390.839705882352,1.1249573355995395
0,61.4,64.0,74.0,47677.1484375,44957.28783783784,1.0604987696204622
0,65.8,56.0,55.0,26377.366071428572,21135.91090909091,1.2479881366306869
0,104.2,107.0,110.0,41563.48691588785,28955.14909090909,1.4354437197126138
0,55.4,55.0,61.0,19329.234545454543,21010.539344262295,0.9199780276336935
0,81.4,78.0,75.0,22320.728205128205,19709.938666666665,1.1324605612739371
0,59.2,62.0,65.0,18000.506451612902,18497.887692307693,0.9731114574286432
0,69.2,73.0,71.0,57188.79863013698,56079.633802816905,1.0197783892673058
0,94.8,118.0,93.0,75232.05084745762,56641.19247311828,1.328221521521859
0,80.8,82.0,87.0,16236.120731707317,16640.171264367815,0.9757183669421897
0,66.8,59.0,72.0,66854.42542372881,81753.81944444444,0.8177529304200831
0,65.2,65.0,74.0,59694.43076923077,58613.09594594594,1.018448689765203
0,76.6,79.0,78.0,65309.148101265826,67140.16282051282,0.9727284736538115
0,67.0,70.0,68.0,22572.258571428574,20592.604411764707,1.096134229555387
0,91.6,98.0,98.0,49339.42857142857,45213.76428571429,1.0912479717380625
0,102.2,109.0,109.0,41335.52201834863,46362.09816513761,0.8915800547057907
0,56.2,61.0,63.0,24287.431147540985,24050.84285714286,1.009837006204041
0,82.0,74.0,74.0,27773.317567567567,22733.295945945945,1.2217021954759892
0,62.0,64.0,63.0,45322.3046875,28675.628571428573,1.5805165203129188
0,80.4,85.0,88.0,70762.90705882352,54179.97613636364,1.3060712112667399
0,56.8,64.0,60.0,19696.634375,18921.661666666667,1.0409569054761487
0,74.4,69.0,69.0,47938.25362318841,31222.111594202903,1.5353943463609052
0,59.6,60.0,63.0,66802.31,48367.4126984127,1.381142928122601
0,65.8,70.0,73.0,21326.087142857144,21179.175342465755,1.006936615709339
0,57.2,63.0,63.0,23846.35238095238,25181.879365079363,0.9469647612568978
0,111.8,106.0,116.0,21372.53962264151,19974.397413793104,1.06999671528929
0,60.0,67.0,64.0,31295.56417910448,29979.240625,1.0439078351106328
0,72.6,69.0,72.0,56692.04927536232,67539.40694444445,0.8393921688118348
0,65.4,60.0,68.0,59086.88833333333,69847.06470588235,0.8459466204076171
0,9.8,0.0,2.0,,8450.0,
0,92.6,95.0,100.0,66625.81789473684,68557.518,0.9718236575416404
0,92.6,94.0,101.0,37744.31808510638,46595.01386138614,0.8100505817508847
0,93.2,97.0,97.0,88889.87835051546,73716.65773195877,1.2058316408447065
0,51.0,43.0,51.0,27902.52558139535,27672.60196078431,1.0083087098544934
0,90.8,93.0,98.0,42253.25161290322,37448.950000000004,1.1282893542516736
0,71.0,72.0,82.0,56524.28472222222,41946.78414634146,1.3475236748787138
0,54.0,62.0,59.0,16910.372580645162,19100.18305084746,0.8853513359336554
0,79.8,82.0,82.0,46119.486585365856,29326.050000000003,1.5726457052813403
0,68.6,68.0,71.0,23807.888235294115,23668.73661971831,1.0058791315232212
0,105.4,122.0,121.0,71693.2106557377,72399.82727272727,0.9902400786906883
0,58.0,59.0,61.0,24394.418644067795,31204.872131147542,0.7817503158334751
0,60.8,69.0,63.0,37845.57971014493,38913.50476190476,0.9725564413101823
0,61.6,61.0,62.0,37641.97049180328,29349.479032258063,1.2825430546971865
1,91.0,88.0,99.0,28880.761363636364,42279.941414141416,0.6830842332713495
0,76.0,84.0,86.0,104647.85476190477,82136.15348837209,1.2740778611786299
0,95.8,105.0,105.0,63729.82571428572,67563.22095238096,0.9432621005325214
0,80.8,86.0,87.0,83261.90813953488,83218.78390804598,1.0005182030962692
0,100.8,106.0,108.0,73247.85094339623,63987.96944444445,1.1447128511710531
0,77.8,84.0,88.0,51711.68214285714,59465.89886363636,0.869602295282533
1,31.8,29.0,33.0,19994.03103448276,31654.96363636364,0.631623882565912
0,72.0,72.0,72.0,47177.84027777778,32998.66527777778,1.4296893489673552
0,68.4,70.0,72.0,88755.18285714285,61769.74444444444,1.4368714595698069
0,72.2,73.0,79.0,31878.698630136987,31412.77341772152,1.0148323488098194
1,12.0,20.0,12.0,8334.07,16241.666666666666,0.5131289892252437
0,61.0,56.0,60.0,22157.14107142857,26986.748333333333,0.8210378218875908
0,57.4,62.0,59.0,23812.398387096775,20825.194915254237,1.1434418013372083
0,79.6,81.0,84.0,32863.47777777778,28493.275,1.1533766398484475
0,58.8,61.0,61.0,40386.054098360655,52263.6868852459,0.7727364161475122
0,74.8,81.0,82.0,23954.251851851852,24239.324390243903,0.9882392539576396
0,68.2,75.0,73.0,95835.5,79379.66575342465,1.2073054111577108
0,67.6,72.0,71.0,54796.97222222222,45206.799999999996,1.212140036946261
0,75.8,83.0,75.0,44591.9578313253,38195.028,1.167480694904198
0,60.8,57.0,65.0,25645.614035087718,27428.64153846154,0.9349939551007808
0,53.4,54.0,55.0,93804.77222222222,77910.43818181817,1.2040077608511421
0,57.6,59.0,61.0,21487.39322033898,22112.614754098362,0.9717255719998693
0,58.4,80.0,63.0,90431.345,49274.42857142857,1.835259131801195
0,62.0,76.0,93.0,78527.04605263157,78454.20752688171,1.0009284208973102
0,61.8,51.0,51.0,17511.956862745097,16589.005882352943,1.05563630436553
0,100.0,100.0,102.0,41322.344,29406.83529411765,1.4051952067166456
0,68.6,76.0,71.0,93319.56842105264,64512.038028169016,1.4465450367620518
0,73.6,78.0,77.0,80179.95128205129,76882.12987012987,1.0428945116048702
0,68.2,73.0,69.0,72948.79452054795,64168.431884057965,1.1368330560477882
0,62.0,77.0,95.0,81429.38181818182,75735.50421052631,1.0751810880116135
0,57.4,60.0,59.0,26235.358333333334,21807.354237288135,1.2030509546395962
0,58.0,61.0,62.0,25094.531147540984,25490.42258064516,0.9844690125535707
0,52.4,56.0,52.0,37917.53928571429,37075.123076923075,1.0227218722118163
0,107.6,105.0,132.0,68633.75333333333,81732.07045454546,0.8397407890395161
1,63.6,52.0,64.0,12119.715384615385,25480.4515625,0.4756475902668919
0,98.8,105.0,108.0,36394.77523809524,27728.012962962963,1.3125634096719696
0,68.8,72.0,75.0,64538.330555555556,51819.38,1.2454477563327766
0,64.8,56.0,62.0,22981.56607142857,19181.409677419353,1.1981166378236954
0,71.2,70.0,77.0,79485.31857142856,57208.548051948055,1.3893958381753047
0,78.2,85.0,86.0,61731.2294117647,61635.88023255814,1.001546975217143
0,56.0,56.0,62.0,21854.16964285714,20557.812903225804,1.0630590785962413
0,56.6,56.0,61.0,20576.133928571428,18398.28360655738,1.1183724725950976
0,70.6,63.0,70.0,34561.76666666666,40183.96428571428,0.860088527376918
0,69.8,78.0,75.0,94057.90128205127,61171.89333333333,1.5375999688209412
0,88.4,99.0,96.0,60204.01414141413,53988.571875,1.1151251468700594
0,96.4,83.0,73.0,70107.27228915662,43760.546575342465,1.6020657367350986
0,66.8,71.0,71.0,82860.26760563381,58694.578873239436,1.411719262601477
0,60.0,60.0,58.0,28269.975,28089.156896551725,1.0064372919455788
0,79.4,103.0,88.0,61175.64951456311,71834.09204545454,0.8516241769416801
0,90.2,96.0,98.0,50448.621875000004,52651.897959183676,0.9581539095534282
0,57.4,58.0,59.0,19164.291379310343,19867.45254237288,0.9646073817686062
0,62.2,51.0,69.0,21672.376470588235,24798.510144927535,0.873938649698327
0,100.2,112.0,109.0,48901.70267857143,36611.851376146784,1.3356795911837358
0,52.8,54.0,56.0,59036.544444444444,70272.79285714285,0.8401052817761134
0,100.8,101.0,104.0,32905.15544554456,34140.04903846154,0.9638285934643569
0,69.0,96.0,83.0,73255.96979166666,52052.24819277108,1.407354578045686
0,77.2,68.0,82.0,20664.50294117647,18663.998780487807,1.1071851849229695
0,53.4,59.0,58.0,21221.593220338982,21467.16896551724,0.9885604037694617
0,61.2,63.0,67.0,17529.931746031747,21665.605970149256,0.8091133832205932
0,65.4,65.0,67.0,40393.36461538462,41458.64029850746,0.9743050983955884
0,57.0,53.0,57.0,10307.896226415094,11329.642105263158,0.909816579433395
0,61.4,54.0,65.0,18364.475925925926,17428.66,1.0536940835340138
0,80.8,58.0,90.0,45576.691379310345,60848.64000000001,0.7490174205916572
0,56.8,59.0,63.0,25757.528813559322,25572.038095238095,1.0072536540744388
0,67.6,73.0,75.0,44993.77945205479,36016.892,1.2492410353468253
0,70.2,72.0,76.0,41045.29722222222,42338.68289473684,0.9694514428866327
0,102.4,121.0,94.0,75533.1049586777,21917.59574468085,3.4462313220193743
0,63.0,63.0,62.0,69569.07142857143,50913.82419354839,1.3664082895070955
0,59.6,56.0,54.0,29966.98214285714,31066.012962962963,0.9646227270484922
0,94.8,97.0,102.0,62252.60206185567,61693.003921568634,1.009070690430287
0,69.4,72.0,73.0,15824.033333333333,15593.145205479454,1.014807027370767
0,57.4,62.0,62.0,22973.8064516129,24313.35322580645,0.9449048939587756
0,90.2,111.0,96.0,81357.19099099099,61792.46770833334,1.316619873072639
1,56.6,70.0,79.0,50394.50714285715,71924.85189873418,0.7006550004970403
0,67.4,67.0,72.0,31468.10149253731,36782.711111111115,0.8555133795733616
0,70.6,72.0,70.0,32635.773611111115,21973.012857142854,1.485266213754664
0,63.0,64.0,69.0,32459.7953125,34255.586956521736,0.9475766786217672
0,56.2,64.0,66.0,20618.628125,19720.501515151518,1.0455427874974903
0,57.2,83.0,42.0,39929.85542168675,5287.076190476191,7.552351050588962
0,108.6,118.0,123.0,88544.65593220339,77880.91056910569,1.1369237376036518
0,66.2,63.0,73.0,58618.36666666667,46267.57808219179,1.2669426215163972
0,77.6,83.0,82.0,31694.539759036143,24154.991463414633,1.312132103505024
0,64.6,60.0,61.0,57544.19666666666,37584.26721311475,1.5310714012427797
0,67.2,67.0,70.0,23201.85970149254,29387.57,0.7895126987870226
0,58.6,59.0,63.0,38297.898305084746,30538.76507936508,1.2540748850045178
0,58.6,56.0,62.0,21318.471428571425,20020.86129032258,1.0648129028732678
0,68.2,72.0,73.0,56026.2375,53641.77534246576,1.0444515891264057
0,67.4,62.0,69.0,64547.40967741935,50689.19420289855,1.2733958527541231
0,60.2,63.0,65.0,31950.73015873016,28867.183076923076,1.1068184267786116
0,93.8,91.0,73.0,53404.66373626374,39260.48630136986,1.3602649576554116
0,78.6,83.0,85.0,70310.07951807229,54785.83294117647,1.2833624268077515
0,66.6,66.0,70.0,22670.898484848487,28225.675714285713,0.8032012666174785
0,69.0,63.0,65.0,31414.88253968254,23257.55076923077,1.3507390718563428
0,78.8,85.0,84.0,32971.85411764706,40013.77976190476,0.8240124855447426
0,52.4,56.0,58.0,24499.212499999998,24854.077586206895,0.9857220576794274
0,68.0,80.0,78.0,91311.66,82012.16282051282,1.1133916831316781
0,66.2,68.0,73.0,68408.30588235294,63632.097260273964,1.075059739152442
0,62.0,62.0,69.0,56765.329032258065,46762.53913043479,1.2139060471870975
0,52.6,57.0,58.0,22064.589473684213,19120.879310344826,1.1539526564422575
0,88.2,93.0,95.0,28477.07634408602,29025.69157894737,0.9810989780081841
0,70.0,71.0,81.0,67975.98450704226,47921.097530864194,1.4184980730723344
0,54.4,61.0,61.0,21388.537704918035,19841.277049180328,1.0779819087200149
0,73.6,73.0,82.0,33727.73561643836,45724.48536585366,0.7376296386186495
1,59.2,62.0,64.0,2720.8693548387096,12600.540625,0.2159327473172374
1,70.4,74.0,71.0,50406.28108108108,68971.27183098592,0.7308300940803535
0,61.8,65.0,67.0,47829.944615384615,44933.96119402985,1.0644497690477273
0,66.2,70.0,71.0,29385.51142857143,30430.84366197183,0.9656489236706011
0,78.6,85.0,84.0,40611.376470588235,43722.405952380956,0.9288458762955312
0,78.6,85.0,84.0,36057.45764705882,40173.2,0.8975500494622989
0,89.8,85.0,103.0,55787.507058823525,67972.11262135922,0.8207411084835567
0,58.4,61.0,60.0,50939.03770491803,45974.051666666666,1.107995398670751
0,56.2,60.0,59.0,40497.54,32720.32372881356,1.2376876321776062
0,62.8,63.0,64.0,20077.98253968254,18564.6484375,1.081516981443379
0,59.0,60.0,62.0,23962.333333333332,19202.109677419354,1.2479010762818288
0,77.4,81.0,82.0,43524.05185185185,41779.964634146345,1.041744583390099
0,62.0,60.0,63.0,25723.31,22003.390476190478,1.169061196629437
0,58.2,58.0,54.0,26402.360344827586,17453.60185185185,1.512717006434191
0,88.6,97.0,106.0,84439.23298969072,75491.26698113207,1.1185298163136548
0,64.6,65.0,71.0,54345.5,41059.36901408451,1.3235834184728454
0,96.4,87.0,103.0,45161.440229885055,59187.66893203884,0.7630210995763468
0,89.6,97.0,101.0,54110.357731958764,34447.43762376238,1.570809368260024
0,65.8,62.0,68.0,25064.817741935483,22876.316176470587,1.0956666951349394
0,74.0,79.0,80.0,55992.94810126583,57506.22624999999,0.9736849686126958
0,73.0,65.0,68.0,36743.163076923076,46232.76470588235,0.7947429341652181
0,61.6,64.0,67.0,58323.509375,45338.02537313433,1.286414855852112
0,53.6,49.0,46.0,19561.785714285714,23877.176086956522,0.8192671379163554
0,98.4,108.0,104.0,87320.83055555554,84733.25384615385,1.0305379127077998
0,60.8,66.0,66.0,44965.28181818182,27813.092424242426,1.6166947972671035
0,60.4,60.0,59.0,19796.451666666668,18558.76440677966,1.0666901757443976
0,72.0,78.0,95.0,76258.66025641025,90228.76421052631,0.8451701729891777
0,59.6,66.0,59.0,32604.651515151516,23088.915254237287,1.4121344011242754
0,64.8,62.0,59.0,46581.262903225805,27656.366101694915,1.6842871811843378
0,67.4,73.0,75.0,22327.931506849316,23678.782666666666,0.9429509878597355
0,65.4,69.0,70.0,47677.842028985506,52216.689999999995,0.9130766815932896
0,66.2,71.0,68.0,15666.336619718308,15446.936764705883,1.014203453950412
0,68.0,70.0,73.0,38927.095714285715,39889.07945205479,0.9758835312575878
1,69.8,80.0,87.0,50912.35625,73017.39885057471,0.697263351631969
0,52.2,54.0,55.0,25430.437037037038,24447.418181818182,1.0402095161095555
1,57.2,54.0,61.0,-257.3037037037037,6485.437704918033,-0.03967406910848675
0,99.0,107.0,113.0,44796.41495327103,40847.94690265487,1.0966625828227252
0,98.0,106.0,110.0,47249.71603773585,45924.13181818182,1.0288646549661984
0,77.6,85.0,84.0,62156.095294117644,57540.72619047619,1.0802104771560106
1,58.2,53.0,71.0,42787.0358490566,77145.51690140845,0.5546276383595717
0,57.4,62.0,57.0,24555.874193548385,20819.526315789473,1.179463635295356
0,66.8,72.0,69.0,36903.77222222222,27831.002898550723,1.3259950551097084
0,60.2,60.0,64.0,27489.59833333333,27367.790625,1.0044507687888427
0,78.0,82.0,88.0,60997.7256097561,66136.97159090909,0.9222939022224687
0,80.2,70.0,71.0,40647.94571428571,37967.86478873239,1.0705881392189502
0,80.8,84.0,86.0,78815.01309523809,81025.07209302326,0.9727237638832601
0,68.8,71.0,73.0,63764.145070422535,52955.7698630137,1.2041019370574348
0,60.4,54.0,59.0,32876.846296296295,28071.2406779661,1.1711932035160189
0,91.6,112.0,105.0,78444.87410714287,76771.93619047619,1.0217910085335873
0,35.4,49.0,56.0,39861.91836734694,32896.458928571425,1.2117388821058133
0,60.2,58.0,68.0,30706.33103448276,19388.807352941174,1.583714277805993
0,73.4,78.0,79.0,37040.156410256415,37015.3,1.0006715171903622
0,57.0,61.0,64.0,43600.64262295082,43904.990625,0.993068031726765
0,55.0,59.0,61.0,20729.966101694914,16357.873770491804,1.2672775442912383
0,86.8,96.0,100.0,72606.74166666667,42770.164000000004,1.6976026013523506
0,64.0,71.0,66.0,14738.597183098593,14564.55303030303,1.0119498451091116
0,55.2,58.0,57.0,20516.510344827588,17258.135087719296,1.1888022802317104
0,55.2,56.0,51.0,46549.71785714286,37498.26078431372,1.2413833837492416
0,84.0,88.0,84.0,21484.398863636365,17461.121428571427,1.2304134617884104
0,67.8,84.0,72.0,70846.17976190476,53811.354166666664,1.3165656367330425
1,82.8,65.0,98.0,67018.67846153845,95282.2806122449,0.7033697979404343
0,72.4,76.0,75.0,57301.70131578947,52766.99866666667,1.0859382334358048
0,60.8,53.0,68.0,42753.99056603773,50884.61617647059,0.8402144651688949
0,59.8,55.0,56.0,28734.232727272727,20213.428571428572,1.4215417550631764
0,63.6,71.0,63.0,37444.26056338028,44774.85396825396,0.8362787869711159
0,73.2,79.0,79.0,33887.4746835443,37391.122784810126,0.9062973283410158
1,94.8,65.0,104.0,24243.195384615385,46229.30961538462,0.5244117981927965
0,79.2,84.0,69.0,79654.0369047619,57395.25362318841,1.3878157491507392
0,86.6,95.0,94.0,42719.0852631579,28561.121276595743,1.4957075686718162
0,66.2,66.0,72.0,20659.62575757576,26406.85,0.7823585833818029
0,72.0,81.0,79.0,34855.88888888889,38593.14430379747,0.9031627123851415
0,67.6,65.0,75.0,25910.0,26785.804,0.9673034268450557
0,77.2,103.0,100.0,47565.94368932039,38997.737,1.219710356252733
0,62.2,65.0,70.0,36693.73692307692,41588.41285714286,0.8823067388775027
0,66.2,73.0,73.0,29270.698630136987,26463.289041095893,1.1060869487795473
0,71.0,80.0,72.0,49389.0575,53037.12222222222,0.9312167672496058
0,67.0,77.0,72.0,83803.44415584416,74480.1,1.1251789962130039
0,105.2,108.0,124.0,65692.73518518519,71344.54758064516,0.9207814389870315
0,68.8,72.0,74.0,37632.39722222222,22980.722972972973,1.6375636774561313
0,66.2,72.0,73.0,60498.177777777775,57478.760273972606,1.052531013010947
0,58.8,57.0,56.0,22029.66140350877,18539.717857142856,1.188241459403943
0,69.8,67.0,74.0,36811.658208955225,44557.66081081081,0.8261577816047244
0,84.2,109.0,73.0,59311.31651376147,19213.276712328767,3.0869964244934134
0,72.2,42.0,54.0,16674.10714285714,20610.08888888889,0.8090264546042945
0,66.4,71.0,72.0,32482.02253521127,30708.64027777778,1.0577486414700292
0,68.4,81.0,79.0,100389.06790123456,90938.91012658228,1.103917649348317
0,66.6,71.0,79.0,18243.594366197183,18929.50253164557,0.9637651246089689
0,68.0,85.0,75.0,77246.98,84595.644,0.9131318865543478
0,72.0,73.0,78.0,35182.968493150685,37483.416666666664,0.9386275751227948
0,99.2,110.0,111.0,74711.3009090909,63644.60270270271,1.173882744748727
0,53.6,48.0,47.0,21025.95,19380.710638297875,1.0848905590928641
0,95.2,87.0,115.0,56967.44482758621,76855.91739130435,0.741223926032163
0,53.6,56.0,58.0,23572.01607142857,21186.010344827588,1.1126217578376434
0,72.4,84.0,76.0,21337.32380952381,18823.280263157896,1.133560331207869
0,11.6,11.0,12.0,24227.272727272728,15816.666666666666,1.5317559153175593
0,67.0,72.0,73.0,88619.76527777777,80042.68630136986,1.107156310872854
0,96.2,108.0,112.0,32832.39351851852,36014.5375,0.9116427919841681
0,61.4,57.0,62.0,25284.259649122807,25246.374193548385,1.0015006295670015
0,62.2,64.0,70.0,77457.8734375,83096.06571428571,0.9321485051269233
1,47.8,32.0,50.0,2505.3562500000003,10927.24,0.22927621705023413
0,59.4,53.0,66.0,22876.692452830186,31129.101515151513,0.734897293508307
0,52.2,56.0,59.0,21093.548214285714,18045.298305084747,1.1689221124342424
0,59.4,52.0,55.0,25764.240384615383,24182.31636363636,1.065416562962422
0,54.2,55.0,59.0,33089.88181818182,42130.73898305085,0.7854094805100343
0,71.2,75.0,82.0,42633.728,49929.38048780488,0.8538805725901841
0,56.0,66.0,67.0,28640.783333333333,33357.298507462685,0.8586062005868319
0,57.0,52.0,60.0,19382.846153846152,17652.935,1.0979956677938343
0,55.6,57.0,63.0,57595.08245614036,50455.299999999996,1.1415070856013216
0,58.4,64.0,60.0,18986.246875,22060.175,0.8606571287399126
0,67.6,73.0,74.0,27055.668493150686,30639.89864864865,0.8830208220791212
1,60.2,70.0,69.0,32587.741428571426,52252.944927536235,0.6236536806444827
0,86.6,92.0,90.0,54167.96847826087,44308.427777777775,1.2225206624331635
0,52.8,58.0,55.0,19853.320689655175,19422.847272727275,1.0221632498512385
0,54.8,59.0,63.0,20244.60338983051,20802.596825396828,0.9731767413342794
0,71.4,74.0,72.0,22965.98108108108,21612.508333333335,1.062624510162028
0,62.8,68.0,67.0,69017.70147058823,64909.09850746268,1.063297797344284
0,64.8,74.0,72.0,22610.063513513513,21982.6625,1.0285407199202332
0,63.2,92.0,54.0,98495.54565217391,38979.75925925926,2.526838223834778
0,63.0,68.0,67.0,93197.09705882352,82289.44776119402,1.1325522238195567
0,50.8,50.0,50.0,26494.91,23383.214,1.1330739221734019
0,71.6,83.0,79.0,94447.56385542169,96172.11265822785,0.9820680990035564
0,75.4,85.0,83.0,53582.16235294117,60417.34819277109,0.886867165734895
0,87.4,90.0,95.0,48256.741111111114,52246.57157894737,0.9236345975006722
0,67.6,76.0,77.0,92928.43684210526,84560.53246753247,1.0989575648401422
0,66.8,74.0,72.0,50221.686486486484,50155.08472222222,1.001327916494073
0,77.2,84.0,86.0,65354.715476190475,53366.97209302325,1.22462850922611
0,57.0,69.0,65.0,103198.8884057971,90862.83846153846,1.1357656238031832
0,84.4,84.0,85.0,18707.65714285714,16224.683529411766,1.1530367978484322
0,86.4,98.0,92.0,42056.142857142855,33646.870652173915,1.2499273198955165
0,64.6,45.0,71.0,63975.14888888889,81765.07183098591,0.7824263766456413
0,49.6,54.0,55.0,33644.38333333333,28417.512727272726,1.1839313192616008
1,58.6,61.0,67.0,19624.501639344264,30891.501492537314,0.6352718609059873
0,77.2,86.0,88.0,27389.75348837209,22946.701136363637,1.1936248842744348
0,57.6,61.0,63.0,66905.9524590164,49791.34285714286,1.3437266122943767
0,52.4,49.0,50.0,53315.9306122449,51888.4,1.0275115558052454
0,53.8,59.0,60.0,29431.727118644067,31582.258333333335,0.9319069842317292
0,66.2,72.0,75.0,85409.14027777777,58431.42933333333,1.4616986312373927
0,55.2,58.0,62.0,25233.96551724138,20627.904838709677,1.2232927054175717
0,59.6,65.0,64.0,34182.16615384615,24239.6625,1.410175003626645
0,56.6,58.0,64.0,42592.877586206894,42418.153125,1.004119096385267
0,67.6,71.0,73.0,79073.30281690141,70884.28082191781,1.115526628753656
0,87.2,96.0,98.0,77023.67604166667,68651.87346938775,1.1219457263028947
0,55.0,57.0,57.0,17528.2350877193,18124.86666666667,0.9670821534900098
0,88.0,95.0,97.0,49560.88315789474,45391.71443298969,1.0918486727585464
0,65.8,73.0,78.0,17670.080821917807,17746.13974358974,0.9957140582250059
0,92.0,107.0,112.0,93580.961682243,83425.59642857143,1.121729609237694
0,52.8,59.0,54.0,18214.13559322034,15806.962962962964,1.15228558679473
0,67.8,76.0,78.0,80722.62236842106,70018.4141025641,1.1528770453180681
0,33.4,45.0,44.0,34310.32,28523.109090909093,1.2028955150241813
0,73.4,86.0,85.0,35522.49534883721,37883.89411764706,0.9376674752210897
0,72.0,98.0,81.0,62675.5693877551,46298.02098765432,1.3537418673784773
0,76.0,90.0,90.0,63129.18444444444,51875.46666666667,1.2169371863214296
0,64.0,71.0,73.0,27789.97746478873,23399.365753424656,1.1876380649642813
0,63.0,70.0,71.0,25770.469999999998,22138.498591549294,1.1640568078016411
0,65.8,67.0,73.0,38760.50149253732,48587.90136986301,0.7977397747122866
0,55.0,55.0,60.0,16738.734545454547,15705.071666666667,1.0658171386114579
0,71.6,73.0,71.0,23031.775342465753,20556.840845070423,1.120394690801375
0,76.2,84.0,84.0,89081.4357142857,70625.48452380953,1.261321409897786
0,71.4,81.0,78.0,57168.67777777778,38316.67307692308,1.492005260034141
1,61.2,42.0,58.0,11460.778571428571,40055.43620689655,0.2861229250439497
0,71.8,73.0,73.0,94475.21643835616,74534.2698630137,1.2675406442163029
0,85.2,124.0,108.0,81523.23629032259,65472.569444444445,1.245151014876507
0,74.4,82.0,66.0,62291.24268292684,45132.76515151515,1.380177848040309
0,76.4,82.0,85.0,32546.646341463416,29580.65529411765,1.1002679290859245
0,53.4,64.0,61.0,20709.796875,21521.219672131145,0.9622966165722524
0,72.0,88.0,105.0,97418.50795454545,94973.13904761904,1.0257480055039596
0,51.4,56.0,57.0,15999.544642857143,14665.061403508771,1.090997453241422
0,75.0,74.0,80.0,16507.73108108108,14345.46375,1.1507282977227613
0,66.0,73.0,74.0,71897.89452054794,67908.02027027027,1.0587540946474097
0,77.4,87.0,82.0,70262.31264367816,49092.66829268292,1.431218043085071
0,41.0,88.0,40.0,72467.10909090909,26177.197500000002,2.7683295391307294
0,74.2,76.0,79.0,30189.992105263158,40495.78101265823,0.7455095654489619
0,53.2,65.0,60.0,29153.39076923077,29515.79666666667,0.9877216291490049
0,55.8,63.0,61.0,91950.65714285715,90262.29344262296,1.0187050831065736
0,80.2,90.0,89.0,56519.14222222222,54589.39550561798,1.0353502122295097
0,95.2,104.0,103.0,31267.75,32395.512621359223,0.9651876902044866
0,64.2,75.0,68.0,36668.20533333333,28501.897058823528,1.2865180608033142
1,50.0,38.0,54.0,-5657.997368421053,11625.487037037037,-0.48668906088798963
0,60.8,82.0,55.0,76931.21097560975,53832.82727272727,1.4290761766210365
0,54.8,86.0,38.0,62275.944186046516,33929.15,1.8354702132545764
0,64.4,69.0,74.0,35633.31449275363,46272.53378378379,0.7700748495696452
0,77.0,98.0,71.0,81909.53673469387,53949.34929577464,1.5182673712268313
0,52.4,61.0,58.0,27334.501639344264,20532.7224137931,1.3312653377606658
0,54.0,54.0,59.0,26984.49074074074,17623.442372881356,1.531170254357571
0,56.8,64.0,56.0,17191.940625,18369.54464285714,0.9358936739722046
0,76.2,110.0,72.0,70757.00363636365,44471.20694444444,1.5910745063599618
0,65.0,73.0,74.0,84357.20410958905,64793.22432432432,1.3019448405181484
0,66.2,74.0,72.0,38541.98918918919,30967.70416666667,1.2445865854878388
0,65.8,72.0,79.0,84945.02361111112,71152.21139240506,1.1938493821736413
0,66.0,74.0,75.0,56193.93783783784,57669.11200000001,0.9744200298738401
0,53.6,61.0,58.0,18536.618032786886,16306.727586206896,1.1367466547038017
0,66.2,70.0,86.0,69552.17142857143,64400.70813953489,1.0799907864036997
0,79.2,103.0,99.0,75911.48834951456,68600.55151515151,1.1065725664428268
0,71.6,83.0,80.0,90562.8686746988,83845.86750000001,1.080111296775584
0,71.6,74.0,75.0,40411.66216216216,26697.7,1.513675790879445
1,102.2,90.0,139.0,32638.940000000002,71154.55323741007,0.45870486869756383
0,52.2,82.0,55.0,80635.38658536585,54018.321818181816,1.4927414231188705
0,64.8,74.0,72.0,83255.62567567568,82112.86805555556,1.0139169127468177
1,87.6,78.0,111.0,24300.850000000002,57193.321621621624,0.42488964289867714
0,59.4,50.0,47.0,47655.66,37929.97021276596,1.2564117433438085
1,54.2,60.0,62.0,4052.45,12220.487096774194,0.3316111680253493
0,109.4,108.0,106.0,46714.425,44715.268867924526,1.0447085790310326
0,52.2,49.0,54.0,24627.69387755102,24435.69814814815,1.0078571820718543
0,60.0,59.0,69.0,54595.29830508475,31855.095652173914,1.713863894844684
1,63.8,61.0,67.0,5137.273770491804,13322.161194029852,0.3856186466797898
0,50.0,54.0,54.0,19249.48888888889,16642.998148148148,1.156611850673718
0,68.4,87.0,78.0,83572.77356321839,87065.73461538462,0.9598813348604192
0,56.8,60.0,63.0,18862.576666666668,17305.43015873016,1.089980225493035
0,68.2,75.0,75.0,24892.305333333334,28955.376000000004,0.8596781935531879
0,54.2,57.0,53.0,19435.266666666666,18787.48113207547,1.0344796372668206
0,57.0,62.0,61.0,39503.162903225806,33380.79508196721,1.1834098860205395
1,64.0,69.0,70.0,29657.12608695652,40673.75714285715,0.7291464612623009
0,71.8,79.0,79.0,39260.07721518988,37403.04810126582,1.0496491384578148
0,72.4,76.0,79.0,49134.50263157895,57768.56962025316,0.8505404055279364
0,80.0,93.0,92.0,90081.56129032258,72210.92282608696,1.2474783282755622
0,46.8,45.0,45.0,30611.644444444446,25315.224444444448,1.2092187652384145
0,85.8,91.0,93.0,34554.22087912088,46373.87096774193,0.7451226338891809
0,53.6,54.0,52.0,33651.74444444444,19414.94230769231,1.7332909833634391
0,59.2,52.0,73.0,68540.72307692308,83232.05342465754,0.8234895122342116
0,100.6,106.0,113.0,58071.11320754717,53020.81592920354,1.0952512176554785
0,59.4,60.0,59.0,29872.40166666667,18753.910169491526,1.5928625762142379
0,81.6,91.0,94.0,40434.08571428571,31272.8914893617,1.2929436258889089
0,63.2,61.0,70.0,23109.375409836062,30806.038571428573,0.7501573224435656
0,85.6,100.0,98.0,40431.066,42031.175510204084,0.9619304125858764
0,62.4,72.0,73.0,21913.254166666666,21215.291780821917,1.032899023640848
0,51.4,59.0,60.0,20367.05593220339,23257.081666666665,0.8757356672739633
0,69.4,73.0,96.0,83351.09315068493,82242.64375,1.013477793880926
0,66.0,63.0,85.0,47777.601587301586,55671.52117647059,0.8582054267181521
0,50.0,54.0,56.0,69379.32962962963,55458.419642857145,1.2510152665081478
0,87.0,87.0,91.0,23431.42643678161,15439.916483516483,1.517587641215339
1,69.0,61.0,76.0,20508.73606557377,43231.596052631576,0.4743922949457095
0,18.4,23.0,24.0,71156.06956521739,62026.95416666666,1.1471798111192233
0,56.4,61.0,61.0,72292.17377049179,48824.23606557377,1.4806616466748035
0,54.2,63.0,59.0,19907.550793650793,23039.425423728815,0.864064551416615
0,67.6,76.0,73.0,18207.209210526315,16718.093150684934,1.0890721236219678
0,111.6,117.0,119.0,28846.450427350428,24712.267226890755,1.167292752320234
0,67.8,85.0,57.0,72896.70705882352,65353.37719298246,1.115423719321594
0,53.4,60.0,60.0,26439.131666666668,31085.70333333333,0.8505238367348078
0,74.8,81.0,87.0,37633.78518518519,44653.254022988505,0.8428005082409104
0,82.6,90.0,91.0,27014.086666666666,27625.425274725276,0.9778704363107876
0,59.6,65.0,68.0,20693.016923076924,21387.45882352941,0.9675304155494857
0,81.0,86.0,84.0,79167.19302325581,65163.12857142857,1.2149077976892513
0,57.2,63.0,66.0,50026.12063492063,45155.65606060606,1.107859457689589
0,60.2,59.0,62.0,30302.301694915255,27589.962903225805,1.0983088959272331
0,63.8,63.0,68.0,23374.533333333336,21872.867647058825,1.0686542665783667
0,70.6,84.0,84.0,51362.615476190476,39314.08214285714,1.3064686411742261
0,60.0,66.0,67.0,22198.760606060605,26762.88208955224,0.8294607632982328
0,65.4,81.0,76.0,100401.9086419753,85401.69868421053,1.1756429929248946
0,52.6,59.0,57.0,74412.3966101695,58258.67543859649,1.2772758057055162
0,84.4,89.0,94.0,24556.04269662921,24135.645744680853,1.0174180942327182
0,54.8,65.0,60.0,18063.178461538464,19832.228333333333,0.9107992383880782
0,63.8,71.0,73.0,81454.24788732395,76886.55479452055,1.0594082164952061
0,54.4,58.0,58.0,65089.87413793104,49529.28448275862,1.3141694821088952
0,65.0,72.0,75.0,53196.40694444444,43569.352,1.2209593327081028
0,65.2,70.0,70.0,44630.89142857143,41198.23428571429,1.0833204918213555
0,55.6,55.0,62.0,20892.30727272727,17875.359677419354,1.1687768889550798
0,57.2,65.0,65.0,24168.466153846155,23476.73230769231,1.0294646562003518
0,78.0,102.0,101.0,82794.44019607843,66900.0306930693,1.2375844874560835
1,82.6,44.0,101.0,18600.56590909091,55330.79801980198,0.33617020854161683
0,66.0,76.0,78.0,41370.17368421053,43473.08205128205,0.9516273457540722
0,69.6,79.0,80.0,42104.04050632912,34055.353749999995,1.236341305258916
0,60.6,67.0,69.0,67304.15223880597,64454.64057971015,1.0442095655714947
0,90.8,101.0,107.0,37225.266336633664,34276.63084112149,1.0860246594590828
0,86.6,92.0,94.0,42891.23804347826,39961.85212765958,1.0733045582186895
0,57.8,64.0,67.0,25809.8484375,31729.028358208954,0.813445912875629
0,65.2,73.0,74.0,53100.94794520548,36212.766216216216,1.4663598916513225
0,53.4,61.0,65.0,18603.088524590163,21348.48153846154,0.8714010170266554
0,64.6,61.0,72.0,36336.17049180328,31632.301388888893,1.1487046119434945
0,83.2,96.0,96.0,44424.71145833333,45328.737499999996,0.9800562272075929
0,92.0,109.0,109.0,73420.64587155962,67763.58715596331,1.0834822793925614
0,73.2,84.0,87.0,37922.49285714285,36918.2908045977,1.0272006647832161
0,74.8,84.0,87.0,75373.64523809524,76637.0,0.9835150806802881
0,63.4,72.0,71.0,67858.00555555556,64672.86056338028,1.049250102197873
0,42.8,46.0,52.0,85388.68043478261,56951.7,1.4993174994738105
0,54.6,58.0,62.0,74548.40344827587,61527.48387096774,1.2116276947813263
0,64.8,74.0,75.0,63699.78918918919,56838.93866666667,1.1207068724973588
0,64.4,73.0,73.0,41582.07945205479,44033.14109589041,0.9443359800633353
0,54.0,61.0,64.0,41082.84262295082,34102.253125,1.2046958443585483
0,54.0,58.0,83.0,70640.65689655172,58246.79759036145,1.2127818149480751
1,59.6,66.0,69.0,17525.363636363636,29692.72898550725,0.5902240796027071
0,10.4,3.0,10.0,10100.866666666667,13460.0,0.7504358593363051
0,47.2,53.0,55.0,30250.87358490566,29033.185454545455,1.0419412514092408
0,61.2,63.0,73.0,42492.76666666666,36723.942465753425,1.1570861899234512
0,74.2,89.0,85.0,46607.81460674157,41079.08,1.1345875956019846
0,65.0,72.0,72.0,69437.82777777777,70003.8861111111,0.9919139012877817
1,73.6,54.0,90.0,51140.66851851852,70124.33111111111,0.7292856517588279
0,61.2,66.0,66.0,45427.274242424246,38311.48030303031,1.1857352909130765
0,60.6,55.0,62.0,18767.95090909091,16959.96935483871,1.1066028786034556
0,75.6,86.0,85.0,63009.80348837209,59419.93529411765,1.0604152154741546
0,81.0,85.0,84.0,16001.987058823528,14374.925,1.1131875163747658
0,72.6,68.0,93.0,66908.52352941176,83657.50107526881,0.7997910847135207
0,50.0,55.0,55.0,34315.69090909091,28827.570909090908,1.190377469447809
0,69.6,108.0,54.0,58720.525925925926,15007.596296296295,3.912720249572377
1,68.8,73.0,79.0,19147.498630136986,31051.245569620252,0.6166418859818754
0,68.6,74.0,71.0,16384.17432432432,15040.112676056338,1.0893651315796131
0,64.8,69.0,72.0,35884.61449275362,34651.86944444445,1.0355751383135496
0,50.0,57.0,60.0,21953.843859649125,25371.541666666668,0.865294042753904
0,52.0,56.0,56.0,43345.21964285714,36183.40892857143,1.1979307900044363
0,62.6,61.0,65.0,42426.96885245902,35961.77538461539,1.1797795964937112
0,70.0,78.0,79.0,52135.22051282052,42116.925316455694,1.2378686269496157
0,70.4,63.0,70.0,37328.18412698413,37807.53857142857,0.9873211940645432
0,62.0,96.0,91.0,73328.00416666667,63384.142857142855,1.1568824766146257
1,82.8,57.0,57.0,9612.454385964913,14082.661403508771,0.682573706101456
0,72.0,80.0,72.0,25974.989999999998,28099.854166666668,0.9243816656818354
0,73.8,81.0,86.0,53180.25679012346,47325.484883720936,1.1237128773384517
1,53.4,48.0,73.0,44151.487499999996,65978.53424657535,0.6691795749053292
0,63.2,56.0,59.0,13434.317857142858,14945.501694915254,0.8988870451711548
0,60.2,68.0,70.0,62311.27794117648,41820.67571428571,1.4899634421710526
1,75.6,79.0,86.0,30474.96329113924,43021.3034883721,0.7083691292472365
0,57.6,55.0,60.0,34569.714545454546,22761.108333333334,1.5188062918196155
0,55.8,65.0,64.0,39640.70923076923,41198.5484375,0.962187036538579
0,60.0,63.0,67.0,5436.788888888889,4104.370149253731,1.3246341560781068
0,58.6,52.0,61.0,22122.613461538458,14436.091803278689,1.5324517025109266
0,64.8,70.0,73.0,43056.17285714286,50578.88356164384,0.8512677588991748
0,66.6,96.0,84.0,72474.13437500001,70214.69047619047,1.032179076536351
0,79.2,100.0,91.0,62250.573,62159.35824175824,1.0014674340408567
0,65.2,76.0,89.0,98386.35131578948,86002.62921348315,1.1439923664608718
0,55.8,51.0,59.0,25915.66274509804,22286.338983050846,1.1628497064864427
0,68.8,74.0,73.0,27379.585135135138,27070.7301369863,1.011409186105655
0,54.2,60.0,62.0,28716.89,22652.958064516126,1.2676883044683904
0,49.2,55.0,59.0,28928.747272727276,25465.216949152542,1.1360102421467884
0,68.2,66.0,66.0,20606.101515151513,16198.603030303031,1.2720912708709073
1,81.6,45.0,115.0,27930.91777777778,54604.87652173913,0.5115095859004096
0,47.8,80.0,77.0,83248.90125,65824.03506493507,1.2647189004422987
0,92.2,103.0,105.0,62213.53980582524,54198.17619047619,1.1478899139923002
0,55.4,57.0,62.0,34099.97543859649,31030.870967741936,1.0989048768255663
0,53.0,58.0,61.0,29526.16551724138,25508.57868852459,1.157499438826992
0,87.0,105.0,104.0,52810.89904761905,52056.89230769231,1.0144842826089202
0,59.0,64.0,69.0,52966.209375,45407.18260869566,1.166472049839462
0,33.0,44.0,46.0,24822.302272727273,30463.008695652174,0.814834231271123
0,58.6,68.0,70.0,17926.198529411766,16455.104285714286,1.0894004813433258
0,61.0,67.0,64.0,19720.534328358208,18880.246875,1.0445061687445867
0,63.2,74.0,74.0,33072.7027027027,28784.12027027027,1.1489912629659869
0,73.2,75.0,83.0,27235.82933333333,26818.53855421687,1.015559788176856
0,86.2,100.0,101.0,73427.437,66271.04752475247,1.1079866660108941
0,53.4,59.0,62.0,63343.83050847457,39057.73064516129,1.621800075481907
0,65.6,66.0,75.0,34604.97424242424,44418.41333333333,0.7790682207114162
0,94.8,106.0,109.0,64213.2179245283,61730.522935779816,1.0402182724311488
0,53.0,50.0,53.0,23251.356,17956.350943396224,1.2948820210350762
0,64.4,74.0,73.0,42641.94459459459,35459.54383561644,1.2025519784539354
1,73.2,68.0,84.0,11224.026470588236,20326.129761904762,0.5521969308502748
0,54.2,61.0,59.0,59982.147540983606,62244.87118644068,0.9636480307159832
0,61.6,76.0,70.0,51115.97631578948,52837.974285714285,0.9674098412514202
0,74.4,101.0,95.0,63193.46237623763,62013.577894736845,1.0190262281512534
0,74.4,84.0,87.0,55816.372619047615,34095.52183908046,1.6370587575248843
0,66.8,76.0,82.0,84792.18157894736,70307.34512195122,1.2060216671796034
0,59.0,57.0,64.0,28275.82105263158,29325.6078125,0.9642023869861294
0,56.8,61.0,68.0,18402.647540983606,19521.204411764706,0.9427004170855878
0,70.8,99.0,89.0,63726.187878787874,43031.44382022472,1.4809214430503643
0,83.8,93.0,99.0,80283.07849462365,79696.6797979798,1.0073578811329442
0,64.2,65.0,68.0,23901.55846153846,20631.620588235295,1.158491566831535
0,72.6,82.0,87.0,19672.934146341464,17443.122988505747,1.1278332532141786
0,51.6,48.0,60.0,29398.483333333334,26767.55,1.0982881635911144
1,75.8,50.0,82.0,43310.126,63784.21951219512,0.679010048742846
0,66.8,90.0,88.0,54405.52,52854.93863636363,1.029336546473059
0,63.2,69.0,74.0,88944.3884057971,69910.4945945946,1.2722608947566247
0,73.4,87.0,83.0,75837.17701149426,77076.05542168675,0.9839265462741377
0,49.0,53.0,59.0,17181.85849056604,15431.977966101695,1.1133931456037702
0,60.6,66.0,71.0,58614.43484848485,48167.56197183098,1.2168860629226643
0,57.8,59.0,67.0,18190.53220338983,17817.994029850746,1.0209079749894947
0,61.4,58.0,60.0,35026.60344827586,26055.521666666667,1.3443063584133137
0,64.2,73.0,75.0,74012.42602739726,69456.868,1.0655883018997814
1,58.0,64.0,73.0,17992.8546875,28879.895890410957,0.6230235301323991
0,71.8,85.0,82.0,87783.5011764706,76761.84512195122,1.1435824795119154
0,81.6,95.0,97.0,62364.23684210526,43842.228865979385,1.4224695791070638
1,68.2,72.0,80.0,31938.899999999998,45549.81875,0.7011861051587609
0,58.8,64.0,70.0,23333.4265625,19281.70142857143,1.2101331746546375
0,54.0,61.0,62.0,47637.40491803279,51127.4564516129,0.9317382131676529
0,58.8,65.0,71.0,18521.73076923077,21568.77323943662,0.8587289858175801
0,98.6,118.0,116.0,44194.77457627119,44914.402586206896,0.9839777895619456
0,81.2,82.0,92.0,22640.63780487805,22788.846739130433,0.9934964267411612
0,55.6,71.0,62.0,21420.92112676056,16383.720967741934,1.3074515349069005
0,91.8,103.0,108.0,36028.70582524272,34499.71481481482,1.0443189463633284
0,63.8,71.0,72.0,50238.31267605634,35818.0625,1.4025971582370302
0,51.4,59.0,59.0,22296.8,23716.238983050847,0.94014906899592
0,103.0,122.0,122.0,61637.931147540985,56992.89180327869,1.0815020820542935
0,63.4,71.0,73.0,56242.24929577465,43151.91917808219,1.3033545289995196
0,55.6,58.0,59.0,24010.641379310346,21605.283050847458,1.1113319516713547
0,68.8,81.0,81.0,74133.56296296295,62189.806172839504,1.192053288555508
0,71.2,91.0,97.0,56156.55714285714,52551.05670103093,1.0686094755874904
0,55.0,65.0,57.0,20549.753846153846,17848.80350877193,1.1513238876798948
0,61.6,73.0,69.0,23417.12465753425,19963.043478260868,1.173023776812126
0,59.2,67.0,70.0,42586.240298507466,47216.07142857143,0.9019437452125177
0,62.0,58.0,68.0,20681.38620689655,20688.83235294118,0.9996400886276421
0,53.8,61.0,65.0,36995.504918032784,32200.243076923078,1.148920050996333
0,64.2,79.0,78.0,92227.72025316456,82148.56538461537,1.1226942286984454
0,65.6,71.0,72.0,31828.542253521126,25802.81111111111,1.2335300257193775
0,57.4,66.0,67.0,52668.73484848485,48564.423880597016,1.0845127078616006
0,60.8,70.0,70.0,21579.485714285714,22288.92,0.9681709887372613
0,55.6,57.0,57.0,25186.215789473685,18246.726315789474,1.380314219306246
0,69.6,75.0,83.0,61926.54,57234.8578313253,1.0819724613014918
0,70.2,89.0,84.0,45545.50337078652,33658.889285714286,1.3531493265916301
1,77.4,67.0,101.0,38543.95970149253,62657.51287128713,0.6151530428708628
0,87.4,96.0,91.0,24941.516666666666,17322.081318681317,1.4398683511413857
0,64.0,75.0,75.0,43987.17733333333,50186.03333333333,0.8764824476398148
0,66.6,70.0,75.0,54573.061428571425,64782.59866666667,0.8424030920613798
0,72.4,83.0,85.0,28856.43253012048,35673.38941176471,0.8089063866918105
0,62.6,66.0,72.0,17900.407575757574,17093.44861111111,1.0472086694151304
0,56.4,58.0,68.0,22341.151724137933,25489.116176470587,0.8764977008014664
0,91.4,107.0,107.0,34392.0261682243,29198.29813084112,1.1778777658242083
0,63.6,70.0,74.0,51063.55714285714,35209.78378378379,1.4502661378561197
0,62.6,71.0,75.0,28193.328169014087,30309.638666666666,0.9301769803023084
0,64.2,73.0,69.0,19963.020547945205,15355.43768115942,1.3000619690859823
0,61.6,68.0,65.0,25282.53823529412,15740.30923076923,1.6062288144804484
0,62.0,70.0,75.0,42015.24428571429,31417.424,1.3373230181352325
0,92.4,104.0,109.0,21479.04326923077,20928.918348623854,1.0262853966670995
0,59.6,70.0,73.0,51435.02142857143,52481.13424657534,0.9800668786408294
0,58.8,59.0,66.0,16756.766101694913,17994.086363636365,0.9312373945007895
0,63.4,76.0,74.0,86064.35131578948,75640.19729729729,1.1378123589170577
0,46.2,73.0,46.0,65673.33698630136,46218.60652173913,1.420928537847882
0,61.2,74.0,76.0,19030.513513513513,17293.57894736842,1.1004381204972846
0,62.0,74.0,73.0,31385.517567567564,25152.331506849314,1.247817426349556
0,58.8,66.0,66.0,50090.74848484848,56333.378787878784,0.8891841668766809
0,78.4,96.0,94.0,38956.9125,37536.575531914896,1.0378387465547432
0,72.2,80.0,81.0,40374.38,36077.39382716049,1.119104672400271
0,56.0,64.0,46.0,40539.4625,12244.960869565217,3.3107057614827182
0,53.8,62.0,60.0,38725.26612903226,36289.92166666666,1.0671080109991675
0,51.8,56.0,62.0,21431.539285714283,17153.717741935485,1.249381598096421
0,85.4,102.0,103.0,101776.56078431371,80859.94563106797,1.2586770865352792
0,62.4,79.0,74.0,100279.24556962025,79721.01486486488,1.2578771825672772
0,51.6,59.0,59.0,58328.50508474576,54963.43220338983,1.061223849138526
0,71.4,78.0,88.0,53925.32564102564,42741.538636363635,1.2616608423906168
0,74.2,80.0,88.0,43608.78625,46415.48409090909,0.9395310014345232
1,69.2,87.0,75.0,46174.47931034483,68254.80266666667,0.6765015428415396
0,52.6,57.0,56.0,15862.035087719298,15184.271428571428,1.0446359025084706
0,53.4,60.0,63.0,60803.771666666675,44947.04603174603,1.3527868243826537
0,62.4,71.0,74.0,68071.80422535211,62331.42567567567,1.092094452957725
0,55.0,55.0,56.0,32214.905454545456,25615.45892857143,1.2576353031338048
0,63.2,64.0,67.0,23251.446875,21487.010447761193,1.0821164224557192
0,51.8,56.0,62.0,16065.494642857142,16166.599999999999,0.9937460345933681
0,58.6,66.0,66.0,58480.257575757576,46700.80303030303,1.2522323767711476
0,49.4,45.0,50.0,37399.18666666666,25580.406000000003,1.4620247492032243
0,66.2,77.0,79.0,70170.97532467532,59542.854430379746,1.17849532065552
0,58.0,68.0,66.0,47954.39264705883,43518.34090909091,1.1019352219156229
1,62.2,44.0,74.0,-4179.247727272727,11011.360810810811,-0.37953962267493735
0,62.4,71.0,72.0,42433.19436619718,36437.31111111111,1.164553395194348
0,70.4,83.0,87.0,19346.504819277106,20492.040229885057,0.9440985183633726
0,63.2,73.0,76.0,67370.24383561643,39691.8302631579,1.6973327606449466
0,66.2,80.0,79.0,76316.41625,68841.89746835444,1.108575141832508
0,63.0,83.0,73.0,75751.14337349398,48041.11780821918,1.576798101907071
0,59.8,58.0,64.0,17274.441379310345,17098.4640625,1.010291995594873
0,46.8,54.0,55.0,35753.19259259259,33073.270909090905,1.081029834964556
0,71.8,83.0,84.0,50141.793975903616,43150.0880952381,1.1620322504379104
0,53.0,61.0,63.0,65784.01475409836,77547.73015873016,0.8483035495616312
0,62.2,73.0,74.0,63017.44657534246,71904.31756756757,0.8764069906668089
0,88.0,107.0,106.0,66831.538317757,64797.8537735849,1.0313850602410097
0,55.6,67.0,68.0,24110.071641791044,30083.29117647059,0.8014439477502564
0,49.2,60.0,54.0,19653.808333333334,19432.914814814812,1.0113669781720096
0,79.2,85.0,89.0,17453.99882352941,16700.44606741573,1.0451217142986342
0,91.6,107.0,109.0,61151.9214953271,54681.678899082566,1.1183256024048869
0,59.8,66.0,64.0,69037.20303030303,67616.16875,1.021016190455231
0,62.8,72.0,75.0,41436.933333333334,44684.212,0.9273282772298488
0,62.4,72.0,75.0,30762.159722222223,33906.748,0.9072577447481022
0,64.4,79.0,84.0,91556.93164556961,74145.48690476191,1.2348281125076739
0,48.2,54.0,54.0,15754.683333333334,15467.74074074074,1.018551034530648
0,50.6,61.0,60.0,43515.66721311476,35047.50166666667,1.2416196631357057
0,70.8,86.0,85.0,43990.83139534884,53897.67058823529,0.8161917002207345
0,86.4,98.0,102.0,19387.405102040815,21652.996078431373,0.8953682451987639
0,59.8,71.0,68.0,23886.105633802817,20105.052941176473,1.188064796630428
1,57.4,69.0,69.0,23806.597101449275,35523.32608695652,0.6701680198293875
0,65.2,61.0,74.0,55010.03278688525,66484.81081081081,0.8274075253582627
0,71.4,87.0,85.0,75350.75517241379,49959.66823529411,1.5082316963662719
0,69.4,68.0,84.0,31063.53823529412,36608.36785714285,0.8485365519848803
0,58.6,55.0,65.0,18853.221818181817,19725.35076923077,0.9557863907591763
0,70.8,85.0,82.0,63209.342352941174,46228.626829268294,1.3673203529576188
0,53.6,57.0,62.0,20120.16140350877,16388.30483870968,1.2277146173156561
0,51.0,59.0,59.0,71744.79322033898,59685.22881355932,1.2020527464919422
1,66.0,78.0,80.0,30059.57051282051,41598.1175,0.7226185298606485
0,65.0,88.0,68.0,86113.15340909091,52997.42647058824,1.6248553777772732
0,52.6,58.0,62.0,55072.112068965514,43877.987096774195,1.2551193824708127
0,59.0,75.0,71.0,62529.31733333333,62847.51126760563,0.994937047977645
0,50.8,62.0,61.0,27339.432258064517,25873.46393442623,1.056659144185473
0,71.0,82.0,85.0,60052.98414634146,54135.47882352941,1.1093091896739642
0,96.8,107.0,106.0,19465.68411214953,19519.64245283019,0.9972356901100493
0,63.4,75.0,75.0,87505.78133333333,66299.58,1.3198542333651786
0,57.2,68.0,68.0,69394.11911764706,64294.63529411765,1.0793142973780265
0,57.6,65.0,69.0,36969.26153846154,42658.968115942036,0.866623436319028
0,66.2,76.0,78.0,92572.2552631579,60452.73717948718,1.531316191495288
1,74.0,57.0,102.0,18962.619298245616,66355.56960784314,0.2857728358043401
0,60.0,70.0,69.0,44038.607142857145,21550.87391304348,2.043471987286936
0,71.4,85.0,87.0,80323.20705882352,55639.54712643678,1.4436351697165137
0,53.0,59.0,64.0,20346.250847457628,19875.3671875,1.0236918219178248
0,63.4,75.0,77.0,54837.90266666667,45453.82857142857,1.2064528861521855
0,48.8,58.0,56.0,28647.494827586204,31171.60357142857,0.919025380325447
0,63.4,73.0,75.0,61404.18493150685,54045.16533333333,1.136164253597624
0,61.6,71.0,71.0,61858.56056338028,50894.07323943662,1.21543741001747
0,93.6,111.0,111.0,65082.07027027027,45227.54234234234,1.438991970371558
0,68.8,86.0,96.0,89631.41976744185,76514.72395833333,1.1714270813582406
0,52.8,62.0,63.0,17000.988709677422,17402.77936507937,0.976912270909543
0,53.4,58.0,62.0,45110.68965517241,51184.99193548387,0.8813264972676402
0,90.6,116.0,103.0,80211.09913793103,63354.64660194174,1.2660649761318794
0,72.2,83.0,84.0,19896.902409638555,17545.925,1.1339899383839014
0,75.4,99.0,95.0,85174.10808080807,68908.75578947368,1.2360418803820434
0,62.0,58.0,72.0,32638.765517241376,26002.019444444442,1.2552396396355643
0,79.2,97.0,90.0,86479.07319587629,74027.20555555556,1.1682066416916943
0,49.2,53.0,51.0,35545.99433962264,26826.04705882353,1.3250552443182633
0,65.4,80.0,80.0,35842.795,34249.81125,1.0465107307708155
0,79.4,92.0,93.0,22845.378260869562,22355.470967741938,1.0219144250566021
0,72.6,75.0,79.0,38211.15066666666,34282.4835443038,1.1145969228654564
0,17.4,9.0,20.0,13103.188888888888,17564.225,0.7460157729070818
0,69.4,83.0,86.0,65499.495180722886,62956.77906976744,1.0403882814293541
0,48.8,54.0,57.0,22811.405555555553,19242.22456140351,1.1854869213672512
0,57.2,65.0,64.0,33884.82615384616,26161.7703125,1.2952038699634982
0,71.4,84.0,84.0,48197.25,41644.04404761905,1.1573623816382363
0,52.0,60.0,60.0,47107.683333333334,44463.11833333333,1.0594777221915497
0,66.8,78.0,81.0,82964.44615384615,62142.10370370371,1.3350762399262228
0,62.8,81.0,78.0,48428.72222222222,50262.838461538464,0.9635094973651414
0,93.0,100.0,113.0,35287.029,46877.21681415929,0.7527543527145053
0,71.6,85.0,86.0,52872.88117647059,48398.95232558139,1.0924385474460878
1,57.0,65.0,71.0,16442.615384615383,37162.94507042254,0.442446510992527
0,59.8,70.0,69.0,23074.792857142857,22568.420289855072,1.0224372180588734
0,67.2,91.0,79.0,74593.53076923077,52660.130379746835,1.4165086609417046
0,78.0,109.0,78.0,86866.88990825688,52612.455128205125,1.6510708290761407
1,68.2,48.0,93.0,23627.645833333332,59521.05483870967,0.3969628209271424
0,69.2,76.0,83.0,21569.577631578944,22401.3421686747,0.9628698793655825
0,56.8,65.0,72.0,47644.49230769231,43584.35972222222,1.0931557240107845
0,53.4,57.0,60.0,15847.187719298245,15029.973333333333,1.0543723111040058
0,51.8,61.0,61.0,68714.5606557377,73601.67213114754,0.9336005374076052
0,72.8,87.0,86.0,41819.434482758625,33008.19534883721,1.266940953323939
0,57.0,68.0,70.0,39440.32794117647,38611.787142857145,1.0214582348973866
0,78.8,87.0,89.0,21728.716091954022,21773.952808988764,0.9979224389144415
0,46.8,46.0,56.0,29580.489130434784,28214.610714285714,1.048410322934475
0,60.2,72.0,74.0,63217.95694444445,68137.21216216216,0.9278036910871815
0,52.6,61.0,64.0,50418.82786885246,56767.59375,0.8881621456581901
0,81.2,101.0,98.0,92326.25643564356,83194.03265306122,1.1097701781168112
0,53.0,60.0,65.0,30132.191666666666,25547.79846153846,1.179443767416198
0,50.2,64.0,58.0,18075.7671875,15816.886206896552,1.1428145180445517
1,85.4,92.0,118.0,38699.64565217391,58961.7313559322,0.6563519211903247
0,65.2,77.0,80.0,60946.41688311688,55760.39125,1.0930055459952834
0,74.4,92.0,85.0,54957.16195652174,57917.474117647056,0.9488874090898358
0,63.6,75.0,73.0,44254.04266666667,26728.183561643837,1.6557070765621813
0,64.0,76.0,81.0,41882.813157894736,43900.15555555555,0.9540470330427901
0,61.4,69.0,73.0,25967.646376811597,28424.878082191783,0.9135534830342986
0,55.0,57.0,64.0,39907.86666666667,31833.084375,1.2536600662550994
0,52.8,57.0,64.0,71482.62631578947,51512.7125,1.387669622635179
0,61.6,68.0,72.0,26794.429411764704,36397.694444444445,0.736157325916957
0,62.2,76.0,75.0,71120.99605263158,48724.376000000004,1.4596594536712297
0,90.8,107.0,110.0,96734.83177570094,75531.13818181818,1.2807278442281822
0,60.4,70.0,75.0,29230.96,35989.436,0.8122094494617809
0,54.6,64.0,63.0,17539.2140625,22041.773015873016,0.7957260992511549
0,60.6,73.0,69.0,22040.2698630137,22932.152173913044,0.9611077798483334
0,49.4,58.0,62.0,21783.174137931037,22074.51290322581,0.9868020297176208
0,74.8,91.0,93.0,77213.01758241758,71148.5247311828,1.0852370850154374
0,48.8,54.0,57.0,19218.39259259259,15281.180701754387,1.2576510262970835
0,77.0,74.0,95.0,101979.29054054055,93398.98105263157,1.0918672708332209
0,48.8,59.0,63.0,16292.17966101695,16513.61111111111,0.9865909734337167
0,89.2,107.0,109.0,68640.50373831776,51470.72293577981,1.3335834397344823
0,69.6,86.0,86.0,64749.590697674415,54090.79069767442,1.197053876686226
0,48.2,59.0,55.0,23287.976271186442,19111.374545454546,1.218540101121364
0,56.8,69.0,68.0,89489.14782608696,77446.57205882354,1.1554952717354183
0,48.2,80.0,46.0,46940.27375,23232.545652173914,2.0204533094550365
0,76.6,95.0,94.0,32214.161052631578,33471.27021276596,0.9624421436012632
0,65.8,74.0,80.0,26691.032432432436,34674.705,0.7697551408853351
0,46.2,55.0,58.0,26260.75090909091,28695.598275862067,0.9151490990581896
1,67.4,70.0,82.0,25520.42,38659.86097560976,0.6601270505370068
0,58.6,61.0,68.0,16820.867213114754,17887.91470588235,0.9403481339042441
0,51.8,65.0,62.0,99195.68000000001,77807.77903225805,1.2748812680911354
0,49.6,64.0,61.0,17264.871875,17991.40819672131,0.9596175955891151
0,71.0,86.0,86.0,45523.16860465116,45119.017441860466,1.0089574460106867
0,57.4,72.0,69.0,93644.13333333335,88482.5275362319,1.0583347463146084
0,59.6,71.0,73.0,68899.21408450704,47490.81780821918,1.4507902214432435
0,53.2,64.0,67.0,50228.2171875,48494.161194029846,1.0357580366537742
0,56.0,64.0,67.0,94011.8671875,89831.19701492538,1.0465391791660086
0,60.4,82.0,63.0,98343.95731707317,55346.903174603176,1.7768646785318225
0,78.8,96.0,100.0,40737.60208333333,43573.817,0.9349101108891454
0,66.6,75.0,79.0,17148.82,19587.00886075949,0.8755201022222364
0,64.0,71.0,69.0,10352.914084507043,9232.878260869566,1.1213094976443447
0,67.0,78.0,82.0,71846.00256410257,61434.39146341463,1.169475286605358
0,60.8,67.0,69.0,60172.32835820896,55081.41884057971,1.0924251703167578
0,49.8,60.0,64.0,19233.625,20415.9796875,0.9420868013390553
1,62.8,65.0,83.0,6871.426153846153,46958.21445783133,0.1463306523295668
0,66.4,79.0,82.0,52660.44936708861,44523.90121951219,1.182745624815344
0,98.2,107.0,120.0,16534.76168224299,11463.094166666668,1.4424344284219646
0,61.0,73.0,70.0,49263.41095890411,40042.52142857143,1.2302774451099705
0,46.2,62.0,40.0,52619.28548387097,28461.4675,1.8487903156740237
0,60.4,67.0,71.0,17541.020895522386,14969.111267605633,1.1718144505667865
0,60.6,73.0,73.0,56658.51232876712,46454.39452054794,1.2196588269750377
0,60.6,71.0,74.0,80418.31830985915,61216.32027027027,1.313674489985873
0,49.8,56.0,60.0,25568.76785714286,22715.071666666667,1.1256300764687377
0,62.2,86.0,61.0,50406.39418604651,28035.547540983604,1.7979457726787829
0,73.6,91.0,90.0,53234.028571428564,32434.408888888887,1.6412825266461089
0,85.6,105.0,109.0,57294.7,60558.61834862386,0.9461031569473046
0,46.0,52.0,52.0,27759.713461538464,34209.265384615384,0.8114676871729196
1,74.2,64.0,81.0,19448.5140625,32491.396296296298,0.5985742774839424
0,50.2,53.0,57.0,30310.45283018868,31453.61052631579,0.9636557559848118
0,69.8,88.0,85.0,86306.04318181818,65385.30705882353,1.3199608148077278
0,69.4,86.0,86.0,42658.0534883721,40705.77093023255,1.0479608299640277
0,53.4,63.0,65.0,19633.761904761905,23557.579999999998,0.8334371316901781
0,48.6,58.0,62.0,44581.33275862069,39903.587096774194,1.117226194489784
0,65.0,69.0,66.0,19680.75652173913,17068.378787878788,1.1530536535617277
0,45.6,53.0,57.0,22869.0,26638.8350877193,0.8584834856589798
0,52.2,55.0,57.0,35320.45636363637,29690.612280701753,1.1896169748777423
0,78.6,94.0,95.0,51769.29255319149,63869.34421052632,0.8105499311618012
0,64.0,81.0,78.0,30165.654320987655,31100.330769230768,0.9699464145517115
0,51.0,58.0,63.0,23311.943103448277,23179.231746031746,1.0057254424508375
0,52.0,59.0,60.0,17220.716949152542,17736.95333333333,0.970894867090245
0,61.4,73.0,71.0,44287.59726027397,37683.02535211267,1.1752664985480263
0,101.0,123.0,124.0,62587.150406504064,69256.50161290322,0.9037007204944267
0,58.2,66.0,68.0,50026.11212121212,51896.541176470586,0.9639585025734528
0,57.8,65.0,73.0,29030.935384615386,27243.178082191782,1.0656222007957368
0,87.6,106.0,108.0,31720.259433962263,36720.305555555555,0.8638342996893495
0,59.8,72.0,70.0,32718.277777777777,35812.607142857145,0.9135966462107595
0,17.2,17.0,24.0,22539.07647058824,29381.341666666664,0.767122098313127
0,61.4,70.0,76.0,49946.44285714286,52741.4197368421,0.9470060363629758
0,51.2,59.0,62.0,34247.21355932204,35374.99677419355,0.9681191994992847
0,88.6,103.0,106.0,59024.99417475729,53518.16981132075,1.1028963505824458
0,51.4,62.0,63.0,23414.633870967744,18191.290476190476,1.287134296580762
0,16.4,23.0,24.0,80574.63913043478,58303.291666666664,1.3819912534458352
0,51.8,65.0,62.0,26344.69230769231,22607.214516129032,1.1653223482661603
0,66.4,78.0,78.0,43332.17692307692,32891.89743589744,1.3174118947539102
0,76.8,94.0,97.0,37520.734042553195,45467.43402061855,0.8252221584692532
0,66.6,80.0,78.0,24651.07125,27636.173076923078,0.8919857022673043
0,61.2,74.0,76.0,84655.28108108108,75681.87631578947,1.1185674193362922
0,68.0,88.0,84.0,86243.09090909091,71371.63214285714,1.2083665221003652
0,88.4,101.0,102.0,50036.91584158416,46223.80392156863,1.0824923869633387
0,59.8,73.0,73.0,41510.82876712329,56144.28904109589,0.7393597724024725
0,50.6,56.0,58.0,15685.419642857143,14585.174137931033,1.0754358840368419
0,68.8,84.0,87.0,45180.329761904766,48983.33678160919,0.9223612095545874
1,87.2,90.0,126.0,50139.57,76998.24444444446,0.6511780932379121
0,67.8,74.0,72.0,25698.074324324323,25619.17638888889,1.003079643710547
0,73.4,90.0,91.0,53947.26666666667,44935.94065934066,1.20053716190434
1,56.0,30.0,106.0,-134.2166666666665,54594.98867924528,-0.0024584063466925863
0,54.0,58.0,60.0,20360.046551724135,19529.593333333334,1.042522811623188
0,70.4,85.0,83.0,81286.83176470589,59846.64698795181,1.3582520634960613
0,50.0,49.0,62.0,42355.54897959183,38474.82258064516,1.1008640492314805
0,61.0,69.0,79.0,64801.74637681159,47884.19493670886,1.3533013651469672
0,57.8,67.0,69.0,20478.794029850746,26505.660869565218,0.7726196351272742
0,50.2,59.0,64.0,48348.50847457627,49679.309375,0.9732121698718014
0,55.8,66.0,69.0,29150.169696969697,27172.144927536232,1.0727960481113485
0,52.8,56.0,63.0,41425.30357142857,26385.473015873016,1.5700042044540141
0,50.4,58.0,65.0,16542.318965517243,15549.710769230769,1.0638345118451085
0,46.2,55.0,57.0,17461.165454545455,16034.880701754386,1.088948884579791
0,64.2,81.0,78.0,36616.35061728395,41289.873076923075,0.8868118957175686
0,14.2,23.0,24.0,106379.56086956522,74461.84999999999,1.4286451500945145
0,67.6,76.0,82.0,32320.225000000002,25790.206097560975,1.2531976238474722
0,58.6,66.0,72.0,45113.75151515152,39131.55833333333,1.1528738807399448
0,45.2,57.0,54.0,22853.287719298245,21379.977777777778,1.0689107330622118
0,65.8,69.0,72.0,38412.220289855075,24682.526388888888,1.5562515637437648
0,58.6,73.0,72.0,75723.4904109589,60620.936111111114,1.2491309977821285
0,55.0,61.0,68.0,22941.91967213115,25058.513235294115,0.9155339527413857
0,58.0,75.0,74.0,25165.486666666668,26765.013513513513,0.9402381453669264
0,65.6,81.0,80.0,54303.97530864197,52572.74375,1.0329302112683052
0,93.0,102.0,114.0,15110.073529411764,15636.550877192984,0.9663303402447195
0,55.6,69.0,54.0,82491.96376811594,39346.531481481485,2.096549826938136
0,67.6,83.0,81.0,90940.86506024096,77502.92962962962,1.1733861609467982
0,73.6,83.0,81.0,47660.26506024096,45490.29135802469,1.047701908197022
0,59.2,70.0,74.0,40913.439999999995,47311.85675675676,0.8647608190552998
0,70.0,70.0,64.0,47872.07,45946.821875,1.0419016603637505
0,50.6,64.0,60.0,31803.328125,26179.768333333333,1.2148055597767258
0,48.6,59.0,62.0,14989.930508474577,15569.996774193549,0.9627446123379807
0,49.4,54.0,63.0,36994.07407407407,30203.596825396828,1.224823463507745
0,55.4,59.0,66.0,24063.754237288136,23721.554545454546,1.0144256857693654
0,68.2,84.0,87.0,20053.005952380954,16803.955172413793,1.193350359878427
0,83.6,93.0,107.0,29853.525806451613,21400.205607476637,1.3950111673703556
0,54.8,69.0,68.0,23776.181159420288,24028.011764705883,0.9895192907448338
0,63.8,80.0,82.0,20536.84625,24248.560975609755,0.8469305156152087
0,76.0,90.0,98.0,49574.03777777778,33518.260204081635,1.4790158401998734
1,59.0,63.0,78.0,26230.83015873016,39942.511538461535,0.6567145917570033
0,89.2,113.0,130.0,88258.01150442478,74898.57692307692,1.178367001486135
0,57.4,70.0,74.0,65358.577142857146,62818.25675675676,1.0404392053720457
0,77.2,80.0,100.0,16755.10875,16556.201,1.0120140936921458
0,59.6,72.0,75.0,81050.63194444444,59205.02266666667,1.368982364904611
0,58.2,60.0,83.0,57355.93833333333,77669.9530120482,0.7384572297145108
0,53.8,69.0,70.0,20041.721739130437,23322.40142857143,0.8593335382083789
0,66.6,82.0,81.0,29931.596341463413,26646.914814814816,1.1232668603279514
0,60.8,66.0,67.0,45177.48484848485,30063.123880597017,1.5027541724512123
1,76.2,53.0,92.0,35549.903773584905,61209.61086956522,0.5807895732149002
0,46.4,54.0,62.0,21410.275925925926,20311.27741935484,1.0541077985338252
0,76.2,96.0,102.0,79201.60625,76833.85784313726,1.030816471713508
0,57.0,67.0,73.0,20670.441791044777,19563.2698630137,1.056594420860303
0,57.0,73.0,72.0,33066.661643835614,31599.962499999998,1.046414584948815
0,46.6,49.0,54.0,26933.669387755104,24238.10740740741,1.1112117351012276
0,67.4,50.0,62.0,49345.15,24932.09677419355,1.9791817129105507
0,48.0,60.0,61.0,20527.795,20974.71475409836,0.9786924513950286
0,66.2,75.0,82.0,48110.76666666667,40721.546341463414,1.1814572625322781
0,65.8,85.0,83.0,73984.94,66482.22409638554,1.1128529619095935
0,68.8,84.0,87.0,90445.75357142856,86140.88045977011,1.0499747981293148
0,59.0,70.0,74.0,29817.052857142855,38100.186486486484,0.7825959819834079
0,60.4,75.0,76.0,58633.73466666666,43382.119736842105,1.3515645390852624
0,69.8,92.0,91.0,102629.33152173914,92332.0032967033,1.111525016867077
0,69.8,86.0,81.0,78343.99418604652,62828.06172839506,1.2469586364883678
0,58.4,65.0,78.0,17799.496923076924,23351.0641025641,0.7622563513549869
0,67.4,85.0,84.0,16210.278823529412,15301.491666666667,1.0593920629870668
1,62.4,59.0,72.0,31699.12372881356,57660.48611111111,0.549754708410361
1,58.8,59.0,75.0,2078.6423728813556,18505.424,0.11232611438037603
0,48.6,58.0,63.0,21337.15689655172,19738.06349206349,1.0810157189498966
0,57.4,73.0,71.0,24393.260273972603,21199.761971830987,1.150638403694577
0,58.8,74.0,74.0,16416.577027027026,21958.624324324323,0.7476140938775395
0,49.0,61.0,57.0,48977.93278688524,33405.95614035088,1.4661437194346625
0,43.6,56.0,57.0,35348.55357142857,31189.663157894738,1.1333419470572619
0,45.4,53.0,55.0,55586.97169811321,52138.40545454545,1.0661425337714678
1,64.0,86.0,94.0,32357.631395348835,50732.24574468085,0.6378119265248858
0,54.8,72.0,72.0,26523.9875,23145.727777777778,1.1459560811678469
1,73.6,84.0,114.0,37587.563095238096,56193.16403508772,0.668899211152587
0,71.4,86.0,86.0,17095.583720930234,17720.344186046514,0.9647433222201048
0,51.6,67.0,64.0,54775.99253731343,45049.1328125,1.2159166917884483
1,16.6,23.0,24.0,-4878.643478260869,3773.495833333333,-1.2928710388826108
0,57.2,74.0,74.0,42971.017567567564,37740.64324324324,1.1385873126383643
0,54.6,83.0,63.0,75279.39277108433,48515.59523809524,1.5516534920708078
0,49.8,60.0,60.0,43299.166666666664,37853.34166666667,1.1438664265880532
0,47.6,60.0,60.0,16956.625,18484.103333333333,0.9173625949937884
0,58.6,74.0,73.0,56308.022972972976,44346.16438356164,1.2697382909139576
0,47.0,57.0,63.0,21838.51052631579,20574.20476190476,1.061451014950139
0,71.4,82.0,77.0,18516.780487804877,17135.962337662335,1.0805801345108996
0,65.6,88.0,86.0,46851.847727272725,41434.96395348837,1.1307321946717492
0,71.0,87.0,103.0,63616.58620689655,73300.55533980583,0.8678868244856203
1,49.4,59.0,60.0,13306.07966101695,25210.40166666667,0.5278011765520706
0,68.0,84.0,85.0,57224.534523809525,51572.66705882353,1.1095903661243562
0,56.0,76.0,73.0,22872.85657894737,20865.520547945205,1.0962034964040157
0,65.2,66.0,81.0,55167.546969696974,73487.17037037037,0.7507099088406353
0,47.6,62.0,57.0,19427.843548387096,17363.65964912281,1.1188795415814643
0,59.4,68.0,69.0,40264.33823529412,30364.476811594202,1.326034315859505
0,53.8,65.0,67.0,19484.346153846152,19197.70298507463,1.0149311180089813
0,80.6,96.0,105.0,23292.32083333333,21185.93238095238,1.0994239202932008
0,48.8,75.0,84.0,24074.778666666665,28355.754761904762,0.849026198343714
0,60.2,66.0,68.0,31030.736363636366,27259.257352941175,1.1383558972962358
0,58.2,96.0,102.0,50844.046875,55924.79117647059,0.9091504108537783
0,48.6,57.0,58.0,20668.41929824561,25219.360344827586,0.8195457384978696
1,72.0,85.0,92.0,21388.65294117647,33440.580434782605,0.6396017253016774
0,54.4,67.0,71.0,91471.33880597015,82970.78873239437,1.1024523233230024
0,50.4,65.0,66.0,50791.581538461534,39743.22272727273,1.2779935307965642
1,67.8,81.0,88.0,33958.049382716046,58613.63522727273,0.579354091433583
0,74.8,96.0,97.0,36735.271875,48507.51649484536,0.7573109185852396
0,65.8,84.0,83.0,86637.15833333333,69182.15060240965,1.252305075498993
0,74.6,94.0,96.0,38570.08191489362,41454.3625,0.9304227489903775
0,71.6,90.0,93.0,51420.65333333333,54705.66451612903,0.9399511693742945
0,58.8,74.0,77.0,36036.36891891892,19122.08961038961,1.8845413682895447
1,48.6,53.0,63.0,24685.66037735849,37913.892063492065,0.6510980285542548
0,65.0,82.0,84.0,35587.641463414635,28845.85476190476,1.2337176955634335
0,86.4,104.0,112.0,59105.09326923077,41031.60178571429,1.4404773564021334
0,50.8,60.0,67.0,41205.59166666667,38090.54925373134,1.081779928984095
0,51.4,78.0,57.0,56739.4217948718,28458.01403508772,1.9937941461731696
0,56.6,83.0,52.0,76156.57590361446,43921.43076923077,1.7339274830037201
0,46.8,57.0,54.0,20446.736842105263,14721.674074074075,1.3888866673195432
0,10.4,22.0,14.0,59325.98636363636,61287.08571428571,0.9680014259481712
1,10.0,18.0,12.0,9812.283333333333,21050.25,0.4661361899898259
0,52.6,64.0,70.0,20240.2671875,21543.342857142856,0.9395137663507588
0,52.4,67.0,67.0,22352.411940298505,19070.91343283582,1.1720682398889548
0,64.2,79.0,77.0,33039.40379746835,34674.94675324675,0.9528321422548325
1,66.6,75.0,86.0,42911.926666666666,62586.69534883721,0.6856397582184202
0,59.2,70.0,62.0,24635.68857142857,19047.18387096774,1.2934032000908537
1,49.6,60.0,63.0,18686.738333333335,27120.722222222223,0.6890206750475754
0,48.2,59.0,61.0,8162.705084745762,6357.7803278688525,1.2838922806069843
0,57.0,73.0,73.0,22827.76301369863,19045.120547945207,1.198614781997877
0,52.8,60.0,62.0,86198.56666666667,82472.19032258065,1.0451834288565724
0,54.4,61.0,65.0,20600.798360655735,18050.296923076923,1.1412996943179394
0,57.0,72.0,69.0,17900.466666666667,17252.284057971017,1.0375708286808651
0,8.2,0.0,2.0,,10850.0,
0,58.4,72.0,74.0,65502.708333333336,39175.69594594595,1.672024114739736
0,61.0,73.0,79.0,17980.601369863012,19115.96075949367,0.9406067315205803
0,51.6,63.0,70.0,38825.52857142857,38882.28,0.9985404295074407
1,66.2,76.0,84.0,26053.101315789474,44885.84285714285,0.580430257235184
0,67.6,84.0,85.0,57350.32023809524,52622.11294117646,1.0898520989114253
0,55.0,60.0,65.0,53407.175,49548.56923076923,1.0778752208012217
0,46.0,57.0,58.0,19997.336842105262,15692.956896551725,1.2742873745163574
0,61.0,66.0,74.0,52137.471212121214,58753.0081081081,0.8874008819460952
0,45.4,55.0,59.0,19502.432727272728,17930.022033898305,1.0876970865067337
0,65.0,80.0,79.0,26576.734999999997,23193.421518987343,1.1458738409183353
0,58.8,72.0,75.0,82455.80694444444,57629.02533333334,1.430803427049303
0,53.0,63.0,66.0,17281.32222222222,17164.67121212121,1.006795994438777
0,54.8,66.0,69.0,73962.14696969697,66437.75072463768,1.1132548312215658
0,56.0,70.0,72.0,66581.92857142857,45759.8875,1.4550282399935657
0,62.0,83.0,74.0,40297.41807228916,29144.468918918923,1.3826780712456346
0,93.6,116.0,86.0,58392.91637931034,23772.858139534885,2.4562850641085263
0,53.2,65.0,67.0,41630.623076923075,38984.2776119403,1.0678823778992441
0,56.8,73.0,74.0,22458.745205479452,28538.218918918923,0.7869708081393549
0,58.0,81.0,76.0,95382.88271604938,75935.43947368422,1.2561049672874385
1,61.4,45.0,61.0,29370.440000000002,44042.45245901639,0.6668665880341382
0,45.0,56.0,56.0,31224.44107142857,23630.925,1.3213380801398409
0,47.4,59.0,61.0,21919.18305084746,24747.834426229507,0.8857010546189834
0,50.8,60.0,59.0,29453.16,18455.533898305086,1.5958985614989394
0,85.6,105.0,110.0,29223.299047619046,18012.29181818182,1.622408705266517
0,76.2,95.0,96.0,40519.85263157895,38758.612499999996,1.0454412585481214
1,63.4,46.0,82.0,30405.83043478261,66364.86829268294,0.4581615426506468
0,53.2,69.0,63.0,60276.59420289855,51977.89047619048,1.1596583403189373
0,48.0,63.0,63.0,53698.00158730159,44938.48412698413,1.1949224062735495
0,28.8,52.0,43.0,24713.436538461538,24445.760465116276,1.0109497953122477
0,81.2,99.0,98.0,45059.39595959596,38858.28571428572,1.159582702410119
0,86.6,103.0,110.0,40424.1854368932,48618.943636363634,0.8314492749829859
0,62.2,95.0,81.0,46597.19368421053,43049.3975308642,1.0824122138016623
0,62.4,67.0,78.0,15092.720895522389,19753.947435897433,0.7640356918281289
0,53.0,75.0,62.0,84760.08666666667,77789.84516129033,1.0896034886163375
0,58.0,76.0,72.0,61715.6197368421,50753.93611111111,1.2159770150975788
0,83.2,107.0,109.0,59693.515887850466,41670.22752293578,1.4325219571934054
0,55.4,77.0,72.0,94861.5,78513.6875,1.208216083342156
0,49.4,62.0,61.0,39743.54838709677,39997.700000000004,0.9936458443134673
0,56.6,73.0,71.0,48746.85068493151,45830.63943661972,1.063630167158036
0,49.0,57.0,66.0,15476.868421052632,15576.404545454545,0.993609813862278
0,93.8,80.0,98.0,52636.313749999994,64546.6693877551,0.8154768363615277
0,48.6,67.0,64.0,22414.143283582092,27045.2640625,0.8287640760979201
0,47.4,57.0,58.0,26577.059649122806,22109.681034482757,1.2020553172012127
1,49.2,58.0,61.0,10286.655172413793,17995.075409836067,0.5716372361958056
0,66.6,83.0,88.0,52072.707228915664,47854.30227272727,1.0881510074506406
0,58.4,74.0,77.0,32802.28648648649,33027.94545454545,0.9931676353175064
0,56.0,61.0,67.0,43447.79016393443,26076.014925373136,1.6661974725922468
1,49.2,26.0,56.0,-27796.757692307692,34350.044642857145,-0.8092204240581049
0,51.2,62.0,59.0,19890.372580645162,16627.305084745763,1.1962475265395236
0,53.4,68.0,69.0,47477.375,47086.93913043478,1.008291808233355
0,49.4,61.0,63.0,46177.636065573766,36275.009523809524,1.272987565592906
0,65.4,81.0,87.0,44299.014814814815,27114.296551724135,1.6337880914708054
0,72.8,95.0,99.0,54589.228421052634,36852.052525252526,1.481307679772948
0,50.6,70.0,68.0,25563.715714285714,25593.801470588234,0.9988244905182572
0,64.8,74.0,79.0,30533.304054054053,40494.68101265823,0.7540077681933005
0,51.0,69.0,53.0,46100.86956521739,26858.924528301886,1.7164078746578186
0,63.2,75.0,81.0,62048.26266666667,62158.50864197531,0.9982263735453557
0,46.2,60.0,62.0,21312.31,19568.548387096773,1.0891104224191224
0,80.2,103.0,106.0,71204.86019417475,54636.07924528302,1.3032571366350778
0,56.2,73.0,75.0,19113.51095890411,17390.369333333332,1.099085970662389
0,56.4,64.0,57.0,31768.560937500002,17665.026315789473,1.7983874107849143
0,60.0,72.0,72.0,22985.970833333333,20055.806944444445,1.146100523255214
0,57.2,71.0,75.0,64963.799999999996,53286.24133333333,1.2191477269642161
0,63.0,74.0,80.0,58875.982432432436,60803.89125,0.9682930026691743
0,46.2,59.0,60.0,22845.94406779661,19680.645,1.1608330960594335
0,79.0,86.0,91.0,56281.922093023255,51433.41978021978,1.0942675469280794
0,40.8,44.0,45.0,38760.11818181818,32661.033333333333,1.1867388819648954
0,75.4,98.0,99.0,93298.8387755102,80507.45454545454,1.1588844697956961
0,51.2,60.0,62.0,28299.596666666668,36167.46129032258,0.7824601356313297
0,56.2,63.0,63.0,34978.260317460314,27540.855555555554,1.2700498808725091
0,63.6,89.0,69.0,64317.53370786517,63092.56666666666,1.0194153940141684
0,55.0,66.0,73.0,21569.87424242424,23448.34383561644,0.9198890289923618
1,65.4,62.0,93.0,18240.914516129033,46381.468817204295,0.3932802255146116
0,53.2,67.0,67.0,51266.12835820896,49462.253731343284,1.0364697216722778
0,65.0,82.0,85.0,40424.10731707317,42168.09294117647,0.958642056055603
0,76.6,85.0,86.0,89401.16823529411,79926.53488372093,1.118541775461142
0,74.6,86.0,98.0,29972.47441860465,31079.352040816328,0.9643854343952208
0,49.2,63.0,63.0,84399.66031746031,63735.80158730159,1.3242111688491838
0,64.4,101.0,87.0,49799.792079207924,22222.09310344828,2.2410036645684075
0,57.8,72.0,75.0,59071.737499999996,42692.14666666667,1.3836675386979838
0,49.0,64.0,67.0,87697.35,86391.78358208956,1.0151121595570474
0,64.6,79.0,84.0,32684.32151898734,27267.283333333333,1.1986643890934254
0,74.8,85.0,100.0,28077.24705882353,29143.542,0.96341230790765
0,50.0,61.0,65.0,48217.586885245895,38834.42615384616,1.2416196571111282
0,66.8,87.0,86.0,70958.75977011494,68488.72093023256,1.0360648995386923
0,46.4,60.0,62.0,29448.385000000002,23168.298387096773,1.2710637832772747
0,55.8,94.0,94.0,41056.674468085104,34523.221276595745,1.1892480756399917
0,48.8,59.0,66.0,86187.51694915254,71564.50454545455,1.204333314351532
0,48.2,56.0,62.0,51629.03928571429,38299.3,1.348041329364095
1,72.4,88.0,96.0,16206.792045454546,26664.80520833333,0.6077971287931843
0,51.2,71.0,85.0,66949.43943661972,79055.10117647059,0.8468705806494634
0,72.6,105.0,81.0,83657.65523809525,56993.62222222223,1.4678424001883585
0,54.4,69.0,74.0,18130.869565217392,19054.777027027027,0.9515130793449235
0,51.4,59.0,65.0,26500.594915254234,32414.87076923077,0.8175443642493077
0,53.6,65.0,67.0,39359.73846153846,43361.05373134329,0.9077209863349677
0,52.8,67.0,66.0,65441.54179104477,41946.80757575757,1.5601078025509998
0,51.0,71.0,78.0,46203.89295774648,47199.6217948718,0.9789038810214894
1,56.8,67.0,73.0,15981.065671641789,23469.427397260275,0.6809312132390308
0,89.8,123.0,112.0,54210.665040650405,35889.950892857145,1.5104691896204145
0,58.6,71.0,73.0,18197.388732394367,21614.0301369863,0.8419248338723597
0,58.6,73.0,71.0,42756.84246575343,45010.95492957746,0.9499208033388596
0,73.8,93.0,98.0,41006.56989247312,47721.35918367347,0.8592917426061571
0,46.2,61.0,60.0,46876.45081967213,43761.221666666665,1.0711869786619408
0,52.6,70.0,65.0,45685.34857142857,51760.619999999995,0.8826275375261845
0,81.0,97.0,107.0,17210.94845360825,14954.321495327102,1.150901327016829
0,67.2,84.0,93.0,85445.15357142857,72156.74516129032,1.1841603079578351
0,51.0,62.0,61.0,18246.708064516126,14726.052459016393,1.2390766714500003
0,28.2,49.0,46.0,78975.31428571428,59535.09130434783,1.3265338568473268
0,62.2,88.0,102.0,43268.211363636365,50366.0568627451,0.8590748225843566
0,48.4,60.0,63.0,37204.845,30590.350793650796,1.2162281253643579
0,61.6,80.0,80.0,84618.51125000001,64626.791249999995,1.3093410583029683
0,44.2,62.0,59.0,28735.124193548385,25286.237288135595,1.1363938361454442
0,56.2,76.0,71.0,54275.515789473684,34064.9309859155,1.5932959268848794
0,69.2,98.0,77.0,44925.728571428575,20457.17922077922,2.1960861801413762
0,56.6,72.0,71.0,54369.79583333333,41369.26338028169,1.3142558361154728
0,45.8,38.0,71.0,53265.18421052631,56065.32112676056,0.9500558123995528
0,57.4,65.0,66.0,31204.35076923077,20473.183333333334,1.5241572481024739
0,43.6,49.0,52.0,52280.663265306124,36515.21538461538,1.4317500996401915
0,56.2,72.0,72.0,47880.80694444445,42589.9375,1.1242281570487032
0,63.4,82.0,80.0,42861.08414634146,41497.43875,1.0328609532881463
0,19.4,23.0,24.0,55412.1347826087,37669.61666666667,1.4710034156424572
0,81.2,85.0,115.0,47856.43882352941,60402.53565217391,0.7922918848822705
0,51.2,60.0,67.0,60666.95,64315.81641791045,0.9432664215252917
0,52.0,64.0,67.0,65758.6171875,51867.18059701493,1.267827100501479
0,50.2,62.0,59.0,37917.90483870968,27998.015254237285,1.3543068854843592
0,65.4,83.0,87.0,77279.01084337349,74227.2908045977,1.0411131809567105
0,66.0,94.0,84.0,99357.59361702128,92925.5642857143,1.0692170058987287
0,52.0,66.0,66.0,44976.52272727273,38874.486363636366,1.1569676395607449
0,63.2,75.0,81.0,20688.278666666665,16783.449382716048,1.232659520394651
0,56.6,71.0,75.0,49590.73098591549,44915.509333333335,1.1040892493923589
0,52.0,61.0,68.0,50779.80655737705,41583.90147058823,1.2211409887379847
0,56.2,67.0,71.0,27030.85970149254,31761.752112676055,0.8510506475083462
0,54.0,68.0,70.0,22664.988235294117,27414.43,0.8267539480227791
0,46.6,66.0,61.0,25316.604545454546,24781.52295081967,1.0215919576733348
0,46.8,61.0,59.0,62041.10983606557,53849.779661016946,1.152114460386149
0,48.8,85.0,65.0,59205.59882352941,33886.76153846154,1.7471601337982958
0,44.6,55.0,57.0,21478.46,24466.73859649123,0.8778636316930374
0,65.6,85.0,87.0,36642.44823529412,24208.366666666665,1.5136274470655788
0,45.8,63.0,59.0,15036.252380952381,14999.32033898305,1.0024622476975402
0,76.2,92.0,101.0,37442.29021739131,42546.08118811881,0.8800408679671123
1,48.8,63.0,65.0,2606.911111111111,4061.5384615384614,0.6418531144781144
0,65.2,86.0,87.0,65694.04883720931,59280.473563218395,1.1081903515354223
0,55.8,61.0,67.0,48137.48032786885,27856.67014925373,1.7280414374708901
0,74.6,90.0,91.0,18666.757777777777,18986.20989010989,0.9831745190756308
0,46.2,62.0,64.0,17225.151612903224,19988.053125,0.8617723549753286
0,52.4,58.0,58.0,31592.005172413796,22932.022413793104,1.3776371138296073
0,56.0,70.0,75.0,50887.58714285714,46344.66266666667,1.098024760884881
0,64.4,84.0,88.0,61878.46785714285,39892.51477272727,1.5511297848649641
0,51.2,54.0,59.0,22197.501851851852,20639.649152542373,1.0754786424805862
0,46.6,61.0,64.0,17691.347540983606,21247.7296875,0.8326229578961273
0,53.0,60.0,60.0,18463.655000000002,16646.905000000002,1.1091344006588613
0,79.4,93.0,98.0,28008.358064516127,25895.171428571426,1.081605431413098
0,53.4,72.0,71.0,20636.616666666665,17594.973239436622,1.1728700229229467
0,60.8,75.0,78.0,25388.722666666665,31267.84487179487,0.8119754581988647
0,51.4,60.0,65.0,17148.556666666667,21737.06,0.7889087423352866
0,61.0,75.0,78.0,39087.70533333333,42537.68846153846,0.9188958485291339
0,74.4,94.0,94.0,23257.422340425535,24218.990425531916,0.9602969377248407
0,43.0,53.0,58.0,15752.594339622641,15525.060344827587,1.0146559169330933
1,59.8,80.0,85.0,37855.134999999995,67077.60352941176,0.5643483518817353
0,61.6,80.0,85.0,37632.771250000005,32908.65647058824,1.1435523441570423
0,47.4,62.0,66.0,41303.63548387097,45168.8606060606,0.9144272166637072
0,43.2,60.0,59.0,24954.248333333333,27116.43559322034,0.9202628511976111
0,47.8,63.0,62.0,55042.00634920635,60744.52741935484,0.9061228836174712
0,23.8,30.0,35.0,20196.77666666667,23792.920000000002,0.848856578623669
0,51.4,74.0,62.0,62587.21756756756,61298.80806451613,1.0210185082505259
0,79.8,94.0,105.0,27545.4,21781.807619047617,1.2646057885440267
0,68.4,99.0,83.0,71811.84242424242,64538.87108433735,1.1126913318703853
0,50.2,58.0,63.0,21938.401724137933,19284.533333333336,1.1376164175161751
0,55.6,73.0,73.0,31697.398630136988,28575.838356164382,1.10923774956542
0,69.4,89.0,92.0,29294.610112359547,32830.04239130435,0.892311065675589
0,71.2,91.0,97.0,89617.95824175824,72639.79484536083,1.2337308830860738
0,62.6,75.0,83.0,34293.098666666665,33329.301204819276,1.0289174218182537
0,54.0,60.0,73.0,56997.29666666666,65261.89178082191,0.873362618081753
0,48.4,59.0,67.0,20233.77966101695,19011.7223880597,1.0642791456772356
0,77.8,102.0,104.0,34391.96960784314,43516.62884615385,0.7903178743332923
0,47.0,60.0,63.0,50254.82666666667,48047.09365079365,1.045949356102969
0,52.2,65.0,70.0,37676.45846153846,32268.117142857147,1.1676063494729967
0,46.0,58.0,61.0,22336.206896551725,22061.09836065574,1.0124703009523144
0,65.2,78.0,81.0,14888.479487179486,14850.449382716048,1.002560872299777
0,56.8,73.0,78.0,42536.94109589041,31688.008974358978,1.342367112124655
1,60.4,35.0,65.0,-23688.354285714286,2495.2876923076924,-9.49323573339426
0,44.6,54.0,60.0,20808.775925925926,15644.22,1.3301254984860815
0,48.8,61.0,61.0,35139.86885245902,23752.65081967213,1.4794083034873693
0,54.4,72.0,75.0,33653.399999999994,33073.42266666667,1.0175360542263399
0,70.0,80.0,91.0,18351.285,18633.88021978022,0.9848343331368933
0,42.6,57.0,57.0,18997.361403508774,18171.859649122805,1.0454274779975983
0,50.0,63.0,68.0,26036.12222222222,20829.58676470588,1.2499586533487266
0,50.2,57.0,70.0,22392.1298245614,19695.585714285713,1.1369110900987227
0,32.4,66.0,51.0,60598.4606060606,57804.700000000004,1.04833102855063
0,57.6,80.0,70.0,38102.595,26150.681428571428,1.4570402344609759
0,56.4,67.0,70.0,25970.880597014926,20846.997142857144,1.2457852044131636
0,42.2,52.0,56.0,26417.501923076925,21197.591071428575,1.2462501910740258
0,73.0,96.0,96.0,39945.94375,31248.138541666664,1.2783463468307263
0,53.4,64.0,66.0,99084.74843749999,83733.39393939394,1.1833361073267534
0,55.8,74.0,75.0,67908.8837837838,52535.329333333335,1.2926326844342448
0,66.0,86.0,89.0,94240.4581395349,77805.11460674157,1.2112373153855525
0,46.2,56.0,62.0,20103.024999999998,18670.127419354838,1.0767481414807973
0,50.4,63.0,62.0,70373.47142857143,40005.403225806454,1.759099165464112
0,54.4,67.0,66.0,48075.58208955224,23004.55909090909,2.089828450941739
0,64.2,84.0,84.0,52825.09761904762,47711.47619047619,1.1071780174680945
0,54.4,71.0,73.0,15395.301408450703,17542.553424657533,0.8775975216248344
0,62.0,71.0,77.0,35869.615492957746,25725.64155844156,1.3943137399108931
1,56.0,68.0,73.0,37853.4,54381.217808219175,0.6960748862501355
0,62.8,83.0,81.0,19688.5421686747,14664.543209876543,1.3425949848485224
0,48.0,58.0,60.0,29728.97931034483,18287.471666666668,1.6256473203200128
0,52.2,37.0,37.0,18223.25945945946,11974.672972972974,1.5218168797252036
0,58.2,69.0,73.0,23916.747826086958,18511.81917808219,1.2919717719803654
1,54.8,67.0,77.0,19169.923880597013,35562.46233766234,0.5390493970462543
0,70.6,94.0,90.0,54145.4085106383,58083.17222222222,0.9322047408754068
0,54.0,67.0,72.0,56879.41492537313,67390.16666666667,0.8440313734007651
0,51.6,66.0,67.0,37284.82424242424,35073.658208955225,1.0630434960703485
0,56.2,72.0,71.0,31119.574999999997,31281.05915492958,0.9948376378776121
0,64.8,78.0,83.0,28262.76282051282,27070.873493975905,1.0440284768351544
0,43.8,44.0,49.0,30205.606818181815,20685.01836734694,1.4602649261295284
0,51.8,65.0,66.0,24871.859999999997,27060.348484848484,0.9191256355743587
0,55.6,69.0,72.0,71605.63188405796,55087.6375,1.2998493878786863
0,53.0,72.0,72.0,51886.36527777778,42157.76666666667,1.230766460852475
0,44.8,50.0,52.0,24976.634,23419.186538461538,1.066503055474649
0,54.0,126.0,93.0,81242.08730158731,35743.80322580645,2.2728999146607833
0,59.8,70.0,76.0,30666.74714285714,32740.138157894737,0.9366712808284948
0,61.6,84.0,85.0,53158.380952380954,48289.47647058823,1.100827443941295
0,62.2,76.0,83.0,32793.51447368421,34966.0265060241,0.9378679178211571
0,62.6,84.0,86.0,61259.772619047624,52126.694186046516,1.1752092392508922
0,53.2,61.0,73.0,33972.218032786885,27421.672602739724,1.2388820523439803
0,63.2,88.0,86.0,61399.068181818184,51129.489534883716,1.2008543159799772
0,45.0,59.0,61.0,38652.066101694916,41581.95573770491,0.929539397942428
0,66.8,69.0,96.0,48168.636231884055,62528.20520833333,0.7703505333536179
0,52.4,59.0,70.0,38165.249152542376,38843.98,0.9825267429481318
1,45.6,42.0,59.0,-13217.714285714286,4950.015254237289,-2.6702370814715612
0,52.0,60.0,65.0,16543.651666666665,17084.035384615385,0.968369082258203
0,45.8,59.0,62.0,21639.642372881353,21474.92096774194,1.0076704079790024
0,47.2,58.0,61.0,25552.401724137933,19968.944262295085,1.2796070432419109
0,43.0,59.0,53.0,15840.203389830509,15384.124528301887,1.0296460718768612
1,49.6,59.0,67.0,18020.43559322034,30554.11044776119,0.5897876039962001
0,74.8,90.0,95.0,35147.63222222222,25181.050526315787,1.3957968983657265
1,62.6,51.0,83.0,31302.2,54287.23253012048,0.5766033474377688
0,49.4,59.0,63.0,62553.5593220339,32855.444444444445,1.9039023936445678
0,59.8,82.0,74.0,48898.785365853655,64714.57027027027,0.7556070474027029
0,54.4,75.0,73.0,49528.12666666666,64129.468493150685,0.7723146289908279
0,54.2,73.0,75.0,83749.42602739726,69194.836,1.2103421421129934
0,52.4,74.0,71.0,41692.8972972973,39435.6028169014,1.0572400145847005
0,73.6,95.0,100.0,16545.76210526316,15811.764,1.0464210131939207
0,49.6,65.0,68.0,36435.86615384615,35234.03676470588,1.034109897686891
0,74.8,104.0,107.0,92515.0875,77347.69065420561,1.1960937258437683
0,58.2,77.0,77.0,68734.54805194805,58594.21558441558,1.1730602989799135
0,44.8,63.0,66.0,34554.5253968254,42094.40454545455,0.8208816770293683
0,44.6,72.0,86.0,41905.2375,49860.1,0.8404563468585102
0,54.8,68.0,67.0,24440.004411764705,19098.792537313435,1.2796622804303524
0,42.8,61.0,59.0,21908.05245901639,23936.57627118644,0.915254220604144
0,57.6,77.0,84.0,17254.093506493507,19540.001190476192,0.8830139434639933
0,46.8,64.0,65.0,25458.0375,30178.169230769232,0.843591183591195
0,22.4,33.0,32.0,24489.524242424242,17621.9625,1.389716057018294
0,46.8,63.0,68.0,30187.54920634921,35517.13382352941,0.849943279667194
0,46.0,61.0,63.0,67898.9262295082,63480.149206349204,1.0696088002061128
0,44.0,60.0,58.0,46234.965,22966.68448275862,2.013131892620773
0,42.6,52.0,53.0,40896.942307692305,31863.37358490566,1.2835094877419393
0,74.4,103.0,102.0,39078.850485436895,33223.96568627451,1.1762247425382202
1,60.4,65.0,85.0,12524.398461538462,23216.890588235292,0.5394520172259828
0,44.0,59.0,61.0,43311.63728813559,46235.58852459016,0.9367597270898914
1,57.4,37.0,67.0,8468.789189189189,62905.24328358209,0.1346277153879078
0,57.6,72.0,78.0,31230.647222222222,31166.04358974359,1.0020728852634952
0,46.4,61.0,60.0,60328.58196721312,46115.168333333335,1.3082155860549236
0,64.8,90.0,88.0,72485.66,53514.27272727273,1.3545107932123461
0,52.8,73.0,76.0,79210.55616438355,53778.50131578947,1.4729037482702625
0,54.8,63.0,86.0,40877.9746031746,49849.39418604651,0.820029516318914
0,42.2,60.0,55.0,18931.75,17982.274545454544,1.052800631652321
0,70.0,95.0,96.0,38960.21684210526,40048.380208333336,0.9728287795769167
0,62.6,111.0,95.0,72515.23063063063,52874.293684210534,1.3714647625124745
0,48.4,57.0,62.0,22830.440350877194,20963.320967741933,1.089066011344689
0,49.0,73.0,69.0,18828.531506849315,21989.88260869565,0.8562361083002683
0,77.6,108.0,110.0,64092.2037037037,51013.546363636364,1.2563761642219429
0,53.0,70.0,74.0,34171.45285714286,34274.65135135136,0.9969890723861607
0,52.6,74.0,72.0,41278.96351351351,41196.00277777778,1.002013805469993
0,67.8,69.0,85.0,35657.782608695656,48441.40588235294,0.7361013157895502
0,46.6,58.0,71.0,18057.872413793102,20571.60281690141,0.8778058070884466
0,40.8,59.0,58.0,19598.330508474577,19824.53448275862,0.9885896955370744
0,53.8,66.0,83.0,41340.124242424245,54527.60843373494,0.7581503284279031
0,54.8,74.0,50.0,75509.03648648648,63678.638,1.185782844263825
0,57.2,76.0,75.0,49194.13684210526,51979.58266666667,0.9464126935680911
0,51.8,71.0,73.0,30946.994366197185,38354.200000000004,0.8068736765777198
0,51.0,74.0,67.0,21744.597297297296,18902.45970149254,1.1503580825293516
0,47.8,82.0,53.0,68382.9512195122,17203.63396226415,3.9749131706422562
0,43.0,49.0,53.0,39790.91632653061,29186.48867924528,1.3633334507561443
0,59.6,83.0,83.0,41935.9843373494,39496.74096385542,1.0617580922873155
0,44.8,56.0,62.0,29152.428571428572,31813.635483870967,0.9163501161697919
0,56.6,78.0,81.0,30577.82564102564,37518.654320987655,0.8150032615620927
0,54.6,83.0,67.0,39761.90843373494,23043.6,1.725507665197059
0,42.8,56.0,59.0,75032.80714285714,69463.62203389831,1.080174124900096
0,45.2,51.0,56.0,21756.203921568627,18070.223214285714,1.2039809173120175
0,42.2,62.0,62.0,27118.582258064518,23781.059677419355,1.1403437284089664
1,48.8,66.0,70.0,32719.495454545457,53142.338571428576,0.6156954385920975
0,68.2,97.0,96.0,34987.419587628865,26840.235416666666,1.3035436926869552
0,50.8,73.0,71.0,68168.51780821917,44225.07746478873,1.5413996247376573
0,49.2,68.0,70.0,14247.820588235294,14209.109999999999,1.0027243499582519
0,60.2,84.0,84.0,62649.37023809523,41369.795238095234,1.5143746754734908
0,68.4,97.0,96.0,48441.33092783505,47664.096874999996,1.0163064886107749
0,59.0,86.0,81.0,37371.2488372093,25760.100000000002,1.4507416057084133
0,51.4,75.0,73.0,57275.372,43642.10136986301,1.3123880427891454
0,50.2,61.0,72.0,22966.722950819672,24657.74861111111,0.931420111099298
0,47.2,66.0,58.0,24774.50909090909,17629.91896551724,1.4052537132681162
1,70.6,79.0,111.0,38659.29873417722,59445.66936936937,0.6503299423540049
0,43.8,62.0,63.0,46335.79838709677,41383.50634920635,1.119668256142955
0,48.4,68.0,66.0,44566.986764705885,37563.471212121214,1.1864448445947864
0,44.2,60.0,59.0,47068.318333333336,37660.85762711865,1.2497941177908973
0,16.6,21.0,24.0,23191.204761904763,22388.712499999998,1.035843609225174
0,44.4,62.0,63.0,38413.801612903226,46168.45714285714,0.8320356362362509
0,45.4,67.0,64.0,73091.52686567164,50576.5,1.4451677531199596
0,70.6,97.0,101.0,44392.18144329896,41652.98316831683,1.0657623552174695
0,71.4,101.0,100.0,65816.82871287128,50338.079000000005,1.3074958365588658
0,52.4,66.0,76.0,21552.827272727274,29286.360526315788,0.7359339598841785
0,14.4,21.0,24.0,63741.82857142857,47486.95416666666,1.342301895120744
0,48.4,54.0,62.0,17270.25925925926,16119.448387096774,1.0713926956138078
0,36.0,63.0,57.0,43938.95555555555,36810.65087719299,1.193647884742486
0,59.4,81.0,86.0,48968.14691358025,46921.26162790698,1.043623833090964
0,48.6,84.0,69.0,81533.85,70918.38260869565,1.1496856950316678
0,56.6,78.0,81.0,58130.55,51192.71728395062,1.1355238222180573
0,51.8,73.0,73.0,47989.24794520548,38118.83424657534,1.2589379736741797
0,52.6,72.0,77.0,35204.59305555556,32808.2974025974,1.0730393175711839
0,57.8,84.0,85.0,39945.96428571428,36645.93058823529,1.090051845989645
0,41.0,53.0,56.0,36176.837735849054,21707.726785714283,1.666541968809779
0,74.2,105.0,108.0,27528.631428571425,27908.45185185185,0.9863904875377306
0,73.8,123.0,131.0,56793.486178861785,66143.1038167939,0.8586456168759619
0,41.4,60.0,60.0,15787.703333333333,18419.318333333336,0.8571274488894856
0,65.0,84.0,90.0,32545.40238095238,29733.472222222223,1.0945712003534043
0,54.6,73.0,79.0,22062.912328767125,27920.864556962024,0.7901944541780234
1,46.6,64.0,66.0,22035.6703125,36799.013636363634,0.598811439085015
0,67.4,96.0,95.0,54303.01979166667,47196.87263157895,1.1505639412924378
0,51.6,69.0,72.0,37617.48985507246,33945.399999999994,1.1081763613058755
0,48.6,73.0,66.0,18091.817808219177,17857.68181818182,1.0131112197216423
0,54.8,67.0,71.0,24822.27313432836,16645.86338028169,1.4911976968243208
0,47.4,59.0,60.0,19615.315254237288,15375.016666666666,1.2757914790924207
0,46.8,63.0,67.0,68995.60793650793,64243.60746268657,1.073968456341456
0,65.4,56.0,77.0,40858.6875,48039.9038961039,0.850515596125364
0,55.6,80.0,78.0,64028.80125,45711.885897435895,1.400703558668787
0,39.8,57.0,57.0,22985.77192982456,21398.359649122805,1.07418383029032
0,59.0,80.0,84.0,43683.88375,50519.291666666664,0.8646970752921945
0,43.8,52.0,59.0,26291.873076923075,31379.998305084748,0.8378545091464455
0,50.4,71.0,72.0,49927.2676056338,46444.43194444445,1.0749893047535908
0,41.8,81.0,46.0,57400.193827160496,22408.854347826087,2.561496136134642
0,67.6,83.0,87.0,17552.795180722893,15448.267816091955,1.136230636967513
0,42.4,87.0,76.0,84127.87816091954,71445.85789473685,1.1775053255692929
0,50.0,67.0,69.0,19939.841791044775,21022.96956521739,0.9484788402127236
0,56.0,78.0,80.0,34327.428205128206,38683.4125,0.8873940013727643
0,39.0,48.0,56.0,37089.895833333336,34557.325,1.073286078518327
0,46.0,65.0,66.0,57712.54615384615,55461.937878787874,1.0405793299176993
0,38.8,57.0,55.0,35873.58947368421,25091.97272727273,1.429683901843749
0,66.0,82.0,95.0,14910.874390243902,15135.286315789474,0.9851729315942005
0,58.0,87.0,86.0,46571.136781609195,46362.346511627904,1.004503444835971
0,49.6,60.0,62.0,44966.645000000004,25952.340322580647,1.7326624281693535
0,49.6,84.0,66.0,67835.77738095238,62369.13333333333,1.087649831823098
0,54.0,72.0,80.0,27898.809722222224,33362.74875,0.8362263532683957
0,74.8,106.0,109.0,37888.14150943396,33320.310091743115,1.1370885026313957
0,48.8,69.0,69.0,27380.83768115942,33941.697101449274,0.806702080904207
0,16.2,21.0,24.0,20064.82380952381,21254.212499999998,0.9440398607816597
0,59.2,81.0,87.0,52562.63950617284,30653.655172413793,1.7147266520266609
0,48.0,59.0,69.0,61613.908474576274,59004.51014492754,1.044223709734044
0,49.2,90.0,71.0,90700.73555555556,65181.17464788733,1.3915173521423394
0,53.8,72.0,76.0,35813.59583333333,33894.31710526316,1.0566253841937456
0,50.4,72.0,75.0,44701.898611111115,47407.69733333333,0.9429249072529893
0,41.4,58.0,57.0,28248.734482758624,28353.040350877192,0.9963211751957549
0,45.2,60.0,59.0,37246.44666666666,43428.93728813559,0.8576412178716165
0,82.4,120.0,122.0,38232.08583333333,37340.44344262295,1.023878730633729
0,52.2,64.0,72.0,65162.18125,64979.038888888885,1.00281848368709
0,50.0,69.0,72.0,14850.853623188406,14678.590277777777,1.011735687293583
0,40.4,63.0,58.0,19469.2,17997.744827586204,1.0817577527912503
0,54.8,87.0,84.0,24342.796551724135,22384.540476190476,1.087482522932136
0,66.2,85.0,104.0,54534.40235294118,52870.936538461545,1.0314627642971583
0,56.0,78.0,85.0,64087.03717948718,57210.79176470588,1.1201914045004242
1,52.6,80.0,77.0,18468.728750000002,28616.901298701297,0.6453783572590425
0,45.0,68.0,66.0,44290.410294117646,33650.81060606061,1.3161766238742794
0,47.8,100.0,108.0,38437.857,47900.289814814816,0.8024556249785314
0,50.4,70.0,77.0,59594.54857142857,56244.02857142857,1.0595711239948773
0,72.2,103.0,109.0,50810.837864077665,44025.279816513765,1.1541286750667887
0,54.4,77.0,80.0,20382.319480519483,24874.17625,0.819416863323041
0,67.2,106.0,104.0,86851.01603773584,79298.19134615385,1.0952458632834672
0,52.8,75.0,83.0,73234.99333333333,62017.8843373494,1.180868939916878
1,46.8,67.0,69.0,39624.168656716414,56383.96956521739,0.7027559244633266
0,45.6,59.0,65.0,16369.337288135594,21347.244615384614,0.7668126534858966
1,58.0,60.0,85.0,50602.11833333333,72334.65647058823,0.6995556597950873
0,51.2,61.0,64.0,19406.062295081967,18267.4390625,1.062330753023798
0,61.8,112.0,113.0,83269.78482142858,74693.85132743361,1.1148144504746562
0,66.0,98.0,97.0,56749.36734693877,54336.44329896907,1.0444071032528455
0,47.0,66.0,67.0,38772.17727272728,51199.65671641791,0.7572741646975617
0,61.6,112.0,113.0,86486.71428571429,71507.30353982301,1.2094808502679606
0,53.8,95.0,91.0,89014.54631578948,57801.1,1.5400147456672881
1,64.2,93.0,94.0,31773.166666666668,44625.98085106383,0.711988085431835
0,58.0,82.0,86.0,36011.87195121951,35765.18023255814,1.0068975388088999
0,39.6,59.0,57.0,21468.050847457627,20414.92105263158,1.0515862781007568
0,56.2,85.0,84.0,28982.465882352943,27737.07738095238,1.0448997738404766
0,59.4,71.0,89.0,59156.519718309864,58198.87303370787,1.0164547290124903
0,34.6,88.0,66.0,52077.578409090915,45791.63484848485,1.1372727482083784
1,47.0,34.0,84.0,14067.376470588235,32908.578571428574,0.42746837090076006
0,46.6,68.0,66.0,73302.26323529413,62795.07424242424,1.1673250508838677
0,39.8,60.0,60.0,23364.408333333333,20604.288333333334,1.133958521417831
0,58.2,85.0,89.0,44156.38117647059,39165.504494382025,1.1274304198687002
0,48.6,67.0,66.0,43123.437313432834,23364.312121212122,1.8456968512367067
0,55.2,81.0,83.0,37560.40864197531,24067.298795180723,1.560640808161507
0,57.8,85.0,88.0,48493.66588235294,35168.79886363636,1.3788831990078045
0,64.8,93.0,93.0,53841.561290322585,44380.8311827957,1.2131715395000162
0,63.0,107.0,102.0,76351.78411214953,73760.40196078431,1.0351324299011138
0,43.0,60.0,61.0,76248.92,62963.64918032787,1.2109990604518985
0,49.0,56.0,66.0,25840.45,28363.1803030303,0.9110561553366858
0,50.0,72.0,75.0,44498.50555555555,50382.628000000004,0.8832112837693887
0,68.8,97.0,101.0,65036.257731958765,56989.13762376238,1.1412044548089642
1,46.6,43.0,71.0,32107.541860465117,65742.77887323944,0.4883812703197807
0,49.8,62.0,76.0,25738.82419354839,29642.501315789475,0.868308106638702
0,38.4,58.0,53.0,19582.91551724138,19186.34716981132,1.0206692990552177
1,54.8,79.0,81.0,19277.79746835443,26321.791358024693,0.7323892666019949
0,44.2,57.0,54.0,19596.168421052633,14815.090740740741,1.3227167328219038
0,56.0,73.0,80.0,17448.271232876712,16656.2025,1.04755398073941
0,14.2,21.0,24.0,52117.252380952385,47954.762500000004,1.086800343989867
0,47.4,63.0,72.0,43057.54603174603,49451.129166666666,0.8707090567462646
1,45.6,48.0,76.0,26962.73125,59632.66184210526,0.45214703514982507
0,54.2,80.0,83.0,20627.89375,27239.909638554218,0.7572673339857248
0,49.8,72.0,72.0,59940.38611111111,61930.88333333333,0.9678593762096258
0,45.8,59.0,59.0,22995.530508474578,16688.898305084746,1.3778938602237356
0,55.4,84.0,85.0,52109.380952380954,47436.14235294118,1.098516413174353
0,38.8,57.0,62.0,22191.445614035085,21316.090322580647,1.0410654711163028
1,42.2,63.0,63.0,17746.96507936508,30824.115873015875,0.5757493630142096
0,49.0,68.0,74.0,38192.669117647056,37157.88918918918,1.0278481892012028
0,49.2,76.0,74.0,68366.69342105264,52593.767567567564,1.2999010449901975
0,44.0,66.0,68.0,28592.87272727273,26276.83823529412,1.0881397705172837
0,49.0,71.0,74.0,78524.68309859154,63755.395945945944,1.2316554847399508
0,47.4,73.0,76.0,22897.239726027397,19741.515789473684,1.1598521597939488
0,48.6,72.0,74.0,45551.88055555555,42989.07297297297,1.0596153256013174
0,37.0,52.0,54.0,51721.125,52678.166666666664,0.9818322897848255
1,54.4,75.0,84.0,17065.384000000002,25696.311904761907,0.6641180284256097
0,64.8,98.0,97.0,59222.62142857143,39461.90515463917,1.500754238714427
0,73.2,104.0,108.0,37365.95192307692,43332.13240740741,0.8623150961453585
0,48.0,74.0,71.0,33187.52837837838,38996.11830985915,0.8510469712568233
0,37.0,58.0,54.0,105578.4724137931,81406.94074074074,1.2969222458565566
0,71.4,112.0,112.0,70725.78392857143,77039.36071428572,0.9180473886701978
0,41.6,65.0,62.0,20147.28153846154,20993.479032258063,0.9596923648292749
0,51.0,73.0,79.0,18459.182191780823,16654.85316455696,1.108336531664154
0,46.6,71.0,69.0,21964.34929577465,21690.14202898551,1.0126420226489392
0,48.2,71.0,73.0,51833.042253521126,36432.326027397256,1.422721190366557
0,39.2,57.0,57.0,55868.96842105263,44762.577192982455,1.248117778835383
0,65.4,85.0,96.0,42861.09411764706,40936.15416666667,1.047022979812496
0,44.8,87.0,71.0,86724.47931034483,67008.21549295774,1.2942365152144544
0,42.4,59.0,65.0,33377.94745762712,28466.58769230769,1.1725306811763248
0,45.0,102.0,77.0,63807.740196078434,45335.06493506493,1.407469919530778
0,71.0,102.0,110.0,19945.738235294117,26573.505454545455,0.7505873950055902
0,60.0,82.0,87.0,73888.84756097561,63592.69310344828,1.16190782234648
0,48.0,69.0,69.0,58465.16231884058,51929.28550724638,1.1258610964458997
0,57.0,87.0,88.0,68968.12413793104,60048.3340909091,1.1485435055286959
0,43.4,65.0,65.0,54039.481538461536,50748.47076923077,1.064849456926417
0,36.6,50.0,49.0,40627.492,29325.934693877552,1.385377565083438
0,40.2,60.0,63.0,70485.47,53969.368253968256,1.3060273314356863
1,43.8,58.0,90.0,48433.75172413793,73308.02444444444,0.6606882683196958
0,41.0,53.0,57.0,22572.42264150943,18875.06140350877,1.1958860508561493
0,41.8,63.0,64.0,17637.31746031746,20542.3421875,0.858583568481775
0,54.0,90.0,68.0,78262.47777777778,45764.950000000004,1.7100964335758648
0,61.8,91.0,94.0,34245.3043956044,30144.11276595745,1.136052822701703
0,47.6,75.0,71.0,70107.26,52029.84366197183,1.34744321846273
0,44.0,61.0,70.0,54766.48524590164,67873.43285714285,0.8068913408457156
0,45.8,75.0,70.0,18334.31333333333,18404.564285714285,0.9961829603086294
0,45.6,70.0,74.0,24644.24428571429,22196.66891891892,1.1102676881714095
0,44.4,66.0,61.0,35031.77121212121,32515.5131147541,1.0773863874910017
0,55.0,94.0,86.0,76320.00957446809,60510.62674418605,1.2612662218343496
0,45.8,79.0,60.0,39962.39367088608,39107.76,1.0218533015157625
0,41.0,82.0,92.0,84829.90731707316,78887.0945652174,1.0753331426972852
0,51.2,75.0,77.0,60971.184,55056.02597402597,1.1074388846874754
0,62.4,95.0,95.0,54421.707368421055,45335.847368421055,1.2004122681586582
0,42.0,53.0,54.0,22483.132075471698,16782.96111111111,1.339640360638553
0,37.0,58.0,55.0,19097.61379310345,19241.512727272726,0.9925214334128046
0,39.6,56.0,61.0,63412.70892857143,54235.8737704918,1.1692023105760765
0,48.2,69.0,75.0,50090.942028985504,44550.15466666667,1.124371899576469
0,39.6,55.0,67.0,81928.82727272727,65752.63134328357,1.2460159479396415
0,43.4,64.0,66.0,17986.68125,22975.66515151515,0.7828579121163705
0,53.6,83.0,84.0,41713.630120481925,48341.48690476191,0.8628950574619768
0,66.0,103.0,107.0,25344.673786407766,26117.38878504673,0.970413772793344
1,69.6,91.0,121.0,59693.96263736263,83341.52644628099,0.7162571311414515
0,43.4,62.0,67.0,60519.38548387097,38848.38208955224,1.5578354162694168
0,38.8,52.0,54.0,24284.936538461538,17630.975925925926,1.3774017184579739
1,44.0,57.0,68.0,13772.970175438597,42197.04852941176,0.3263965290330365
0,8.8,23.0,16.0,36992.70434782609,41121.375,0.8995979426229325
0,37.4,62.0,61.0,32046.32741935484,25757.868852459018,1.2441373780927332
0,44.4,72.0,72.0,72409.12222222221,57340.009722222225,1.2628027545338891
0,37.6,57.0,59.0,29398.336842105262,34522.33220338983,0.8515744726892631
0,64.0,116.0,83.0,78452.50431034483,50778.86506024096,1.5449834142073389
0,50.4,80.0,91.0,52856.715000000004,51542.17472527473,1.0255041678340489
1,40.0,59.0,61.0,24714.05593220339,35878.539344262295,0.6888255872143153
0,61.6,117.0,108.0,58871.66239316239,45875.39351851852,1.2832949840397045
0,48.2,73.0,75.0,19577.30410958904,19204.805333333334,1.0193961235112947
0,45.2,70.0,72.0,53384.53,40403.74722222222,1.3212767050140908
1,42.2,57.0,64.0,21120.549122807017,36772.5984375,0.5743556349085378
0,54.6,86.0,85.0,66008.22441860464,53485.00352941176,1.234144527676927
0,48.2,64.0,78.0,32979.9546875,34937.08717948718,0.9439812345564893
0,40.8,62.0,62.0,37146.596774193546,37170.07580645162,0.9993683350989023
0,60.0,97.0,97.0,66932.00206185567,50459.80206185567,1.3264420256704081
0,52.2,105.0,93.0,57337.12095238095,54666.4064516129,1.0488547661008594
0,51.8,78.0,76.0,17974.408974358972,18511.748684210525,0.9709730442532492
1,61.2,80.0,98.0,23009.861249999998,38241.227551020405,0.6017029976169271
0,42.8,65.0,67.0,28820.18,31254.067164179105,0.9221257460223087
0,37.4,58.0,57.0,42424.684482758625,35276.96140350877,1.2026173115505043
0,51.2,96.0,74.0,60158.634375,41214.43783783784,1.4596495192218786
0,47.6,70.0,69.0,30372.832857142854,20849.25652173913,1.4567825392465994
0,37.2,60.0,60.0,25871.136666666665,26749.743333333336,0.9671545758133753
0,67.8,94.0,93.0,63302.05531914894,46581.87956989247,1.358941629312513
0,46.2,74.0,73.0,74599.15,61125.22191780822,1.2204315609734626
0,38.6,51.0,61.0,17209.403921568628,15548.16393442623,1.1068447692054582
0,65.8,102.0,102.0,28994.05098039216,29834.27745098039,0.9718368754876409
0,73.6,115.0,121.0,23762.072173913042,22811.336363636365,1.0416782162658498
0,60.8,99.0,98.0,56378.239393939395,45702.66428571428,1.23358758783702
0,14.4,19.0,24.0,33320.45263157895,32698.266666666666,1.0190281023534056
0,45.6,70.0,74.0,30657.42714285714,28142.66081081081,1.0893578026950566
0,70.2,120.0,128.0,89132.84749999999,67189.9015625,1.326581010348537
0,67.4,106.0,112.0,31747.300943396225,34365.108035714286,0.9238236908902635
0,46.8,71.0,74.0,57814.44366197183,31009.79054054054,1.864393233691415
0,39.0,56.0,64.0,54959.85535714286,39206.48125,1.4018053547496783
0,37.4,58.0,61.0,25300.393103448278,22766.554098360655,1.1112965534503123
0,44.0,73.0,75.0,18698.956164383562,21788.453333333335,0.8582048426437288
0,41.4,57.0,73.0,36408.15964912281,48123.47671232877,0.7565571346135803
0,38.6,61.0,63.0,42103.10327868852,34230.51746031746,1.2299873446989968
1,40.4,41.0,65.0,9539.085365853658,46242.25230769231,0.2062850507882128
0,38.2,56.0,60.0,22828.867857142857,16499.92,1.3835744571575415
0,41.8,66.0,67.0,60242.33484848485,72794.34626865672,0.8275688695129276
0,58.6,95.0,97.0,89134.75789473685,82442.0350515464,1.0811809514285506
0,42.2,56.0,68.0,17596.660714285714,20404.822058823527,0.8623775626936429
0,46.6,76.0,76.0,19152.314473684208,18879.730263157893,1.014437929288547
1,20.8,29.0,34.0,16654.910344827586,26292.78823529412,0.6334402496906307
0,39.6,61.0,71.0,15650.178688524591,18366.95915492958,0.8520832739111405
0,44.0,70.0,75.0,31624.591428571428,34736.566666666666,0.9104121236863199
0,36.4,55.0,56.0,24022.14181818182,16706.9,1.4378575210351303
0,42.4,64.0,69.0,59844.2875,64104.557971014496,0.9335418477896561
0,44.4,72.0,71.0,63146.12222222222,36546.74929577464,1.7278177523034277
0,42.8,58.0,72.0,21428.058620689655,26814.102777777778,0.7991339034639707
0,42.2,66.0,88.0,42809.71666666667,55897.531818181815,0.7658605894427334
0,35.0,63.0,56.0,24274.280952380952,22317.8625,1.0876615514761305
0,65.0,107.0,109.0,57771.63271028038,47130.0376146789,1.2257922045936813
1,59.8,59.0,98.0,17600.411864406782,57931.21530612245,0.3038156850568727
0,37.4,63.0,63.0,42927.31587301587,52659.13968253968,0.8151921229972047
0,41.8,67.0,69.0,31021.02537313433,36811.32028985507,0.8427034164727717
0,37.0,61.0,61.0,42005.92786885246,35695.73114754099,1.1767773489560858
0,69.4,117.0,112.0,56460.29145299145,62527.30892857142,0.9029701169050681
0,41.4,72.0,67.0,24714.270833333332,22475.95373134328,1.0995871912153237
0,56.6,95.0,97.0,48043.31157894737,26056.784536082476,1.8437927946335342
0,35.0,56.0,57.0,22462.971428571425,18155.187719298247,1.2372756358059671
0,43.6,73.0,65.0,26738.46712328767,24509.53076923077,1.090941616754863
0,42.8,54.0,71.0,23512.2,23774.118309859154,0.9889830484375719
0,36.6,64.0,62.0,21277.165625,18727.57419354839,1.1361410402170475
0,37.2,60.0,61.0,62526.52333333333,46632.21967213115,1.3408438151337048
0,36.0,56.0,59.0,31502.625,32938.69491525424,0.9564017360448249
0,36.8,62.0,61.0,18974.88870967742,19140.462295081965,0.991349551392649
0,45.4,75.0,72.0,49240.99733333333,43172.38055555555,1.1405671102608876
0,66.0,111.0,112.0,83107.46576576577,60485.706249999996,1.37400174220113
0,54.4,92.0,90.0,28006.967391304348,16649.11888888889,1.6821891643764606
1,46.6,74.0,75.0,23927.88108108108,33709.045333333335,0.7098356196228403
0,44.6,70.0,73.0,55552.24285714285,50225.55342465753,1.1060553656312775
0,37.2,59.0,62.0,87448.66949152542,67652.88548387097,1.2926081255229527
0,39.2,61.0,60.0,24084.92950819672,21446.313333333335,1.1230335551780952
1,37.0,53.0,62.0,24308.150943396227,36960.81290322581,0.6576736016884168
1,42.4,64.0,63.0,28367.6328125,46160.33174603174,0.6145456875954683
0,43.4,71.0,70.0,46729.619718309856,59469.05857142857,0.7857803846378817
0,45.8,75.0,75.0,64120.436,53690.09466666667,1.1942693787017846
0,34.2,57.0,56.0,47842.92807017544,38886.95357142857,1.2303079484561912
0,40.8,62.0,68.0,27916.643548387096,29189.532352941176,0.9563922851122408
0,38.6,53.0,62.0,28675.150943396227,21025.964516129032,1.3637971718919006
0,42.2,58.0,67.0,24735.103448275862,20940.36567164179,1.1812164045336155
0,58.8,98.0,104.0,71961.76836734694,69765.49423076924,1.0314808081099935
0,36.8,64.0,64.0,89573.4875,82355.453125,1.0876448869031707
0,47.2,69.0,64.0,32436.01739130435,20081.7375,1.6151997500865825
0,39.4,57.0,71.0,21802.73859649123,21495.802816901407,1.0142788702615233
0,50.4,85.0,87.0,43880.75294117647,47953.68850574712,0.915065228734542
0,35.8,62.0,61.0,41553.80483870968,31715.713114754097,1.310196138058107
0,35.4,59.0,58.0,69388.04576271187,63941.22068965517,1.0851848778348068
0,37.2,57.0,65.0,29105.48596491228,38126.89538461539,0.7633846310144795
0,42.4,92.0,75.0,73854.82934782609,45239.22266666667,1.6325397518875602
0,43.8,74.0,76.0,88689.00270270271,73151.83289473684,1.212396179195173
0,57.6,94.0,99.0,80306.55319148937,48311.997979797976,1.6622486452551632
0,46.6,84.0,82.0,20659.538095238095,24665.26219512195,0.8375965328000418
0,42.6,74.0,72.0,60247.725675675676,52527.79722222222,1.1469684407437417
1,77.4,93.0,128.0,25616.1935483871,44619.14453125,0.5741076799544248
0,39.4,66.0,70.0,39550.40909090909,30770.704285714284,1.285326742074958
0,36.4,57.0,61.0,53584.05087719298,56958.31639344262,0.9407590369606131
0,32.8,57.0,55.0,38705.28947368421,32683.55818181818,1.1842434430904745
0,41.0,65.0,72.0,28422.646153846155,22064.780555555553,1.2881454262498793
0,35.6,60.0,58.0,51094.189999999995,49670.74827586207,1.0286575454074578
0,37.0,67.0,67.0,24456.005970149254,25828.288059701492,0.9468690264573386
0,40.8,61.0,69.0,15633.965573770492,15942.379710144927,0.9806544479568395
0,55.8,96.0,97.0,22883.98125,27244.176288659793,0.8399586395102466
1,37.4,56.0,79.0,29391.716071428575,48227.21392405063,0.6094425466442112
0,50.2,84.0,90.0,58664.348809523806,46365.40333333333,1.265261263614382
0,54.0,99.0,91.0,61420.948484848486,56977.63846153846,1.0779834009145428
0,42.6,76.0,72.0,40602.08289473684,32436.45138888889,1.2517424427212493
0,62.4,103.0,103.0,21334.60776699029,19790.112621359225,1.0780437774752283
0,36.4,59.0,61.0,24875.41355932203,23757.844262295082,1.0470400127506765
0,36.0,59.0,61.0,28659.29661016949,32124.17868852459,0.8921409909977613
0,43.6,76.0,74.0,48461.99078947368,57676.97432432432,0.8402311556248822
0,42.0,73.0,75.0,24630.261643835616,22537.782666666666,1.092843160665655
1,32.8,62.0,82.0,32672.104838709678,63328.93658536585,0.5159111553163139
0,56.4,96.0,96.0,49401.33020833333,37762.018749999996,1.3082279984920917
0,61.0,101.0,106.0,24415.527722772276,27528.870754716983,0.8869062570824396
0,56.4,93.0,101.0,69567.84838709678,57086.09702970297,1.2186478320789615
0,41.8,73.0,78.0,17263.364383561646,18005.164102564104,0.9588007243490317
0,42.6,73.0,76.0,38137.3698630137,44550.83157894737,0.8560417058754888
1,51.4,69.0,86.0,48092.13188405797,72308.41860465116,0.6650972709969416
0,44.8,73.0,75.0,79948.47534246575,77734.17333333334,1.028485567083054
0,47.8,100.0,82.0,62751.782,29324.42317073171,2.1399153065909804
0,45.2,80.0,80.0,84627.4025,60029.29625,1.409768359561603
0,45.0,74.0,71.0,28701.401351351353,25662.435211267606,1.1184208012632186
0,41.2,70.0,73.0,20024.45857142857,14579.815068493152,1.3734370756664291
0,39.6,68.0,67.0,58521.754411764705,54110.7328358209,1.0815184224048013
0,49.8,90.0,86.0,81243.85555555555,67992.05348837208,1.1949022185283722
0,54.0,97.0,93.0,29758.519587628864,27342.92043010753,1.088344592293861
0,47.4,83.0,82.0,56475.00240963855,53602.86341463414,1.0535818202991798
0,32.4,55.0,47.0,29217.32545454545,14964.93829787234,1.9523852937435406
0,46.2,75.0,76.0,37787.18666666667,22348.934210526317,1.690782491492098
0,42.0,72.0,74.0,57667.91527777778,44308.05945945946,1.3015220251417732
0,60.8,78.0,108.0,47652.234615384616,63385.058333333334,0.7517897098838033
0,33.4,58.0,55.0,25228.162068965517,21206.265454545457,1.1896560534451852
0,45.8,80.0,80.0,40356.801250000004,27798.109999999997,1.4517821985019848
0,52.2,85.0,85.0,28355.420000000002,29661.30705882353,0.9559733812055643
0,33.8,62.0,60.0,43653.477419354844,36201.16166666667,1.205858469993523
0,58.4,100.0,97.0,32078.273999999998,25681.338144329897,1.2490888839093637
0,47.8,94.0,85.0,96064.90638297872,85506.35058823529,1.123482708852694
0,41.6,61.0,71.0,16359.254098360656,19329.27042253521,0.8463461755539448
0,46.2,78.0,82.0,38060.47051282052,40974.73902439025,0.9288764594733596
0,40.8,70.0,73.0,40218.28857142857,38089.22739726028,1.0558966752452805
0,44.8,76.0,80.0,46031.92368421053,42676.79875,1.0786170713943377
0,41.0,72.0,72.0,65904.83055555556,50300.54583333333,1.31022098197355
0,46.0,80.0,79.0,30827.0225,34295.42151898734,0.898866995494804
0,50.8,112.0,108.0,80473.80714285714,58033.76944444444,1.3866720689217764
0,52.4,72.0,73.0,21469.059722222224,21598.44109589041,0.9940096892598047
0,45.2,77.0,78.0,39083.21428571428,46829.37564102564,0.8345875585724187
0,34.4,61.0,62.0,22999.85081967213,20725.767741935484,1.1097225012869067
0,51.4,100.0,66.0,79565.885,43390.53333333333,1.8337153034916986
0,31.0,53.0,54.0,19644.035849056603,18075.929629629627,1.086751069049117
0,42.4,59.0,69.0,40774.972881355934,38904.659420289856,1.048074279249201
0,47.4,86.0,86.0,66132.04534883721,70797.96976744187,0.9340952228724729
0,58.4,101.0,91.0,94844.41386138614,78240.66483516483,1.2122138029016192
0,18.8,46.0,42.0,58117.76739130435,51744.37857142857,1.1231706514955606
0,34.0,61.0,58.0,72102.4655737705,56283.684482758625,1.2810544696280082
0,47.2,84.0,82.0,65647.84404761906,59778.58658536585,1.098183275943999
0,36.2,57.0,64.0,18736.229824561404,16354.73125,1.145615268032081
0,40.2,70.0,72.0,32959.55857142857,30537.759722222225,1.0793050594161304
0,34.2,69.0,62.0,41421.853623188406,39227.393548387096,1.0559420312260726
1,49.8,76.0,88.0,30841.469736842108,51245.7284090909,0.6018349371607504
0,62.2,113.0,117.0,73493.09292035399,73993.30341880342,0.993239786908577
0,41.2,73.0,72.0,88695.92465753424,71070.08333333333,1.2480064817362333
0,7.2,11.0,12.0,33345.454545454544,28916.666666666668,1.1531569295258055
0,48.8,89.0,93.0,44572.933707865166,44235.96559139785,1.0076175146617088
0,34.8,61.0,57.0,59638.372131147546,56144.86315789474,1.0622231274022007
0,45.0,81.0,78.0,75458.09753086421,56144.68974358974,1.3439934903100885
1,39.2,62.0,69.0,16375.308064516128,23304.25652173913,0.7026745542918562
0,40.2,69.0,72.0,55266.35942028985,36602.731944444444,1.509897116536903
0,34.8,66.0,66.0,21607.313636363637,26830.11212121212,0.8053381789366696
1,73.4,93.0,127.0,26497.96129032258,61593.97952755906,0.4302037551976418
0,42.8,65.0,73.0,26703.859999999997,20119.182191780823,1.3272835717402656
0,38.2,67.0,67.0,48236.24328358209,54946.81044776119,0.8778715796331992
0,33.4,56.0,61.0,16048.75,16130.452459016393,0.994934893536063
0,45.2,67.0,62.0,56188.18656716418,41085.60967741935,1.3675879951233925
0,35.2,59.0,64.0,38519.68474576271,29026.154687500002,1.3270681273655258
0,31.4,62.0,90.0,61801.7064516129,71254.63777777778,0.8673359149527111
0,47.0,81.0,86.0,39720.25185185185,42608.943023255815,0.9322045803899118
0,47.4,83.0,85.0,53601.69397590361,32813.583529411764,1.633521493556437
0,41.0,70.0,74.0,55762.42571428571,51253.75945945946,1.087967522819326
0,52.2,94.0,76.0,79191.11489361702,54095.79736842105,1.463905122874584
0,33.4,58.0,58.0,56849.74310344828,49416.84310344827,1.1504122791583453
0,38.4,68.0,64.0,17439.819117647057,16459.8640625,1.059536035742826
0,40.2,70.0,75.0,68395.83571428571,39505.112,1.7313160816829405
0,39.0,60.0,68.0,15167.263333333334,15009.41617647059,1.0105165420831086
0,32.4,56.0,62.0,16785.694642857143,13908.467741935483,1.2068687187048304
0,48.0,87.0,91.0,43513.09425287357,41773.01978021978,1.0416554628276538
0,32.8,62.0,63.0,22223.453225806454,20383.42698412698,1.0902707009529036
0,30.6,63.0,56.0,20283.77619047619,19549.280357142856,1.0375715023732301
0,40.6,66.0,72.0,26927.136363636364,17153.190277777776,1.5698033967780842
0,40.4,77.0,76.0,46864.65974025974,38224.13815789474,1.226048826704034
0,53.2,92.0,90.0,20663.213043478263,17505.916666666668,1.180355958327133
0,8.6,21.0,19.0,75734.53333333333,62755.44210526315,1.2068201703734256
0,40.0,72.0,77.0,15217.855555555558,18645.392207792207,0.8161724562273232
0,45.4,77.0,86.0,28417.249350649352,26624.906976744187,1.0673182586316905
0,43.8,85.0,83.0,16198.674117647059,16997.11084337349,0.9530251503867958
0,33.4,59.0,65.0,38259.46101694915,33202.807692307695,1.1522959555559804
0,33.2,62.0,65.0,53851.50806451613,39354.54769230769,1.3683681104799494
0,40.4,69.0,74.0,71278.7,51961.31081081081,1.3717648551924155
0,39.8,70.0,75.0,47635.635714285716,41098.16933333334,1.1590695275969398
0,37.4,67.0,68.0,53563.26865671642,71528.73088235295,0.7488357195210794
0,57.4,98.0,107.0,23736.432653061223,20046.34953271028,1.1840775605717997
0,40.0,72.0,75.0,40160.84027777778,39026.933333333334,1.0290544720682926
0,50.6,93.0,90.0,32382.046236559137,23238.435555555556,1.3934692875148234
0,42.8,81.0,81.0,75357.64567901235,73740.91975308642,1.0219244068468276
0,34.0,66.0,65.0,30982.298484848485,28036.7,1.1050622393094938
0,40.0,70.0,72.0,73415.5142857143,67158.4625,1.0931684787410716
0,47.2,94.0,89.0,60455.13617021276,53341.697752808985,1.1333560557140157
0,41.6,78.0,78.0,26334.964102564103,22824.810256410256,1.1537867700419562
0,38.2,66.0,69.0,14935.439393939394,14353.73768115942,1.04052614905618
0,58.2,116.0,110.0,83298.53620689655,61325.847272727275,1.3582940947632196
0,40.8,75.0,77.0,77834.768,60033.18831168831,1.2965289732054055
0,57.8,103.0,108.0,21059.666019417476,27303.775,0.7713096822478751
0,37.0,60.0,68.0,22171.631666666664,25682.66323529412,0.8632917647028733
0,56.2,103.0,102.0,52938.352427184465,44737.54117647059,1.1833093870395146
0,58.4,108.0,109.0,56263.68796296296,56465.17706422018,0.9964316218998471
0,36.4,66.0,67.0,68119.58636363636,44686.21791044776,1.524398115323826
0,36.6,73.0,69.0,32927.08219178082,25722.64927536232,1.280081294865652
0,37.4,71.0,67.0,73095.34647887324,73119.98059701493,0.9996631000454246
0,45.4,86.0,85.0,64766.98023255814,45262.20235294118,1.4309286085445976
0,48.6,90.0,89.0,52840.76888888889,48263.51685393258,1.0948387588249973
0,44.2,77.0,67.0,77386.55974025975,69711.3895522388,1.1100992282225202
1,31.0,54.0,54.0,14417.281481481483,22062.31666666667,0.653479944980762
0,34.6,62.0,67.0,23653.90806451613,20202.19104477612,1.170858547574846
0,41.6,63.0,51.0,56147.98095238095,14903.190196078433,3.767514217671027
0,48.6,72.0,85.0,60495.49166666667,56496.596470588236,1.0707811699446397
0,40.8,72.0,76.0,34036.927777777775,35100.336842105266,0.9697037362031279
0,39.8,69.0,80.0,20015.28695652174,24743.22125,0.8089200170944493
0,38.2,70.0,71.0,62496.00142857142,35970.07746478873,1.737444171193377
0,39.0,71.0,73.0,58628.47464788733,46956.542465753424,1.2485688163826485
0,30.2,55.0,56.0,19201.645454545454,14162.398214285715,1.3558187789958211
0,37.6,71.0,70.0,26150.830985915494,24944.11142857143,1.0483769309963018
0,47.4,84.0,88.0,56542.433333333334,58084.37272727273,0.9734534553522793
0,40.0,70.0,75.0,66455.11571428571,51249.144,1.2967068428359645
0,33.6,59.0,62.0,73806.6,57431.79677419355,1.2851173765325121
0,33.4,59.0,65.0,21889.15593220339,26518.006153846152,0.8254450129173306
0,12.2,23.0,24.0,17557.821739130435,21152.4875,0.8300594310305318
0,43.4,78.0,82.0,35263.55897435897,34957.35975609756,1.0087592203872893
0,33.0,59.0,59.0,24316.12033898305,29058.752542372884,0.8367916104975869
1,49.2,88.0,91.0,25381.026136363635,36889.38241758241,0.6880306601247517
0,45.0,84.0,82.0,51204.66547619048,50176.95609756097,1.020481700337328
0,32.6,62.0,64.0,35270.84516129032,32461.2046875,1.0865537955488216
0,44.0,74.0,78.0,18616.21081081081,16853.44358974359,1.1045938897698022
0,41.4,76.0,74.0,63920.996052631584,63050.54594594595,1.0138055919044997
0,47.8,92.0,91.0,54091.815217391304,39468.46923076923,1.370507047058766
0,48.6,90.0,90.0,23758.07,19450.452222222222,1.221466201842665
0,37.4,64.0,68.0,53311.975,58016.85735294117,0.9189049085454701
0,37.2,58.0,64.0,46009.99310344828,45675.3734375,1.0073260411632137
0,31.0,56.0,53.0,16707.882142857143,15658.288679245285,1.0670311734003903
0,39.2,68.0,72.0,24765.819117647057,24375.768055555556,1.0160015906453705
0,41.6,78.0,78.0,52669.93974358974,58008.530769230776,0.9079688632887637
0,38.6,70.0,73.0,67285.99857142857,37968.35479452055,1.7721599720496457
1,41.4,77.0,77.0,17975.637662337664,24572.306493506494,0.7315405115546612
0,40.8,98.0,78.0,54662.90714285715,41837.21153846154,1.3065619130138433
0,50.0,103.0,99.0,64417.521359223305,63058.84646464646,1.0215461425438312
0,51.0,98.0,97.0,72394.84285714285,66775.36907216495,1.0841548891913255
0,31.4,56.0,58.0,37245.07142857143,42214.49482758621,0.8822815855238572
0,31.6,54.0,67.0,14448.696296296295,15430.00895522388,0.936402327323643
0,33.8,65.0,64.0,24196.456923076923,23208.325,1.0425766152049716
1,50.4,93.0,99.0,26377.869892473118,45634.78383838383,0.5780211425102982
0,35.6,67.0,65.0,46860.45373134328,39011.96615384615,1.2011815437998208
0,31.8,63.0,59.0,15067.480952380953,14904.259322033899,1.0109513412790498
0,50.6,110.0,100.0,61478.16272727273,45053.143,1.3645698975379528
0,29.4,57.0,56.0,14419.445614035089,12544.396428571428,1.149473049272662
0,47.6,92.0,82.0,80960.29347826086,73793.26585365854,1.0971230577979223
0,45.2,84.0,84.0,62257.19047619047,42250.433333333334,1.473527856744439
0,30.4,57.0,60.0,38961.991228070176,39487.62,0.9866887705075711
0,33.6,66.0,57.0,62485.72727272727,49812.80175438597,1.2544110162850952
0,32.2,67.0,64.0,27151.768656716416,33771.9765625,0.8039733358948679
0,38.0,70.0,71.0,38682.31857142857,30784.33943661972,1.256558343604208
0,31.8,59.0,62.0,57073.26101694915,42334.27741935484,1.3481572025333728
0,49.8,99.0,96.0,44232.54747474748,31284.4875,1.4138811599438055
0,35.4,69.0,71.0,44418.27246376812,33346.829577464785,1.332008860410083
0,38.8,74.0,75.0,52306.26486486487,44563.308000000005,1.1737518423198041
0,49.0,89.0,92.0,43017.9,27043.253260869562,1.590707286029269
0,38.4,70.0,71.0,28328.44857142857,35691.601408450704,0.7937006873757488
0,38.2,73.0,74.0,25621.65616438356,25688.01081081081,0.9974169021137547
0,39.4,76.0,73.0,37208.621052631584,28752.5698630137,1.2940972313050685
0,55.6,107.0,108.0,35779.07476635514,30122.524074074074,1.187784751316692
0,56.2,93.0,108.0,29463.89677419355,27932.378703703704,1.0548294897020987
0,35.6,87.0,57.0,68288.86436781609,50354.09122807018,1.3561731073352796
0,36.4,67.0,66.0,29334.353731343283,38517.16515151515,0.7615917115382349
0,45.0,85.0,86.0,49334.025882352944,41026.61976744186,1.2024881933242701
0,43.8,65.0,96.0,49317.61538461538,64313.953125,0.766826061659779
0,52.0,93.0,100.0,59840.33225806452,45804.037000000004,1.306442317694934
0,54.4,110.0,104.0,30335.612727272728,27692.474038461536,1.0954461015343082
0,42.6,68.0,77.0,59262.663235294116,58936.899999999994,1.0055273221919396
0,42.4,79.0,80.0,47104.68101265823,38348.945,1.2283175198863547
0,37.2,74.0,70.0,45103.4472972973,35587.30857142857,1.267402596820958
0,38.6,72.0,74.0,42654.11388888889,36748.02972972973,1.1607183896006552
0,34.0,71.0,70.0,51684.66197183099,42605.612857142856,1.2130951418333142
0,35.0,66.0,67.0,62433.9606060606,51854.923880597016,1.2040121927441885
0,38.4,74.0,76.0,23869.91081081081,30050.069736842102,0.7943379506219823
1,38.8,70.0,93.0,32746.577142857142,51674.948387096774,0.6337031417535767
0,27.2,55.0,55.0,26322.889090909088,22984.35090909091,1.145252663215201
0,37.4,66.0,73.0,20790.669696969697,27402.72602739726,0.7587080816770994
0,37.8,71.0,78.0,83155.47746478874,70819.40641025642,1.1741905457816115
1,64.2,81.0,120.0,30817.376543209877,63057.746666666666,0.4887167425457725
0,38.2,69.0,76.0,34121.29855072464,44668.54605263158,0.763877528284009
0,38.4,72.0,76.0,49926.648611111115,43836.66052631579,1.1389245442439535
1,34.0,74.0,64.0,29753.854054054056,56436.615625,0.5272083331813726
0,54.2,109.0,90.0,78606.37706422019,48425.36444444444,1.6232480223127825
0,52.6,105.0,104.0,24977.15619047619,26275.740384615383,0.9505785878863562
0,31.6,59.0,59.0,41203.81186440678,29925.838983050846,1.3768640500853948
0,37.8,73.0,75.0,67861.3890410959,51980.91333333333,1.305505899943067
0,37.2,62.0,72.0,24715.483870967742,29449.25,0.839256818797346
0,35.8,74.0,69.0,26302.90405405405,25171.397101449274,1.0449520917748196
0,38.4,74.0,73.0,56960.85675675676,48546.89452054794,1.1733161784972164
0,49.0,98.0,98.0,66911.64897959183,69624.79081632652,0.9610319570813205
0,49.4,99.0,96.0,35184.871717171714,29058.02291666667,1.210848784106055
0,48.8,99.0,96.0,44308.78181818182,38584.88854166667,1.1483454661358965
0,35.4,62.0,64.0,15097.55,14099.79375,1.070763889720018
0,43.2,83.0,84.0,82809.80240963856,58288.829761904766,1.4206804759659066
0,55.8,111.0,111.0,33211.63513513513,37322.912612612614,0.8898457491742445
0,30.4,56.0,57.0,16651.33035714286,14407.635087719298,1.1557296014066896
0,34.4,69.0,67.0,59450.2884057971,58635.534328358204,1.0138952273015247
0,38.2,90.0,62.0,45338.387777777774,15206.974193548387,2.9814207087306523
0,35.6,62.0,68.0,20079.33870967742,21156.282352941176,0.9490957992856416
0,37.6,69.0,69.0,49025.99855072464,39660.90724637681,1.236129023629518
0,31.4,57.0,63.0,37850.14210526316,32823.33650793651,1.1531473071334841
0,40.0,68.0,61.0,65157.92352941176,53294.229508196724,1.2226074779707694
0,42.6,83.0,86.0,79478.65180722892,44364.347674418605,1.7914982632114287
1,30.6,43.0,69.0,15108.016279069767,38941.81739130434,0.3879638211863057
0,48.6,96.0,97.0,48006.58020833333,32365.401030927835,1.483268511410041
0,31.2,61.0,60.0,46485.53770491803,60013.48166666667,0.7745849168210737
0,39.2,76.0,81.0,39863.52105263158,48480.083950617285,0.8222659245647616
0,39.6,74.0,75.0,44079.954054054055,37562.581333333335,1.1735070511497874
0,30.4,56.0,58.0,40958.80357142857,35004.75172413793,1.170092674680648
0,44.0,82.0,89.0,60233.01951219512,43747.64606741573,1.3768288108433355
0,42.6,79.0,83.0,20792.593670886075,25621.9578313253,0.8115146316205835
0,32.4,65.0,65.0,16179.873846153847,17704.327692307692,0.9138937172510537
0,35.4,70.0,67.0,23152.56142857143,23478.705970149254,0.9861089217611702
0,29.0,89.0,77.0,78508.52921348314,57181.86883116884,1.3729619338829568
0,37.4,68.0,71.0,28339.811764705883,18056.899999999998,1.569472709308125
0,54.8,104.0,109.0,32976.536538461536,35599.99082568807,0.9263074448509825
0,36.8,69.0,70.0,16764.914492753625,21865.967142857142,0.7667126902379044
0,54.8,106.0,109.0,61814.1179245283,41482.3623853211,1.4901301268801839
0,37.0,95.0,69.0,77221.88315789474,34772.21594202898,2.220792695140176
1,54.4,103.0,110.0,28822.91067961165,39405.23090909091,0.7314488461216482
0,56.2,96.0,118.0,12342.140625,4400.47966101695,2.8047262061762908
0,44.4,81.0,78.0,10520.829629629628,8948.098717948717,1.1757614618763894
0,29.8,56.0,53.0,15718.982142857143,16558.13962264151,0.9493205457310611
0,35.4,61.0,69.0,25520.69836065574,33107.2768115942,0.770848611496744
0,37.2,70.0,77.0,22259.864285714284,28455.35714285714,0.7822732350172575
1,34.8,62.0,66.0,8946.001612903225,32416.066666666666,0.27597430943410445
1,64.4,93.0,117.0,33508.51397849463,51154.1,0.6550504060963761
0,54.2,108.0,119.0,57422.29351851852,59561.80924369748,0.9640790675712164
0,32.6,63.0,68.0,31431.457142857143,41249.461764705884,0.7619846610883713
0,31.0,60.0,62.0,73692.19333333333,66302.0064516129,1.1114624922718406
0,36.2,70.0,75.0,57029.62142857143,46424.716,1.2284323167118876
0,39.4,78.0,76.0,22465.147435897437,21442.007894736842,1.0477165919434128
0,42.2,84.0,86.0,40850.45595238096,35714.78023255814,1.1437969290691885
0,37.2,70.0,74.0,30235.712857142855,34898.66486486487,0.8663859484086864
0,29.0,56.0,61.0,17224.444642857143,15893.960655737705,1.083710034014658
0,40.2,74.0,85.0,65203.54459459459,53844.45411764705,1.210961196711709
0,37.6,69.0,76.0,48803.94927536232,49795.88684210526,0.9800799296960366
0,47.0,100.0,94.0,31531.853,35562.48723404255,0.8866605080933657
0,39.0,75.0,74.0,43200.83733333333,43898.02567567567,0.9841180023107814
0,30.2,61.0,61.0,28888.273770491804,20181.219672131145,1.4314434033134524
0,60.2,116.0,127.0,32520.318103448277,29751.455118110236,1.0930664726933839
1,12.8,30.0,29.0,16348.236666666668,24672.462068965517,0.662610671807677
0,36.4,74.0,71.0,82442.5472972973,62314.6661971831,1.3230039143020245
0,35.0,72.0,73.0,18740.527777777777,18938.675342465755,0.9895374116138062
0,58.6,121.0,124.0,67993.57933884297,66103.32258064517,1.0285954878575387
0,30.2,63.0,61.0,48067.23174603175,41638.218032786885,1.1544017495701309
0,34.0,65.0,70.0,23381.133846153847,28359.492857142857,0.8244552878266609
0,35.0,65.0,71.0,28287.97076923077,22902.88732394366,1.2351268365913546
0,41.4,128.0,78.0,59222.7203125,23463.584615384618,2.524026967033367
0,30.4,59.0,65.0,17442.39322033898,22736.98,0.7671376418653216
0,47.6,96.0,97.0,50150.140625,32608.21855670103,1.5379601476172664
1,53.6,50.0,112.0,19123.672,66637.4125,0.2869810108548257
0,32.2,64.0,64.0,54270.9671875,49609.4875,1.093963471956851
0,41.0,84.0,82.0,42552.59523809524,38161.12073170731,1.115077189091544
0,43.6,94.0,90.0,69251.35957446808,59033.764444444445,1.173080528171962
0,35.4,72.0,73.0,66516.99583333333,66952.11643835617,0.9935010179189263
0,31.2,65.0,68.0,20716.689230769232,23659.604411764707,0.8756143539098179
0,32.4,68.0,66.0,18511.33676470588,19614.990909090906,0.9437341495848709
0,39.2,93.0,61.0,57773.002150537635,26994.04426229508,2.1402129147144575
0,29.8,61.0,60.0,23953.399999999998,18205.89833333333,1.3156944832622468
0,34.0,65.0,70.0,19874.76923076923,20894.32285714286,0.9512042752787708
0,30.4,55.0,61.0,43436.99454545455,27672.6131147541,1.5696744779876035
0,29.4,55.0,58.0,20616.34181818182,16519.522413793104,1.2479986589060252
0,38.8,66.0,76.0,14405.619696969698,16942.734210526316,0.8502535374732881
0,46.0,94.0,94.0,26365.218085106382,26027.707446808512,1.012967359456749
0,48.6,81.0,107.0,43863.095061728396,55004.13177570093,0.7974509122441182
0,41.0,83.0,82.0,46343.9156626506,29944.176829268294,1.5476770634533767
0,37.4,69.0,66.0,19289.202898550724,17827.649999999998,1.0819823643918702
0,33.2,58.0,63.0,33576.61379310345,43743.55238095239,0.7675785793685103
0,10.0,19.0,24.0,34330.378947368416,41870.583333333336,0.8199164237589656
0,36.6,71.0,76.0,28380.577464788734,30960.09736842105,0.9166824356869304
0,38.6,75.0,81.0,27509.941333333336,30310.827160493827,0.907594543285474
0,37.0,71.0,74.0,57584.83943661972,55452.1472972973,1.038460046062569
0,36.2,75.0,74.0,89244.41333333333,66230.47567567568,1.347482596536898
0,29.4,56.0,56.0,78643.38214285715,68517.01607142857,1.1477934482854872
0,38.8,76.0,72.0,42771.06842105263,25298.877777777776,1.690631054734855
0,40.2,70.0,81.0,13310.007142857143,15116.786419753085,0.8804786131968481
0,33.4,77.0,84.0,42318.32987012987,49890.82619047619,0.8482186626568261
0,34.4,66.0,64.0,19183.19393939394,16576.5953125,1.1572457176974313
0,27.8,60.0,60.0,25625.675,24885.586666666666,1.0297396377769408
0,28.2,55.0,58.0,28523.456363636364,20912.493103448276,1.3639433721526542
1,30.0,56.0,64.0,28338.575,44681.2703125,0.6342383464436109
0,35.8,66.0,75.0,34450.969696969696,32047.876000000004,1.0749844918574227
0,39.4,80.0,77.0,70459.41,44408.137662337664,1.5866328494958775
0,36.0,72.0,73.0,55462.211111111115,60869.56027397261,0.9111649708241175
0,28.4,61.0,61.0,17576.08032786885,17019.750819672132,1.0326872886736798
0,35.8,75.0,77.0,55840.24133333333,60526.812987012985,0.9225703217731746
0,29.2,59.0,62.0,39558.66949152543,35335.97096774194,1.1195014147945268
0,36.6,91.0,64.0,83697.20989010988,56649.528125,1.4774564353903854
0,26.8,54.0,56.0,32942.69259259259,23906.364285714284,1.37798839668306
0,38.0,77.0,79.0,57971.21558441558,54665.1911392405,1.0604776892987373
0,35.0,73.0,73.0,58675.252054794524,49079.643835616436,1.1955109587045267
0,40.6,81.0,74.0,72126.33333333333,55080.041891891895,1.3094821800408025
0,36.4,73.0,73.0,48520.88493150685,37933.531506849315,1.2791027622288706
1,29.8,61.0,60.0,13928.160655737705,19685.405000000002,0.7075374195114453
0,28.6,56.0,63.0,15099.346428571429,15218.511111111111,0.9921697542111936
1,42.4,50.0,74.0,21981.11,52187.45675675676,0.42119527116358446
1,30.0,58.0,74.0,8667.096551724138,24490.344594594593,0.3538985136875985
0,43.2,88.0,93.0,38971.94545454546,52996.36666666666,0.7353701377241357
0,6.2,12.0,12.0,30433.333333333332,29383.333333333332,1.0357345433919456
0,28.0,53.0,57.0,18790.04528301887,14660.075438596492,1.2817154564941153
0,31.4,59.0,68.0,15040.998305084746,18675.860294117647,0.8053711083832761
0,40.8,78.0,82.0,47127.43461538461,49947.81951219512,0.943533372940897
0,35.0,73.0,73.0,72500.4698630137,57536.442465753425,1.2600791212659193
0,35.8,75.0,73.0,39977.93866666667,41107.200000000004,0.972528867611189
0,33.0,73.0,67.0,16740.53287671233,16587.95223880597,1.0091982805176765
0,27.2,52.0,26.0,31503.92692307692,9539.85,3.302350343357277
1,10.8,9.0,20.0,12742.111111111111,17541.3,0.72640631601484
0,33.4,68.0,68.0,51486.126470588235,43111.63088235294,1.1942514216427675
0,34.2,85.0,67.0,76139.83764705883,42859.58208955224,1.776495101794733
0,35.0,72.0,74.0,49223.88333333333,35663.47297297297,1.3802324684036495
0,29.2,54.0,56.0,26870.212962962964,32095.658928571425,0.8371915037719699
0,35.6,66.0,70.0,16839.159090909092,14669.395714285716,1.1479108900518897
0,38.6,74.0,83.0,76226.77702702703,66592.2530120482,1.144679352014651
1,45.8,96.0,97.0,13249.848958333334,33117.22783505155,0.40008931376525375
0,38.6,77.0,74.0,32023.4987012987,27306.70945945946,1.172733710330128
0,33.8,66.0,69.0,20631.910606060606,21710.61304347826,0.9503145104536009
0,50.8,106.0,109.0,47975.77452830188,37600.2871559633,1.2759417056923477
0,27.4,60.0,59.0,18421.003333333334,20381.11694915254,0.9038269776524339
0,42.2,83.0,91.0,26327.24578313253,23717.567032967036,1.110031469355102
0,43.0,88.0,90.0,34163.64318181818,35046.631111111106,0.9748053407332214
0,32.4,65.0,66.0,25576.7,23354.71212121212,1.0951408806606415
0,39.2,82.0,82.0,33789.340243902436,18130.254878048778,1.8636991300554142
0,31.2,61.0,67.0,29814.298360655735,23908.31791044776,1.247026180274569
0,29.6,65.0,63.0,36115.82769230769,24400.631746031748,1.4801185505445438
0,31.6,58.0,64.0,25392.151724137933,26598.0640625,0.9546616499784187
0,34.6,74.0,78.0,21875.024324324324,26719.62307692308,0.8186876087790742
0,31.6,67.0,73.0,18943.513432835818,24675.482191780822,0.7677059068432603
0,32.2,65.0,65.0,38646.81384615385,29443.55076923077,1.3125731386494564
0,29.6,61.0,62.0,19916.524590163935,17947.717741935485,1.109696780199984
0,47.4,98.0,99.0,34997.68265306122,27833.483838383836,1.2573949727700842
0,35.2,73.0,73.0,40740.613698630135,31612.53150684931,1.2887488523278527
0,33.6,71.0,71.0,64528.457746478874,54223.69577464789,1.1900416750392169
0,33.0,60.0,66.0,32561.739999999998,19693.115151515154,1.6534580613313863
0,39.6,81.0,85.0,25236.90864197531,20549.20705882353,1.2281208014369076
0,41.4,79.0,81.0,22144.40253164557,18373.28888888889,1.205249787643476
0,29.8,67.0,71.0,35381.01194029851,40067.31690140845,0.8830392119182503
0,31.0,57.0,58.0,29358.138596491226,21857.734482758617,1.3431464555326595
0,45.0,96.0,97.0,28731.394791666666,33751.60206185567,0.8512601783764633
1,38.6,81.0,79.0,18653.866666666665,31932.783544303795,0.5841603705103298
0,35.2,75.0,78.0,39060.149333333335,37910.13333333333,1.0303353193165592
0,45.0,94.0,100.0,50717.104255319144,54127.441,0.9369943104333927
0,16.4,44.0,42.0,36343.94772727272,37627.13809523809,0.965897210552727
0,31.2,71.0,73.0,60751.726760563375,56596.54931506849,1.0734175050560653
0,34.2,74.0,75.0,76305.77837837837,68518.76933333333,1.113647824104406
0,38.0,60.0,79.0,52924.52333333333,48873.491139240505,1.0828881280969154
0,33.8,70.0,73.0,48349.838571428576,45896.27260273972,1.053458937502964
0,38.4,53.0,70.0,30012.032075471696,38190.42857142857,0.7858521938118447
0,25.8,52.0,57.0,21475.13846153846,19599.924561403506,1.095674546820841
0,38.0,84.0,84.0,39157.46428571428,44916.76904761905,0.8717782938528155
0,39.8,77.0,78.0,21218.285714285714,16095.382051282051,1.318284067236267
0,53.0,105.0,111.0,40570.42476190476,24278.98828828829,1.671009692832841
0,38.6,76.0,80.0,57144.42368421053,52696.31999999999,1.084410138776494
0,44.2,99.0,97.0,48943.621212121216,37111.02886597938,1.3188430153438584
0,29.2,61.0,60.0,50011.222950819676,30457.163333333334,1.642018411349744
0,35.0,75.0,78.0,88628.42933333333,66849.33974358975,1.3257936379518542
0,31.4,62.0,58.0,22801.761290322578,14834.03275862069,1.5371249114352603
0,40.0,86.0,83.0,48776.00697674418,37381.61927710843,1.3048125768755392
0,26.6,60.0,59.0,25488.896666666667,26385.922033898303,0.9660036376186052
0,24.8,56.0,57.0,28532.62142857143,27391.14561403509,1.0416731680602456
0,28.2,66.0,59.0,36419.09242424242,22186.657627118646,1.6414862047416976
1,37.0,63.0,92.0,35962.46666666667,54640.08804347827,0.6581699985192296
0,41.8,84.0,90.0,25259.658333333333,23592.637777777778,1.0706585067450891
0,44.0,100.0,96.0,21274.986,26992.728124999998,0.788174722520753
0,33.4,70.0,67.0,53635.17285714286,70105.12985074628,0.7650677342917996
0,45.4,94.0,102.0,36542.06595744681,38938.54509803922,0.938454836087004
0,32.0,69.0,65.0,34954.8347826087,26352.62,1.3264273071371537
0,28.0,60.0,57.0,43118.604999999996,29212.715789473685,1.4760217882767706
0,36.4,61.0,61.0,42179.845901639346,38004.95737704918,1.1098511566049365
0,55.4,120.0,124.0,54330.025,50809.934677419355,1.0692795679610472
0,33.2,84.0,86.0,56918.50833333334,46991.47441860465,1.2112518076427587
0,33.0,73.0,72.0,22241.28219178082,19097.02361111111,1.1646465252752949
0,35.4,71.0,89.0,55388.68309859155,69683.34831460674,0.7948625380129903
1,23.4,69.0,84.0,47930.127536231885,65903.98095238095,0.7272721138175839
0,43.2,96.0,98.0,49129.02395833333,42997.78265306123,1.142594360149769
1,26.8,55.0,57.0,28893.092727272728,39589.72982456141,0.7298128291178057
0,26.6,57.0,57.0,14270.442105263157,15038.96842105263,0.9488976707528932
0,31.8,70.0,68.0,17881.805714285714,17004.535294117646,1.051590378977986
0,38.6,85.0,88.0,20835.262352941176,20919.486363636363,0.9959738968141402
0,24.0,93.0,70.0,63946.036559139786,43411.90285714286,1.4730069946385294
0,36.0,75.0,83.0,48897.75866666667,37690.587951807225,1.297346667268481
0,33.2,67.0,75.0,24640.917910447763,28852.886666666665,0.854019155695609
0,32.8,61.0,74.0,19772.611475409838,24883.182432432433,0.7946174702170917
0,37.6,85.0,85.0,49655.52705882353,34545.74117647059,1.43738490962366
0,27.8,90.0,57.0,67305.16666666667,20972.55789473684,3.209201615009355
0,27.2,59.0,62.0,51883.28644067796,37627.54677419355,1.3788644460940929
0,42.2,97.0,96.0,49493.24432989691,44220.19166666667,1.1192453597437724
1,36.0,39.0,79.0,32570.615384615383,65970.75316455697,0.4937129534260656
1,53.0,74.0,107.0,26460.644594594592,61258.72897196261,0.4319489652928534
0,28.8,66.0,67.0,40954.871212121216,26169.417910447763,1.5649897660035677
0,15.6,48.0,41.0,38444.38958333333,32687.243902439026,1.176128207629788
1,28.2,59.0,63.0,19665.593220338982,35966.49206349206,0.546775403773687
0,25.2,80.0,49.0,51051.76625,14747.897959183674,3.461630016107449
0,26.6,60.0,62.0,20243.888333333332,18510.50483870968,1.0936432317609595
0,30.8,69.0,71.0,24112.257971014493,31126.121126760565,0.774663115677593
0,32.2,69.0,71.0,52114.32028985507,39179.73943661972,1.3301344276206677
0,50.4,103.0,104.0,43685.493203883496,33366.61057692308,1.3092577414529822
0,30.4,61.0,65.0,18384.391803278686,23067.33846153846,0.7969879938221772
0,35.2,75.0,78.0,23532.658666666666,31639.32051282051,0.7437788892189084
0,29.4,73.0,52.0,55448.576712328766,4309.428846153846,12.866804092105262
0,37.2,83.0,84.0,32995.69638554216,36193.56428571428,0.9116453998581641
1,30.0,65.0,62.0,2275.0938461538462,8457.14193548387,0.2690145043691617
0,45.0,101.0,105.0,17301.30693069307,19406.506666666668,0.8915209330492455
0,31.8,64.0,68.0,32152.975,23190.516176470588,1.3864708640087469
0,27.8,55.0,55.0,18258.896363636362,16033.876363636362,1.1387699361987211
0,34.4,68.0,79.0,47837.83529411764,40235.13164556962,1.1889568478492891
0,28.6,64.0,66.0,35282.296875,25336.004545454547,1.3925754083166948
0,40.2,82.0,97.0,64842.41829268292,65172.447422680416,0.9949360635813311
0,34.2,70.0,76.0,46684.08285714286,54373.28026315789,0.8585850004119567
0,30.4,85.0,92.0,42065.53411764706,48051.70108695652,0.8754223714478574
0,38.4,84.0,86.0,62640.28571428572,49599.29186046511,1.2629270169926639
0,26.8,63.0,61.0,25690.763492063492,23576.418032786885,1.0896805212876808
0,35.8,73.0,78.0,57030.96164383562,58737.148717948716,0.9709521638119331
0,31.4,88.0,84.0,58653.47159090909,57941.73333333333,1.0122836894347154
0,36.8,79.0,84.0,50498.39620253164,36942.719047619044,1.3669377215423526
0,44.6,98.0,100.0,37822.19489795918,21494.572999999997,1.7596160155383962
0,33.6,73.0,75.0,51685.73150684931,47821.810666666664,1.0807982965579328
0,37.8,85.0,84.0,37472.849411764706,27395.644047619047,1.3678396954869716
0,26.8,60.0,61.0,22711.739999999998,23773.181967213117,0.9553512874853265
0,42.0,95.0,96.0,38089.167368421055,35264.22604166667,1.080107849904789
0,26.4,63.0,58.0,14089.426984126985,16853.83103448276,0.8359777047307623
0,30.2,63.0,66.0,48989.96984126984,48722.57272727272,1.0054881567008764
0,28.4,66.0,69.0,35083.681818181816,29538.553623188403,1.1877251088773815
0,40.6,91.0,90.0,38951.88351648352,31240.61888888889,1.2468345667229157
0,36.0,79.0,83.0,22745.832911392405,27264.021686746986,0.8342801796717001
0,46.4,107.0,90.0,52570.74485981309,31188.933333333334,1.6855576398833694
0,47.6,110.0,110.0,76816.08,62235.45272727273,1.234281693693501
0,32.6,68.0,71.0,24170.54264705882,28400.840845070423,0.8510502480863745
0,31.0,69.0,68.0,42058.015942028986,39247.40882352941,1.0716125523378393
1,41.8,70.0,107.0,23195.14285714286,57937.773831775696,0.40034577311324987
0,27.4,47.0,62.0,23018.448936170214,21273.68064516129,1.0820153465735969
0,37.2,84.0,85.0,60994.43571428571,56769.57647058823,1.0744211865995925
0,22.6,57.0,52.0,51018.271929824565,38906.87115384616,1.3112920781547126
0,31.6,74.0,73.0,67392.32162162162,60670.44109589041,1.1107933353427775
0,30.0,65.0,67.0,25204.49846153846,22888.940298507463,1.1011649352408852
0,40.2,98.0,97.0,37278.09693877551,25501.574226804125,1.4617959113909662
0,25.2,62.0,60.0,16963.590322580647,16234.883333333333,1.0448852618331503
0,31.0,73.0,73.0,48056.34657534247,35805.375342465755,1.3421545261207433
0,36.0,80.0,84.0,61269.3725,76092.37738095238,0.8051972432568139
0,45.0,100.0,96.0,74862.711,68441.80520833333,1.093815552820703
0,41.6,93.0,95.0,51507.25913978494,37144.174736842106,1.3866847091018166
0,24.8,61.0,60.0,29732.62950819672,22301.013333333332,1.3332411879129882
0,44.0,99.0,109.0,35538.062626262625,37607.2752293578,0.9449783960556689
1,26.0,55.0,58.0,14246.561818181819,30225.998275862068,0.4713346996237628
0,31.6,73.0,72.0,25977.949315068494,27574.49027777778,0.9421007987227987
0,35.4,76.0,78.0,46098.90657894737,28908.34230769231,1.5946575589939922
0,23.6,54.0,58.0,44688.359259259254,34044.32068965517,1.3126523999886541
0,36.2,84.0,86.0,36547.89642857143,35673.99651162791,1.0244968324941859
0,36.4,84.0,87.0,24552.704761904763,25419.871264367815,0.9658862748184488
0,29.2,73.0,73.0,24317.600000000002,19829.92191780822,1.2263084091199388
0,25.4,53.0,58.0,82432.93396226416,55135.75517241379,1.4950903221419563
0,24.2,69.0,60.0,21254.215942028983,20216.405000000002,1.0513350886089283
0,30.6,71.0,72.0,63393.26338028169,42352.712499999994,1.4967934670130443
0,26.0,65.0,66.0,25448.42923076923,23504.87727272727,1.0826871774521905
1,31.6,32.0,60.0,18843.996875,49187.693333333336,0.3831038944497499
1,45.0,108.0,124.0,31799.56666666667,52717.162903225806,0.6032108883598671
0,22.4,59.0,68.0,22053.10847457627,20421.16470588235,1.0799143335944905
0,40.4,95.0,94.0,43960.47157894736,27863.030851063828,1.577734734384394
0,27.0,56.0,59.0,18564.10357142857,13498.771186440677,1.3752439622116084
0,30.8,73.0,72.0,46692.0904109589,48207.77222222222,0.9685593890487925
0,30.6,69.0,70.0,24747.66956521739,28616.87714285714,0.8647928088615526
0,24.6,57.0,58.0,63169.34736842105,57159.07586206897,1.1051499069168913
0,32.2,74.0,74.0,46628.45135135135,56417.1027027027,0.8264949654906256
0,24.2,52.0,60.0,17462.076923076922,17830.785,0.9793218258801798
0,24.8,53.0,57.0,38872.558490566036,29451.105263157893,1.3199015161985783
1,43.8,84.0,105.0,30257.29880952381,65025.601904761905,0.4653136291431703
0,7.0,21.0,12.0,22262.14285714286,25076.066666666666,0.8877844820350425
0,24.0,58.0,62.0,19086.712068965517,20468.812903225804,0.932477723999203
0,27.8,65.0,65.0,18575.864615384613,21685.94307692308,0.8565855102309095
0,30.0,69.0,70.0,60695.07971014493,42622.86142857143,1.4240029335397724
0,31.0,68.0,73.0,51970.720588235294,46182.65890410959,1.1253297627610317
0,30.2,69.0,72.0,50488.30724637681,43429.893055555556,1.1625243281578457
0,22.4,87.0,77.0,74436.29425287356,72175.14545454546,1.0313286351428572
1,26.0,69.0,64.0,20615.094202898552,28293.375,0.7286191273716391
0,39.4,155.0,120.0,64041.59483870967,38213.775,1.6758772154467771
0,10.4,23.0,24.0,50303.80869565218,41890.629166666666,1.2008367908610948
0,32.2,73.0,75.0,52718.60410958904,39970.454666666665,1.3189393152826376
0,26.0,85.0,60.0,70721.45764705882,59599.135,1.186618860274714
0,31.6,70.0,73.0,40499.06857142857,38015.85479452055,1.0653204772148368
0,32.0,74.0,75.0,79246.42972972973,53190.296,1.4898663043674307
0,41.4,96.0,99.0,36514.067708333336,44831.627272727266,0.8144711653272106
1,9.6,13.0,18.0,21144.09230769231,32306.23333333333,0.6544895559172476
0,31.2,71.0,74.0,73139.84084507043,55237.00945945946,1.3241093527836718
0,31.0,71.0,72.0,58151.30845070422,53649.990277777775,1.0839015654918194
1,47.2,65.0,107.0,25565.332307692308,65086.175700934575,0.3927920488855088
0,34.0,85.0,84.0,56952.864705882355,57451.1738095238,0.9913263895130574
0,41.0,96.0,98.0,74616.98541666666,57334.76836734694,1.3014264736990238
0,48.2,105.0,119.0,57363.194285714286,60209.78991596639,0.9527220467929711
0,11.4,36.0,26.0,37035.833333333336,37680.446153846155,0.9828926436305738
0,30.8,71.0,68.0,14208.65633802817,15766.804411764706,0.9011754041564761
0,28.8,69.0,67.0,72963.6115942029,52065.78805970149,1.4013734222276406
1,29.0,61.0,92.0,25803.145901639342,59553.452173913036,0.43327708066841886
0,36.0,85.0,84.0,45432.96235294118,38330.421428571426,1.185297752011553
1,38.8,66.0,80.0,27723.21818181818,40811.89125,0.6792926603669263
0,22.8,60.0,61.0,19023.41,16485.97868852459,1.1539145087723328
0,35.0,79.0,83.0,25137.52025316456,31957.021686746986,0.7866039739112932
0,34.6,85.0,88.0,41409.80588235294,48045.31363636363,0.8618906350735417
0,28.2,92.0,69.0,73478.90652173913,41896.00724637681,1.7538403144154897
0,37.8,95.0,95.0,56075.058947368416,61828.39894736843,0.9069466442937079
0,27.6,54.0,67.0,21820.429629629627,26372.449253731345,0.8273948854614757
0,23.2,59.0,54.0,24427.208474576273,18012.11111111111,1.3561546630426842
0,30.2,71.0,77.0,47773.65633802817,42590.36363636364,1.1217010670751597
0,13.8,40.0,35.0,58558.38249999999,48991.07428571429,1.1952867609820002
0,39.2,98.0,98.0,75478.19285714286,53014.2418367347,1.423734269172221
1,32.4,50.0,69.0,13562.118,27011.0884057971,0.5020944656598624
0,33.0,72.0,77.0,48172.40555555556,40840.88831168831,1.1795141473886364
0,29.8,71.0,74.0,42446.204225352114,37629.09594594595,1.1280155198606399
1,27.6,55.0,64.0,14934.36,21260.234375,0.7024550969937273
0,25.4,58.0,63.0,72551.61724137931,60663.39047619048,1.1959703648587658
0,47.4,110.0,128.0,63567.15,73539.39921875,0.8643958296547054
0,29.0,71.0,72.0,46382.44788732394,40363.46805555556,1.149119491503653
0,22.2,56.0,60.0,19534.45535714286,20830.358333333334,0.9377877732368755
0,29.6,72.0,71.0,75480.28333333334,54439.88309859155,1.38648871079751
0,40.8,99.0,101.0,20028.303030303032,23178.450495049507,0.8640915420373209
0,32.8,83.0,81.0,57932.91325301205,50206.945679012344,1.1538824453372263
0,32.2,78.0,75.0,39214.56794871795,42535.073333333334,0.9219348851571578
0,28.6,70.0,70.0,32589.53142857143,24924.63,1.3075231780199517
0,33.8,85.0,84.0,45820.66823529411,44975.436904761904,1.0187931766471114
0,27.4,61.0,66.0,20078.226229508196,20045.67575757576,1.0016238151472712
0,25.8,74.0,71.0,63209.78918918919,60603.884507042254,1.0429989711607368
1,24.0,36.0,55.0,-18433.169444444444,4266.852727272727,-4.320085698440897
0,41.4,104.0,102.0,49647.999038461545,33039.10196078431,1.502704253202497
0,30.4,73.0,74.0,17736.07671232877,12281.960810810811,1.4440753382568314
0,28.8,69.0,70.0,38473.24202898551,23369.894285714287,1.646273686933351
0,28.8,71.0,72.0,46354.39577464789,49118.46944444444,0.9437263884428879
0,23.4,59.0,61.0,22606.584745762713,19142.462295081965,1.1809653532174251
0,32.4,61.0,70.0,22062.02131147541,24804.411428571428,0.8894394198792743
0,28.2,69.0,68.0,56686.50724637681,58382.205882352944,0.9709552146865918
0,33.0,58.0,70.0,37180.450000000004,49733.32,0.747596380052649
0,30.4,78.0,78.0,43993.489743589744,42492.47435897436,1.0353242640552038
0,41.2,93.0,101.0,21117.166666666668,20017.429702970298,1.0549389696886602
0,27.2,65.0,69.0,19564.69846153846,18253.333333333332,1.0718425015452042
0,27.0,63.0,63.0,23464.150793650795,30689.036507936507,0.7645776297858917
0,25.0,61.0,59.0,14055.134426229508,12632.072881355933,1.1126546338229188
0,25.8,65.0,64.0,19978.852307692305,18651.053125,1.0711916465946105
1,42.4,104.0,107.0,24959.445192307692,37074.08691588785,0.6732315552082144
0,24.6,61.0,65.0,15604.681967213115,18148.69230769231,0.8598240414599504
0,28.2,57.0,73.0,24338.722807017544,21257.35205479452,1.1449555308808104
0,8.2,21.0,22.0,22348.061904761904,14967.545454545454,1.493101321965592
0,45.0,109.0,108.0,77611.7137614679,71194.63796296297,1.090134257046763
0,37.8,90.0,94.0,23651.42111111111,17051.753191489363,1.3870374996346817
0,33.6,85.0,82.0,42774.17058823529,41544.19390243902,1.029606464111079
0,28.0,70.0,73.0,53006.53857142857,42531.68767123288,1.2462834529672462
1,28.8,74.0,72.0,35567.22027027027,53392.71805555556,0.6661436533959985
0,34.2,116.0,107.0,50500.46293103448,40013.272897196264,1.262092782581978
0,24.4,58.0,63.0,40586.51379310345,30184.25873015873,1.3446251622721237
0,37.8,94.0,101.0,55274.020212765965,56305.000990099004,0.9816893569096228
0,23.6,57.0,61.0,21234.77894736842,17942.30163934426,1.183503620338449
0,28.8,70.0,75.0,46342.26857142857,52654.61066666667,0.8801179608904759
1,27.4,61.0,66.0,23947.881967213114,33992.85303030303,0.7044975585269264
0,23.8,67.0,63.0,29564.42985074627,32263.62222222222,0.9163394502674028
0,42.2,85.0,109.0,55330.48470588236,66264.86422018349,0.8349897846622215
0,34.2,78.0,91.0,26049.7,29860.03076923077,0.8723936087448001
1,25.6,44.0,55.0,11363.55909090909,18311.87818181818,0.6205567216033546
0,28.6,72.0,74.0,41235.67638888889,36497.15945945946,1.1298324855854307
0,29.2,69.0,75.0,70085.65652173913,59042.26533333334,1.1870421320397926
0,29.2,70.0,75.0,65183.11142857143,55065.289333333334,1.183742285162449
0,39.6,90.0,107.0,56781.97,68374.66261682243,0.8304533847312873
0,28.8,63.0,70.0,46027.74285714285,34657.72857142857,1.3280657664070805
0,21.8,62.0,60.0,19257.288709677418,17038.43666666667,1.1302262693708058
0,45.4,117.0,118.0,34379.986324786325,26335.063559322032,1.3054833244409074
0,34.0,84.0,87.0,39334.10476190476,51011.2816091954,0.7710863856205156
0,40.6,107.0,109.0,51598.56635514018,57878.86880733945,0.8914923083050497
0,35.6,85.0,91.0,31614.955294117648,35488.30659340659,0.8908555614200939
0,28.0,75.0,70.0,43389.272,38949.14571428572,1.1139980403751382
0,29.4,86.0,73.0,74233.89418604651,63525.25342465754,1.16857297191407
0,35.2,93.0,90.0,34648.2688172043,17746.29,1.952423228584921
0,28.8,73.0,74.0,35713.35068493151,25969.09054054054,1.375225313692797
0,5.4,15.0,12.0,30757.12,20816.666666666668,1.4775237790232185
0,45.2,150.0,113.0,78841.084,60085.20973451328,1.312154594256384
0,24.2,62.0,64.0,15365.545161290323,15874.2890625,0.9679517048475899
0,27.4,74.0,72.0,25018.267567567567,18998.883333333335,1.3168283171502657
0,17.2,85.0,55.0,76190.86823529411,51491.46,1.479679702911786
0,44.8,103.0,128.0,69741.07378640777,77912.9375,0.8951154458321863
0,23.4,55.0,60.0,16061.876363636362,16822.42,0.9547898794368684
0,26.6,100.0,61.0,88159.087,45847.25737704918,1.9228868212328842
0,25.4,53.0,61.0,30951.79245283019,18473.060655737703,1.6755097073324778
0,40.8,107.0,105.0,25100.386915887848,25294.24380952381,0.9923359284785983
0,33.0,80.0,88.0,32890.2875,37599.21704545455,0.8747599041819989
0,28.4,70.0,71.0,42031.30285714286,38468.7323943662,1.092609510140719
1,27.8,63.0,101.0,38295.7746031746,72514.64257425744,0.5281109199974121
1,13.4,68.0,46.0,38068.575000000004,67218.21086956523,0.5663431755699485
0,24.4,62.0,62.0,28450.617741935486,36142.2,0.7871855543363572
0,27.6,72.0,72.0,59166.473611111105,54496.53055555556,1.085692483685633
0,10.6,45.0,26.0,22395.366666666665,23043.98076923077,0.9718532093452291
0,21.4,58.0,55.0,22055.343103448275,20000.843636363636,1.1027206404108547
0,24.8,56.0,60.0,14170.757142857143,13580.461666666666,1.0434665249738424
0,37.0,95.0,96.0,64574.52947368421,58100.08229166666,1.111436110357217
0,5.4,12.0,12.0,12225.0,14816.666666666666,0.8250843644544432
0,23.4,61.0,60.0,17434.334426229507,16418.553333333333,1.0618678803347377
0,25.2,57.0,63.0,13981.79298245614,14559.639682539684,0.9603117444742459
0,24.4,63.0,64.0,31162.461904761905,24941.153125,1.249439500594939
0,25.2,73.0,78.0,32172.364383561646,29144.67692307692,1.1038847494681743
0,24.6,65.0,67.0,21596.96,25701.159701492536,0.8403107194709897
1,27.6,65.0,70.0,18333.20153846154,30199.44714285714,0.6070707669493798
0,24.2,56.0,62.0,20916.04642857143,17274.766129032258,1.210786083721248
0,25.4,103.0,98.0,51797.51650485437,64463.84387755102,0.8035126884962628
0,31.6,86.0,85.0,48448.462790697675,45263.76823529411,1.0703585821412085
0,24.8,65.0,67.0,38152.97538461538,39298.19253731343,0.9708582741659004
1,23.6,49.0,80.0,23350.65102040816,47326.62375,0.49339355251193384
0,21.6,62.0,60.0,10709.324193548387,13054.93,0.8203279675607902
0,28.2,73.0,73.0,32785.76849315069,37634.14794520548,0.8711707394275559
0,26.8,71.0,67.0,26217.805633802815,23873.758208955223,1.0981851036745578
0,7.6,21.0,22.0,40639.00476190476,32096.745454545457,1.2661409805382486
0,27.4,63.0,73.0,15099.244444444445,18665.64794520548,0.808932242200726
0,26.0,94.0,61.0,73384.34361702128,14317.262295081968,5.125584913131687
0,21.8,58.0,56.0,22765.841379310346,19245.173214285714,1.1829377229201157
0,28.4,73.0,77.0,40972.20684931507,49821.28051948052,0.82238365658415
0,27.0,72.0,73.0,19351.995833333334,17120.908219178084,1.1303136250480033
1,31.8,83.0,85.0,27652.439759036144,46666.37882352941,0.5925559354756202
0,22.2,55.0,58.0,41096.78363636364,44893.84137931034,0.9154214113498294
0,48.4,134.0,110.0,66219.26567164178,43736.17909090909,1.5140615172166692
0,33.0,84.0,86.0,64705.225000000006,53585.895348837206,1.2075047842119164
0,33.0,84.0,86.0,63938.526190476194,52851.745348837205,1.2097713286186282
0,31.4,82.0,87.0,56861.031707317066,52048.24827586207,1.0924677312086788
0,33.6,78.0,84.0,77640.60897435897,75978.95357142857,1.021869943251696
0,26.6,67.0,66.0,34676.56567164179,37176.59090909091,0.9327527033459707
0,25.4,58.0,67.0,20013.389655172414,16715.35970149254,1.1973053534340268
0,26.4,74.0,75.0,47509.49594594595,39823.736000000004,1.1929944479831311
0,40.6,107.0,113.0,71171.69719626168,57374.54424778761,1.2404751641928047
0,25.2,63.0,66.0,30266.399999999998,23716.804545454546,1.2761584277507871
0,29.0,76.0,81.0,38237.44078947369,25536.081481481484,1.4973887366862886
0,20.8,78.0,38.0,50107.665384615386,8691.792105263157,5.764940621885514
0,30.4,78.0,81.0,43586.843589743585,39983.886419753086,1.0901102292099984
0,23.2,61.0,64.0,53456.94098360655,32814.6421875,1.629057561504351
0,23.2,62.0,62.0,65710.85322580645,64128.08064516129,1.024681427616758
0,27.6,74.0,74.0,48921.07297297297,44467.60945945946,1.1001507292082717
0,23.4,60.0,62.0,50773.96666666667,51810.14677419355,0.9800004406078425
0,25.0,67.0,70.0,30273.617910447763,27025.23857142857,1.120197989388091
0,39.0,82.0,91.0,41475.862195121954,50837.64835164835,0.8158493466934166
0,26.4,69.0,69.0,62180.14057971015,49596.79420289855,1.2537128977597547
1,27.6,71.0,74.0,33229.605633802814,45670.53243243243,0.7275940056745468
0,23.2,60.0,57.0,16853.256666666668,13998.066666666668,1.2039703101856922
0,27.4,64.0,73.0,17277.815625,19207.597260273975,0.8995302947513775
0,27.4,74.0,75.0,46898.89594594595,39924.088,1.174701747625292
0,28.4,72.0,76.0,41544.30972222222,43351.5802631579,0.9583113111456383
0,24.2,64.0,64.0,57044.571875,39548.9140625,1.442380232864327
0,27.4,70.0,75.0,41040.107142857145,28694.349333333335,1.4302504882096116
0,22.0,62.0,62.0,17132.127419354838,17534.58709677419,0.9770476672648087
0,36.8,83.0,92.0,12662.05421686747,10388.55108695652,1.2188469894291105
0,39.6,124.0,130.0,57794.962096774194,62002.670000000006,0.9321366659979996
0,29.0,70.0,72.0,55903.84857142857,38317.925,1.4589477006238873
0,25.4,68.0,66.0,29852.03382352941,27875.82424242424,1.070893314720272
0,26.4,71.0,77.0,17189.701408450706,14655.73896103896,1.1728989888635484
0,21.0,57.0,61.0,34471.436842105264,31738.84098360656,1.0860962711243967
0,21.6,80.0,45.0,61473.77,25242.308888888885,2.4353465552851787
0,28.6,77.0,78.0,15994.106493506493,16373.31282051282,0.9768399754427676
0,21.4,60.0,59.0,19681.275,18381.411864406782,1.0707161748608787
0,5.2,10.0,12.0,15120.0,17766.666666666668,0.851031894934334
0,25.2,64.0,66.0,25142.1484375,23507.012121212123,1.0695595130447213
0,27.2,65.0,73.0,18568.227692307693,22803.14931506849,0.8142834761879874
0,27.4,69.0,78.0,71829.64347826087,67864.36025641025,1.058429538079615
1,30.6,70.0,84.0,14256.66142857143,20819.52142857143,0.6847737339921015
0,30.0,81.0,80.0,50836.64691358025,56234.19,0.904016700757675
0,34.2,88.0,93.0,17166.876136363637,18069.46559139785,0.9500489125996122
0,29.4,104.0,80.0,68102.69519230768,47771.68875,1.4255869318060832
0,26.0,66.0,66.0,22413.816666666666,29360.093939393937,0.7634109316180663
0,24.8,72.0,62.0,26705.504166666666,23000.711290322582,1.1610729698564954
0,21.4,88.0,57.0,58867.27272727273,35092.06140350877,1.677509680904261
0,25.8,85.0,55.0,72764.00235294118,33992.64,2.1405810891105013
0,26.6,73.0,70.0,26221.331506849314,28159.98,0.9311558995016799
0,24.0,54.0,58.0,18102.48148148148,16397.439655172413,1.103982198572765
0,22.8,61.0,63.0,18788.19180327869,18360.238095238095,1.0233087232213829
0,30.2,71.0,73.0,33291.47042253521,30227.080821917807,1.1013789462062575
0,27.0,68.0,71.0,25904.180882352943,29248.33661971831,0.8856633872604283
0,26.6,73.0,76.0,15261.29589041096,17244.22236842105,0.885009225951448
0,31.4,84.0,85.0,49108.646428571425,36204.09764705882,1.3564389011242475
0,23.4,60.0,62.0,72515.48833333333,59569.208064516126,1.2173317505714665
0,31.0,83.0,85.0,26772.053012048193,18581.96823529412,1.440754427789734
0,23.2,60.0,68.0,15112.885,17698.935294117648,0.8538866744726087
0,21.6,56.0,53.0,27239.62678571429,16979.462264150945,1.6042691082877119
0,26.2,73.0,72.0,45916.72602739726,40218.85972222222,1.1416715029846254
0,22.2,59.0,59.0,33723.31525423729,32730.01016949153,1.0303484502327362
0,23.6,51.0,64.0,23734.194117647057,26106.8078125,0.9091189657543298
0,27.6,64.0,69.0,18169.903125,13705.891304347826,1.3257002205493988
0,28.8,79.0,78.0,15569.740506329113,14709.257692307694,1.0584994043901628
0,32.6,92.0,90.0,54477.51847826087,46952.92555555555,1.160258233830437
0,21.4,53.0,62.0,18635.088679245284,14920.675806451613,1.2489440103770355
0,20.2,42.0,53.0,19256.47857142857,25605.66603773585,0.7520397455410733
0,20.8,58.0,59.0,18883.375862068966,16911.601694915254,1.1165929876261547
0,25.0,71.0,69.0,36065.05492957746,28917.372463768115,1.2471760694981884
1,37.6,66.0,91.0,24339.389393939393,52579.43076923077,0.46290705391551495
0,22.0,62.0,61.0,33295.24193548387,23405.896721311474,1.4225151179603377
0,29.0,82.0,81.0,37464.42926829268,37627.945679012344,0.9956543891044558
0,35.4,112.0,105.0,52957.16785714286,54010.277142857136,0.9805016870598755
0,21.6,56.0,60.0,25884.085714285717,18248.914999999997,1.4183903927595543
0,34.4,111.0,102.0,74777.2171171171,70200.39705882352,1.0651964981687851
0,22.4,57.0,63.0,17921.045614035087,15124.804761904761,1.1848778146990229
0,22.0,62.0,59.0,55335.651612903224,52936.79830508475,1.0453154211177154
0,21.4,59.0,61.0,16636.872881355932,15051.960655737705,1.1052960648694008
0,21.0,63.0,60.0,16924.236507936508,16967.32,0.9974607956905692
0,23.6,65.0,68.0,17998.613846153843,18311.86911764706,0.9828933207483809
1,27.0,64.0,82.0,28048.2140625,44368.19512195122,0.632169372348958
0,25.2,66.0,72.0,23989.754545454547,17444.179166666665,1.3752297724214815
1,30.2,74.0,83.0,17097.02972972973,25255.724096385544,0.6769566243470548
0,23.2,65.0,65.0,24756.10615384615,32027.170769230772,0.7729719971902702
0,26.6,71.0,72.0,15831.318309859156,21378.67361111111,0.7405192014172088
0,23.8,62.0,66.0,42648.92741935484,40360.58939393939,1.0566973391562777
0,30.0,80.0,81.0,13830.48125,16921.644444444442,0.8173248938900082
1,30.8,52.0,90.0,53128.76730769231,73507.14555555556,0.7227701049490272
0,23.8,55.0,64.0,29216.329090909094,16824.0203125,1.7365842734510841
1,33.0,86.0,91.0,22715.416279069766,31409.10879120879,0.7232111050991573
0,25.8,82.0,61.0,51491.745121951215,26726.227868852457,1.9266372110057937
0,21.6,54.0,59.0,23285.59259259259,21711.638983050845,1.0724935418634425
0,22.2,88.0,62.0,44660.66136363637,9674.90322580645,4.616135202728468
0,4.6,0.0,10.0,,19000.0,
0,21.6,55.0,57.0,44381.318181818184,48223.685964912285,0.9203219806571853
1,32.6,97.0,90.0,16703.664948453606,37618.54555555556,0.44402739929924767
0,25.4,69.0,71.0,43825.16086956522,45181.15352112676,0.9699876487011895
0,22.4,59.0,61.0,81151.10847457628,54412.43114754098,1.4914075104369544
0,30.6,80.0,85.0,42300.98375,35430.91411764706,1.1939004342236592
1,19.4,39.0,63.0,3243.628205128205,37272.50158730159,0.08702469828945639
0,25.4,72.0,72.0,76413.89166666666,60045.365277777775,1.2726026615570731
0,43.8,118.0,114.0,78698.6093220339,57553.09736842105,1.367408756791172
0,22.6,61.0,63.0,33350.86557377049,44323.64444444444,0.7524396062596498
0,29.6,86.0,87.0,19341.754651162788,18210.27011494253,1.0621344180552166
0,45.6,132.0,117.0,66670.24696969696,53402.738461538465,1.2484424748688492
0,31.0,109.0,82.0,71781.73119266055,31273.963414634145,2.295255329200502
0,21.2,52.0,56.0,64603.73269230769,53811.323214285716,1.2005601950177807
0,29.6,82.0,87.0,57561.071951219514,69387.42988505747,0.8295605132885207
0,24.6,65.0,67.0,19250.375384615385,18169.168656716418,1.0595077710118173
0,27.0,73.0,82.0,15522.076712328768,19722.70975609756,0.7870154205118743
1,22.8,59.0,64.0,8644.545762711865,20218.0859375,0.427564992523757
0,25.2,68.0,68.0,20124.347058823532,17893.179411764704,1.1246937503790881
0,37.0,89.0,101.0,63575.637078651685,73399.75841584158,0.8661559445259754
0,26.4,72.0,74.0,53585.70694444444,44298.39189189189,1.2096535484903785
0,25.2,71.0,70.0,44899.04788732394,22232.637142857144,2.0195106679798
0,22.8,53.0,64.0,26820.367924528302,20625.69375,1.3003377364956903
0,24.2,61.0,68.0,13839.024590163934,14927.42205882353,0.9270873788943182
0,30.2,85.0,86.0,44559.29529411765,32062.42093023256,1.3897670232412622
0,34.4,91.0,97.0,30374.5,20386.413402061855,1.4899383918569984
0,33.4,90.0,94.0,26633.36111111111,21190.89574468085,1.2568303592261492
0,21.4,57.0,56.0,16865.808771929824,15567.107142857143,1.0834260095440136
0,24.4,67.0,66.0,20097.40746268657,22261.895454545454,0.9027716217480961
1,21.6,57.0,60.0,26142.042105263157,37149.545000000006,0.7036975043775947
0,24.0,50.0,64.0,15941.402,12433.6125,1.2821215073254053
0,36.4,92.0,98.0,40420.34673913044,27693.494897959183,1.4595610589441759
0,8.4,32.0,24.0,69606.35,38703.629166666666,1.7984450424599503
0,29.6,83.0,88.0,36989.32409638554,39768.42272727272,0.930117956904001
0,33.2,92.0,98.0,30231.31413043478,36586.25306122449,0.826302548114037
0,34.4,104.0,100.0,53963.52788461539,40334.512,1.3378996102547462
0,29.8,76.0,85.0,27422.117105263158,27576.35176470588,0.9944069955025696
0,29.2,62.0,80.0,40772.1129032258,49245.32,0.8279388356746551
0,29.0,85.0,84.0,41221.90470588235,26467.154761904763,1.5574739739390004
0,25.4,66.0,56.0,54587.284848484844,50274.10178571429,1.085793339106382
0,22.8,62.0,65.0,20793.037096774195,18474.98153846154,1.1254699796850616
0,20.8,59.0,60.0,20405.1593220339,17488.469999999998,1.1667778440328915
0,12.4,118.0,48.0,74787.31949152541,49231.649999999994,1.5190902496976117
0,21.4,60.0,60.0,22417.825,20703.061666666665,1.0828265577788536
0,26.6,69.0,77.0,61012.926086956526,51080.92207792208,1.1944366625544374
0,24.6,66.0,70.0,22265.571212121213,20884.662857142856,1.0661206917451418
0,19.6,54.0,60.0,20857.016666666666,17876.305,1.1667409269794102
0,23.0,59.0,62.0,17518.525423728814,16259.654838709677,1.0774229586978759
0,29.6,81.0,85.0,41330.13333333334,23014.344705882355,1.795842282781554
0,27.8,67.0,99.0,51900.702985074626,63881.17272727272,0.8124569535793246
1,10.0,35.0,27.0,24607.731428571427,44629.648148148146,0.5513763260442037
0,25.4,72.0,75.0,32373.019444444442,33670.28133333333,0.9614716052994601
1,27.2,60.0,71.0,21684.555,32330.342253521125,0.6707183867698869
0,25.6,65.0,71.0,25108.804615384615,29225.721126760563,0.8591337919937144
0,32.6,70.0,74.0,36261.794285714284,30319.16081081081,1.1960025711788345
0,25.2,72.0,75.0,36342.802777777775,29736.96,1.2221425047408268
0,30.4,69.0,75.0,69683.94057971015,71306.05200000001,0.9772514201138234
0,28.8,84.0,84.0,28263.085714285717,31126.2880952381,0.9080133688863976
0,34.8,104.0,101.0,34436.5375,38119.37326732674,0.9033867702519808
0,20.0,59.0,61.0,20766.976271186442,15708.92786885246,1.3219855896316797
0,30.2,92.0,86.0,47340.94130434782,45976.82790697674,1.0296695848641635
0,30.6,91.0,89.0,49399.61428571429,43590.066292134834,1.1332768790633314
0,26.8,71.0,79.0,69974.94507042253,58206.441772151906,1.2021855818697564
0,21.8,85.0,82.0,68542.23529411765,59651.53780487805,1.1490438941963463
0,20.0,62.0,60.0,19758.50806451613,14931.248333333333,1.3232991390549815
1,13.6,76.0,56.0,11644.005263157895,36681.06607142857,0.3174391180584466
0,25.4,74.0,70.0,30019.663513513515,19869.941428571427,1.5108078512172955
0,25.4,72.0,74.0,60644.95138888889,53440.37972972973,1.1348151284776733
0,30.0,91.0,89.0,68806.31208791208,45742.113483146066,1.504222407940642
0,21.6,59.0,61.0,68958.50508474576,58612.32950819672,1.1765187574587386
0,29.4,81.0,87.0,65815.06790123456,42567.31379310344,1.5461409714769836
0,28.8,86.0,72.0,54987.06860465117,40627.024999999994,1.3534603777818135
0,25.6,71.0,74.0,28761.701408450706,28258.09864864865,1.0178215373250576
0,28.0,126.0,123.0,65367.031746031746,79383.71707317073,0.8234312294268191
0,28.8,89.0,86.0,50260.27078651685,34310.78953488372,1.4648532274495554
0,21.8,69.0,64.0,24717.375362318842,23301.16875,1.0607783509708646
0,25.4,88.0,73.0,66041.49431818182,63027.691780821915,1.0478171174004018
0,28.0,82.0,80.0,45203.736585365856,37698.9925,1.199070149828695
0,24.0,63.0,63.0,44304.1380952381,31646.09841269841,1.3999873702427874
0,25.4,64.0,77.0,19936.2703125,19490.680519480517,1.02286168472025
1,29.2,81.0,85.0,25706.82962962963,38953.19882352941,0.6599414273033103
0,29.0,80.0,84.0,28791.83375,37817.60476190476,0.7613341440122937
0,27.8,79.0,81.0,21329.57341772152,21107.582716049383,1.010517106797992
0,20.0,57.0,74.0,49162.41052631579,41156.12432432433,1.194534503270988
0,29.0,81.0,86.0,28343.143209876544,26027.56395348837,1.0889664226942692
0,29.4,83.0,84.0,40127.48915662651,49541.526190476194,0.8099768465417315
0,28.2,82.0,83.0,37304.681707317075,48763.23855421687,0.7650164922052968
1,23.8,63.0,67.0,19782.66984126984,33897.338805970154,0.5836053961199344
0,29.4,84.0,86.0,40447.98095238095,33752.92558139535,1.1983548168244096
0,24.6,72.0,73.0,74519.33055555556,54640.86301369863,1.3638022250284247
0,21.6,55.0,69.0,15944.932727272728,16115.06231884058,0.9894428213678733
0,27.2,71.0,79.0,27034.767605633802,15261.56835443038,1.7714278754179091
0,21.4,56.0,60.0,35009.34642857143,43530.971666666665,0.8042399488954993
0,23.2,65.0,62.0,21249.953846153847,27195.464516129032,0.7813785947120324
0,31.0,84.0,87.0,38567.780952380956,37446.03908045977,1.0299562223259693
0,18.2,55.0,56.0,23816.15818181818,20549.41964285714,1.1589698685284544
0,29.0,78.0,79.0,35511.10769230769,43125.84556962025,0.8234298301462936
0,27.0,74.0,73.0,38802.92162162162,36894.75479452055,1.0517191898341187
0,4.8,12.0,12.0,23091.666666666668,19483.333333333332,1.1852010265183919
0,3.4,4.0,6.0,16575.0,10666.666666666666,1.55390625
0,21.4,61.0,61.0,31317.437704918033,35992.413114754105,0.8701121985088659
0,24.8,70.0,72.0,52074.810000000005,44699.80138888889,1.1649897400426557
0,21.2,55.0,69.0,16713.656363636364,14839.89420289855,1.1262651967135877
1,28.0,46.0,83.0,37733.867391304346,75506.60481927711,0.4997426050557997
0,22.8,86.0,63.0,43811.52093023255,19613.22380952381,2.233774587783907
0,8.0,17.0,15.0,19179.782352941176,21052.95333333333,0.9110257382546729
0,26.4,66.0,73.0,40612.25151515152,41680.49589041096,0.9743706414129971
0,25.4,66.0,74.0,34506.85303030303,26904.766216216216,1.2825553938285044
0,20.0,54.0,55.0,55561.28518518518,36431.93090909091,1.5250711065473859
0,31.2,91.0,87.0,66269.62307692308,59058.23103448276,1.1221064687533522
0,24.4,63.0,64.0,23913.346031746034,19888.5484375,1.2023675889114787
0,29.4,85.0,88.0,38851.70705882353,34032.50227272727,1.141605949144628
0,27.6,72.0,79.0,32108.347222222223,35761.09493670886,0.8978569386381656
0,29.4,85.0,85.0,37460.7294117647,33365.07529411765,1.122752731158054
0,23.0,120.0,60.0,75814.22833333333,22175.561666666665,3.4188188544190954
0,23.4,65.0,69.0,15567.121538461539,18651.808695652173,0.8346172637986744
0,9.8,39.0,26.0,65793.69487179487,49563.188461538455,1.3274709903470285
1,23.2,68.0,64.0,13076.741176470588,31198.9421875,0.4191405304026572
0,25.6,76.0,74.0,82370.06447368422,64600.88513513513,1.2750609268182425
0,21.4,60.0,62.0,26675.831666666665,23259.590322580647,1.1468745277413375
0,19.2,58.0,55.0,43774.798275862064,27097.036363636365,1.6154828774783243
0,24.8,72.0,72.0,39568.365277777775,43780.04027777778,0.9037991976874037
0,23.4,66.0,68.0,61734.82272727272,58446.32647058824,1.0562652343657448
0,25.6,72.0,74.0,28934.029166666667,36929.86891891892,0.7834858344662026
0,22.6,95.0,98.0,52630.61894736842,65366.075510204086,0.8051671839951968
0,25.8,103.0,80.0,56758.67281553398,39433.58625,1.4393484897796731
0,23.0,56.0,63.0,22537.898214285717,17470.565079365082,1.2900497557978698
0,18.4,62.0,61.0,18781.93870967742,19618.91639344262,0.9573382307676813
0,21.4,62.0,64.0,53463.651612903224,57560.340625,0.9288279227048655
0,27.2,68.0,80.0,20028.28676470588,23425.535,0.854976706602683
0,26.2,93.0,82.0,53118.56559139785,55476.66951219513,0.9574937727601166
0,26.8,80.0,82.0,55058.833750000005,37306.714634146345,1.4758424666964745
0,23.2,66.0,71.0,21870.236363636366,20551.935211267606,1.0641448670802545
0,20.8,61.0,62.0,21742.768852459016,21426.00322580645,1.0147841677850136
0,28.6,79.0,83.0,32519.469620253167,36803.11686746988,0.88360640044042
0,21.4,58.0,63.0,14029.541379310345,17025.760317460317,0.824018494194513
0,23.0,63.0,71.0,18111.873015873014,22601.38732394366,0.8013611180710795
0,21.2,67.0,61.0,32941.37313432836,31053.780327868855,1.0607846383445143
0,27.8,100.0,78.0,51563.23,24849.71153846154,2.075003161312041
0,32.4,92.0,99.0,30902.125,26621.968686868688,1.1607753492416397
0,22.8,74.0,75.0,20061.24459459459,18517.501333333334,1.0833667152750446
0,20.4,65.0,63.0,85440.12,74061.92539682539,1.1536308236953063
0,24.2,68.0,72.0,30954.397058823528,31657.06527777778,0.9778037473534383
0,24.2,73.0,73.0,46213.51506849315,27893.21780821918,1.656801140199594
0,24.4,66.0,72.0,35061.801515151514,40895.59583333333,0.8573490812566474
0,23.8,74.0,67.0,31981.26621621622,24072.544776119405,1.3285369915665284
1,27.6,71.0,92.0,49645.564788732394,70289.35652173913,0.7063027355127086
0,26.8,82.0,83.0,60940.30731707317,43413.73373493976,1.4037103486454536
0,19.4,63.0,63.0,30304.949206349207,24630.439682539683,1.2303860425127586
0,19.6,55.0,70.0,34358.20909090909,38794.15285714286,0.8856543205732869
0,20.2,59.0,55.0,26269.61355932203,20545.418181818182,1.2786117725542097
0,21.2,66.0,67.0,16077.015151515152,21208.59253731343,0.7580425303201985
0,30.4,101.0,92.0,59372.62574257426,37265.47173913044,1.593234245314284
0,31.2,94.0,94.0,18202.260638297874,18885.25744680851,0.9638343924919033
0,19.8,61.0,60.0,35739.69672131148,37730.310000000005,0.9472410038855094
1,33.0,57.0,110.0,26967.187719298247,62956.78545454546,0.4283444195029374
0,32.4,101.0,86.0,77510.12772277227,65833.18953488371,1.1773716004098689
0,26.2,75.0,78.0,33210.91733333333,39549.606410256405,0.8397281375907888
0,28.4,78.0,83.0,57057.93717948718,58174.614457831325,0.9808047326355108
0,26.0,83.0,78.0,34238.44096385542,28410.03846153846,1.2051529254424438
0,23.8,73.0,72.0,50135.11643835616,44713.67222222222,1.1212480198269097
0,21.0,62.0,62.0,54848.72096774194,34497.35161290322,1.5899400505639567
0,26.4,88.0,82.0,58017.92386363636,38050.30975609756,1.5247687662868235
1,23.4,66.0,71.0,23116.6803030303,35721.714084507046,0.6471324485813601
0,21.6,57.0,63.0,15693.578947368422,13937.803174603174,1.1259722031348915
0,28.0,87.0,87.0,35399.4540229885,35084.668965517245,1.0089721541275092
0,22.8,68.0,71.0,35708.041176470586,47627.718309859156,0.7497323500605079
0,23.2,73.0,73.0,21901.593150684934,21058.060273972602,1.0400574823007285
0,22.2,66.0,67.0,43499.448484848486,22486.111940298506,1.9345028878421133
0,21.8,73.0,73.0,19512.05890410959,16357.454794520547,1.192854215354199
0,35.6,95.0,103.0,70816.35157894737,74023.99902912622,0.9566674660616926
0,23.0,66.0,68.0,44973.32878787879,28015.514705882353,1.6053008220632778
0,39.2,127.0,136.0,51722.729133858265,55426.60514705882,0.9331751240514665
0,23.4,72.0,72.0,68655.51666666666,54136.59861111111,1.2681904373019781
0,27.2,86.0,86.0,36256.826744186044,34118.691860465115,1.0626675516302102
0,4.4,12.0,11.0,57133.333333333336,49218.181818181816,1.1608176332963922
0,17.8,54.0,56.0,24510.144444444446,22880.696428571428,1.0712149658975547
0,4.6,12.0,12.0,16108.333333333334,20350.0,0.7915642915642916
0,26.8,74.0,82.0,32384.067567567567,32700.08414634146,0.9903359093096018
0,27.4,87.0,84.0,45678.333333333336,51512.961904761905,0.8867347487761287
0,16.0,50.0,56.0,37105.402,45207.16607142857,0.8207858449116772
0,39.2,116.0,122.0,53614.80344827587,49182.54590163934,1.0901185057703324
0,22.6,69.0,67.0,32280.58115942029,22000.677611940297,1.4672539513919718
0,18.6,57.0,61.0,16571.526315789473,16589.432786885245,0.9989206098046988
0,23.6,73.0,73.0,28426.57123287671,22240.01095890411,1.2781725371180954
0,22.0,66.0,66.0,70905.45606060605,44465.162121212124,1.594629428479708
0,22.4,77.0,74.0,19551.25844155844,20875.033783783783,0.9365857149772048
0,20.4,61.0,62.0,45765.52786885246,47594.8870967742,0.961563954880235
0,19.0,59.0,53.0,19586.53728813559,14381.0679245283,1.3619668157417475
0,36.4,109.0,114.0,30611.837614678898,32369.76052631579,0.9456924338316391
0,22.2,76.0,72.0,20848.240789473686,19459.347222222223,1.071374108873774
0,23.4,69.0,78.0,22460.16376811594,20180.684615384613,1.112953509564962
0,27.2,85.0,86.0,86611.78117647058,47578.31976744186,1.8204043690449858
0,26.8,86.0,86.0,19422.816279069768,23892.351162790696,0.8129303033733382
0,20.0,60.0,61.0,45793.585,37686.311475409835,1.2151251530646645
0,20.8,54.0,61.0,19363.735185185185,20406.796721311475,0.9488865621404957
0,24.2,73.0,75.0,35216.38356164384,32153.342666666667,1.095263529105875
0,18.2,60.0,59.0,25275.89333333333,18998.38305084746,1.3304233979115316
0,22.6,67.0,71.0,18268.537313432837,16018.34366197183,1.140476050392342
0,8.0,43.0,26.0,37950.09302325582,31432.953846153847,1.207334608417637
0,18.6,53.0,52.0,42717.56981132076,39295.03076923077,1.0870985204767913
0,18.8,56.0,62.0,18988.2375,20022.959677419356,0.9483232152444351
0,22.6,72.0,69.0,47464.537500000006,32148.53043478261,1.4764139093787776
0,32.4,96.0,102.0,56831.303125,45783.25,1.2413121201531128
1,22.2,82.0,89.0,44918.10365853659,71689.48314606742,0.6265647579996622
0,19.2,55.0,56.0,50081.83272727273,23793.66607142857,2.10483884984042
0,20.8,55.0,62.0,28069.954545454544,21560.182258064517,1.301934937723222
0,19.0,82.0,84.0,60674.43414634146,75851.33452380952,0.7999125463942355
0,29.8,73.0,80.0,67818.45342465753,63060.69499999999,1.0754472881191295
0,21.4,68.0,67.0,19377.564705882352,18519.307462686567,1.046343916743379
0,27.2,96.0,85.0,63285.34583333333,51831.14941176471,1.2209905925599391
0,31.2,95.0,98.0,40209.742105263154,33099.10816326531,1.2148285659820137
1,23.6,71.0,74.0,22251.99295774648,32967.7472972973,0.674962494618815
0,36.2,110.0,108.0,77634.15727272727,60406.66759259259,1.2851918565732505
1,33.8,82.0,117.0,22865.526829268292,54676.58376068376,0.41819596720507224
0,19.4,51.0,57.0,16616.233333333334,14155.621052631579,1.173825808952714
0,22.4,62.0,68.0,19575.72258064516,22756.00294117647,0.8602443333852509
0,27.0,83.0,85.0,25496.233734939757,19677.964705882354,1.2956743299431848
0,23.2,69.0,72.0,33783.09855072464,27191.4625,1.242415649791718
0,26.6,85.0,82.0,41148.681176470585,41755.571951219514,0.9854656337731903
0,23.0,69.0,73.0,17738.955072463767,16567.276712328767,1.0707224476587078
0,32.6,98.0,102.0,47416.12551020408,41991.702941176474,1.1291784373838407
0,30.0,131.0,110.0,56858.26946564885,43256.01272727273,1.3144593290217883
0,8.2,23.0,24.0,18108.017391304347,16521.929166666665,1.0959989725556776
0,28.6,83.0,88.0,34634.55903614458,22495.352272727272,1.539631769987196
0,26.6,77.0,80.0,22500.11038961039,26266.94625,0.8565940698039989
0,34.4,108.0,109.0,46665.78333333333,44915.831192660546,1.038960698137069
0,25.0,71.0,75.0,16275.771830985916,15778.911999999998,1.0314888523990702
0,26.6,76.0,78.0,27441.338157894737,28433.56666666667,0.9651036213499327
0,36.4,96.0,112.0,47484.78020833334,59018.82410714286,0.804570082964198
0,25.8,74.0,74.0,32630.863513513512,31987.177027027028,1.0201232664558868
0,33.4,102.0,105.0,45512.919607843134,44632.57428571428,1.0197242784270821
0,30.2,90.0,93.0,36292.41444444444,29424.66559139785,1.2334010842608978
0,27.2,83.0,85.0,40571.22168674698,41672.4,0.9735753565128714
0,18.8,51.0,54.0,75620.76862745099,65949.25185185185,1.146650894498776
0,26.8,84.0,82.0,37188.62976190476,29079.10731707317,1.278877970922796
0,18.6,61.0,59.0,18288.17213114754,18846.928813559323,0.9703529053492372
0,33.4,102.0,105.0,49302.118627450975,48259.00095238095,1.0216149869347546
0,23.8,66.0,68.0,47932.12727272727,43498.669117647056,1.1019216965716683
0,6.8,21.0,24.0,35163.63809523809,29244.358333333334,1.2024075787348645
0,23.4,68.0,76.0,27488.57794117647,31340.465789473685,0.8770953860682267
0,20.0,54.0,64.0,13726.42037037037,14771.58125,0.9292451592053065
0,22.6,72.0,73.0,36861.705555555556,42653.89315068493,0.864204949014452
0,22.8,75.0,69.0,30728.818666666666,23307.08695652174,1.3184324031565942
0,23.2,68.0,71.0,31494.188235294114,38258.681690140846,0.8231906287406154
0,22.8,67.0,68.0,52614.26417910448,51673.15147058823,1.0182127987500806
0,20.4,67.0,65.0,32572.279104477613,35247.09076923077,0.9241125549264295
0,21.0,63.0,66.0,20749.54761904762,21622.17121212121,0.9596421846579215
0,19.4,61.0,63.0,17922.790163934427,16121.914285714285,1.1117036008444672
0,27.8,90.0,67.0,81509.56777777777,44143.252238805966,1.8464785362172158
0,21.0,76.0,72.0,22261.22105263158,19942.218055555553,1.1162861117362013
0,17.8,96.0,79.0,51859.04791666666,47107.236708860764,1.100872212844361
0,23.4,70.0,74.0,38496.531428571434,30453.97972972973,1.2640886928479307
0,25.6,80.0,80.0,81931.60250000001,69313.34875,1.1820465174105443
0,24.2,71.0,77.0,43814.001408450706,47330.22467532467,0.9257087138082586
0,16.8,56.0,64.0,30703.614285714284,41077.521875,0.7474553693659078
0,22.2,65.0,68.0,31218.790769230767,34232.663235294116,0.9119591588493172
0,22.0,71.0,68.0,16457.85070422535,18213.16470588235,0.9036238879951445
0,23.4,69.0,72.0,35286.49275362319,47644.30416666667,0.7406235303633764
0,22.8,72.0,74.0,60013.700000000004,47163.83918918919,1.272451544058276
0,22.2,67.0,69.0,59897.614925373135,57912.60144927536,1.034276019837175
0,31.4,104.0,101.0,65758.61634615384,61322.24158415842,1.0723452803972755
0,23.6,72.0,78.0,69508.4361111111,38397.33717948718,1.8102410535969213
0,17.8,56.0,55.0,67959.43214285714,44093.95272727273,1.5412415521737357
0,23.6,72.0,78.0,71022.5736111111,44076.95384615385,1.611331260753822
0,24.0,87.0,69.0,77600.79770114944,33165.52173913043,2.339803314765645
0,29.2,86.0,88.0,72661.95930232559,83894.11818181818,0.8661150611876046
0,25.0,81.0,79.0,41729.851851851854,34705.84936708861,1.2023867046292223
0,26.2,82.0,83.0,52037.0243902439,44810.21686746988,1.1612758881339034
1,17.8,68.0,79.0,46298.339705882354,63727.37088607594,0.7265063513862655
0,22.6,72.0,74.0,54022.697222222225,40411.76891891892,1.3368060509949937
0,33.0,111.0,111.0,54796.04774774775,45194.35495495496,1.212453365079837
0,26.8,84.0,86.0,31966.920238095237,41094.200000000004,0.7778937231554631
0,35.2,79.0,99.0,47062.43291139241,63014.54242424243,0.7468503475681345
0,27.6,91.0,92.0,57358.799999999996,67153.31956521739,0.8541469040006989
0,29.4,96.0,97.0,37974.9125,27569.896907216495,1.3774049510522457
0,22.4,73.0,72.0,26539.212328767124,26368.477777777778,1.006474949082318
0,32.2,105.0,107.0,22027.6,26387.06261682243,0.8347878776759653
0,27.0,86.0,89.0,19838.596511627908,19337.694382022473,1.0259028878888015
0,36.2,118.0,117.0,59645.57203389831,46107.67692307693,1.2936147733794339
1,4.4,4.0,12.0,11825.0,18350.0,0.6444141689373297
0,22.6,73.0,76.0,28380.89178082192,27221.3,1.0425986922307868
0,25.6,78.0,81.0,51930.367948717954,35739.74938271605,1.4530143284617374
0,19.4,69.0,66.0,26419.07536231884,17196.61212121212,1.5362953572541627
0,21.6,70.0,71.0,40454.88857142857,53603.928169014085,0.7547000742907055
0,26.0,86.0,87.0,77895.73255813954,54180.56896551724,1.437706064100501
0,26.0,84.0,83.0,32987.711904761905,32136.406024096388,1.0264903885029084
0,4.0,10.0,10.0,18170.0,15670.0,1.1595405232929163
0,25.6,81.0,84.0,74904.06543209877,62518.615476190476,1.198108193240862
0,26.0,85.0,85.0,38341.19411764706,47113.958823529414,0.8137969101950926
0,18.4,96.0,71.0,54000.86354166667,43463.254929577466,1.2424486759945397
0,21.2,81.0,65.0,51134.67654320988,51301.56615384615,0.9967468905308701
0,22.4,74.0,72.0,32947.86216216216,28564.57638888889,1.1534518038565518
0,20.4,60.0,70.0,67224.34,40456.811428571425,1.661632185687397
0,21.4,63.0,70.0,49836.730158730155,28299.341428571428,1.7610561816259889
1,21.0,55.0,66.0,19604.629090909093,32527.231818181815,0.6027143410325699
0,22.6,65.0,71.0,29458.764615384614,36536.714084507046,0.8062784339951427
0,23.2,73.0,75.0,72476.8808219178,59169.710666666666,1.2248983475720754
1,28.6,57.0,79.0,34985.20526315789,71124.12911392405,0.49188940095308387
0,22.0,70.0,72.0,40765.62142857143,25612.69305555556,1.5916179271015432
0,28.0,90.0,90.0,44808.573333333334,24779.89222222222,1.8082634472941614
0,28.0,92.0,92.0,30368.283695652175,21967.980434782607,1.382388507938085
0,17.4,53.0,60.0,22164.30188679245,16654.11333333333,1.3308605173492147
0,24.6,79.0,78.0,59813.258227848106,45900.873076923075,1.3030963077240367
0,26.0,85.0,88.0,39551.82352941176,32791.95681818182,1.2061440477221497
0,27.6,90.0,90.0,50783.36222222222,36274.36444444445,1.399979379376828
0,4.2,12.0,12.0,48425.0,33908.333333333336,1.4281150159744407
0,24.2,84.0,77.0,29139.348809523806,23949.594805194807,1.2166948562822162
1,23.2,49.0,67.0,35521.53265306123,55023.40447761194,0.6455713344221424
0,28.8,89.0,96.0,24956.644943820225,22305.389583333334,1.1188616477906272
1,20.4,43.0,65.0,14211.846511627908,26050.53230769231,0.5455491789483079
0,18.0,53.0,58.0,15958.879245283018,13887.658620689654,1.149141095786131
0,19.2,61.0,60.0,51379.22786885246,49722.64333333333,1.0333165017880008
0,22.8,71.0,74.0,30608.711267605635,23824.566216216215,1.284754189848451
0,22.6,76.0,72.0,45634.13947368421,39187.83194444444,1.1644976823004276
0,22.6,73.0,73.0,50120.37671232877,44083.4602739726,1.1369428897105074
0,25.0,79.0,78.0,38690.77848101266,23610.14871794872,1.6387350602158413
1,21.6,66.0,69.0,30034.295454545456,46545.66086956522,0.6452652061104145
0,26.4,74.0,82.0,31742.025675675675,38613.8012195122,0.8220383560589705
0,32.8,110.0,108.0,28703.69818181818,38621.44351851852,0.743206249348373
0,21.6,66.0,67.0,32227.322727272724,38269.204477611944,0.8421215744405188
0,26.4,85.0,87.0,38456.64235294118,36977.22873563218,1.0400087748026232
0,23.4,82.0,73.0,35812.03780487805,21848.78219178082,1.6390862195674223
0,22.0,67.0,70.0,40648.701492537315,32371.08142857143,1.255710334615509
0,27.6,92.0,90.0,19231.61739130435,15311.231111111112,1.2560464440608095
0,27.8,82.0,89.0,23700.256097560974,24990.091011235956,0.9483861458089508
0,21.2,62.0,69.0,53708.27096774193,36896.64782608696,1.4556409357537539
0,23.4,82.0,77.0,55029.76097560976,48612.292207792205,1.1320132928598845
0,21.8,66.0,68.0,32719.684848484852,36109.85441176471,0.9061151140455629
0,16.4,56.0,54.0,27444.739285714284,19847.25925925926,1.382797439546249
0,18.4,58.0,63.0,30433.456896551725,21238.796825396825,1.432918123693342
1,23.8,56.0,73.0,-751.7625,27263.00684931507,-0.027574452963132594
0,32.4,101.0,100.0,74253.35841584159,71371.20599999999,1.0403825657064223
1,4.4,8.0,12.0,10850.0,19991.666666666668,0.5427261358899541
0,32.6,105.0,108.0,45333.15714285714,40524.718518518515,1.1186544607864783
0,22.2,57.0,71.0,17386.447368421053,19056.304225352113,0.9123724706961008
0,19.8,61.0,61.0,42154.76393442623,36292.69836065574,1.161521899405679
1,31.2,63.0,99.0,37219.05238095238,64219.22626262627,0.5795624542211714
0,32.6,110.0,110.0,28121.27090909091,29389.50181818182,0.9568474853048948
0,28.6,81.0,94.0,30563.192592592593,26606.08510638298,1.148729415484741
0,19.0,52.0,59.0,24379.621153846154,28057.05593220339,0.8689301262668709
0,22.4,61.0,71.0,10018.873770491804,13586.06338028169,0.7374375851236515
0,18.0,59.0,55.0,17239.272881355933,16879.445454545454,1.0213174910147051
0,22.6,74.0,73.0,39825.93243243243,42155.33561643836,0.9447423878865389
0,22.8,72.0,74.0,28146.3375,24179.597297297296,1.1640531955073583
0,19.6,65.0,61.0,52944.03384615385,35829.28852459016,1.4776747188216586
1,38.8,135.0,128.0,722.6422222222222,3354.15859375,0.21544664690833756
1,28.8,85.0,99.0,13665.181176470587,26956.354545454546,0.5069372846179175
0,20.6,64.0,65.0,62006.7703125,51706.581538461534,1.19920459770439
0,22.8,72.0,73.0,36439.26666666667,45138.06438356164,0.8072846535248663
0,14.2,36.0,50.0,34506.169444444444,30526.431999999997,1.1303702130810587
0,27.8,87.0,98.0,75505.80114942529,58652.357142857145,1.2873447006659748
0,25.2,65.0,83.0,16127.161538461538,21682.431325301204,0.7437893516878235
0,19.2,64.0,63.0,43006.0484375,36891.30158730159,1.165750368978664
0,25.0,77.0,82.0,63973.2987012987,64345.66341463415,0.9942130565826015
0,21.0,67.0,68.0,44709.10149253731,38827.89558823529,1.1514685721490403
0,19.0,61.0,64.0,15168.326229508197,17997.85625,0.8427851639001838
0,29.2,86.0,87.0,29211.946511627906,30211.51379310345,0.9669143595941319
0,31.0,100.0,91.0,67668.554,47527.44835164835,1.4237783922109741
0,25.2,85.0,88.0,42710.94470588235,42071.025,1.0152104614965372
0,22.6,70.0,75.0,67061.62999999999,54096.504,1.2396666150551983
1,18.0,67.0,66.0,24892.56567164179,35128.54242424242,0.7086136786154634
0,28.8,79.0,96.0,16146.716455696203,16862.529166666667,0.9575500979778608
0,28.2,93.0,98.0,58450.22903225806,48944.562244897956,1.194212928901024
0,22.0,72.0,74.0,23170.818055555555,20017.413513513515,1.157533066892644
0,38.0,96.0,108.0,49391.270833333336,56076.16574074075,0.8807890158126367
0,22.4,72.0,73.0,51633.816666666666,42488.73835616438,1.2152353462191117
0,25.8,86.0,85.0,68989.82558139534,65237.29882352942,1.057521185357731
0,16.6,58.0,60.0,19018.091379310346,18945.70333333333,1.0038208159762354
0,23.6,85.0,81.0,27669.010588235295,27371.380246913577,1.0108737790581561
0,20.6,57.0,65.0,14792.047368421052,16847.64307692308,0.8779891229226204
0,24.4,74.0,81.0,20622.01081081081,17399.487654320987,1.1852079337341603
0,35.2,123.0,121.0,49353.003252032526,41064.86280991736,1.201830467094938
0,28.8,78.0,91.0,61244.533333333326,72662.72087912087,0.8428604460768482
0,24.8,86.0,86.0,37483.48837209302,28348.318604651162,1.3222473224899849
0,28.0,94.0,95.0,66533.40638297872,55706.68947368421,1.1943521866329725
0,37.2,114.0,101.0,48797.492105263154,23993.265346534656,2.033799543350233
0,17.4,53.0,63.0,18088.598113207547,20021.979365079365,0.903437057015259
1,23.2,66.0,69.0,24381.116666666665,42195.639130434785,0.5778112897235653
0,24.6,84.0,84.0,39804.01309523809,26618.260714285712,1.4953649121738348
0,22.6,70.0,81.0,22517.512857142854,19198.677777777775,1.1728678983928043
0,20.0,72.0,72.0,36337.197222222225,38729.45,0.9382316873134585
0,18.4,62.0,59.0,27072.63064516129,25692.938983050844,1.0536992542200254
0,21.8,67.0,75.0,27993.762686567166,20833.486666666668,1.3436907193915293
0,25.2,82.0,87.0,54713.44634146341,44264.41494252874,1.2360594037558454
0,16.4,59.0,60.0,17736.472881355934,15500.293333333333,1.14426691804688
0,18.6,65.0,61.0,52611.161538461536,51665.177049180325,1.018309905110375
0,28.0,104.0,81.0,57471.960576923084,39408.73827160493,1.4583557631514732
0,26.6,87.0,91.0,37779.27126436782,36944.5967032967,1.022592601775421
0,17.4,61.0,63.0,22203.142622950818,23665.17619047619,0.9382200429966056
0,19.2,62.0,66.0,28428.09677419355,25700.28636363636,1.1061393002381794
0,16.2,67.0,56.0,19480.013432835818,17937.276785714286,1.086007294504716
0,23.6,59.0,73.0,25059.15254237288,26925.868493150683,0.9306720245160282
0,20.4,71.0,51.0,45612.70985915493,22730.776470588236,2.006649879214379
0,25.0,80.0,86.0,23095.05625,23751.291860465117,0.9723705298086357
0,17.6,55.0,56.0,62288.18,33680.275,1.8493964197145065
0,26.4,96.0,91.0,78007.63020833333,42692.26483516484,1.82720758689007
0,21.6,60.0,73.0,26755.033333333333,35062.93287671233,0.7630574837367117
0,25.2,80.0,86.0,30907.715000000004,37619.60930232558,0.8215852203996531
0,22.4,65.0,75.0,29333.007692307692,30829.289333333334,0.9514655811605807
1,20.6,66.0,66.0,29281.742424242424,43160.203030303026,0.6784431112078769
1,18.6,68.0,76.0,40190.663235294116,58320.12631578947,0.6891388234941628
0,24.4,76.0,82.0,14152.252631578947,15929.991463414635,0.8884030267110623
0,4.2,12.0,12.0,40075.0,36116.666666666664,1.1095985233041072
0,21.0,75.0,70.0,67144.34533333335,43952.235714285714,1.5276662095145603
1,21.8,65.0,73.0,19115.072307692306,38657.41369863014,0.49447364628973267
0,21.2,69.0,68.0,56001.74202898551,65895.35294117648,0.849858746169509
0,21.8,73.0,73.0,44832.51369863014,27649.130136986303,1.6214800782704402
0,17.4,52.0,56.0,30351.294230769232,31805.350000000002,0.9542826672484104
0,34.8,118.0,104.0,62430.75762711865,51879.36057692308,1.2033833288008764
0,22.8,77.0,81.0,20945.91038961039,22282.513580246916,0.9400156007614239
0,21.8,73.0,74.0,42328.29863013698,31021.216216216217,1.3644951356874924
1,23.4,70.0,79.0,17072.352857142858,24682.708860759492,0.691672577489436
0,8.6,43.0,26.0,23176.95348837209,29661.607692307694,0.7813788695743116
0,18.6,62.0,62.0,49185.283870967745,50962.34193548388,0.9651299764291482
0,21.4,73.0,74.0,59379.834246575345,50261.89189189189,1.18140865796089
0,20.4,71.0,57.0,31396.091549295776,8897.864912280702,3.528497213524039
0,22.2,78.0,79.0,50690.07692307692,37123.732911392406,1.3654358801703728
0,21.4,70.0,71.0,30819.441428571427,31984.90985915493,0.9635619285558212
0,23.4,73.0,80.0,23068.605479452053,21615.401250000003,1.067230037168616
0,33.2,123.0,105.0,62258.17154471544,45472.05714285714,1.3691522982811677
0,19.4,59.0,64.0,26990.015254237285,28052.9984375,0.962108036842088
0,22.0,79.0,77.0,50336.96329113924,40932.1051948052,1.2297672707419807
0,21.6,62.0,72.0,22989.612903225807,27747.331944444442,0.8285341794034643
0,26.0,95.0,73.0,52970.667368421055,36071.48219178082,1.4684915659077311
0,19.0,60.0,67.0,21003.623333333333,17930.129850746267,1.1714150152938878
0,23.2,80.0,66.0,62103.646250000005,36572.625757575755,1.6980909891911626
0,21.6,70.0,71.0,28807.454285714288,38948.247887323945,0.7396341516838792
0,20.8,85.0,78.0,60224.38352941176,43106.59871794872,1.3971035832232233
0,19.4,72.0,70.0,16990.965277777777,15225.82142857143,1.1159309438566012
0,28.0,66.0,68.0,34466.67272727273,24405.389705882353,1.4122566016212943
0,20.4,59.0,68.0,27225.291525423727,30300.342647058824,0.8985143119517303
1,18.6,55.0,75.0,32553.485454545455,70114.51466666666,0.4642902487353564
0,22.8,84.0,88.0,67553.82023809524,72682.1284090909,0.9294419648509602
0,29.2,77.0,89.0,72042.14025974026,80354.89213483146,0.8965495235667441
0,17.0,62.0,61.0,21641.58064516129,18681.34918032787,1.15845919030038
0,27.4,89.0,90.0,23641.059550561797,18995.184444444443,1.2445817317386534
0,18.2,57.0,67.0,17206.636842105265,20889.355223880597,0.823703587673914
0,29.0,100.0,89.0,86817.117,59971.88988764045,1.4476301674443657
1,20.2,70.0,70.0,17905.608571428573,30950.794285714288,0.5785185480584943
0,18.2,62.0,63.0,21002.956451612903,19410.044444444444,1.0820663760831513
1,32.4,75.0,104.0,35276.348,57294.94903846154,0.6156973449146333
0,23.0,71.0,75.0,24366.41690140845,21528.117333333335,1.1318415133161877
0,20.0,63.0,68.0,27541.139682539684,24408.066176470587,1.1283622177773913
0,17.6,55.0,56.0,48893.98727272727,45941.1625,1.064274054291231
0,27.8,85.0,83.0,37107.26470588235,45135.367469879515,0.8221327705074161
0,16.4,60.0,64.0,14081.863333333335,16097.0421875,0.8748106123663183
0,29.8,102.0,101.0,48688.31764705883,48325.1396039604,1.0075153025128285
0,20.4,65.0,70.0,26217.466153846155,21447.43285714286,1.2224057922677996
0,25.6,84.0,86.0,52102.75714285714,50659.848837209305,1.0284822860463814
0,21.4,61.0,69.0,60526.90327868853,49004.81884057971,1.2351214576589284
0,32.8,110.0,117.0,45571.641818181815,34712.86153846154,1.31281720372401
0,27.6,97.0,99.0,27665.905154639175,29337.243434343436,0.9430301526643188
0,19.8,64.0,68.0,20726.1078125,20744.520588235297,0.9991124029279452
0,23.8,76.0,83.0,68720.72763157895,54568.986746987954,1.2593366988873425
0,17.0,50.0,55.0,28936.546000000002,37277.91454545454,0.7762383264416909
0,21.4,73.0,73.0,47417.64246575342,27948.579452054793,1.6966029542609635
0,18.0,54.0,63.0,13783.261111111111,15943.565079365078,0.864503079612355
1,28.6,50.0,96.0,6966.871999999999,24195.660416666666,0.2879389063999682
0,18.4,62.0,65.0,28438.883870967744,33624.55846153846,0.8457771691930955
0,20.6,71.0,74.0,46365.115492957746,35637.32837837838,1.3010266931538015
0,22.4,74.0,77.0,43003.15135135136,51485.658441558444,0.8352452440744133
0,18.0,58.0,60.0,48849.643103448274,53689.871666666666,0.9098483864280971
0,20.0,63.0,66.0,36748.98253968254,48667.028787878786,0.7551104609212428
0,30.6,101.0,113.0,14643.716831683167,16428.234513274336,0.8913749569286192
0,18.4,56.0,62.0,20162.655357142856,19329.572580645163,1.0430988721050078
0,19.6,61.0,65.0,43883.59016393442,44960.96,0.9760376594257423
0,20.8,66.0,72.0,16133.151515151516,21002.679166666665,0.7681473104991494
1,19.6,68.0,69.0,17248.633823529413,26426.77971014493,0.6526952588516817
0,20.2,64.0,66.0,38196.2265625,34694.76515151515,1.1009218940002519
0,32.4,120.0,117.0,55115.542499999996,50630.958974358975,1.0885739400652503
0,19.8,100.0,82.0,58658.912000000004,62613.039024390244,0.9368481855217098
0,23.6,82.0,81.0,32163.668292682923,22218.228395061727,1.4476252435964558
0,26.6,97.0,98.0,38808.52783505155,36253.61836734694,1.0704732267498511
0,20.0,72.0,78.0,15793.006944444445,18760.296153846157,0.8418314303213508
0,22.2,81.0,80.0,72568.73456790124,53869.166249999995,1.3471293435491263
0,26.2,67.0,83.0,46154.45820895522,53399.416867469874,0.8643251353007158
0,3.8,21.0,11.0,16866.114285714288,22672.727272727272,0.7438943750716005
0,29.8,107.0,108.0,30035.987850467292,35025.174999999996,0.8575542549171359
0,21.0,73.0,76.0,39025.55205479452,49361.99868421053,0.7905991065000709
0,24.0,76.0,83.0,27865.494736842105,26964.249397590364,1.0334237132271993
0,16.2,56.0,59.0,14716.239285714286,13459.66440677966,1.0933585593933297
0,17.2,60.0,58.0,23815.90666666667,18935.17068965517,1.2577603369415618
0,18.8,71.0,71.0,14419.52676056338,16798.076056338028,0.8584034690760193
1,18.4,62.0,64.0,23997.488709677422,35208.1125,0.6815897532046746
0,7.4,74.0,25.0,56892.50135135135,35314.128,1.6110408092577382
0,16.2,56.0,61.0,19027.369642857142,15029.199999999999,1.2660267773971432
0,4.0,13.0,12.0,44501.36153846153,26733.333333333332,1.6646394590446958
0,17.4,65.0,66.0,22044.60153846154,19283.419696969697,1.1431894282696005
0,21.8,85.0,85.0,19174.371764705884,17182.90823529412,1.1158979319531748
0,19.0,67.0,68.0,22111.35970149254,24053.885294117645,0.9192427514776522
0,15.6,62.0,57.0,18503.91129032258,15882.945614035089,1.1650176069337828
0,17.0,55.0,57.0,43748.252727272724,56092.78771929824,0.7799265200759761
0,25.8,92.0,94.0,12191.089130434782,10598.590425531915,1.1502557076898219
0,19.2,79.0,63.0,40005.601265822785,45213.0126984127,0.8848249403921555
0,25.2,57.0,76.0,18916.531578947368,22823.217105263157,0.8288284465639646
0,19.8,64.0,68.0,25224.615625,32688.748529411765,0.7716604874703019
0,15.0,55.0,57.0,53078.02181818182,34778.35263157895,1.5261798734534269
0,23.4,75.0,79.0,14533.32,11742.859493670887,1.2376304091718975
0,18.8,76.0,74.0,23735.38157894737,21933.517567567567,1.0821511645739927
0,25.8,91.0,97.0,50651.16373626374,28268.552577319588,1.7917848321990903
0,17.8,59.0,62.0,72703.62372881356,70985.65483870967,1.024201634738841
0,16.8,74.0,71.0,51801.145945945944,62951.37605633803,0.8228755142633699
0,24.0,88.0,87.0,36013.41136363637,25117.41034482759,1.4338027236574804
1,21.2,65.0,92.0,41460.227692307686,56950.6,0.7280033518928279
0,27.4,96.0,102.0,73495.8,54089.31764705883,1.358785860076318
1,24.0,47.0,79.0,19827.7,46613.0582278481,0.42536792808317203
0,29.2,102.0,107.0,12900.379411764705,16650.3523364486,0.7747811668540501
0,15.4,62.0,59.0,21926.459677419356,17261.471186440678,1.2702543972406677
0,20.2,74.0,71.0,62263.447297297294,42712.44788732394,1.4577353997960776
0,21.4,78.0,76.0,29963.03846153846,23822.89605263158,1.2577412248847308
0,16.0,64.0,62.0,16441.3546875,17772.58387096774,0.925096474821404
0,28.4,107.0,105.0,31562.343925233643,28272.375238095236,1.1163669008858295
0,17.4,60.0,60.0,45339.4,49070.221666666665,0.9239697409151708
0,29.0,102.0,103.0,37314.867647058825,43850.60485436893,0.8509544570932198
0,17.8,59.0,70.0,27550.745762711864,28205.128571428573,0.97679915526499
0,19.4,65.0,73.0,15044.043076923077,16492.84520547945,0.9121557190098992
0,15.8,63.0,61.0,17276.041269841273,15302.273770491802,1.1289852429091678
1,26.2,93.0,97.0,21840.51182795699,35381.39175257732,0.6172880925851664
0,12.2,88.0,47.0,37525.222727272725,44062.39787234042,0.8516382343964235
0,29.4,108.0,107.0,44510.66296296296,39907.424299065424,1.1153479269772202
0,21.4,77.0,81.0,31646.18701298701,31824.562962962966,0.9943950227947027
1,21.8,56.0,72.0,18514.992857142857,47600.14166666667,0.38896928052860186
0,30.4,115.0,93.0,70930.4156521739,58643.94946236559,1.2095095283050996
0,15.4,57.0,57.0,16224.3,13695.72105263158,1.1846254708059027
0,16.6,57.0,62.0,14257.249122807018,13763.298387096775,1.0358889796484632
0,23.8,86.0,85.0,69828.43720930233,54139.60352941176,1.2897847907468973
1,22.2,58.0,90.0,27370.925862068965,51599.13555555556,0.5304531862282721
0,29.4,70.0,83.0,26988.9,28577.0265060241,0.944426460685498
0,21.8,83.0,76.0,44058.79879518072,29570.780263157892,1.4899437351023634
0,23.2,75.0,84.0,38586.91333333333,45921.55595238096,0.8402788741162561
0,29.4,114.0,102.0,65461.439473684215,57395.49509803922,1.1405327083923098
0,23.0,76.0,83.0,17109.755263157895,19229.561445783133,0.8897631550983659
0,19.8,62.0,69.0,33467.311290322585,39012.90579710145,0.8578523082689502
0,17.6,58.0,62.0,48123.48103448276,42988.62096774193,1.1194469594778105
0,20.8,73.0,74.0,45436.94383561644,49640.48108108108,0.915320376557215
0,18.2,62.0,62.0,25983.020967741937,28988.606451612904,0.8963183867121098
0,24.8,114.0,106.0,62663.39473684211,51292.04433962264,1.2216981316230207
0,23.0,78.0,81.0,83111.38717948718,71033.28271604939,1.170034440217541
0,35.0,128.0,130.0,70515.38125,59930.70461538461,1.1766152542764905
0,28.0,98.0,99.0,25100.75612244898,21673.832323232324,1.1581134221262437
0,22.4,79.0,81.0,37226.09113924051,33567.40987654321,1.10899504239837
0,17.8,57.0,66.0,15539.663157894738,14813.583333333334,1.0490144624850888
0,19.4,71.0,72.0,21181.271830985916,17578.591666666667,1.2049470306060306
0,17.0,60.0,59.0,44637.810000000005,31942.581355932205,1.3974390329512336
0,19.4,64.0,70.0,60391.7296875,38340.782857142854,1.5751303230431841
0,17.2,67.0,64.0,23702.629850746267,29192.7234375,0.811936231352045
0,23.2,79.0,83.0,57628.71265822784,41629.83253012048,1.3843128630539572
1,17.0,62.0,63.0,16475.006451612902,23077.255555555555,0.7139066606924477
0,21.8,77.0,76.0,19885.21818181818,23542.31710526316,0.8446584969910463
0,20.8,78.0,78.0,68817.84358974358,43514.67564102564,1.5814858453147267
0,19.2,60.0,70.0,17082.108333333334,20873.371428571427,0.8183684361574374
0,17.0,59.0,63.0,16693.238983050847,15661.380952380952,1.0658855074023996
1,21.2,65.0,77.0,24495.907692307694,33643.08571428571,0.7281112053852452
0,22.6,81.0,86.0,40363.444444444445,38086.21744186047,1.059791366944229
0,18.8,59.0,70.0,17060.76440677966,21075.262857142854,0.8095160910886293
0,15.2,59.0,58.0,15820.32033898305,16175.172413793103,0.9780619293734725
0,15.6,55.0,60.0,16795.772727272728,16406.473333333335,1.0237284019563453
0,24.4,100.0,94.0,45654.959,32220.631914893616,1.4169479704988817
0,20.0,64.0,76.0,23283.953125,24451.655263157896,0.9522444543900751
0,20.2,74.0,72.0,24925.85945945946,25832.868055555555,0.9648893574594388
0,22.8,79.0,85.0,36021.51139240506,27706.55176470588,1.300108064630808
0,20.0,67.0,71.0,29840.194029850747,39828.02253521127,0.7492261008808445
1,27.4,54.0,92.0,29482.38888888889,56104.60434782608,0.5254896497640351
0,24.4,65.0,67.0,39817.75538461539,33507.662686567164,1.1883179008059512
0,22.4,86.0,88.0,53870.299999999996,62097.85,0.8675066850140544
0,21.8,72.0,72.0,23560.204166666666,21776.016666666666,1.0819336027938995
0,19.6,71.0,74.0,31585.271830985912,38962.07702702703,0.8106670444975506
0,20.0,71.0,73.0,55585.62535211268,45609.89452054794,1.2187185683376338
0,18.4,72.0,68.0,34438.28333333333,31190.40735294118,1.1041306047606296
0,22.0,84.0,82.0,46596.10833333334,43976.23292682927,1.0595748028455099
0,17.2,57.0,61.0,26413.933333333334,26416.196721311477,0.9999143181737318
0,19.2,70.0,72.0,43842.14571428572,33486.52916666667,1.3092472347933655
1,22.6,54.0,82.0,39959.99444444445,63976.185365853664,0.6246073318677813
0,18.6,60.0,70.0,60412.80500000001,43857.811428571425,1.3774696691920139
0,19.4,72.0,71.0,78905.94722222222,64747.81690140845,1.2186657558257503
0,21.4,81.0,83.0,26138.406172839506,21140.256626506023,1.2364280450629306
0,15.4,61.0,62.0,24907.845901639346,21931.220967741934,1.1357254545141673
0,19.2,63.0,66.0,68925.13174603174,42676.700000000004,1.6150529854939986
0,3.8,11.0,12.0,26081.81818181818,32100.0,0.8125177003681676
0,15.0,64.0,61.0,35586.2453125,23574.75737704918,1.5095063225186958
0,17.4,72.0,70.0,22905.65,17714.112857142856,1.2930735049914601
0,22.0,85.0,83.0,30279.430588235296,25437.74578313253,1.1903346643362256
0,18.6,67.0,66.0,56314.68208955223,44486.01818181819,1.265896216186157
0,18.6,74.0,54.0,54208.4472972973,25906.67777777778,2.092450748115461
0,19.4,74.0,73.0,44155.32297297297,27992.33424657534,1.5774076782601671
0,23.0,72.0,75.0,42231.54027777778,46354.10666666667,0.9110636212119382
0,14.4,53.0,57.0,18616.501886792452,16369.063157894736,1.1372979447399703
0,24.2,99.0,94.0,50369.296969696974,66961.79361702128,0.7522094951305696
0,24.2,91.0,95.0,42851.4043956044,25823.004210526316,1.6594275416698703
0,19.8,84.0,82.0,20374.390476190478,16233.831707317073,1.2550573914725955
0,22.0,85.0,86.0,43580.53764705882,37350.51046511628,1.1667989835844712
1,24.2,66.0,82.0,28199.607575757578,49040.70243902439,0.5750245443735242
1,16.6,56.0,60.0,5549.903571428571,21813.118333333336,0.25442962746631154
0,18.2,67.0,68.0,38738.465671641796,41068.99705882353,0.94325326757204
0,22.0,79.0,82.0,28004.237974683543,28855.84024390244,0.9704876980874314
0,19.2,68.0,72.0,20386.573529411766,17990.254166666666,1.133200973179419
0,20.0,73.0,76.0,44178.41095890411,41036.78026315789,1.0765564616814425
0,22.6,83.0,85.0,28097.209638554217,31994.394117647058,0.8781916461751879
0,18.4,66.0,67.0,38929.47272727273,40198.432835820895,0.9684325975161552
0,21.2,80.0,79.0,44307.40125,39354.00506329114,1.1258676513036616
0,17.4,67.0,65.0,29950.955223880595,29464.42923076923,1.0165123169127368
0,19.0,68.0,68.0,49675.769117647054,26260.342647058824,1.8916649255226217
0,22.0,73.0,84.0,74585.25068493151,54160.9630952381,1.37710347863975
0,3.8,12.0,12.0,46541.666666666664,37683.333333333336,1.2350729765590445
0,15.2,64.0,62.0,25842.075,27480.825806451612,0.940367483204712
1,16.6,60.0,61.0,28500.39,43061.97868852459,0.661845806161131
0,31.6,84.0,108.0,49743.30238095238,60969.01851851852,0.81587835247575
1,19.6,62.0,69.0,30221.76451612903,52797.07101449275,0.572413657337794
0,3.4,11.0,11.0,25336.363636363636,14227.272727272728,1.7808306709265174
0,27.6,109.0,111.0,56007.06146788991,35878.47297297297,1.5610213263557697
0,21.8,80.0,83.0,51487.12375,46078.07831325301,1.117388694033085
0,20.4,74.0,76.0,54923.372972972975,49208.007894736846,1.116147052537915
0,15.0,55.0,56.0,18140.536363636365,13618.230357142858,1.3320773615876988
0,17.0,65.0,70.0,31334.696923076925,26251.19857142857,1.193648238110589
0,3.8,12.0,12.0,26891.666666666668,25508.333333333332,1.0542306435805293
0,26.8,107.0,108.0,42500.00747663551,33041.49259259259,1.286261731595121
0,18.0,64.0,67.0,33904.4640625,27894.008955223882,1.215474767966277
0,16.6,57.0,59.0,26998.280701754386,33752.72881355932,0.7998843841896569
0,19.6,70.0,73.0,33952.06285714285,37952.94109589041,0.89458318319418
0,24.4,96.0,95.0,56345.43333333333,43781.14105263158,1.286979552807853
0,18.4,84.0,56.0,59224.23809523809,44139.142857142855,1.3417623057819321
0,21.0,72.0,80.0,22953.581944444442,23780.482500000002,0.9652277637530878
0,7.4,29.0,24.0,46197.200000000004,33792.9375,1.3670667132740386
0,16.2,60.0,64.0,25450.035,22327.5921875,1.1398468220970144
0,17.8,64.0,65.0,44046.678125,28079.55692307692,1.568638645035052
0,30.4,116.0,107.0,78723.5301724138,59089.91495327103,1.3322667706438442
0,20.2,80.0,85.0,13356.63,13278.821176470588,1.0058596182970883
0,18.0,59.0,66.0,15336.506779661016,15161.425757575757,1.011547794045542
0,19.0,62.0,71.0,13076.053225806452,17618.75352112676,0.7421667605558403
0,28.0,109.0,110.0,46793.61467889908,35109.46909090909,1.3327918618688361
0,19.4,72.0,73.0,62512.13611111111,63694.03698630137,0.9814440890998251
0,15.8,67.0,61.0,28520.965671641792,22309.73606557377,1.2784089237009215
0,17.0,58.0,64.0,50552.89827586207,41596.94375,1.2153031862073298
0,24.2,75.0,91.0,49114.908,66223.61868131868,0.7416524342523592
0,7.0,30.0,26.0,23842.733333333334,28173.61153846154,0.8462789124775197
0,17.2,60.0,63.0,40410.64833333333,30718.56984126984,1.3155120352980223
0,22.0,75.0,75.0,49572.752,30481.830666666665,1.6263049467763815
0,16.0,47.0,58.0,15864.54255319149,18493.872413793106,0.8578269709138575
0,18.4,65.0,67.0,41444.25384615385,39234.59104477612,1.0563192515210869
0,20.0,71.0,75.0,24033.912676056338,30417.866666666665,0.7901248611360978
1,16.4,56.0,64.0,21546.153571428575,32569.6,0.6615418541040902
0,20.0,74.0,77.0,43807.0,40562.75714285714,1.0799808268880005
0,25.6,125.0,113.0,55298.5472,45914.46460176991,1.2043818365219128
0,19.6,75.0,75.0,37191.058666666664,33526.52933333334,1.1093023765418484
0,20.4,98.0,65.0,71189.48367346938,52115.027692307696,1.3660068280838142
0,32.2,135.0,110.0,72428.82148148149,36380.83909090909,1.99085076901319
0,23.8,83.0,90.0,16019.625301204818,19393.513333333332,0.8260300764416153
0,24.0,90.0,103.0,60408.65222222223,70296.09126213593,0.8593458204803566
0,19.0,70.0,72.0,21693.235714285714,17358.8125,1.2496958368716589
0,24.4,94.0,95.0,36347.19468085106,39034.646315789476,0.9311521458860679
0,17.0,59.0,62.0,52885.2186440678,46378.62580645161,1.140292919949152
1,20.0,52.0,86.0,23322.963461538464,55301.16279069767,0.4217445399802998
1,17.2,53.0,63.0,572.9037735849057,20303.044444444444,0.028217628895634433
0,15.6,62.0,60.0,22304.698387096774,18483.221666666668,1.2067538218903635
0,16.6,79.0,74.0,53857.75696202531,58896.37162162162,0.9144494894869455
0,17.0,63.0,65.0,16554.439682539683,18523.446153846155,0.8937019356466975
0,17.0,61.0,63.0,24615.037704918035,20715.70634920635,1.188230673382811
0,25.0,88.0,98.0,24213.810227272726,31150.821428571428,0.7773088835809608
1,16.8,60.0,61.0,34873.92833333333,49456.06065573771,0.7051497404148259
0,23.4,87.0,91.0,29109.48390804598,30824.5989010989,0.9443588869215821
0,21.8,84.0,85.0,46604.25,33772.56,1.379944250598711
0,32.4,104.0,114.0,64043.7298076923,63934.52807017544,1.0017080244558465
0,18.2,58.0,72.0,14423.882758620688,17629.48611111111,0.8181680774875186
0,19.0,60.0,73.0,23844.05166666667,23947.08219178082,0.9956975749993662
0,15.6,60.0,58.0,21082.495,16514.410344827586,1.276612035173461
0,19.4,73.0,73.0,55241.75479452055,59178.479452054795,0.933477090084349
1,18.0,50.0,63.0,15798.25,23353.914285714287,0.6764711819493092
0,16.6,59.0,64.0,20266.035593220342,16235.2578125,1.2482730996496358
0,20.6,71.0,79.0,27881.683098591548,32755.859493670883,0.8511968096571813
0,7.6,29.0,25.0,45439.4,42406.332,1.0715239412831083
0,19.6,64.0,75.0,29516.7953125,26461.9,1.1154450478801596
0,20.2,74.0,76.0,48718.556756756756,44083.005263157895,1.1051550697582089
0,19.4,71.0,74.0,65157.2323943662,60850.51486486486,1.0707753671282088
0,20.0,89.0,70.0,62894.10449438202,39759.82714285714,1.581850551522857
0,21.8,85.0,83.0,68120.96235294118,66571.03012048193,1.0232823831876139
0,21.4,92.0,88.0,58564.19565217391,50741.91363636364,1.154158198917522
0,28.2,110.0,121.0,46055.329090909094,48213.59008264463,0.9552354224600162
0,27.6,111.0,115.0,80111.76666666666,82371.56434782609,0.9725658035142188
0,19.8,70.0,76.0,33239.40142857143,29315.524999999998,1.133849775113065
0,18.4,64.0,69.0,29246.0265625,38313.433333333334,0.7633360943681198
0,25.6,85.0,83.0,42714.70235294118,29164.94457831325,1.4645905545352345
0,28.2,108.0,113.0,51122.30740740741,48034.57610619469,1.064281431242078
0,18.8,66.0,76.0,32040.83484848485,30955.322368421053,1.0350670707655487
0,15.2,61.0,59.0,23134.277049180328,24023.033898305086,0.9630039714014863
0,16.2,57.0,66.0,19236.257894736842,15452.642424242425,1.2448523279460995
0,5.4,22.0,23.0,36564.07272727272,24932.65652173913,1.4665133133884871
0,28.2,92.0,100.0,61905.22934782608,60915.824,1.016242172934016
0,15.8,52.0,60.0,19502.57307692308,17065.218333333334,1.1428258751796267
0,18.6,70.0,72.0,25166.04,34181.240277777775,0.7362529795725751
0,19.2,71.0,74.0,49591.5661971831,34959.96891891892,1.418524321694867
0,18.2,66.0,69.0,40284.374242424245,43970.03333333333,0.9161779327532368
0,17.6,93.0,50.0,64174.4559139785,19933.848,3.2193711878398235
0,18.2,78.0,78.0,20894.138461538463,22200.344871794874,0.9411627874341754
0,17.8,61.0,70.0,33729.860655737706,31371.52142857143,1.075174525167225
0,16.0,64.0,67.0,16865.5421875,18196.13134328358,0.9268751620506015
1,10.2,38.0,42.0,33477.68947368421,46593.49523809524,0.7185056476791757
0,18.0,70.0,71.0,36175.26714285715,31131.233802816903,1.1620248452723976
0,21.2,75.0,87.0,15991.024000000001,20727.155172413793,0.7715011475034833
0,18.6,74.0,73.0,35329.30135135135,27137.371232876714,1.3018689632159426
0,19.8,80.0,76.0,62238.61125,47424.33289473684,1.31237715853895
0,17.0,63.0,65.0,22640.009523809524,22523.98923076923,1.0051509655706015
0,19.0,64.0,71.0,34553.14375,29402.460563380282,1.1751786445055117
0,17.2,74.0,76.0,24932.643243243245,24148.10789473684,1.0324884811649113
0,21.8,84.0,88.0,49085.864285714284,40635.773863636365,1.2079470776275687
0,15.8,60.0,58.0,53753.64833333333,49893.64827586207,1.0773645582325293
0,18.4,72.0,73.0,52772.884722222225,48896.568493150684,1.0792758336326715
0,12.6,53.0,54.0,25243.64528301887,18514.73888888889,1.3634351223914989
0,16.2,58.0,63.0,19799.622413793106,16753.928571428572,1.1817898309270893
0,17.8,73.0,71.0,42541.60821917808,40890.636619718316,1.040375297034716
0,18.8,71.0,75.0,19836.218309859156,21735.898666666664,0.9126017108406571
0,19.2,102.0,70.0,47882.03333333334,28980.655714285713,1.652206692815801
0,16.6,55.0,64.0,15580.65818181818,15996.6171875,0.9739970644539236
0,21.2,86.0,88.0,43027.06046511628,41746.47840909091,1.0306752115346454
0,3.2,0.0,10.0,,16430.0,
0,17.8,73.0,72.0,31425.554794520547,39177.84166666667,0.8021257286681536
0,13.6,58.0,57.0,19420.994827586204,17450.905263157896,1.1128932588149185
0,19.8,77.0,78.0,30240.767532467533,31477.51923076923,0.9607100010253421
0,5.6,10.0,20.0,21541.609999999997,28345.805,0.7599576021919292
0,15.6,61.0,59.0,56176.375409836066,41239.04915254237,1.3622131587476918
0,17.6,62.0,69.0,47992.040322580644,51047.115942028984,0.9401518467190625
0,22.0,88.0,74.0,58175.640909090915,46876.07702702703,1.2410518242716635
0,22.6,96.0,95.0,44169.38958333334,46475.72,0.950375585000799
0,21.6,106.0,81.0,44686.07735849057,14460.485185185185,3.090219780749238
0,23.2,57.0,74.0,56274.43508771929,43133.74054054054,1.3046500113948634
0,18.0,72.0,72.0,30656.43611111111,32006.976388888885,0.9578048153824799
0,23.6,99.0,98.0,30548.968686868688,23323.0693877551,1.3098176821832583
0,21.4,50.0,68.0,60239.754,52330.75294117647,1.15113486075222
0,14.4,53.0,55.0,53399.18679245283,46567.08181818182,1.1467153342557845
1,20.2,80.0,82.0,30396.682500000003,43144.51219512195,0.7045318385460096
0,22.0,90.0,70.0,72241.63222222222,47634.05285714286,1.5165963819807406
0,23.8,66.0,92.0,50148.84696969697,64355.47608695652,0.7792475484438389
0,11.4,59.0,45.0,35303.101694915254,34355.37111111111,1.0275860965302637
1,19.2,42.0,82.0,10520.426190476192,58370.26097560976,0.18023606567173295
1,32.0,98.0,118.0,45635.0306122449,74884.56779661016,0.6094050076671562
1,16.8,62.0,68.0,13161.270967741937,32073.785294117646,0.4103435515032809
0,15.6,61.0,66.0,17531.003278688524,16878.30606060606,1.0386707774902755
0,16.4,65.0,64.0,39940.27538461539,25854.88125,1.5447866497014133
0,17.0,64.0,60.0,25657.7609375,17969.239999999998,1.4278712364852382
0,13.2,62.0,58.0,13967.548387096775,18509.181034482757,0.7546281146137755
0,23.0,82.0,93.0,27665.835365853658,26941.879569892477,1.0268710204157472
0,24.0,96.0,100.0,69493.81874999999,48313.248,1.438400886440092
0,17.8,70.0,71.0,24301.85,22362.92112676056,1.0867028445098446
0,40.6,141.0,139.0,58550.32907801419,72011.48345323741,0.813069336587621
0,16.6,68.0,65.0,28938.447058823527,31733.638461538463,0.9119170842605162
0,20.4,86.0,83.0,43255.482558139534,43288.944578313254,0.9992270077152566
0,25.4,96.0,103.0,74725.41770833333,75511.04368932039,0.9895958797203307
0,15.4,59.0,66.0,18804.20338983051,22487.710606060606,0.8361991008885821
0,22.0,71.0,99.0,53272.40140845071,66695.89292929294,0.7987358601664869
1,18.2,65.0,72.0,30001.170769230772,43104.89027777778,0.6960038774231035
0,13.8,57.0,55.0,34142.3,23666.583636363637,1.4426374556038777
0,18.4,72.0,74.0,30360.4375,34699.27162162162,0.8749589279874673
0,22.6,83.0,87.0,47865.36385542169,44520.2183908046,1.0751376697044237
0,20.2,76.0,79.0,34166.78552631579,42130.73164556962,0.8109706191135824
0,15.2,64.0,68.0,21067.171875,21685.323529411766,0.9714944693551208
0,19.8,77.0,79.0,53919.687012987015,44274.946835443036,1.2178374197351527
0,17.0,68.0,73.0,17386.825,20161.73287671233,0.8623675904407271
0,14.2,63.0,62.0,19375.222222222223,16640.59677419355,1.1643345779683554
0,15.8,59.0,60.0,38792.8186440678,33995.05333333333,1.1411312776506248
0,21.6,52.0,63.0,35659.290384615386,46708.055555555555,0.7634505431766789
0,13.0,56.0,56.0,19145.755357142858,16915.7,1.1318334657828442
0,19.8,82.0,81.0,29296.425609756097,33602.54197530864,0.871851469787116
0,23.6,99.0,97.0,29408.536363636365,35427.463917525776,0.8301056048521758
0,24.8,102.0,101.0,23197.761764705883,22866.131683168314,1.0145031125567112
0,20.8,99.0,72.0,77966.41313131314,24198.262499999997,3.221983939190392
0,15.2,58.0,63.0,15313.887931034482,19051.076190476193,0.8038332206497623
0,18.4,71.0,72.0,58770.09577464788,50968.837499999994,1.1530593723007296
0,15.8,59.0,62.0,29300.367796610168,36046.26451612903,0.8128544854765635
0,21.2,86.0,86.0,41545.740697674424,38012.71395348837,1.0929432912501065
0,19.0,69.0,76.0,27553.843478260867,23919.234210526316,1.1519534127114757
0,16.8,68.0,72.0,31691.932352941174,30402.883333333335,1.0423989068890234
0,34.0,104.0,124.0,43736.93365384615,56116.32258064516,0.7793977160743472
0,15.8,69.0,69.0,33794.5768115942,29484.991304347826,1.1461620070619076
0,34.0,104.0,124.0,47630.28461538461,57657.67177419355,0.8260875465440316
0,18.6,73.0,74.0,37710.397260273974,46728.32837837838,0.807013616128475
0,17.4,57.0,67.0,31649.175438596492,19162.614925373135,1.6516104697532672
0,21.4,97.0,86.0,52821.20206185566,69684.40000000001,0.7580061256444147
0,15.8,48.0,59.0,16420.858333333334,20183.415254237287,0.8135817514771666
0,18.2,68.0,72.0,29678.448529411766,34288.26388888889,0.8655570496536299
0,11.2,87.0,50.0,40622.61954022988,49629.252,0.8185216964428536
0,24.0,96.0,105.0,42439.99375,56915.1180952381,0.7456717155358203
1,18.8,70.0,75.0,21797.3,31644.003999999997,0.6888287588384833
0,14.6,58.0,56.0,45720.6,39403.237499999996,1.160325975752627
0,31.6,130.0,133.0,49116.487692307695,37142.43007518797,1.322382181049556
0,13.2,56.0,53.0,22640.819642857143,20349.70754716981,1.1125869789713991
0,18.6,61.0,72.0,26119.519672131148,28830.158333333333,0.905979057420987
0,21.2,82.0,86.0,34570.19268292683,33775.03604651163,1.0235427324287734
0,18.0,109.0,81.0,58916.991743119266,44492.56913580247,1.3241984647658769
0,15.4,60.0,61.0,34763.56833333333,29068.673770491805,1.1959117436111766
0,18.6,71.0,75.0,62561.46760563381,57937.78666666667,1.079804238390544
0,22.4,89.0,94.0,25440.642696629217,27370.47659574468,0.9294921338923453
0,18.6,71.0,75.0,38566.30563380282,37369.274666666664,1.0320324913398413
0,25.4,104.0,109.0,29436.548076923078,38801.9752293578,0.7586352989229068
0,20.2,79.0,84.0,23106.662025316455,26029.685714285715,0.887704226587529
0,18.2,64.0,73.0,63081.503125,38755.332876712324,1.627685751678965
0,22.2,91.0,93.0,45901.18351648352,34466.389247311825,1.331766527300609
0,23.0,89.0,95.0,41961.652808988765,39267.63578947369,1.0686065500341952
0,14.8,56.0,60.0,13694.882142857143,13807.218333333332,0.9918639520456494
0,18.2,58.0,61.0,27351.48275862069,28441.450819672133,0.9616767770405881
0,24.6,93.0,107.0,56310.98387096774,62887.68691588785,0.8954214510430885
1,17.0,60.0,69.0,16009.233333333334,26970.234782608695,0.5935889495354567
1,18.2,67.0,74.0,15360.244776119403,25313.105405405408,0.6068099717563435
0,21.2,85.0,89.0,16270.632941176471,17368.25842696629,0.9368027893870104
0,15.8,60.0,66.0,28370.363333333335,18074.071212121213,1.5696719903541714
0,16.6,68.0,70.0,27277.67205882353,32298.35285714286,0.844553038957558
0,16.4,68.0,68.0,21082.614705882355,16925.232352941177,1.2456322174046095
0,22.4,93.0,99.0,32376.597849462367,34193.25151515151,0.9468709881280475
0,26.2,104.0,112.0,54756.11538461538,58321.833035714284,0.9388613583370163
0,17.4,60.0,74.0,27410.166666666668,29725.762162162162,0.9221013919554598
0,18.0,69.0,73.0,41670.08985507247,48017.34246575343,0.8678133298358213
1,13.8,63.0,56.0,5860.542857142857,28817.714285714286,0.20336598520751126
0,17.6,72.0,71.0,20304.7125,23198.20704225352,0.8752707682544918
0,15.4,68.0,64.0,25158.126470588235,24217.9546875,1.0388212710453826
0,17.6,72.0,74.0,67898.04027777778,70043.82702702703,0.9693650841148174
0,20.6,77.0,75.0,53695.58961038961,41325.09066666666,1.2993459601457364
0,23.2,96.0,98.0,24478.17916666667,32655.45918367347,0.7495891890230979
0,16.2,68.0,68.0,56705.20735294118,36835.83529411764,1.5394033255978996
0,15.4,65.0,64.0,61811.98923076923,51245.4234375,1.2061953065166187
0,16.2,65.0,68.0,56195.08,66341.67794117646,0.8470554520768498
0,20.8,86.0,85.0,43150.436046511626,38378.99882352941,1.1243241712719443
0,13.8,55.0,56.0,26627.083636363637,31088.655357142856,0.8564887522626758
0,13.6,60.0,61.0,21492.713333333333,19400.844262295082,1.1078236102901837
0,16.8,78.0,79.0,19349.91153846154,19427.867088607596,0.995987436511146
0,14.0,61.0,61.0,22850.891803278686,15985.483606557376,1.429477666468912
1,20.2,75.0,84.0,14638.108000000002,26841.24642857143,0.5453587276192332
0,32.6,111.0,130.0,46059.39279279279,53766.973076923074,0.8566484248033966
0,17.0,74.0,72.0,41246.652702702704,33373.04861111111,1.235927025527125
0,17.8,73.0,76.0,45039.457534246576,50112.549999999996,0.8987660283551042
0,14.0,59.0,57.0,25791.737288135595,35181.79824561404,0.7330988913095406
0,17.2,69.0,73.0,25630.247826086958,29686.676712328765,0.8633586060996451
0,15.2,66.0,62.0,54783.53484848485,39734.4935483871,1.378739980208169
0,15.0,67.0,68.0,18560.668656716418,25161.33088235294,0.7376664113476629
0,15.2,57.0,64.0,42050.54385964912,32388.615625,1.298312479499473
0,20.0,74.0,76.0,35115.21621621621,29319.87763157895,1.1976590304181691
0,15.6,66.0,65.0,62766.89696969697,52868.63846153846,1.1872236319336922
0,13.2,59.0,61.0,17225.906779661018,17306.34262295082,0.9953522332798883
0,2.4,0.0,7.0,,12642.857142857143,
0,16.2,71.0,72.0,21029.3661971831,20778.668055555558,1.0120651689972262
0,19.4,83.0,84.0,57428.27228915662,48588.2,1.181938665955039
0,18.4,83.0,79.0,38606.003614457826,39287.04810126582,0.9826649107091848
0,31.6,93.0,118.0,56940.625806451615,62207.82203389831,0.9153290365225053
0,6.6,72.0,25.0,57209.57361111111,28182.2,2.029989625050958
0,17.0,58.0,71.0,55928.51206896552,56045.578873239436,0.9979112214267839
0,16.4,76.0,77.0,25276.627631578947,21153.793506493508,1.1948980982451145
0,20.6,95.0,90.0,30946.19157894737,28071.697777777776,1.1023982882661665
0,7.4,55.0,25.0,48328.62181818182,35262.612,1.3705343727283112
0,18.4,76.0,79.0,56490.75263157895,57352.31392405063,0.9849777413756556
0,7.4,78.0,24.0,54651.280769230776,31983.662500000002,1.7087249082005782
0,16.4,69.0,69.0,23792.6115942029,31557.036231884056,0.7539558347422921
0,19.4,115.0,85.0,62886.34434782608,45712.75411764706,1.3756848731096096
0,15.8,73.0,66.0,42118.93698630137,42753.200000000004,0.9851645487659723
1,14.2,58.0,58.0,17125.258620689656,28002.850000000002,0.6115541318362114
0,12.4,92.0,49.0,59617.022826086955,29236.287755102043,2.0391447548152946
0,18.4,79.0,79.0,52710.203797468355,43475.38481012658,1.2124148878192502
0,16.4,75.0,69.0,44349.816,33986.69565217391,1.3049169726261172
1,23.0,70.0,100.0,35733.20857142857,56171.189000000006,0.6361483388117095
0,13.6,55.0,63.0,16203.645454545454,22104.244444444445,0.733055838903283
0,17.6,73.0,75.0,31168.93287671233,35791.368,0.8708505603002469
0,14.8,60.0,61.0,29677.183333333334,23352.17868852459,1.2708528711249067
0,20.0,110.0,93.0,62980.48909090909,65978.51612903226,0.9545605567688122
0,18.0,87.0,62.0,59706.53908045978,38285.52580645162,1.5595068324854622
1,24.6,100.0,110.0,31090.85,47622.83090909091,0.6528559811858002
0,12.4,57.0,57.0,25718.842105263157,24390.20350877193,1.0544742726731813
0,24.0,104.0,107.0,26411.672115384616,27782.26355140187,0.9506666750359837
0,21.4,94.0,94.0,41720.5414893617,34021.902127659574,1.226284801267569
0,16.4,76.0,69.0,59795.702631578955,53234.066666666666,1.1232600921886917
0,18.8,85.0,81.0,36701.87764705883,32652.434567901237,1.1240165743456805
0,25.8,93.0,101.0,70372.96451612904,65685.80099009901,1.0713573322602328
0,13.0,55.0,60.0,17712.18909090909,13942.378333333332,1.270385056799307
0,15.2,65.0,71.0,16790.709230769233,14922.885915492956,1.1251650200808077
0,17.4,73.0,74.0,36269.68493150685,40424.95945945946,0.8972101745180532
0,14.6,71.0,66.0,30911.204225352114,26208.727272727272,1.1794240866292742
0,16.0,66.0,67.0,63261.37727272727,44687.844776119404,1.4156282897431949
1,15.0,62.0,68.0,9060.5,15604.273529411767,0.5806422184872808
0,9.2,82.0,41.0,34305.30487804878,40805.678048780486,0.8406992977065363
0,16.4,72.0,77.0,27470.6,20491.996103896105,1.3405526655735145
0,20.0,91.0,82.0,48947.30989010989,30628.41585365854,1.5981012574720928
0,13.2,62.0,61.0,16698.109677419354,18351.281967213115,0.9099151605458756
0,12.0,56.0,55.0,16770.575,15243.123636363638,1.1002059289207962
0,20.0,80.0,82.0,75502.6075,59611.740243902444,1.2665727789707162
1,1.6,1.0,7.0,10000.0,13928.57142857143,0.717948717948718
0,13.2,61.0,61.0,18476.52131147541,18903.788524590167,0.9773977997818287
1,17.0,70.0,72.0,20780.02,37506.836111111115,0.5540328685267077
0,31.4,104.0,118.0,60968.001923076925,61578.36186440678,0.990088077648544
0,11.4,89.0,46.0,45113.205617977525,40897.59565217391,1.1030772078059687
1,17.4,76.0,70.0,14606.269736842105,33314.17857142857,0.43844003854169655
0,16.8,73.0,71.0,37367.97123287671,26262.035211267605,1.422889388894131
1,18.6,80.0,80.0,29926.358750000003,41001.265,0.7298886692886184
0,12.8,79.0,53.0,63570.45443037975,38687.35660377359,1.643184234101408
0,17.4,72.0,74.0,51125.052777777775,41724.23783783784,1.2253082483250242
0,17.2,75.0,73.0,46798.153333333335,43469.03698630137,1.0765859236329778
1,18.8,63.0,89.0,41540.21587301588,64121.830337078645,0.647832659402349
0,16.4,60.0,69.0,13431.06,14317.53768115942,0.938084487647206
1,27.2,94.0,123.0,23667.23723404255,58374.39512195122,0.4054386719485283
1,14.4,54.0,59.0,-1454.9074074074074,15888.716949152544,-0.091568589966291
0,16.6,73.0,70.0,52837.6602739726,44848.119999999995,1.1781466040041948
1,14.2,55.0,58.0,18830.503636363635,35456.191379310345,0.5310921140659159
1,22.6,100.0,100.0,27968.224,39439.382000000005,0.7091445804095002
0,21.4,95.0,93.0,50555.39052631579,56874.37204301075,0.8888958015762127
1,16.0,69.0,67.0,27580.189855072465,40162.78208955224,0.6867101435746168
0,14.8,60.0,61.0,57086.65833333333,53860.91803278688,1.0598901841699548
0,15.2,74.0,71.0,19193.443243243244,21387.943661971833,0.8973954460787901
0,13.8,54.0,62.0,20743.40185185185,18060.774193548386,1.1485333701398992
0,17.8,69.0,76.0,19079.652173913044,25853.88552631579,0.7379800670383767
1,19.0,83.0,82.0,28050.033734939756,40952.88048780488,0.684934329425072
0,16.8,73.0,71.0,30662.28219178082,39925.608450704225,0.767985345286328
0,18.2,81.0,78.0,25257.081481481484,28560.77564102564,0.8843275756559419
0,23.2,101.0,103.0,37891.017821782174,43196.09611650486,0.8771861632955378
0,24.0,94.0,94.0,69533.51595744681,64148.91170212766,1.083939136494198
0,20.2,89.0,88.0,34214.2202247191,31189.66704545455,1.0969729229509468
0,14.2,56.0,58.0,17939.94107142857,17225.66379310345,1.0414658782909192
0,13.6,69.0,61.0,24365.097101449275,23113.7,1.0541409251417677
0,19.2,81.0,83.0,29562.87777777778,26950.053012048193,1.0969506354796967
0,15.4,76.0,68.0,16021.060526315787,16206.552941176473,0.9885544806761838
1,20.4,84.0,91.0,41309.607142857145,57561.57802197802,0.7176593929910055
1,15.8,66.0,66.0,38037.1,54958.698484848486,0.6921033621363215
0,20.0,81.0,87.0,52722.858024691355,37877.84137931035,1.39191823252868
1,16.6,58.0,71.0,16474.762068965516,23137.764788732395,0.7120291099591599
1,17.0,70.0,73.0,31583.987142857146,52496.457534246576,0.601640351108511
0,15.6,76.0,69.0,17507.338157894737,17178.002898550723,1.019171917788639
1,25.2,66.0,106.0,54177.51060606061,82928.89716981132,0.6533007486536659
0,14.0,51.0,61.0,14995.343137254902,16564.4,0.9052753578309447
0,14.6,61.0,64.0,33006.15081967213,28711.2546875,1.1495892875082885
0,17.2,70.0,74.0,67868.32571428572,54112.61486486487,1.254205251100375
0,19.8,74.0,87.0,16854.2,19535.505747126437,0.8627470523756038
0,15.0,65.0,66.0,16445.316923076924,17538.539393939394,0.9376674165215694
0,15.6,61.0,69.0,18001.17868852459,19846.346376811594,0.9070273362535437
0,17.4,78.0,77.0,30293.691025641023,29361.267532467533,1.0317569223516123
0,16.6,70.0,71.0,45730.934285714284,46985.42676056338,0.973300392029172
0,23.4,116.0,108.0,27609.143103448278,28936.876851851852,0.9541162042054098
0,17.4,86.0,77.0,79837.99534883721,72085.15194805195,1.10755118344444
1,21.6,84.0,96.0,20923.11666666667,35373.64791666667,0.59148880307616
0,14.4,67.0,59.0,66017.53731343284,79760.83389830509,0.8276936697728746
0,18.0,60.0,73.0,43322.89166666667,49789.61780821918,0.8701189841130897
0,25.0,83.0,104.0,39561.13493975904,41646.459615384614,0.9499279243689844
0,12.6,62.0,53.0,34651.63548387097,38280.175471698116,0.9052109886353615
0,18.4,74.0,73.0,23518.245945945946,30152.08219178082,0.7799874581250911
0,17.8,84.0,77.0,30488.176190476188,35248.561038961045,0.864948108286659
0,17.8,62.0,64.0,33990.58225806452,37768.1984375,0.8999789151794783
0,15.8,68.0,67.0,57971.291176470586,54934.6776119403,1.0552768068647091
1,12.8,68.0,60.0,17720.12794117647,28259.738333333335,0.6270450112510408
1,22.8,102.0,102.0,15860.636274509803,22103.78529411765,0.717552946857962
0,14.4,72.0,62.0,24116.744444444445,29840.953225806454,0.8081760747370592
0,18.0,97.0,72.0,78039.89896907216,59896.04583333333,1.3029223863329125
1,14.4,60.0,60.0,33166.096666666665,46405.10833333333,0.7147078814778474
0,13.4,65.0,58.0,16036.941538461539,16258.768965517242,0.9863564438656967
0,14.8,72.0,64.0,47023.24861111111,41421.1765625,1.1352465698350747
0,12.8,58.0,60.0,19582.66896551724,16009.923333333334,1.2231581974377916
0,14.0,54.0,61.0,13107.153703703705,15219.319672131147,0.8612181086980429
0,22.8,102.0,101.0,72188.39705882352,58963.86732673267,1.2242819260617799
0,14.8,71.0,64.0,57548.0338028169,42585.3875,1.3513563497060324
0,12.8,63.0,54.0,37185.4746031746,39915.422222222216,0.9316066956814562
0,5.6,23.0,24.0,35873.84782608696,19996.708333333332,1.7939876517720357
0,13.8,59.0,60.0,21178.842372881354,19139.485,1.1065523640203148
0,12.8,54.0,60.0,17781.63148148148,21858.466666666667,0.8134894250655648
0,10.8,61.0,50.0,17884.97704918033,23699.683999999997,0.7546504438278726
0,14.0,66.0,59.0,52702.486363636366,57661.061016949156,0.914004796896553
0,11.2,59.0,52.0,18867.325423728813,20298.857692307694,0.9294772006248724
0,17.0,85.0,75.0,51550.40235294118,37685.048,1.367927204257274
0,11.4,66.0,53.0,48575.662121212124,35384.879245283024,1.3727802145230579
0,15.6,50.0,68.0,14869.752,14328.433823529413,1.0377792983613927
0,16.4,83.0,70.0,75883.87590361446,71401.90285714286,1.0627710588531358
0,14.2,58.0,61.0,21091.144827586206,26136.6868852459,0.806955560977857
0,15.0,74.0,65.0,33613.72297297297,44910.46615384615,0.7484607899153208
0,18.2,84.0,81.0,19516.32738095238,23892.695061728395,0.8168323971209873
0,15.0,68.0,65.0,34283.60294117647,30512.85076923077,1.1235791503214159
0,12.6,66.0,53.0,50155.84242424242,54646.907547169816,0.9178166647572725
0,17.0,82.0,75.0,40733.88292682927,32655.13466666667,1.247395956030435
1,17.0,73.0,75.0,12399.491780821918,22840.530666666666,0.5428723159623284
0,17.2,83.0,76.0,22234.20722891566,26155.97105263158,0.8500623885909467
0,14.8,79.0,70.0,19853.425316455698,21037.86142857143,0.943699785449335
0,18.0,76.0,80.0,19019.63552631579,15699.26125,1.211498759300906
1,31.0,112.0,137.0,38805.15178571428,57235.99416058394,0.677985109804169
0,17.2,83.0,76.0,34293.969879518074,28425.50263157895,1.2064507820318935
0,17.8,75.0,75.0,22619.8,24746.954666666665,0.914043780524968
0,31.0,131.0,130.0,64304.64503816794,57519.65,1.1179596022953535
0,11.8,56.0,55.0,16395.47142857143,15323.627272727274,1.0699471565555372
1,26.2,89.0,124.0,21828.867415730336,60691.795967741935,0.3596675146560585
1,15.0,59.0,65.0,15343.762711864407,25110.233846153846,0.6110561457082815
0,21.6,102.0,95.0,49121.7725490196,26471.98947368421,1.8556131792758352
0,12.8,61.0,54.0,75096.14098360656,47735.21111111111,1.5731812897780768
0,15.2,72.0,66.0,56004.48055555556,39751.451515151515,1.408866303516215
0,17.0,76.0,75.0,28945.443421052634,37568.796,0.7704650269083053
0,19.6,93.0,88.0,29943.08064516129,38890.6625,0.7699298165764416
0,23.0,84.0,89.0,65932.86428571428,64025.215730337084,1.0297952694671406
0,15.0,75.0,65.0,65396.77866666667,45452.126153846155,1.4388057105472238
0,15.0,72.0,65.0,27301.47638888889,27603.926153846154,0.9890432338040752
1,14.8,72.0,64.0,34580.40833333333,49392.8359375,0.7001097968355208
0,17.8,100.0,75.0,74704.841,33858.32133333333,2.206395298353244
0,13.8,75.0,65.0,14691.678666666665,16149.490769230768,0.9097301504180159
0,16.8,77.0,74.0,46917.35584415584,39400.34459459459,1.1907854189324152
0,13.2,58.0,62.0,19078.33103448276,17137.564516129034,1.1132463435237352
0,15.6,78.0,74.0,13146.534615384615,14170.617567567568,0.9277319462401709
0,14.4,74.0,68.0,28199.033783783783,26599.675,1.0601270047015154
0,11.8,59.0,55.0,34858.627118644064,34742.14727272728,1.003352695646657
0,17.0,79.0,75.0,43358.03670886076,34313.996,1.2635671085600395
0,12.6,58.0,53.0,34279.46034482759,34183.58113207547,1.0028048323076997
0,14.8,65.0,64.0,66525.14307692308,37517.7890625,1.7731626713423974
0,16.8,83.0,74.0,29588.32891566265,23410.82162162162,1.2638740063841094
0,14.8,71.0,68.0,44837.43802816902,29911.277941176468,1.499014455896747
0,12.6,61.0,53.0,43438.639344262294,40521.030188679244,1.0720023440173585
0,11.4,65.0,53.0,15646.91846153846,16244.930188679245,0.9631877933487503
0,21.4,95.0,94.0,38235.465263157894,43871.46276595745,0.8715338594277994
0,10.4,59.0,48.0,25234.749152542372,29266.547916666666,0.8622386632135637
0,12.0,65.0,56.0,35721.66923076923,30837.848214285714,1.1583710050891642
1,20.8,105.0,94.0,27479.777142857143,37863.21382978724,0.725764518204702
0,17.0,81.0,74.0,52535.36172839506,58911.983783783784,0.8917601878967116
0,11.2,61.0,52.0,19679.722950819672,24449.11153846154,0.804925893518093
0,16.2,102.0,75.0,66500.56764705882,65267.79866666667,1.0188878590296588
0,14.4,72.0,62.0,28569.588888888888,31664.43870967742,0.9022610238203064
0,11.6,53.0,54.0,19207.120754716983,15885.657407407407,1.2090856715669063
0,12.8,67.0,60.0,21085.95223880597,24180.38,0.8720273312001701
0,14.6,63.0,63.0,25626.404761904763,29562.698412698413,0.8668493113909098
0,12.4,55.0,58.0,16843.98,18498.963793103445,0.9105364056271933
0,14.6,70.0,63.0,48669.37714285714,39797.95714285714,1.2229114416138374
0,13.2,67.0,62.0,17576.650746268657,13214.283870967742,1.3301251068841644
0,14.6,69.0,63.0,40193.139130434785,34259.31904761905,1.1732030947424252
0,14.2,68.0,61.0,22826.175,26636.975409836065,0.8569356936662983
0,11.8,59.0,55.0,13960.562711864406,13695.227272727272,1.0193742998092135
0,19.2,94.0,86.0,31172.921276595745,25053.637209302324,1.24424733287913
0,16.8,84.0,74.0,42108.921428571426,49961.77027027027,0.8428228463639592
0,14.4,72.0,62.0,27784.722222222223,25106.60322580645,1.1066699056152287
0,14.8,74.0,64.0,63138.72297297297,61201.6734375,1.0316502707634476
0,12.8,58.0,57.0,15294.965517241379,15497.263157894737,0.9869462344033113
0,17.0,76.0,75.0,51748.63157894737,62059.26,0.8338583408656076
0,6.2,70.0,21.0,49291.62142857143,26292.52380952381,1.874739062163244
0,14.4,86.0,61.0,20249.86511627907,24541.290163934427,0.8251344970460444
1,16.8,76.0,74.0,23013.48947368421,33627.789189189185,0.6843592763178941
0,13.2,50.0,56.0,20178.05,27413.77142857143,0.7360552360544543
0,11.2,58.0,49.0,25087.95,18733.085714285713,1.339232114913568
0,16.2,75.0,72.0,53367.312,63487.36666666667,0.8405973471887582
0,14.8,69.0,65.0,46958.014492753624,45548.67846153846,1.0309413155072154
0,14.2,70.0,62.0,37258.59714285714,39288.64032258065,0.9483300220354848
0,13.6,57.0,61.0,18719.656140350875,22483.337704918034,0.8326012972823031
0,13.4,64.0,60.0,22815.3375,27361.428333333333,0.8338503831762683
1,12.6,46.0,54.0,28531.426086956522,43487.57037037037,0.6560823206254816
0,14.2,64.0,61.0,30676.0703125,33976.852459016394,0.9028520328509574
0,11.6,63.0,51.0,20655.18095238095,18760.33137254902,1.1010029909495396
0,14.4,68.0,65.0,21539.425,17618.656923076924,1.2225350146745664
1,19.0,84.0,86.0,16709.861904761903,26327.146511627907,0.634700836164742
0,12.8,67.0,57.0,22276.514925373136,29622.966666666667,0.7520014850652974
0,16.0,81.0,73.0,20375.960493827162,20100.20684931507,1.0137189456098303
0,15.6,76.0,71.0,17493.38552631579,23744.97042253521,0.7367196174611217
1,15.6,78.0,71.0,17008.106410256412,31357.556338028167,0.5423925967608074
0,13.2,60.0,59.0,16535.193333333333,18753.657627118646,0.8817049805485777
0,15.2,68.0,67.0,16275.052941176473,18474.917910447763,0.880926942142068
1,21.6,53.0,90.0,39309.224528301886,69430.15,0.5661693735113907
0,11.6,61.0,51.0,25812.288524590167,21771.517647058823,1.1855989528629496
0,24.4,83.0,106.0,35711.138554216865,45834.93301886793,0.7791249207131249
0,11.6,56.0,51.0,16746.41964285714,20007.449019607844,0.8370092372318527
0,13.2,74.0,63.0,16803.03108108108,16653.061904761907,1.0090055016414903
0,16.2,99.0,72.0,59474.63434343434,35275.40277777778,1.6860086536248198
0,13.6,69.0,61.0,28146.03188405797,24354.695081967213,1.1556717006446102
1,15.6,81.0,71.0,24736.791358024693,34945.54366197183,0.7078668341034732
0,14.4,80.0,63.0,62152.94625,67135.1888888889,0.9257879106122024
0,16.0,79.0,73.0,19995.41139240506,20916.328767123287,0.9559713664395187
0,17.8,97.0,82.0,61842.423711340205,58611.58170731708,1.0551229280956222
0,16.6,79.0,74.0,54054.73417721519,50016.10675675676,1.0807465371125242
0,3.0,13.0,12.0,21962.13846153846,16816.666666666668,1.3059745368605624
0,15.8,83.0,72.0,43416.80602409638,31480.788888888885,1.3791524150597225
0,16.2,78.0,73.0,63686.183333333334,54254.94109589041,1.173831950545741
0,15.8,82.0,72.0,61706.953658536586,31634.220833333333,1.9506392771183818
0,12.6,55.0,56.0,14866.894545454545,19963.832142857143,0.7446914219209045
0,15.8,85.0,72.0,37207.46235294118,35997.884722222225,1.0336013529698387
0,15.8,82.0,72.0,38615.68780487805,31784.409722222223,1.2149254349021215
0,10.8,61.0,51.0,19127.693442622953,19181.735294117647,0.9971826401174837
1,13.0,72.0,62.0,18305.70277777778,26124.19193548387,0.7007184307551186
0,11.2,64.0,53.0,19889.80625,18771.79245283019,1.059558180178007
1,19.0,104.0,88.0,19632.81153846154,29969.890909090907,0.6550845179254966
0,22.2,121.0,104.0,49381.479338842975,49735.352884615386,0.9928848691072246
0,10.4,54.0,49.0,43133.51111111111,23944.91632653061,1.8013640358108007
0,19.8,69.0,92.0,54706.00289855073,57113.27065217392,0.9578509910895541
0,5.4,26.0,24.0,62022.92307692308,29728.120833333334,2.0863385016714027
0,14.6,81.0,66.0,70410.03950617285,60631.22727272727,1.161283428907998
0,11.6,55.0,55.0,11179.507272727273,14552.901818181817,0.7681978077224462
1,19.4,52.0,87.0,13189.092307692308,52129.668965517245,0.2530054874589101
0,20.0,84.0,80.0,41380.030952380956,21992.75125,1.8815304407346922
1,15.0,47.0,56.0,38087.86170212766,59029.7125,0.6452320380541859
1,10.2,64.0,48.0,16784.7109375,23829.3125,0.7043724378326064
0,15.8,84.0,72.0,65483.110714285714,54785.98055555556,1.1952530565348332
0,18.0,99.0,83.0,37525.517171717176,24864.992771084337,1.509170644736959
0,18.4,99.0,83.0,53149.27171717172,46823.16265060241,1.135106402653216
0,14.2,71.0,64.0,37983.83098591549,32245.7359375,1.1779489560894905
1,11.4,67.0,54.0,16230.352238805972,24093.29814814815,0.673645930042727
0,14.8,82.0,67.0,21432.69268292683,22329.965671641792,0.9598175383738067
0,11.4,56.0,54.0,22530.473214285714,17624.31111111111,1.27837468779597
0,15.6,83.0,71.0,44283.148192771085,30345.700000000004,1.4592890654284159
0,14.4,85.0,69.0,16525.11176470588,16285.11739130435,1.0147370367455675
0,13.4,75.0,60.0,33487.66133333334,26533.640000000003,1.2620832020534436
0,11.2,56.0,53.0,15974.725,17342.030188679244,0.9211565673797633
0,6.6,79.0,27.0,74859.8594936709,38400.05925925926,1.9494724992024648
0,7.4,72.0,31.0,57881.43472222222,56491.19032258065,1.0246099328355958
0,11.2,74.0,53.0,67535.56756756757,64332.213207547175,1.0497939399299976
0,13.8,75.0,62.0,46057.572,33832.87419354839,1.3613260208552644
0,16.2,77.0,74.0,55290.841558441556,52029.2972972973,1.0626866867431954
0,12.2,55.0,58.0,15887.336363636363,18461.005172413796,0.8605889124269758
1,15.2,76.0,69.0,22659.452631578944,37338.34927536232,0.6068680879401052
0,23.8,105.0,108.0,68674.95238095238,68205.03703703704,1.006889745454726
1,4.6,16.0,20.0,28220.1375,38595.2,0.7311825693350469
0,19.4,108.0,90.0,28169.458333333332,32128.67888888889,0.8767698924301309
0,16.6,86.0,77.0,86441.2465116279,63071.225974025976,1.3705337921800693
0,13.6,116.0,60.0,63874.96551724138,26759.536666666667,2.3869981873343864
0,12.4,53.0,55.0,20004.07169811321,17549.607272727273,1.1398586525181258
1,23.2,133.0,107.0,19528.2,37094.05046728972,0.5264510010094573
1,16.8,91.0,77.0,22038.516483516483,37057.97662337663,0.594703718108946
0,12.8,69.0,59.0,63496.98405797102,50484.93728813559,1.2577411693228622
0,10.8,67.0,51.0,18796.901492537312,20523.317647058822,0.9158802595072185
1,18.6,59.0,87.0,23859.715254237286,64567.22873563219,0.3695328996065464
0,20.2,105.0,92.0,43328.834285714285,27490.073913043478,1.5761628878398775
0,13.6,65.0,61.0,22068.33692307692,27697.432786885245,0.7967647071437716
0,20.0,110.0,93.0,48046.28,55883.626881720425,0.8597559371314887
1,13.8,56.0,62.0,15544.117857142857,22357.025806451613,0.6952676975779694
0,9.8,95.0,41.0,56584.30421052632,27767.87317073171,2.0377615477647786
1,11.2,55.0,53.0,13388.023636363638,18651.36037735849,0.7178041368293868
0,11.6,61.0,55.0,24845.97868852459,22766.985454545455,1.091316140124474
0,15.6,75.0,71.0,33953.473333333335,36097.170422535215,0.9406131543245954
0,10.2,54.0,48.0,24741.86666666667,17905.522916666665,1.3818008433384907
0,3.0,12.0,12.0,28666.666666666668,27808.333333333332,1.0308660473479174
0,14.0,75.0,63.0,40449.26666666667,27236.896825396827,1.4850908650118348
0,10.8,60.0,51.0,24485.076666666668,25037.641176470588,0.9779306482623771
0,11.2,66.0,53.0,16892.813636363637,21451.747169811322,0.7874796165851052
0,14.2,74.0,64.0,53071.74054054054,41808.515625,1.2694002584680508
0,19.6,108.0,89.0,57880.107407407406,50072.255056179776,1.1559317099353208
1,11.4,71.0,54.0,20482.622535211267,28467.74074074074,0.7195029181187598
0,16.4,71.0,75.0,59212.08028169014,58882.04133333333,1.0056050867273512
0,15.6,84.0,71.0,55054.55476190476,44970.55211267606,1.2242356870327655
0,13.8,73.0,61.0,65356.99863013699,64896.54262295082,1.007095231711517
0,19.8,76.0,82.0,58536.24868421053,60973.11829268293,0.9600337053982552
0,10.4,60.0,49.0,19250.138333333332,17679.3693877551,1.088847566399408
0,17.2,95.0,79.0,52652.14105263158,56243.4835443038,0.9361465139540429
0,15.6,69.0,71.0,64537.85217391304,50464.08732394366,1.2788867409733535
0,15.0,70.0,68.0,50134.22857142857,60376.22352941177,0.8303637697214715
1,18.6,88.0,86.0,43298.30227272728,65816.93023255814,0.6578596437077309
0,14.0,69.0,63.0,45010.41739130435,41968.084126984126,1.0724915927807175
0,10.4,55.0,49.0,24018.365454545456,21554.35102040816,1.1143163360290602
0,11.6,52.0,51.0,58099.821153846155,55417.92156862745,1.048394084608488
1,24.0,78.0,107.0,39541.84230769231,63952.107476635516,0.6183039757077383
0,17.4,95.0,80.0,25136.727368421052,33302.1125,0.7548087938391611
1,16.0,65.0,74.0,33965.659999999996,63602.46351351351,0.5340305724601905
0,11.8,61.0,54.0,17810.618032786886,23231.492592592593,0.7666583609210644
0,11.2,52.0,51.0,23505.811538461538,19955.986274509803,1.177882727273971
0,10.8,60.0,49.0,20414.25,18056.753061224492,1.1305604020159115
0,13.8,76.0,64.0,44811.799999999996,30923.0359375,1.449139731641202
0,15.0,79.0,69.0,44885.00379746835,56424.3579710145,0.7954898453700797
0,13.0,64.0,59.0,16843.646875,21364.066101694913,0.7884101647515364
0,19.6,116.0,92.0,51570.973275862074,57731.068478260866,0.8932967054867791
1,16.8,37.0,76.0,26564.375675675677,67760.81710526315,0.3920315133509858
0,12.0,57.0,55.0,15168.77543859649,20272.55818181818,0.7482418006919762
0,13.6,69.0,62.0,27477.043478260868,26914.26451612903,1.0209100628328365
0,15.6,74.0,72.0,56719.35810810811,50542.495833333334,1.122211263471106
1,15.2,82.0,70.0,26884.058536585362,47511.341428571424,0.5658450746334508
0,11.8,87.0,53.0,53972.52528735632,36189.50754716981,1.491386010627747
0,15.6,86.0,72.0,33190.740697674424,35872.23055555556,0.9252488675403585
0,10.8,61.0,49.0,18679.90655737705,20348.94081632653,0.917979305457984
0,6.4,47.0,27.0,23489.42765957447,21068.522222222222,1.1149062763784532
1,10.8,58.0,50.0,11264.436206896553,29489.327999999998,0.38198348252956305
0,18.2,91.0,77.0,53491.93406593407,13116.400000000001,4.078248152384348
0,16.6,100.0,81.0,74358.892,45449.88395061729,1.6360634073520024
0,14.2,81.0,67.0,32791.36172839506,26427.356716417908,1.2408112578290333
1,13.6,77.0,63.0,23238.206493506492,35183.99206349206,0.6604766864309048
0,10.8,52.0,49.0,27878.376923076925,18448.3693877551,1.5111566955928846
0,12.4,48.0,50.0,36681.552083333336,49396.612,0.7425924693647681
1,10.4,54.0,50.0,14540.361111111111,19946.816000000003,0.7289564966715043
0,9.6,61.0,46.0,45248.79016393443,33922.247826086954,1.3338971637704125
0,12.4,73.0,58.0,30840.116438356163,28402.672413793105,1.085817418482754
0,14.4,112.0,68.0,62077.61696428571,37766.71029411764,1.6437125839354512
0,13.0,69.0,61.0,49164.85217391304,46500.29508196721,1.0573019394231573
0,12.4,66.0,58.0,18239.474242424243,23938.341379310346,0.7619355891627657
0,17.0,109.0,81.0,63131.886238532104,55509.03703703704,1.1373262734932497
1,18.0,99.0,86.0,17762.8202020202,25616.35930232558,0.6934170462079521
0,8.0,60.0,33.0,48653.13833333333,25459.142424242422,1.911028169079465
0,15.2,84.0,70.0,24010.70595238095,26389.55,0.9098565891567287
0,11.2,63.0,54.0,35807.236507936504,32786.049999999996,1.0921485359760175
0,5.2,25.0,24.0,38648.864,35746.10833333333,1.0812048024808296
0,8.8,66.0,37.0,36513.378787878784,46753.51891891892,0.7809760555392883
0,13.2,88.0,62.0,59791.453409090915,57313.62741935484,1.0432327546048727
0,15.8,89.0,75.0,21853.1404494382,27455.941333333336,0.7959348464555115
0,16.8,105.0,82.0,65051.99333333333,65854.39146341463,0.9878155714106466
0,4.0,26.0,19.0,41143.14230769231,30767.473684210527,1.3372284877846972
0,15.8,92.0,75.0,16924.85,15057.42,1.1240205825433573
0,12.6,60.0,59.0,25372.316666666666,31299.649152542373,0.8106262323584464
0,6.2,74.0,27.0,60591.92837837838,41471.41111111111,1.4610529701060608
0,12.6,61.0,59.0,16850.590163934427,22635.92372881356,0.7444180483116354
0,12.8,84.0,62.0,15146.819047619048,15972.190322580644,0.9483244778397908
0,10.8,59.0,50.0,55068.89661016949,52316.255999999994,1.0526153975959116
0,11.6,71.0,56.0,27753.464788732395,25480.714285714286,1.089194929056299
0,16.0,96.0,76.0,42509.05416666666,42168.178947368426,1.0080837073785827
0,10.0,65.0,48.0,19564.16307692308,23903.066666666666,0.8184792081179157
1,12.8,66.0,60.0,27950.186363636363,40542.01666666667,0.6894128280159479
0,12.6,74.0,59.0,29299.74864864865,33155.913559322034,0.8836960138717337
0,9.6,55.0,46.0,19394.445454545454,16423.654347826086,1.1808849019714418
0,14.2,80.0,67.0,53986.308750000004,46208.62388059701,1.1683167386568472
0,11.4,57.0,53.0,52307.88070175439,35145.22641509434,1.4883352886663708
0,11.0,63.0,51.0,31456.63650793651,32407.305882352943,0.9706649674037202
1,16.8,102.0,80.0,19147.280392156863,32797.15625,0.5838091646179495
0,12.2,66.0,57.0,37478.65454545455,44734.29298245614,0.8378058989364803
0,12.8,75.0,60.0,30271.96,32664.01833333333,0.9267677874497071
0,11.0,51.0,51.0,21393.419607843134,26695.072549019606,0.8013995679749079
1,13.8,74.0,65.0,16120.879729729731,27973.476923076923,0.576291598433039
0,15.8,88.0,75.0,35938.16931818182,31064.0,1.1569073306136306
0,11.4,58.0,53.0,62575.59137931034,34579.3320754717,1.8096240622211828
1,10.8,50.0,50.0,24808.686,34289.542,0.7235059015953027
0,12.2,62.0,57.0,16463.7,21712.20350877193,0.7582694217723464
1,13.0,72.0,61.0,27601.044444444444,38515.14918032787,0.7166282626925939
1,11.8,71.0,55.0,43362.31549295774,60748.009090909094,0.7138063640582237
0,12.6,75.0,59.0,50856.615999999995,36905.06271186441,1.378039007738913
0,12.4,74.0,58.0,42290.23783783784,38327.53103448275,1.1033906097366382
0,12.2,68.0,57.0,24555.745588235295,32940.60701754386,0.7454551634448368
0,16.0,97.0,76.0,51343.762886597935,45569.24868421053,1.1267195393631373
0,13.2,74.0,64.0,25839.37837837838,16464.590625,1.5693908805205037
0,12.4,68.0,58.0,40551.132352941175,29332.908620689654,1.3824449827774279
0,16.0,98.0,76.0,40319.40306122449,38765.71447368421,1.040078935952412
0,11.0,60.0,51.0,24930.666666666668,29752.184313725487,0.8379440784509216
0,9.8,62.0,47.0,22474.22741935484,27647.725531914897,0.8128779849688511
0,15.8,83.0,74.0,47512.27108433735,43389.48918918919,1.0950179864338063
0,9.2,56.0,44.0,16783.77142857143,19677.981818181815,0.8529213810464937
0,17.4,119.0,85.0,57161.3756302521,61523.5305882353,0.9290977790728846
0,13.0,69.0,61.0,46969.608695652176,42811.52950819672,1.0971252191926324
1,14.4,67.0,67.0,17377.91343283582,26278.840298507464,0.6612892058947829
0,13.0,65.0,61.0,43797.10153846154,41338.26557377049,1.059480869130881
0,19.8,131.0,94.0,59695.02290076336,40290.26382978723,1.481624025917395
0,12.0,63.0,56.0,36199.02857142857,32325.414285714283,1.1198318527792595
1,12.4,72.0,58.0,28123.372222222224,46134.200000000004,0.609599217548418
0,16.0,74.0,74.0,43289.744594594595,33217.15135135136,1.303234709584254
0,16.2,94.0,77.0,25959.567021276594,21766.229870129868,1.1926533522877707
0,15.0,86.0,71.0,55476.618604651165,63891.62957746479,0.8682924347294833
0,2.6,11.0,11.0,15000.0,15963.636363636364,0.9396355353075171
0,12.0,70.0,56.0,70656.41428571429,55348.4375,1.2765746871483823
0,9.8,56.0,47.0,13164.430357142857,13190.323404255318,0.9980369664701241
0,17.6,97.0,83.0,55411.043298969074,55851.73253012048,0.9921096587126685
0,14.6,77.0,68.0,42172.47012987013,31277.835294117645,1.3483180576055216
0,10.2,64.0,49.0,31767.203125,26493.395918367343,1.1990612008699282
0,17.6,108.0,86.0,48698.97777777777,47017.10930232558,1.035771413862081
0,9.0,57.0,43.0,27559.30350877193,26689.362790697676,1.0325950351417705
0,10.0,55.0,48.0,17640.083636363637,19022.68125,0.9273184681241313
0,11.6,66.0,54.0,41516.8696969697,38857.583333333336,1.0684367409270956
1,14.0,84.0,66.0,31472.133333333335,43209.799999999996,0.7283563759455803
0,11.0,59.0,53.0,16277.174576271187,20344.44528301887,0.8000795475046666
0,9.4,57.0,45.0,20903.62456140351,18615.753333333334,1.1228997391136204
0,18.2,105.0,87.0,43387.42476190476,48064.92873563218,0.902683638636921
0,9.6,58.0,46.0,22067.88103448276,21934.015217391305,1.006103114991245
0,13.4,102.0,65.0,51375.566666666666,38334.873846153845,1.3401783157771159
0,13.0,70.0,61.0,32774.142857142855,44219.54262295082,0.7411687437972826
0,22.4,109.0,104.0,76412.1871559633,67388.73557692308,1.133901482225321
1,16.2,68.0,76.0,56387.06029411765,78478.1197368421,0.718506769570912
0,13.4,78.0,63.0,57757.2064102564,60054.72857142857,0.9617428599574884
0,16.6,64.0,78.0,66640.3703125,74882.02564102564,0.8899381359148185
1,11.4,66.0,54.0,20208.883333333335,38543.31481481482,0.5243161733864594
1,12.4,68.0,59.0,35711.78676470588,49460.408474576274,0.7220277362461031
0,11.2,56.0,53.0,22348.764285714286,15308.49433962264,1.4598930364999692
0,18.2,108.0,88.0,34229.311111111114,41302.59659090909,0.8287447748175029
1,13.6,60.0,67.0,15062.453333333333,59116.534328358204,0.2547925636112243
1,14.6,82.0,70.0,26607.62682926829,43572.56285714285,0.6106509483158965
1,16.2,71.0,80.0,47790.68450704226,75323.4975,0.6344724567130232
0,10.8,64.0,51.0,13706.15625,15652.319607843137,0.8756629428351345
0,17.8,108.0,86.0,50817.87962962963,37125.82209302326,1.3688014639056143
1,14.0,78.0,67.0,20767.678205128203,28572.789552238806,0.7268341149245948
0,14.0,88.0,67.0,14644.203409090907,15464.646268656717,0.9469471952146323
0,13.0,69.0,62.0,14028.93768115942,15586.714516129032,0.900057396101171
1,18.2,101.0,88.0,15530.525742574258,24307.047727272726,0.638930976596918
1,3.0,5.0,14.0,11088.560000000001,15953.192857142858,0.6950683853254633
0,18.2,109.0,88.0,33075.99357798165,31971.094318181815,1.034559319390312
0,12.2,69.0,58.0,27806.86231884058,37900.32068965517,0.7336840906053446
0,10.4,56.0,49.0,14021.173214285713,13094.814285714287,1.0707424258457818
0,14.8,66.0,71.0,27540.16515151515,28418.011267605634,0.969109516221103
1,17.8,103.0,86.0,22400.94077669903,31812.74418604651,0.7041499043809109
1,14.0,74.0,67.0,18493.517567567567,28882.34776119403,0.640305203734692
0,12.6,86.0,62.0,42734.22906976744,44716.86451612903,0.9556624672186828
1,17.8,107.0,84.0,16586.98598130841,38790.691666666666,0.42760222281784727
0,9.4,72.0,46.0,20326.891666666666,27192.16304347826,0.7475275738147593
0,14.8,122.0,71.0,56652.412295081966,41987.457746478874,1.3492698852393108
0,12.0,69.0,59.0,41276.60289855073,42734.310169491524,0.9658890651291835
0,14.8,95.0,73.0,55474.68526315789,48256.2301369863,1.1495859727475677
0,12.4,61.0,59.0,76826.59180327869,74785.25423728813,1.0272959901896375
0,12.0,66.0,57.0,45160.26969696969,51243.484210526316,0.881288038717964
0,11.4,68.0,56.0,43029.904411764706,38492.47321428572,1.1178784011154423
0,12.2,68.0,58.0,30954.623529411765,22116.689655172413,1.3996047334404058
0,13.0,84.0,64.0,39662.02023809524,32338.89375,1.2264495051904873
1,15.6,90.0,77.0,46053.75444444444,65366.82857142857,0.7045431979940702
0,19.6,104.0,95.0,57900.95865384616,55383.34421052632,1.0454579707890108
0,11.0,50.0,52.0,30183.084,40178.015384615384,0.7512338205624124
0,14.2,79.0,70.0,18277.701265822783,19322.565714285716,0.9459251703985442
0,12.0,87.0,59.0,49123.20344827586,34417.645762711865,1.4272679714048315
0,11.8,62.0,56.0,56506.28064516129,61801.36607142857,0.9143208999596005
0,10.6,84.0,52.0,24670.97380952381,25778.44807692308,0.9570387532990908
0,12.2,72.0,60.0,70809.29166666667,44219.42166666666,1.6013165481999938
0,8.0,61.0,39.0,18702.60655737705,16522.671794871792,1.1319359719522997
0,15.6,96.0,77.0,47802.072916666664,32801.74155844156,1.4573028944667348
1,14.8,51.0,71.0,16610.017647058823,40907.26056338028,0.4060408205854763
0,10.0,61.0,47.0,24457.51475409836,23819.197872340428,1.0267984205504739
0,7.8,93.0,36.0,72533.58924731183,51108.038888888885,1.4192207493033147
0,9.4,61.0,46.0,33270.55737704918,26748.384782608693,1.2438342594309129
0,11.6,86.0,57.0,16202.468604651163,15880.308771929824,1.0202867486613858
0,12.8,82.0,63.0,23688.648780487805,21585.520634920635,1.097432356677317
0,15.6,111.0,77.0,52812.525225225225,32344.493506493505,1.6328134869269955
1,2.6,12.0,12.0,6483.333333333333,18166.666666666668,0.35688073394495406
0,12.2,68.0,60.0,35857.82058823529,38992.27333333333,0.9196134906446071
0,5.6,48.0,25.0,22396.722916666666,26774.68,0.8364889110408291
0,8.0,62.0,39.0,16179.09677419355,16848.56923076923,0.960265322983445
0,13.2,84.0,65.0,31162.335714285717,32082.41076923077,0.9713215112928026
0,12.2,65.0,60.0,40766.8876923077,40851.51833333333,0.9979283354822926
0,10.4,73.0,51.0,15576.312328767124,13396.141176470588,1.1627462060586415
0,11.8,73.0,58.0,48186.743835616435,43050.16206896552,1.1193162004459405
0,11.0,59.0,54.0,22912.96779661017,22601.17407407407,1.0137954657361699
0,14.6,92.0,72.0,27876.219565217394,25601.598611111112,1.0888468329129688
0,12.6,85.0,62.0,65186.62235294118,46241.31612903226,1.4097051686643982
0,11.2,70.0,55.0,53170.544285714284,40935.40181818182,1.2988890281784926
1,17.8,108.0,88.0,12708.931481481482,26260.942045454543,0.4839480419051169
0,9.6,60.0,47.0,76556.69833333333,58858.54680851064,1.3006895766965085
0,11.8,75.0,58.0,27487.862666666668,24033.360344827586,1.143737799137296
0,11.6,75.0,57.0,26389.125333333333,23831.41929824561,1.1073249563141214
1,18.6,71.0,90.0,40392.576056338025,55927.86222222222,0.7222263546538447
0,3.8,75.0,18.0,25255.550666666666,23707.466666666667,1.0652994274658898
0,5.6,55.0,27.0,49289.82727272727,29875.974074074074,1.6498149031231168
1,11.0,69.0,54.0,19486.343478260867,38526.846296296295,0.5057861037573208
0,10.6,62.0,52.0,53605.356451612904,35775.45576923077,1.4983836068335155
0,11.2,74.0,55.0,16053.421621621621,16695.467272727274,0.961543714792909
0,10.4,61.0,51.0,28683.670491803277,23546.139215686275,1.2181899643528147
0,10.4,61.0,51.0,55808.2262295082,41999.47254901961,1.3287839785219142
0,13.8,90.0,68.0,58070.55,49983.90147058823,1.1617850606193707
0,11.8,72.0,58.0,36931.145833333336,40421.47586206897,0.9136515935082193
1,9.0,64.0,44.0,16209.5921875,22576.754545454543,0.7179770748211254
0,10.2,60.0,50.0,23078.239999999998,29317.234,0.7871902240163584
0,14.8,89.0,73.0,66368.29213483146,67027.10136986301,0.9901710021533503
0,10.0,69.0,49.0,32899.639130434785,26670.934693877552,1.2335390382095257
0,8.8,59.0,43.0,20742.6593220339,22777.706976744186,0.9106561667165157
0,14.6,97.0,72.0,38347.37731958763,50427.087499999994,0.7604519558974655
0,11.4,66.0,56.0,22087.30606060606,27519.055357142857,0.8026186136826484
0,18.2,121.0,90.0,53977.21157024793,50448.58222222223,1.0699450647092985
1,10.8,59.0,53.0,13879.669491525423,23832.67169811321,0.5823799222906365
0,12.8,83.0,63.0,41209.1686746988,26602.144444444446,1.549091982443726
1,11.8,42.0,56.0,31065.685714285715,54146.88392857143,0.5737298891523734
0,11.2,86.0,55.0,18059.688372093024,16627.945454545454,1.0861046195671868
0,9.8,51.0,48.0,25291.570588235296,26355.185416666664,0.9596430527193806
0,12.6,70.0,62.0,14389.855714285715,18254.367741935486,0.7882965829174196
0,10.2,61.0,50.0,49255.255737704916,40879.876000000004,1.2048778165986833
0,11.8,74.0,58.0,43276.26891891892,57516.53448275862,0.7524144023644467
0,9.6,65.0,47.0,19242.815384615384,19941.40425531915,0.9649679199238226
0,15.4,103.0,76.0,52116.09029126213,61048.889473684205,0.8536779414100127
0,8.4,61.0,41.0,16155.377049180328,16731.019512195122,0.9655942985067221
0,2.4,11.0,11.0,25300.0,21063.636363636364,1.2011221406991799
0,8.2,64.0,40.0,31963.8265625,22463.079999999998,1.4229494157746845
0,9.0,64.0,44.0,43580.926562500004,32216.315909090907,1.352759473972075
0,12.4,80.0,61.0,62457.503749999996,64577.63114754098,0.9671693222580878
0,9.6,73.0,47.0,16350.201369863013,15852.587234042552,1.0313900897357537
1,11.2,65.0,55.0,19631.71846153846,33216.634545454544,0.5910206958105249
0,13.8,99.0,68.0,45956.92727272727,44174.45294117647,1.0403507958304403
0,13.2,79.0,65.0,53610.49367088608,40548.36615384615,1.322136962744205
0,11.2,76.0,55.0,16993.67631578947,20072.787272727273,0.8466027206335532
0,10.2,76.0,50.0,30647.811842105264,27008.278,1.134756234444316
0,7.2,60.0,33.0,31291.585000000003,28005.442424242425,1.1173394273147774
0,14.0,68.0,69.0,27702.617647058825,30557.3115942029,0.906579021575784
0,15.8,101.0,78.0,43210.750495049506,45905.632051282046,0.9412951867600464
0,11.4,70.0,56.0,28619.965714285714,23773.217857142856,1.203874287707611
0,11.2,74.0,55.0,61346.16486486487,58441.36909090909,1.049704444285643
0,10.2,69.0,50.0,24373.610144927537,21422.39,1.1377633468967532
1,11.2,23.0,55.0,3128.447826086957,41806.51454545454,0.0748315868974325
0,2.6,12.0,12.0,25875.0,29800.0,0.8682885906040269
0,8.8,56.0,43.0,15871.017857142857,15084.281395348837,1.0521560451687546
0,17.8,119.0,88.0,45514.55882352941,49832.43522727273,0.9133520891754415
0,8.6,56.0,42.0,16901.967857142856,18580.295238095237,0.9096716516370902
0,12.0,68.0,59.0,25575.28382352941,27352.17118644068,0.9350366977890178
0,11.6,71.0,57.0,39360.65915492958,33680.85789473684,1.1686358844523463
0,13.6,82.0,67.0,27646.103658536584,25043.40746268657,1.1039273988464988
0,11.6,69.0,57.0,25212.784057971017,23918.4,1.0541166657456609
0,8.6,59.0,42.0,21035.82033898305,17237.361904761903,1.2203619356145097
0,12.0,68.0,59.0,26199.573529411766,27599.99661016949,0.9492600270739988
0,13.2,85.0,66.0,54383.77647058824,49369.19090909091,1.101573176897536
0,15.0,82.0,75.0,24075.065853658536,28049.181333333334,0.8583161685738042
0,4.4,21.0,22.0,41368.195238095235,24451.91818181818,1.6918179968741907
0,11.4,69.0,57.0,33357.9,33730.354385964914,0.9889578869613096
1,11.0,66.0,55.0,24906.457575757577,55872.85272727272,0.4457702866422678
0,8.8,61.0,44.0,17623.65737704918,16437.147727272728,1.0721846435563624
0,11.2,67.0,56.0,38437.49850746268,26866.360714285714,1.4306924155538572
1,17.2,75.0,86.0,46978.80533333333,70622.48372093023,0.6652103247879729
0,17.2,102.0,86.0,35677.91274509804,45145.5488372093,0.7902863884488216
0,15.0,101.0,75.0,56566.921782178215,54401.306666666664,1.0398081452120431
0,12.4,81.0,62.0,45378.26666666667,58241.37741935484,0.7791413712613623
0,8.6,59.0,43.0,16896.427118644067,18470.02093023256,0.9148028138391135
0,11.4,72.0,57.0,24222.2875,29700.10350877193,0.8155623933379876
0,12.4,86.0,62.0,50575.17441860465,50837.856451612904,0.9948329443579457
0,10.2,60.0,51.0,18189.91,18869.176470588234,0.9640012656807243
0,3.8,35.0,19.0,57974.411428571424,37560.09473684211,1.5435107881052608
0,9.0,63.0,45.0,48670.37142857143,26520.85111111111,1.835173811906082
0,14.4,105.0,72.0,47988.98285714286,42994.024999999994,1.1161779539632046
0,8.6,57.0,43.0,22822.382456140353,17638.03953488372,1.2939296576018708
0,11.2,66.0,56.0,17259.827272727274,18884.457142857143,0.9139699988281438
1,9.0,62.0,45.0,8915.064516129032,21189.224444444444,0.42073576309993044
1,11.0,69.0,55.0,15293.233333333335,20961.258181818182,0.7295951989465357
0,11.2,71.0,56.0,41685.44225352113,54253.357142857145,0.76834770139214
0,2.4,89.0,12.0,48597.16966292135,17075.0,2.8461007123233584
1,18.4,78.0,92.0,36050.506410256414,53922.181521739134,0.6685654287878242
0,7.4,61.0,37.0,36912.375409836066,28821.391891891893,1.280728409935689
0,10.4,62.0,52.0,27713.195161290325,32586.653846153848,0.8504461762821122
1,2.4,3.0,12.0,10666.666666666666,16900.0,0.631163708086785
0,13.4,90.0,67.0,55920.46000000001,44256.81641791045,1.2635445684106947
0,10.2,54.0,51.0,14203.737037037037,19011.719607843137,0.7471042772573501
0,10.4,71.0,52.0,54165.50422535211,41390.675,1.3086402728477393
1,17.0,104.0,85.0,27318.73653846154,43676.30588235294,0.6254818484889184
0,9.0,58.0,45.0,58618.35862068965,33925.26666666667,1.7278672912624506
0,11.2,65.0,56.0,73042.77076923076,63724.33571428571,1.1462303992736018
0,10.6,71.0,53.0,23637.74647887324,32018.064150943395,0.7382628246179201
1,9.2,74.0,46.0,16885.664864864862,23419.667391304345,0.7210036155822802
0,15.8,98.0,79.0,51536.45,57085.626582278484,0.9027920526670515
0,5.0,23.0,25.0,38446.36521739131,32814.616,1.1716231942921809
0,9.8,74.0,49.0,40752.24324324324,32722.20612244898,1.2454002364860501
0,10.4,71.0,52.0,71913.52957746478,55070.44038461538,1.3058462775168715
0,7.6,59.0,38.0,18661.9593220339,17574.718421052632,1.0618639158211987
0,10.4,63.0,52.0,48660.73333333334,37519.57692307692,1.296942485068479
0,8.0,67.0,40.0,27812.258208955223,24223.61,1.1481467134318635
0,14.2,92.0,71.0,37933.51413043478,36104.11408450704,1.0506701270011987
0,7.6,56.0,38.0,18262.614285714288,15875.263157894737,1.1503818301514155
0,7.4,56.0,37.0,23985.69107142857,18048.27027027027,1.3289745062682612
0,11.0,65.0,55.0,34378.053846153845,44982.58909090909,0.764252448356771
1,13.6,94.0,68.0,27500.16063829787,38239.40588235294,0.7191576334345949
0,13.4,84.0,67.0,45068.80357142857,38493.50895522388,1.1708156724255292
1,9.0,62.0,45.0,9907.129032258064,24111.82222222222,0.41088263429245675
0,10.6,62.0,53.0,24209.553225806452,23239.44528301887,1.041744023188731
0,9.2,56.0,46.0,20234.24642857143,24406.09347826087,0.8290653498723419
0,12.2,83.0,61.0,67643.10240963855,50266.785245901636,1.3456818867316296
0,5.2,64.0,26.0,71242.353125,35535.93461538462,2.0047975069764155
0,12.6,78.0,63.0,35059.161538461536,25371.285714285714,1.3818441025525525
0,7.6,64.0,38.0,14558.2296875,14500.418421052633,1.0039868688453453
0,8.8,57.0,44.0,40053.01052631579,37169.29318181818,1.0775833247727242
0,10.8,83.0,54.0,45820.385542168675,36635.92592592593,1.2506954412674811
0,7.6,55.0,38.0,15223.347272727273,12796.021052631579,1.1896938282698823
0,10.4,73.0,52.0,44987.05479452055,40719.463461538464,1.1048047044385305
0,11.0,73.0,55.0,26204.365753424656,31994.89272727273,0.8190171467925511
1,16.4,121.0,82.0,20587.261983471075,30758.61463414634,0.6693169451336847
1,11.6,86.0,58.0,33531.31976744186,48923.22068965517,0.6853865975044457
0,12.4,70.0,62.0,30037.99714285714,33967.52741935484,0.8843150922354556
0,10.6,71.0,53.0,68406.87464788732,54811.47358490566,1.2480393277863935
0,11.6,79.0,58.0,18704.693670886078,20553.212068965517,0.9100618243086869
0,13.6,111.0,68.0,49280.90540540541,37196.200000000004,1.3248908599643352
1,9.0,62.0,45.0,18100.07903225806,25709.722222222223,0.70401690363707
0,12.0,84.0,60.0,33080.384523809524,38238.70333333334,0.8651021514888236
1,11.6,71.0,58.0,14519.728169014084,19943.234482758624,0.7280528232051183
0,10.4,74.0,52.0,49981.12027027027,43685.94807692307,1.1441006197750943
0,8.2,63.0,41.0,34049.520634920635,22713.048780487807,1.4991171358805735
0,10.8,65.0,54.0,48047.38153846154,43893.444444444445,1.0946368449000328
0,11.0,85.0,55.0,67892.33647058823,62214.045454545456,1.091270242508043
0,9.8,63.0,49.0,17575.94761904762,23543.104081632657,0.7465433427174812
1,14.8,48.0,74.0,23603.943750000002,59269.46891891892,0.39824793743791387
1,2.2,5.0,11.0,10260.0,16490.909090909092,0.6221609702315325
1,14.6,100.0,73.0,43148.522000000004,60232.93972602739,0.7163608848623904
0,10.4,67.0,52.0,28638.40597014925,35773.984615384616,0.8005372137895227
0,8.6,61.0,43.0,30136.768852459016,23458.98604651163,1.2846577764574945
0,11.6,85.0,58.0,38791.76470588235,28406.26724137931,1.3656058494505225
0,11.6,86.0,58.0,40731.3023255814,55459.127586206894,0.734438208792011
1,11.6,52.0,58.0,16818.188461538462,29590.243103448276,0.5683693913139418
0,14.4,104.0,72.0,25250.9,23168.262499999997,1.0898918293937667
0,10.0,62.0,50.0,20135.998387096774,19523.286,1.031383671124665
0,6.6,99.0,33.0,48428.9494949495,39197.503030303036,1.2355110849155304
0,9.0,72.0,45.0,42466.45277777778,34400.01111111111,1.2344895075938283
0,12.0,102.0,60.0,73238.93431372549,54195.9,1.351374076521019
0,10.4,71.0,52.0,64175.50422535211,76301.63461538461,0.8410764009033757
0,9.8,70.0,49.0,29403.27142857143,34793.602040816324,0.8450769596685762
0,15.8,79.0,79.0,50939.45696202532,57576.3088607595,0.8847294654684359
0,8.8,68.0,44.0,52635.589705882354,42123.41590909091,1.2495565369028572
0,13.2,86.0,66.0,65059.456976744186,57875.29393939394,1.1241317762441672
0,9.8,60.0,49.0,16107.788333333334,18852.469387755104,0.8544126502491779
0,8.2,58.0,41.0,41066.83275862069,43593.05609756098,0.9420498683715448
0,7.4,66.0,37.0,25426.21818181818,27742.927027027028,0.9164937123270404
1,10.2,70.0,51.0,20500.98285714286,38261.54117647059,0.5358117374987025
0,8.4,66.0,42.0,14825.266666666666,15212.061904761904,0.9745731222685757
0,13.4,66.0,67.0,64974.23636363636,78895.5671641791,0.8235473639276475
0,11.8,97.0,59.0,25347.28144329897,28735.733898305087,0.8820822719545722
0,4.0,37.0,20.0,42566.63243243243,27406.420000000002,1.5531628148598915
0,9.6,73.0,48.0,43825.08219178082,39252.53958333334,1.1164903636041166
1,2.0,2.0,10.0,10500.0,16130.0,0.6509609423434594
1,11.2,94.0,56.0,23267.12659574468,33558.96964285714,0.6933206484990213
0,11.2,96.0,56.0,43676.153125000004,54864.1,0.7960789136247566
1,8.0,69.0,40.0,23189.592753623187,40358.8975,0.5745843962566913
0,12.2,97.0,61.0,33845.49072164948,36452.78852459016,0.9284746679617704
0,13.0,110.0,65.0,20386.194545454546,23251.83846153846,0.8767562435622431
0,8.4,85.0,42.0,20496.77882352941,16789.864285714284,1.2207828767841302
0,11.8,92.0,59.0,19759.63913043478,20573.406779661018,0.9604456540454578
0,9.0,71.0,45.0,44346.83802816901,42711.85777777778,1.0382793054541841
0,12.0,76.0,60.0,26517.872368421053,26888.518333333333,0.9862154559683269
0,9.4,72.0,47.0,45161.48055555556,48529.44680851064,0.9305995333875423
0,13.0,106.0,65.0,63826.52358490566,50413.581538461534,1.266058106508682
0,8.0,75.0,40.0,21286.246666666666,26263.890000000003,0.8104757774521087
0,14.2,122.0,71.0,36304.65655737705,39946.270422535206,0.9088371999028029
1,9.0,68.0,45.0,24461.269117647058,36117.32888888889,0.6772723750668146
0,7.6,71.0,38.0,22334.95352112676,17841.60789473684,1.2518464508860454
0,9.4,63.0,47.0,50039.328571428574,26726.24680851064,1.8722916438642694
0,10.2,76.0,51.0,27921.314473684208,31522.390196078428,0.885761336624714
1,10.0,82.0,50.0,24416.55487804878,33520.86,0.7283988202584534
0,10.8,87.0,54.0,43887.488505747126,31013.766666666666,1.4150970108676617
0,7.6,58.0,38.0,15958.439655172413,15191.457894736843,1.0504876994525518
0,12.2,92.0,61.0,57623.852173913045,76658.96229508198,0.7516910019222877
0,12.8,96.0,64.0,65156.80625,62006.1203125,1.0508124991794534
0,7.4,67.0,37.0,19811.77910447761,26472.5,0.7483909379347478
0,12.6,96.0,63.0,19897.569791666665,20436.085714285713,0.9736487735397096
0,10.6,76.0,53.0,52428.51842105263,45784.95849056604,1.1451035481850549
0,3.6,56.0,18.0,51783.669642857145,24802.483333333334,2.0878421304395114
0,9.2,73.0,46.0,34359.55479452055,25876.554347826088,1.3278257349362714
0,9.4,69.0,47.0,17632.498550724635,22669.94255319149,0.7777919379086525
0,8.0,55.0,40.0,45326.865454545456,52782.0175,0.8587558339266864
0,7.2,55.0,36.0,12270.432727272728,14971.372222222222,0.8195930570118047
0,9.4,70.0,47.0,34924.16,43712.69361702128,0.798947790908975
0,9.8,76.0,49.0,31029.99342105263,33724.063265306126,0.9201143165027496
0,11.8,94.0,59.0,29813.201063829787,32709.008474576272,0.9114675881111679
0,8.2,52.0,41.0,17233.628846153846,12137.846341463415,1.4198259197995458
1,7.8,61.0,39.0,21352.727868852457,38946.041025641025,0.5482644013750819
0,6.4,63.0,32.0,28223.561904761907,28867.36875,0.9776977648772338
0,9.2,70.0,46.0,32221.837142857144,29999.767391304347,1.0740695660259312
0,9.4,63.0,47.0,31794.719047619048,27318.23829787234,1.1638641811721568
1,9.8,66.0,49.0,25576.757575757576,43722.31836734694,0.5849817331475043
0,9.4,63.0,47.0,47698.544444444444,50334.09574468085,0.9476388467649203
0,9.2,68.0,46.0,40606.93382352941,36306.95652173913,1.1184339783263197
0,9.8,67.0,49.0,30770.144776119403,34262.651020408164,0.8980666661721975
0,9.4,72.0,47.0,28983.13888888889,31813.770212765958,0.9110249648203841
0,11.0,82.0,55.0,26027.94512195122,28370.85090909091,0.9174185577074478
0,8.2,61.0,41.0,25331.740983606556,19792.048780487807,1.2798948337566807
0,8.4,65.0,42.0,19841.54,20646.75238095238,0.9610005309263443
0,9.4,65.0,47.0,21009.127692307695,24158.1085106383,0.86965118494505
0,9.0,71.0,45.0,35471.96056338028,35720.346666666665,0.9930463691854879
0,8.4,66.0,42.0,21573.87727272727,23124.895238095236,0.9329286489993318
0,8.2,58.0,41.0,21338.78448275862,22151.7243902439,0.9633012810576806
1,3.6,50.0,18.0,18036.526,32587.816666666666,0.5534745142484232
1,15.4,38.0,77.0,5538.368421052632,64297.548051948055,0.08613654157664
1,9.2,69.0,46.0,26108.176811594203,43586.53695652174,0.5989963560912748
0,7.6,55.0,38.0,15345.598181818183,18566.86315789474,0.826504620156752
0,7.6,59.0,38.0,53724.50847457627,41584.43157894737,1.2919380266766702
1,7.8,66.0,39.0,17039.21363636364,24755.597435897438,0.6882974115444099
0,9.0,81.0,45.0,37125.34814814815,46708.182222222225,0.7948360732926387
0,5.8,59.0,29.0,25485.569491525424,20680.210344827585,1.232365100091921
0,6.2,59.0,31.0,13895.006779661016,12681.090322580645,1.0957265050717921
0,7.8,57.0,39.0,18938.763157894737,16165.623076923079,1.1715455115943165
0,7.0,61.0,35.0,80614.68852459016,50196.42285714286,1.6059847283145365
0,4.0,24.0,20.0,28532.645833333332,18997.579999999998,1.5019094975956588
0,5.2,56.0,26.0,39020.317857142865,25145.584615384614,1.5517761250724467
1,13.8,97.0,69.0,27252.982474226803,45289.271014492755,0.6017536132455242
1,12.8,90.0,64.0,32025.176666666666,54711.4,0.5853474169307797
0,7.6,73.0,38.0,38000.799999999996,46177.89473684211,0.822921881054959
0,5.8,58.0,29.0,14671.691379310345,13745.73448275862,1.0673632171284233
0,6.8,67.0,34.0,15456.598507462686,11169.767647058823,1.3837887229044243
0,6.4,71.0,32.0,21080.654929577464,19692.784375,1.070476095617
0,9.0,85.0,45.0,39507.71411764706,36323.1,1.0876746235218653
0,9.0,85.0,45.0,34253.41176470588,44528.50666666667,0.769246811287014
0,8.0,70.0,40.0,65580.43142857144,48756.497500000005,1.34506034664552
0,8.8,62.0,44.0,64463.319354838706,54840.29318181818,1.1754736456480315
0,8.2,64.0,41.0,51705.9140625,42957.52195121951,1.2036521594801195
0,10.6,96.0,53.0,45196.290625,48026.80754716981,0.9410638127593678
0,5.6,60.0,28.0,22624.663333333334,24035.632142857143,0.9412967879880323
0,7.0,58.0,35.0,44364.57241379311,45654.385714285716,0.9717483155163993
0,9.0,82.0,45.0,37863.10975609756,27137.519999999997,1.3952310217034412
0,10.4,97.0,52.0,35288.353608247424,45666.10384615384,0.7727471940048052
0,6.4,71.0,32.0,24737.129577464788,32433.9875,0.7626915924989115
0,2.0,12.0,10.0,32916.666666666664,15970.0,2.061156334794406
0,10.2,84.0,51.0,34575.68095238096,36275.50784313725,0.9531411965862284
0,8.4,70.0,42.0,39161.95285714286,50018.69761904761,0.7829462725200906
0,13.2,134.0,66.0,37620.90373134328,38016.583333333336,0.9895919210171862
0,11.2,105.0,56.0,39480.46095238095,36211.57857142857,1.0902717448372046
0,10.8,104.0,54.0,51193.22596153846,56067.28703703704,0.9130676490146766
1,7.8,63.0,39.0,14123.125396825397,21349.73076923077,0.6615130443321395
0,8.0,68.0,40.0,34991.25294117647,19098.2075,1.8321747180292427
0,11.4,108.0,57.0,35455.48055555556,29747.426315789475,1.191883969361623
0,8.2,67.0,41.0,69630.45970149254,54043.295121951225,1.2884199518990866
0,7.2,61.0,36.0,39222.47704918033,29303.572222222225,1.3384879069261102
0,7.4,54.0,37.0,48502.148148148146,39137.605405405404,1.2392722458551175
0,9.4,83.0,47.0,48462.24578313253,41741.16595744681,1.1610180183403969
0,8.8,84.0,44.0,34741.60833333334,36923.20681818182,0.9409152488950604
0,9.8,69.0,49.0,23876.81304347826,23362.420408163267,1.0220179513221694
1,8.8,75.0,44.0,12820.634666666667,25016.120454545457,0.512494920623759
1,3.8,21.0,19.0,22050.128571428573,31465.23157894737,0.7007775714634112
0,6.6,63.0,33.0,13968.38253968254,16788.172727272726,0.8320370993676173
0,6.8,67.0,34.0,13764.643283582089,15152.805882352943,0.9083890726543579
0,8.2,70.0,41.0,23105.568571428572,23389.446341463416,0.9878629974437829
0,10.6,92.0,53.0,78336.83695652174,46543.62830188679,1.683084018470174
0,6.8,59.0,34.0,24109.593220338982,23301.70588235294,1.0346707379307314
0,8.0,62.0,40.0,35893.5435483871,38063.43,0.942992881839264
1,7.8,66.0,39.0,24164.354545454546,33029.52307692308,0.7315986515814269
0,6.6,74.0,33.0,28842.436486486484,23988.48181818182,1.2023452215565247
0,9.4,87.0,47.0,43434.7816091954,34466.72340425532,1.260194684007383
0,3.0,65.0,15.0,32471.156923076927,25912.95333333333,1.2530859182811633
0,7.0,55.0,35.0,24546.070909090908,23355.922857142858,1.0509570124557965
0,9.8,94.0,49.0,39283.993617021275,31160.49387755102,1.260698683769023
0,11.6,132.0,58.0,50799.642424242425,44403.02931034483,1.1440580341757751
0,6.8,58.0,34.0,13109.406896551724,13147.311764705883,0.9971169111349504
0,8.4,73.0,42.0,27250.57123287671,30222.90952380952,0.9016528078280746
0,13.0,79.0,65.0,47775.788607594935,63561.54461538461,0.7516461234019658
0,10.6,107.0,53.0,51855.86915887851,49108.70566037736,1.0559404582458312
0,8.0,72.0,40.0,50660.21388888889,52706.217500000006,0.9611809819000744
0,11.6,64.0,58.0,51460.609375,55132.410344827586,0.9334003184903004
0,6.6,64.0,33.0,20016.4828125,21701.600000000002,0.9223505553737972
1,8.0,70.0,40.0,22401.9,34798.2125,0.6437658256153244
0,6.6,60.0,33.0,14446.753333333332,17694.169696969697,0.8164696948626803
0,9.6,92.0,48.0,51299.41521739131,56059.44583333333,0.9150895884683955
0,2.8,15.0,14.0,17350.853333333333,20433.778571428575,0.8491260327932727
0,7.2,59.0,36.0,24988.132203389832,28532.661111111112,0.8757729293486411
0,7.4,72.0,37.0,66705.08194444444,52663.056756756756,1.2666390075408234
1,11.4,57.0,57.0,34761.08245614035,56257.68421052631,0.6178903903342016
1,8.6,81.0,43.0,26475.688888888886,36696.08604651163,0.7214853610091122
1,11.4,57.0,57.0,38689.90350877193,57828.649122807015,0.6690438752357616
0,7.4,62.0,37.0,21958.732258064516,26035.427027027028,0.8434174033431235
0,7.8,72.0,39.0,54080.44027777778,53513.5,1.010594341199469
0,9.8,88.0,49.0,17525.89886363636,22150.77755102041,0.7912091944975089
0,7.6,66.0,38.0,47845.64848484848,31876.873684210525,1.5009517231467941
0,8.6,73.0,43.0,57587.20958904109,55517.774418604655,1.0372751824457673
0,8.8,84.0,44.0,69044.81309523809,63606.80909090909,1.0854940545210625
0,1.4,12.0,7.0,19208.333333333332,14971.42857142857,1.2829993638676844
0,13.2,116.0,66.0,80930.82931034482,71114.98787878788,1.1380277452664067
0,4.4,103.0,22.0,59457.6854368932,42375.645454545454,1.4031098476286556
0,8.2,88.0,41.0,22700.95909090909,29711.8512195122,0.7640371824425751
0,10.0,107.0,50.0,24059.407476635515,30656.936,0.7847949148158679
1,7.4,74.0,37.0,17506.152702702704,28708.381081081083,0.6097924035932252
0,6.4,82.0,32.0,19226.06219512195,23178.553125,0.8294763737597168
0,8.6,70.0,43.0,28880.428571428572,28980.21627906977,0.99655669555119
0,8.0,83.0,40.0,55204.51686746989,45083.0,1.2245085035927044
0,6.0,62.0,30.0,72063.64677419355,45069.526666666665,1.5989439451444625
0,7.4,75.0,37.0,17149.288,19626.5,0.873782284156625
0,1.6,12.0,8.0,19625.0,18237.5,1.0760795065113091
0,9.0,96.0,45.0,32616.467708333334,30118.191111111115,1.0829490917301658
1,7.6,73.0,38.0,20927.201369863014,37880.02105263158,0.552460130388686
0,5.6,60.0,28.0,24769.233333333334,20505.14285714286,1.207952244268569
0,6.8,72.0,34.0,18802.544444444444,22980.682352941174,0.8181891275320642
0,5.2,66.0,26.0,23123.998484848482,26716.453846153843,0.865533974606344
0,6.4,56.0,32.0,33881.59642857143,35177.415625,0.9631633201755829
0,6.0,83.0,30.0,66496.34698795181,44086.42333333333,1.5083180253743684
0,8.6,98.0,43.0,46600.46020408163,41361.91395348837,1.1266514469442594
0,7.0,70.0,35.0,43581.11,36635.42571428571,1.189589288244735
0,7.0,66.0,35.0,69292.59696969697,65613.52285714285,1.05607188811618
0,6.6,75.0,33.0,61984.76533333333,52030.54242424242,1.1913149939496492
1,7.6,61.0,38.0,10160.34918032787,18477.610526315788,0.5498735437602993
0,7.0,64.0,35.0,45860.0828125,32521.62,1.410141401704466
0,8.4,83.0,42.0,48778.72891566265,40978.823809523805,1.1903398970745003
0,5.0,60.0,25.0,10814.4,13412.408000000001,0.8062981680843588
0,5.4,84.0,27.0,33039.909523809525,40830.8962962963,0.8091889358501915
0,6.2,51.0,31.0,27796.59411764706,27974.91290322581,0.9936257608309412
0,6.8,65.0,34.0,20889.85692307692,25662.464705882354,0.8140237955510385
0,8.6,70.0,43.0,38377.41,27045.383720930233,1.419000388236311
0,7.0,65.0,35.0,32988.03538461538,38887.83714285714,0.8482867088604482
0,6.8,78.0,34.0,37310.04358974359,32497.158823529415,1.1481017092094041
0,4.8,58.0,24.0,23103.453448275865,20470.033333333333,1.128647573360532
0,10.6,79.0,53.0,64298.36329113924,43371.20943396226,1.4825125729786488
0,7.0,75.0,35.0,59969.304,55511.165714285715,1.0803106587359412
0,5.8,76.0,29.0,25268.672368421056,25851.537931034483,0.977453350583305
0,5.4,65.0,27.0,16877.23230769231,12626.437037037036,1.336658335062096
0,5.2,57.0,26.0,15326.008771929824,16907.82307692308,0.9064448274744358
0,7.2,72.0,36.0,28102.705555555556,33172.45,0.8471700328301214
1,9.0,105.0,45.0,13722.780952380952,24298.23111111111,0.5647646073341442
0,6.8,71.0,34.0,49150.5676056338,50103.464705882354,0.9809814130451405
1,8.4,74.0,42.0,11617.048648648648,25862.51428571429,0.4491848132130592
0,2.8,25.0,14.0,26503.316000000003,24679.907142857144,1.0738823224329104
1,10.8,94.0,54.0,44229.52021276596,61436.659259259264,0.7199206588711125
0,5.0,54.0,25.0,14540.938888888888,11610.431999999999,1.2524029156614405
0,4.6,64.0,23.0,19568.65625,16191.082608695653,1.2086070291241904
0,8.4,86.0,42.0,61791.82441860466,67880.91428571429,0.910297468276866
0,5.6,92.0,28.0,56833.327173913036,61609.25,0.9224804258112708
0,7.0,70.0,35.0,39447.45,39085.34571428571,1.009264451397239
1,5.8,75.0,29.0,15167.831999999999,22301.162068965517,0.6801363961704794
0,6.8,70.0,34.0,32810.218571428566,42456.541176470586,0.7727953729215226
0,6.4,65.0,32.0,41088.00307692308,44839.93125,0.9163261836384523
0,7.2,61.0,36.0,39810.69016393443,41376.35555555556,0.9621603843403045
0,7.4,70.0,37.0,30653.739999999998,32931.95675675676,0.9308204862048068
0,7.6,84.0,38.0,23104.621428571427,24982.11315789474,0.9248465605188408
0,6.8,70.0,34.0,27550.014285714286,34424.57352941176,0.8003008159905315
0,12.8,94.0,64.0,49564.552127659575,58014.6421875,0.8543455627541369
0,5.2,61.0,26.0,17490.860655737706,13880.084615384616,1.2601407801470406
0,6.2,68.0,31.0,26035.551470588234,25011.464516129032,1.0409447017306326
0,6.8,72.0,34.0,14261.251388888888,18358.95588235294,0.7768007875980103
0,6.6,84.0,33.0,16828.52380952381,14257.148484848485,1.1803569155085958
0,6.2,74.0,31.0,66059.37297297297,62219.68064516129,1.0617118617131682
0,3.8,101.0,19.0,54705.65643564356,23774.505263157895,2.3010218648132312
0,5.8,62.0,29.0,20508.312903225808,24217.575862068963,0.8468359104160863
0,8.0,75.0,40.0,17016.326666666668,22908.1,0.7428082934275068
0,8.8,95.0,44.0,30202.12210526316,39569.193181818184,0.7632736398360748
0,6.8,75.0,34.0,42165.304,48550.06764705882,0.8684911482827642
0,9.2,75.0,46.0,32410.363999999998,28945.091304347825,1.1197188379617118
0,7.8,87.0,39.0,44452.29655172414,46517.89743589744,0.9555955664801975
1,9.0,53.0,45.0,14789.207547169812,54413.04222222222,0.27179527082442595
1,6.6,74.0,33.0,33471.01486486487,49444.43636363636,0.6769419843054565
0,7.6,95.0,38.0,50959.87789473685,54621.38947368421,0.932965608999906
0,6.8,72.0,34.0,59790.23472222223,51871.123529411765,1.152668973678972
0,7.4,80.0,37.0,38556.47375,34653.30540540541,1.1126348063750868
0,8.4,69.0,42.0,34373.495652173915,36314.759523809524,0.946543391802916
1,8.4,59.0,42.0,8869.933898305084,46093.961904761905,0.19243157957721016
0,6.0,75.0,30.0,37973.4,37072.39666666666,1.0243038868361989
1,7.0,78.0,35.0,23729.350000000002,38123.37714285714,0.6224356753883744
0,6.8,76.0,34.0,42600.27236842106,48806.06176470588,0.8728479788801041
0,7.6,110.0,38.0,24339.120000000003,25293.505263157895,0.962267576074241
0,6.6,66.0,33.0,48638.42878787879,47221.59090909091,1.030004026791802
0,6.4,75.0,32.0,52962.652,55388.240625,0.9562075162953418
0,5.8,70.0,29.0,17450.504285714287,22515.05517241379,0.7750593614842763
0,5.4,55.0,27.0,17935.53818181818,14833.62962962963,1.2091132534408573
0,5.8,70.0,29.0,41180.85142857143,35139.61034482758,1.1719211176350761
0,5.6,54.0,28.0,22854.675925925927,18419.62857142857,1.2407783271686998
0,7.0,74.0,35.0,39179.329729729725,31859.765714285717,1.2297431839607647
0,4.6,74.0,23.0,15899.444594594594,13868.856521739131,1.1464135179185508
0,4.2,69.0,21.0,35368.15362318841,28758.56666666667,1.2298301940125114
0,7.0,73.0,35.0,45480.501369863014,45920.18,0.9904251544715855
0,6.8,96.0,34.0,28931.306249999998,24268.764705882353,1.1921210906539268
0,3.8,59.0,19.0,15683.47966101695,16829.831578947367,0.9318857165888457
0,6.2,77.0,31.0,45206.64935064935,55995.44193548387,0.8073273071535891
0,6.2,76.0,31.0,34828.10657894737,32633.874193548385,1.0672378759685475
0,6.4,81.0,32.0,36598.30987654321,49751.69375,0.735619375301031
0,6.4,84.0,32.0,23859.307142857142,27853.98125,0.8565851656433187
1,10.0,45.0,50.0,8133.495555555555,61690.002,0.13184463108877117
0,7.4,67.0,37.0,20130.971641791046,27168.318918918918,0.7409722957783984
1,11.8,81.0,59.0,21144.716049382718,62494.01016949153,0.3383478831336894
0,3.0,11.0,15.0,30844.954545454544,29295.053333333333,1.0529065844149756
0,4.0,55.0,20.0,14460.95090909091,12277.3,1.177860841479064
0,3.4,92.0,17.0,79941.25108695652,26082.376470588235,3.0649527345448058
0,8.0,99.0,40.0,62822.40404040404,65246.777500000004,0.9628430161229654
0,6.0,68.0,30.0,57500.166176470586,61114.193333333336,0.9408643563836167
0,2.8,87.0,14.0,73876.68390804598,43696.37142857142,1.6906823494213703
0,3.4,63.0,17.0,55912.91746031746,25902.229411764707,2.1586140934618547
0,4.2,85.0,21.0,17610.98117647059,15300.833333333334,1.1509818316956977
0,2.8,24.0,14.0,26991.858333333334,27139.842857142856,0.9945473330634789
0,7.8,92.0,39.0,32137.22065217391,33360.65897435897,0.9633269138021106
0,8.2,86.0,41.0,59604.87441860465,57684.37804878049,1.033293179796445
1,6.2,70.0,31.0,22625.678571428572,36727.72580645161,0.6160381040378529
0,5.2,73.0,26.0,16382.398630136988,21056.196153846155,0.778032200614001
0,6.2,69.0,31.0,35224.139130434785,42651.68064516129,0.8258558302421986
0,3.2,21.0,16.0,32589.14285714286,40295.28125,0.8087582924400821
0,8.4,116.0,42.0,31866.022413793104,33874.583333333336,0.9407059593980669
1,7.0,77.0,35.0,2150.85974025974,18526.845714285715,0.11609422205104517
1,6.6,95.0,33.0,28429.03052631579,42282.64848484848,0.6723569015905666
0,6.0,56.0,30.0,14996.9625,15455.019999999999,0.970361895358272
0,5.8,73.0,29.0,44544.20821917809,37190.120689655174,1.1977430401716478
1,5.8,64.0,29.0,11037.0015625,24669.57931034483,0.44739318103701076
0,7.4,90.0,37.0,27790.29333333333,29414.970270270267,0.9447670039436008
1,5.8,68.0,29.0,21270.261764705883,29789.620689655174,0.7140158643272774
0,6.4,82.0,32.0,38244.31951219512,27143.784375,1.4089531136792757
1,8.6,101.0,43.0,27268.08811881188,42758.09302325582,0.6377292856344403
0,3.0,106.0,15.0,67166.91981132075,35496.35333333334,1.892220284731241
0,4.0,66.0,20.0,28372.042424242423,19421.145,1.4608841252275508
0,4.2,68.0,21.0,37028.92794117647,28035.438095238093,1.320790059188194
0,6.2,68.0,31.0,20069.25,23297.690322580645,0.8614265930279119
0,6.6,97.0,33.0,39959.65979381443,37706.0696969697,1.0597673031147514
0,5.2,58.0,26.0,63260.92068965517,45595.56538461538,1.3874358209186797
0,8.4,89.0,42.0,66609.97752808989,36520.038095238095,1.8239295740706052
0,4.4,73.0,22.0,16439.046575342465,12659.395454545454,1.2985648986452902
1,11.0,67.0,55.0,37539.58059701492,60424.53272727272,0.6212638956837372
0,4.0,63.0,20.0,16630.015873015873,20276.06,0.8201798511651609
0,3.8,55.0,19.0,19461.83090909091,17731.92631578947,1.0975587515137053
1,6.8,79.0,34.0,24608.556962025315,33766.67647058824,0.728782324297154
1,8.8,54.0,44.0,42257.83703703704,64032.12954545455,0.6599473941755979
0,7.4,79.0,37.0,67696.36455696203,67822.90810810811,0.998134206351866
0,3.6,66.0,18.0,25866.243939393942,22244.094444444447,1.16283645549141
0,2.8,60.0,14.0,31639.198333333337,13334.957142857142,2.372650920012956
0,3.8,66.0,19.0,51321.70606060606,41973.96315789474,1.2227033665500595
1,5.8,49.0,29.0,11916.938775510203,19453.724137931036,0.6125787890800022
0,6.2,73.0,31.0,44983.21369863014,46305.81290322581,0.9714377284044282
1,6.0,65.0,30.0,27322.523076923077,42473.84333333334,0.6432788024972642
0,5.6,77.0,28.0,21557.305194805194,18586.26785714286,1.1598512063044728
0,4.8,55.0,24.0,14002.792727272727,11955.824999999999,1.171210914116987
1,5.6,71.0,28.0,20809.384507042254,35024.139285714286,0.594144065533968
0,4.4,54.0,22.0,45368.55185185185,37434.604545454546,1.211941528506428
0,6.6,64.0,33.0,48573.771875,58384.63939393939,0.8319614949962711
0,6.0,82.0,30.0,48134.18292682927,45763.33666666667,1.051806673919594
0,6.4,84.0,32.0,42217.89404761905,38379.25625,1.1000185561860398
0,4.6,66.0,23.0,20423.31515151515,22210.108695652172,0.919550436757349
0,4.8,65.0,24.0,31005.026153846153,21776.066666666666,1.423812051480654
0,5.0,74.0,25.0,24679.866216216218,22562.384,1.093850109820674
0,3.6,67.0,18.0,17621.101492537313,14694.083333333334,1.199197057264816
0,6.4,75.0,32.0,15681.16,20275.103125,0.7734194940130544
0,5.0,71.0,25.0,15601.185915492957,12861.892,1.2129775242626013
0,10.6,116.0,53.0,64063.41379310345,59961.20754716981,1.0684143367644248
0,4.2,60.0,21.0,17933.530000000002,12111.261904761905,1.4807317471145511
0,5.8,64.0,29.0,37796.103125,45557.09655172414,0.8296424922972748
1,4.8,75.0,24.0,38039.42133333333,52243.60833333334,0.728116271958627
0,4.6,70.0,23.0,40223.68,40097.108695652176,1.0031566192292949
0,5.4,77.0,27.0,16363.425974025975,13274.077777777777,1.2327354297576965
0,5.4,75.0,27.0,42765.66533333333,39351.01111111111,1.0867742435532504
0,4.6,66.0,23.0,55527.062121212126,53920.078260869566,1.0298030698799776
0,4.8,76.0,24.0,41635.31578947369,28941.245833333334,1.438615187101581
0,5.4,84.0,27.0,45106.509523809524,37373.32592592593,1.206917190437126
0,4.8,77.0,24.0,60028.17402597403,65218.78333333333,0.9204123560412023
0,11.4,101.0,57.0,52760.199009900985,67436.5350877193,0.7823681768535735
0,3.6,62.0,18.0,15632.620967741936,19366.255555555555,0.8072092678368813
1,4.8,64.0,24.0,17146.4453125,26643.25,0.6435568225535548
0,2.6,25.0,13.0,58377.872,41270.976923076916,1.4145018207058158
1,5.4,101.0,27.0,15640.560396039606,26195.522222222222,0.5970699978170844
0,5.4,76.0,27.0,25334.535526315787,31102.414814814812,0.8145520428930924
0,12.0,107.0,60.0,57407.55327102804,74872.925,0.7667331451392881
0,2.8,73.0,14.0,18296.153424657532,21585.428571428572,0.847615944437403
0,6.2,96.0,31.0,56624.78125,59628.37741935484,0.9496280747632772
0,5.0,77.0,25.0,22897.89090909091,27641.936,0.8283750786880814
0,3.8,79.0,19.0,23003.88481012658,26265.77894736842,0.8758120159399022
0,6.2,108.0,31.0,52706.914814814816,45456.87741935484,1.1594926402131842
0,3.4,71.0,17.0,14203.488732394368,11494.435294117648,1.2356839086878062
0,4.8,74.0,24.0,28737.23378378378,32824.049999999996,0.8754932369340098
0,5.8,100.0,29.0,57353.327000000005,49205.84482758621,1.1655795607404362
0,4.8,77.0,24.0,25997.94025974026,28534.587499999998,0.9111027191032729
0,5.6,85.0,28.0,29373.15294117647,27836.860714285714,1.0551891336691692
1,6.6,101.0,33.0,23152.652475247523,56362.796969696974,0.4107789840113039
0,3.6,58.0,18.0,16121.008620689656,16219.677777777779,0.9939167005386933
0,4.8,72.0,24.0,40860.58888888889,49330.387500000004,0.8283046406008646
0,4.8,77.0,24.0,26444.455844155844,33211.35833333333,0.7962473434160706
0,4.8,65.0,24.0,45204.21846153846,31489.641666666666,1.4355266071315556
0,4.0,69.0,20.0,25026.03043478261,23424.59,1.0683657829137077
1,5.2,105.0,26.0,26576.248571428572,37990.25769230769,0.6995543117047548
0,4.6,60.0,23.0,32890.956666666665,28754.865217391307,1.143839709141596
0,4.8,73.0,24.0,51529.85068493151,45784.083333333336,1.125497049045753
0,1.4,12.0,7.0,27933.333333333332,16157.142857142857,1.7288535219569703
0,1.4,11.0,7.0,31490.909090909092,21457.14285714286,1.4676189323326474
1,6.2,94.0,31.0,23464.953191489363,35997.41935483871,0.6518509829881803
0,2.4,18.0,12.0,25960.944444444445,32259.058333333334,0.8047644843252899
0,5.0,73.0,25.0,32411.402739726025,40098.556000000004,0.8082935141037503
0,3.0,23.0,15.0,44285.78695652174,29166.786666666667,1.5183635915276832
0,2.8,68.0,14.0,21444.607352941177,20995.81428571429,1.0213753589701091
0,4.4,52.0,22.0,40042.49615384616,29017.17272727273,1.3799585690238843
0,3.8,64.0,19.0,14256.2421875,18798.63157894737,0.7583659548637358
0,5.0,67.0,25.0,32474.698507462683,30942.296000000002,1.0495245248595217
0,4.6,62.0,23.0,31114.68064516129,36353.46956521739,0.855893014264902
0,4.6,60.0,23.0,29438.763333333332,37279.669565217395,0.7896733977706774
1,7.8,55.0,39.0,18892.99818181818,53986.94358974358,0.3499549506893638
0,5.2,72.0,26.0,17310.37638888889,17434.62692307692,0.992873347119142
0,3.0,61.0,15.0,20743.627868852458,20051.52,1.0345164789927377
0,2.0,53.0,10.0,45995.61509433963,26397.26,1.742438991559716
0,3.4,62.0,17.0,14090.274193548386,17147.529411764706,0.8217087053882657
0,6.8,96.0,34.0,63303.963541666664,47637.48235294117,1.3288687901819445
0,3.6,64.0,18.0,21231.046875,19357.07777777778,1.0968105371448973
0,5.2,79.0,26.0,17098.124050632912,23229.430769230767,0.7360543708751031
0,4.0,73.0,20.0,24357.327397260273,21619.03,1.1266614365797296
0,5.0,77.0,25.0,55866.2961038961,46003.53599999999,1.214391348175847
0,4.6,72.0,23.0,23948.969444444447,23563.695652173912,1.0163503126995697
1,5.0,79.0,25.0,34816.17974683545,63661.232,0.5468976746607016
0,3.4,60.0,17.0,14768.781666666668,12220.329411764706,1.2085420260806166
0,2.4,79.0,12.0,60188.42658227848,47427.10833333333,1.2690722394301253
0,8.6,92.0,43.0,52171.22173913044,65749.66511627907,0.7934826990656912
0,4.6,74.0,23.0,41423.18243243243,50002.79565217392,0.8284173293144965
0,4.0,73.0,20.0,13560.697260273973,12062.185000000001,1.1242322398698057
1,5.4,75.0,27.0,19738.284,34367.92592592593,0.5743228160623493
0,4.8,65.0,24.0,28840.346153846152,17729.604166666668,1.626677385616354
0,7.2,105.0,36.0,22022.431428571428,22268.975,0.9889288316400476
0,5.0,71.0,25.0,56345.24366197183,44124.636,1.2769565659866708
