account_id,churned,district_id,frequency,tenure_days,tx_count,tx_amount_mean,tx_amount_std,balance_mean,balance_min,balance_last,tx_count_per_year,has_loan,has_card,n_orders,order_amount_sum,district_name,region,n_inhabitants,n_muni_lt499,n_muni_500_1999,n_muni_2000_9999,n_muni_gt10000,n_cities,urban_ratio,avg_salary,unemp_95,unemp_96,n_entrepreneurs_per1000,crimes_95,crimes_96
576,0,55,POPLATEK MESICNE,1825,295,2438.7200000000003,2551.857376855048,27017.184745762712,900.0,39623.1,59.0,0.0,0.0,1.0,3662.0,Brno - venkov,south Moravia,157042,49,70,18,0,9,33.9,8743,1.88,2.43,111,3659,3894
3818,0,74,POPLATEK MESICNE,1825,465,4879.491827956989,6289.0362985140955,44436.76924731183,600.0,68648.6,93.0,0.0,0.0,3.0,9135.0,Ostrava - mesto,north Moravia,323870,0,0,0,1,1,100.0,10673,4.75,5.44,100,18782,18347
704,0,55,POPLATEK MESICNE,1825,402,5594.265174129354,7334.015572922614,34271.866915422885,1000.0,49038.9,80.4,0.0,0.0,2.0,3338.0,Brno - venkov,south Moravia,157042,49,70,18,0,9,33.9,8743,1.88,2.43,111,3659,3894
2378,0,16,POPLATEK MESICNE,1825,367,12689.866757493188,14782.615112026453,54981.70217983651,700.0,18234.7,73.4,0.0,0.0,1.0,9612.0,Jindrichuv Hradec,south Bohemia,93931,74,21,10,1,8,56.9,8427,1.12,1.54,107,1874,1913
2632,0,24,POPLATEK MESICNE,1824,468,3922.6376068376067,5298.952229892766,32210.223076923077,1100.0,47545.1,93.6,0.0,0.0,3.0,4383.0,Karlovy Vary,west Bohemia,122603,25,21,6,2,8,80.0,8991,1.39,2.01,128,5198,5273
1972,0,77,POPLATEK MESICNE,1824,307,2035.217263843648,1999.3259883539558,22784.002280130295,400.0,22238.9,61.4,0.0,0.0,1.0,2736.0,Vsetin,north Moravia,148545,8,35,12,3,4,53.5,8909,4.01,5.56,113,3460,3590
1539,0,1,POPLATEK PO OBRATU,1823,362,7365.15635359116,9649.796268819566,21217.570718232044,-14063.1,-6806.7,72.4,0.0,0.0,0.0,0.0,Hl.m. Praha,Prague,1204953,0,0,0,1,1,100.0,12541,0.29,0.43,167,85677,99107
793,1,47,POPLATEK MESICNE,1823,420,966.6661904761904,1142.631913202578,24286.43619047619,800.0,14920.8,84.0,0.0,0.0,3.0,2267.0,Pardubice,east Bohemia,162580,83,26,5,1,6,72.8,9538,1.51,1.81,111,6079,5410
2484,0,74,POPLATEK MESICNE,1823,508,3781.194094488189,5487.587794063865,30731.24409448819,1100.0,37447.4,101.6,0.0,0.0,4.0,4870.0,Ostrava - mesto,north Moravia,323870,0,0,0,1,1,100.0,10673,4.75,5.44,100,18782,18347
1695,0,76,POPLATEK MESICNE,1823,364,12576.83324175824,14079.882497096078,57795.136538461535,200.0,101761.8,72.8,0.0,0.0,1.0,14658.0,Sumperk,north Moravia,127369,31,32,13,2,7,51.2,8369,4.73,5.88,107,3736,2807
1726,0,48,POPLATEK MESICNE,1823,506,3684.967391304348,5255.7403118728635,26989.85039525692,1000.0,34807.9,101.2,0.0,0.0,4.0,6709.0,Rychnov nad Kneznou,east Bohemia,78955,50,24,8,1,9,59.0,9060,1.78,2.44,124,1655,1717
2881,0,70,POPLATEK MESICNE,1822,350,3165.636857142857,3264.329815294651,35191.300285714286,700.0,54861.8,70.0,0.0,0.0,1.0,4639.0,Karvina,north Moravia,285387,0,2,8,5,7,89.9,10177,6.63,7.75,81,9878,10108
2357,0,19,POPLATEK MESICNE,1822,299,2526.076254180602,2720.3385465767474,22643.33779264214,800.0,29626.2,59.8,0.0,0.0,1.0,3869.0,Prachatice,south Bohemia,51428,50,11,3,1,4,52.7,8402,3.13,3.98,120,999,1099
2177,0,62,POPLATEK MESICNE,1822,295,2063.7783050847456,2067.5280952455696,21345.31084745763,800.0,17417.4,59.0,0.0,1.0,1.0,3168.0,Uherske Hradiste,south Moravia,145688,22,41,13,2,5,40.7,8544,1.29,1.86,109,2719,2906
485,0,6,POPLATEK PO OBRATU,1822,498,8875.851807228915,11703.41647030091,47909.182128514054,300.0,81816.3,99.6,0.0,0.0,4.0,15213.6,Kutna Hora,central Bohemia,77963,60,23,4,2,4,51.5,8546,2.95,4.02,126,2640,3120
652,0,21,POPLATEK MESICNE,1821,335,5403.005671641791,5711.755605844485,45117.927761194034,700.0,53219.6,67.0,0.0,1.0,1.0,7591.0,Tabor,south Bohemia,103347,87,16,7,1,7,67.0,9104,1.51,2.07,123,2299,2354
9635,0,70,POPLATEK MESICNE,1821,344,1552.6767441860466,1914.4381428149054,7398.8348837209305,-2725.6,8620.4,68.8,0.0,0.0,0.0,0.0,Karvina,north Moravia,285387,0,2,8,5,7,89.9,10177,6.63,7.75,81,9878,10108
1844,0,44,POPLATEK MESICNE,1820,266,1367.6857142857143,1376.3738488763217,27716.843984962405,500.0,39256.8,53.2,0.0,0.0,1.0,2161.0,Chrudim,east Bohemia,105606,77,26,7,2,7,53.0,8254,2.79,3.76,97,2166,2325
1926,0,37,POPLATEK MESICNE,1820,382,1828.5528795811517,1908.4517302371648,20320.202094240838,700.0,18686.5,76.4,0.0,0.0,2.0,3004.0,Litomerice,north Bohemia,114006,71,26,6,2,9,62.3,9065,4.46,5.39,123,4147,4166
2393,0,10,POPLATEK MESICNE,1819,342,4152.466374269005,4433.457409848027,30276.71842105263,900.0,35922.3,68.4,0.0,0.0,2.0,5545.0,Praha - vychod,central Bohemia,92084,55,29,4,3,5,46.7,10124,0.56,0.54,141,3810,4316
3510,0,41,POPLATEK MESICNE,1819,315,13086.819047619048,15454.834919114746,61598.74793650794,500.0,75809.4,63.0,0.0,0.0,0.0,0.0,Usti nad Labem,north Bohemia,118650,8,8,5,1,3,85.6,9832,3.32,4.48,114,6445,5471
1276,1,36,POPLATEK MESICNE,1819,457,2169.009409190372,2638.630693542938,29834.223851203504,400.0,33522.7,91.4,0.0,0.0,3.0,4516.0,Liberec,north Bohemia,159617,29,19,8,1,9,85.2,9198,3.33,4.28,131,5796,6132
1637,0,1,POPLATEK MESICNE,1818,354,1883.017231638418,2088.8353305612227,21211.168079096045,500.0,30902.3,70.8,0.0,0.0,2.0,3343.0,Hl.m. Praha,Prague,1204953,0,0,0,1,1,100.0,12541,0.29,0.43,167,85677,99107
3871,0,26,POPLATEK MESICNE,1818,352,1389.29375,1587.8280647861882,32437.41619318182,300.0,40205.3,70.4,0.0,0.0,2.0,1658.0,Plzen - mesto,west Bohemia,170449,0,0,0,1,1,100.0,10787,2.64,3.09,131,6041,6261
192,0,55,POPLATEK MESICNE,1818,284,2360.985211267606,2423.95874783984,24916.3,300.0,32458.4,56.8,0.0,1.0,1.0,3583.0,Brno - venkov,south Moravia,157042,49,70,18,0,9,33.9,8743,1.88,2.43,111,3659,3894
764,0,1,POPLATEK MESICNE,1818,291,2504.816151202749,2590.716466762049,24679.279037800687,1100.0,20535.3,58.2,0.0,0.0,1.0,2360.0,Hl.m. Praha,Prague,1204953,0,0,0,1,1,100.0,12541,0.29,0.43,167,85677,99107
2087,0,7,POPLATEK TYDNE,1818,305,9984.826229508197,12762.609859312484,45794.57737704918,600.0,25633.8,61.0,0.0,0.0,1.0,4619.9,Melnik,central Bohemia,94725,38,28,1,3,6,63.4,9920,2.26,2.87,130,4289,4846
2122,0,68,POPLATEK MESICNE,1818,399,12320.721553884712,14365.902954066789,59401.23984962406,300.0,91931.1,79.8,0.0,1.0,1.0,7663.0,Frydek - Mistek,north Moravia,228848,15,40,18,2,6,57.2,9893,4.09,4.72,96,5623,5887
3592,0,54,POPLATEK MESICNE,1818,295,2408.400338983051,2523.751656854547,23578.093898305084,600.0,22442.7,59.0,0.0,0.0,1.0,3360.0,Brno - mesto,south Moravia,387570,0,0,0,1,1,100.0,9897,1.60,1.96,140,18721,18696
3487,0,41,POPLATEK MESICNE,1818,388,5296.663402061856,6417.6276310287285,44002.253350515464,800.0,68300.0,77.6,0.0,0.0,2.0,8275.0,Usti nad Labem,north Bohemia,118650,8,8,5,1,3,85.6,9832,3.32,4.48,114,6445,5471
435,0,38,POPLATEK MESICNE,1818,280,2050.0110714285715,2087.7359823396814,22645.631071428572,400.0,32139.4,56.0,0.0,0.0,1.0,3189.0,Louny,north Bohemia,85852,41,23,4,2,4,59.8,8965,7.08,8.23,104,2653,2822
1730,0,1,POPLATEK MESICNE,1817,309,2447.338834951456,2683.7844476427367,35583.538511326864,900.0,51441.1,61.8,0.0,0.0,1.0,1978.0,Hl.m. Praha,Prague,1204953,0,0,0,1,1,100.0,12541,0.29,0.43,167,85677,99107
1493,0,41,POPLATEK MESICNE,1817,340,1746.2632352941177,2126.343965250184,19119.944411764704,200.0,17043.7,68.0,0.0,0.0,2.0,2315.0,Usti nad Labem,north Bohemia,118650,8,8,5,1,3,85.6,9832,3.32,4.48,114,6445,5471
374,0,38,POPLATEK MESICNE,1817,307,9756.391530944626,10569.18059696067,45339.955048859934,400.0,14837.4,61.4,0.0,1.0,0.0,0.0,Louny,north Bohemia,85852,41,23,4,2,4,59.8,8965,7.08,8.23,104,2653,2822
2925,0,1,POPLATEK MESICNE,1816,329,2761.0434650455927,2825.6329463871793,26595.863525835866,1000.0,20698.4,65.8,0.0,0.0,1.0,4297.0,Hl.m. Praha,Prague,1204953,0,0,0,1,1,100.0,12541,0.29,0.43,167,85677,99107
866,0,9,POPLATEK MESICNE,1816,521,3188.485028790787,4787.56357478239,34076.56238003839,500.0,38554.9,104.2,0.0,0.0,4.0,4851.0,Nymburk,central Bohemia,81344,61,23,4,2,6,55.3,8899,3.39,3.97,149,2987,2487
1628,0,60,POPLATEK MESICNE,1816,277,1817.1606498194947,1800.5273943167545,17798.931407942237,700.0,19878.4,55.4,0.0,0.0,1.0,2850.0,Prostejov,south Moravia,110643,49,41,4,1,4,51.9,8441,3.45,4.48,115,1879,2252
2379,0,44,POPLATEK MESICNE,1816,407,1749.055773955774,2389.2686604343644,20843.26117936118,800.0,19553.9,81.4,0.0,0.0,3.0,3381.0,Chrudim,east Bohemia,105606,77,26,7,2,7,53.0,8254,2.79,3.76,97,2166,2325
1979,0,26,POPLATEK MESICNE,1815,296,1177.9810810810811,1206.8131084354814,20228.953378378377,900.0,19018.7,59.2,0.0,0.0,1.0,2014.0,Plzen - mesto,west Bohemia,170449,0,0,0,1,1,100.0,10787,2.64,3.09,131,6041,6261
346,0,37,POPLATEK MESICNE,1815,346,7330.371387283237,8239.448463599327,45839.39710982659,800.0,53492.4,69.2,0.0,0.0,1.0,7875.0,Litomerice,north Bohemia,114006,71,26,6,2,9,62.3,9065,4.46,5.39,123,4147,4166
1338,0,74,POPLATEK MESICNE,1815,474,7549.436497890295,11952.858328892205,48200.83164556962,400.0,28467.1,94.8,0.0,0.0,3.0,5599.0,Ostrava - mesto,north Moravia,323870,0,0,0,1,1,100.0,10673,4.75,5.44,100,18782,18347
1909,0,14,POPLATEK MESICNE,1814,404,915.3056930693069,1094.9651630894105,19169.461386138613,800.0,16847.1,80.8,0.0,0.0,3.0,2127.0,Ceske Budejovice,south Bohemia,177686,69,27,10,1,9,74.8,10045,1.42,1.71,135,6604,6295
2099,0,3,POPLATEK TYDNE,1814,334,12818.744311377244,14816.082438695554,65446.06047904192,149.6,85903.6,66.8,0.0,0.0,0.0,0.0,Beroun,central Bohemia,75232,55,26,4,1,5,41.7,8980,1.95,2.21,111,2824,2813
3760,0,44,POPLATEK MESICNE,1813,326,13861.367791411045,16076.060802494905,54356.76349693251,1000.0,80742.2,65.2,0.0,0.0,1.0,2947.8,Chrudim,east Bohemia,105606,77,26,7,2,7,53.0,8254,2.79,3.76,97,2166,2325
5270,0,44,POPLATEK MESICNE,1813,383,15212.694778067884,18800.30091075251,65869.15665796345,800.0,36134.6,76.6,1.0,0.0,1.0,3317.0,Chrudim,east Bohemia,105606,77,26,7,2,7,53.0,8254,2.79,3.76,97,2166,2325
1699,0,53,POPLATEK MESICNE,1812,335,1797.1459701492538,2072.5161680581527,19016.692537313433,800.0,24332.6,67.0,0.0,0.0,2.0,3482.0,Blansko,south Moravia,107911,88,33,6,2,7,50.9,8240,2.53,3.56,99,1850,1903
3909,0,1,POPLATEK MESICNE,1812,458,6754.862008733624,9185.132933658026,44675.029694323144,700.0,54348.4,91.6,0.0,0.0,3.0,9609.0,Hl.m. Praha,Prague,1204953,0,0,0,1,1,100.0,12541,0.29,0.43,167,85677,99107
2926,0,50,POPLATEK MESICNE,1812,511,2760.7767123287667,3897.594706510841,39476.49745596869,600.0,42911.3,102.2,0.0,0.0,4.0,4008.0,Svitavy,east Bohemia,102609,75,33,2,3,6,52.0,8187,4.83,5.45,94,2123,2134
1731,0,33,POPLATEK MESICNE,1812,281,1936.4017793594307,1906.878994652472,21117.314946619215,200.0,27032.3,56.2,0.0,0.0,1.0,2631.0,Decin,north Bohemia,133777,24,17,7,3,11,84.7,8705,5.75,7.61,116,4650,4859
11265,0,15,POPLATEK MESICNE,1812,410,2654.733902439024,2984.748504203762,20970.001951219514,1000.0,23243.1,82.0,1.0,0.0,3.0,7512.0,Cesky Krumlov,south Bohemia,58796,22,16,7,1,5,51.9,9045,3.13,3.60,124,1845,1879
2519,0,4,POPLATEK MESICNE,1811,310,2023.5409677419354,2334.346177347065,25853.60935483871,500.0,39621.8,62.0,0.0,0.0,1.0,1599.0,Kladno,central Bohemia,149893,63,29,6,2,6,67.4,9753,4.64,5.05,109,5244,5892
10364,0,55,POPLATEK MESICNE,1809,402,4660.525373134328,5591.569800322028,41076.97935323383,1100.0,66238.8,80.4,1.0,0.0,2.0,6871.0,Brno - venkov,south Moravia,157042,49,70,18,0,9,33.9,8743,1.88,2.43,111,3659,3894
1481,0,15,POPLATEK MESICNE,1809,284,1239.6852112676056,1260.1683694477067,17775.338028169015,1000.0,23764.2,56.8,0.0,0.0,1.0,2065.0,Cesky Krumlov,south Bohemia,58796,22,16,7,1,5,51.9,9045,3.13,3.60,124,1845,1879
401,0,32,POPLATEK MESICNE,1808,372,4363.010483870968,5315.304533667948,28667.187365591395,300.0,47178.1,74.4,0.0,0.0,2.0,5369.0,Ceska Lipa,north Bohemia,105058,32,19,7,2,10,81.0,9272,2.80,3.22,118,4340,4505
4034,0,1,POPLATEK MESICNE,1808,298,2839.012080536913,4709.150141902267,33368.83187919463,-2994.6,58918.0,59.6,0.0,0.0,0.0,0.0,Hl.m. Praha,Prague,1204953,0,0,0,1,1,100.0,12541,0.29,0.43,167,85677,99107
2330,0,54,POPLATEK MESICNE,1807,329,1181.9103343465047,1368.011605179236,19020.17416413374,200.0,20667.0,65.8,0.0,0.0,2.0,2263.0,Brno - mesto,south Moravia,387570,0,0,0,1,1,100.0,9897,1.60,1.96,140,18721,18696
1806,0,40,POPLATEK MESICNE,1807,286,2022.4468531468533,1993.8762817486668,22549.821678321678,400.0,25794.0,57.2,0.0,0.0,1.0,2552.0,Teplice,north Bohemia,128118,9,16,6,3,8,85.3,9317,6.49,7.07,97,6949,6872
3834,0,54,POPLATEK MESICNE,1807,559,3326.998389982111,4700.519431593651,24652.533094812166,700.0,24797.9,111.8,1.0,0.0,5.0,8861.0,Brno - mesto,south Moravia,387570,0,0,0,1,1,100.0,9897,1.60,1.96,140,18721,18696
1222,0,66,POPLATEK MESICNE,1806,300,2426.5036666666665,2699.225926253008,32995.08533333333,700.0,33383.9,60.0,0.0,0.0,1.0,1727.0,Zdar nad Sazavou,south Moravia,125832,151,41,2,3,5,48.3,8512,3.51,4.12,102,2247,2103
212,0,27,POPLATEK TYDNE,1806,363,17542.405785123967,19393.99308256616,58635.412121212124,200.0,51197.1,72.6,0.0,0.0,1.0,13841.0,Plzen - jih,west Bohemia,67298,71,19,10,0,7,43.8,8561,0.65,1.29,110,1029,1127
456,0,49,POPLATEK MESICNE,1805,327,18633.524159021406,21109.57530759421,65952.89143730886,700.0,62556.9,65.4,0.0,0.0,1.0,4783.1,Semily,east Bohemia,75685,31,28,5,1,9,60.8,8208,1.89,2.26,155,1660,2123
459,0,47,POPLATEK MESICNE,1805,49,1704.0816326530612,2035.9231304735645,17059.183673469386,1000.0,8100.0,9.8,0.0,0.0,0.0,0.0,Pardubice,east Bohemia,162580,83,26,5,1,6,72.8,9538,1.51,1.81,111,6079,5410
772,0,45,POPLATEK MESICNE,1805,463,6547.394600431966,9515.710022856061,57884.62440604752,500.0,72017.3,92.6,0.0,0.0,3.0,5165.0,Jicin,east Bohemia,77917,85,19,6,1,5,53.5,8390,2.28,2.89,132,2080,2122
1019,0,52,POPLATEK MESICNE,1805,463,5504.2343412527,7310.092301666451,40461.40863930885,1100.0,41152.3,92.6,0.0,1.0,3.0,9364.0,Usti nad Orlici,east Bohemia,139012,59,41,8,3,10,61.9,8363,2.52,3.49,108,2564,2799
11295,0,74,POPLATEK MESICNE,1805,466,5147.624463519313,7226.562433304924,48106.14871244635,-1370.1,85914.5,93.2,0.0,0.0,0.0,0.0,Ostrava - mesto,north Moravia,323870,0,0,0,1,1,100.0,10673,4.75,5.44,100,18782,18347
2970,0,60,POPLATEK MESICNE,1804,255,4902.841960784313,4953.148494716535,32971.570196078435,400.0,21313.1,51.0,0.0,0.0,0.0,0.0,Prostejov,south Moravia,110643,49,41,4,1,4,51.9,8441,3.45,4.48,115,1879,2252
2676,0,73,POPLATEK MESICNE,1804,454,4295.296696035242,5688.198266071531,35236.69317180617,200.0,45144.3,90.8,0.0,0.0,3.0,5197.0,Opava,north Moravia,182027,17,49,12,2,7,56.4,8746,3.33,3.74,90,4355,4433
1536,0,41,POPLATEK TYDNE,1804,355,10207.715774647888,10803.544268440144,36508.06676056338,300.0,56307.1,71.0,0.0,1.0,1.0,13204.0,Usti nad Labem,north Bohemia,118650,8,8,5,1,3,85.6,9832,3.32,4.48,114,6445,5471
1179,0,74,POPLATEK MESICNE,1803,270,1799.2485185185185,1723.0359634968077,17856.053703703703,700.0,21061.5,54.0,0.0,1.0,1.0,2808.0,Ostrava - mesto,north Moravia,323870,0,0,0,1,1,100.0,10673,4.75,5.44,100,18782,18347
280,0,25,POPLATEK MESICNE,1803,399,3980.3370927318297,4376.774962485364,29621.64987468672,300.0,41536.3,79.8,0.0,1.0,3.0,8985.0,Klatovy,west Bohemia,88757,60,33,3,2,10,61.7,8554,2.47,2.68,113,1822,2218
2425,0,41,POPLATEK MESICNE,1803,343,3553.7679300291543,3628.059292235225,28283.9110787172,900.0,25208.5,68.6,0.0,1.0,1.0,5936.0,Usti nad Labem,north Bohemia,118650,8,8,5,1,3,85.6,9832,3.32,4.48,114,6445,5471
9307,0,68,POPLATEK MESICNE,1802,527,7545.034155597723,11477.56601610299,55774.35142314991,900.0,79091.0,105.4,1.0,0.0,3.0,10880.5,Frydek - Mistek,north Moravia,228848,15,40,18,2,6,57.2,9893,4.09,4.72,96,5623,5887
4055,0,23,POPLATEK MESICNE,1802,290,8929.805517241379,9816.899275985692,40470.65620689656,200.0,32171.8,58.0,0.0,0.0,0.0,0.0,Cheb,west Bohemia,87419,21,11,4,3,9,85.5,8624,1.79,2.66,102,2879,3198
5065,0,66,POPLATEK MESICNE,1802,304,10141.154934210526,13104.351886287455,40433.524342105266,-5.0,47838.1,60.8,0.0,0.0,1.0,1541.3,Zdar nad Sazavou,south Moravia,125832,151,41,2,3,5,48.3,8512,3.51,4.12,102,2247,2103
3704,0,75,POPLATEK MESICNE,1802,308,2306.556168831169,2406.178153486066,25495.213636363635,500.0,38573.1,61.6,0.0,0.0,1.0,3046.0,Prerov,north Moravia,138032,67,30,4,2,5,64.6,8819,5.38,5.66,99,4063,4505
477,1,1,POPLATEK MESICNE,1801,455,4603.95934065934,6568.7150326942965,41884.05230769231,1000.0,26665.8,91.0,0.0,0.0,3.0,3377.0,Hl.m. Praha,Prague,1204953,0,0,0,1,1,100.0,12541,0.29,0.43,167,85677,99107
5891,0,54,POPLATEK MESICNE,1801,380,11021.50710526316,12971.94384123014,62626.13157894737,900.0,77786.7,76.0,1.0,0.0,1.0,5432.3,Brno - mesto,south Moravia,387570,0,0,0,1,1,100.0,9897,1.60,1.96,140,18721,18696
1000,0,77,POPLATEK MESICNE,1801,479,8339.240501043842,11410.584575006535,56613.604801670146,200.0,49199.6,95.8,0.0,0.0,3.0,7506.0,Vsetin,north Moravia,148545,8,35,12,3,4,53.5,8909,4.01,5.56,113,3460,3590
1750,0,1,POPLATEK MESICNE,1800,404,7867.051237623763,9803.977411058702,57771.645544554456,1100.0,49781.2,80.8,0.0,0.0,2.0,9545.0,Hl.m. Praha,Prague,1204953,0,0,0,1,1,100.0,12541,0.29,0.43,167,85677,99107
2023,0,68,POPLATEK MESICNE,1800,504,5904.129166666667,8521.726683593137,48970.23908730159,200.0,84319.4,100.8,0.0,0.0,4.0,8631.0,Frydek - Mistek,north Moravia,228848,15,40,18,2,6,57.2,9893,4.09,4.72,96,5623,5887
6473,0,12,POPLATEK MESICNE,1800,389,11846.670179948587,13838.776430515783,45846.8940874036,-1056.9,25774.6,77.8,1.0,0.0,1.0,6408.8,Pribram,central Bohemia,107870,84,29,6,1,6,58.0,8754,3.83,4.31,137,3804,3868
1649,1,46,POPLATEK MESICNE,1800,159,4189.4257861635215,9920.89425926135,28706.284905660377,700.0,15296.9,31.8,0.0,0.0,0.0,0.0,Nachod,east Bohemia,112709,48,20,7,3,10,73.5,8369,1.79,2.31,117,2854,2618
2670,0,13,POPLATEK MESICNE,1799,360,8590.301944444445,10180.588717298042,42219.058333333334,1100.0,48702.3,72.0,0.0,0.0,2.0,8732.0,Rakovnik,central Bohemia,53921,61,22,1,1,2,41.3,8598,2.77,3.26,123,1597,1875
1127,0,27,POPLATEK MESICNE,1799,342,8542.952923976607,9767.182133526443,57287.49239766081,600.0,95298.3,68.4,0.0,0.0,1.0,6260.0,Plzen - jih,west Bohemia,67298,71,19,10,0,7,43.8,8561,0.65,1.29,110,1029,1127
163,0,30,POPLATEK MESICNE,1799,361,2132.877008310249,2400.2343707549157,26759.73157894737,900.0,34317.0,72.2,0.0,0.0,2.0,3728.0,Sokolov,west Bohemia,94812,15,13,8,2,10,81.8,9650,3.38,3.67,100,2985,2804
2566,1,48,POPLATEK MESICNE,1799,60,1895.0,1644.4488026104007,16381.666666666666,800.0,8300.0,12.0,0.0,0.0,0.0,0.0,Rychnov nad Kneznou,east Bohemia,78955,50,24,8,1,9,59.0,9060,1.78,2.44,124,1655,1717
9,0,70,POPLATEK MESICNE,1799,305,1900.2777049180327,5081.48530560507,27445.719344262296,400.0,30649.4,61.0,0.0,1.0,0.0,0.0,Karvina,north Moravia,285387,0,2,8,5,7,89.9,10177,6.63,7.75,81,9878,10108
1144,0,59,POPLATEK MESICNE,1798,287,1334.2801393728223,1359.212996240704,17477.485714285714,200.0,23447.0,57.4,0.0,0.0,1.0,2250.0,Kromeriz,south Moravia,108871,41,29,7,2,6,62.1,8444,3.24,3.47,106,2595,2305
2902,0,32,POPLATEK MESICNE,1798,398,6463.5148241206025,8177.8182047124465,38679.22462311558,200.0,40586.9,79.6,0.0,0.0,2.0,6290.0,Ceska Lipa,north Bohemia,105058,32,19,7,2,10,81.0,9272,2.80,3.22,118,4340,4505
4296,0,63,POPLATEK MESICNE,1798,294,8091.355782312926,9279.881966433577,52466.32210884354,200.0,54106.5,58.8,0.0,0.0,0.0,0.0,Vyskov,south Moravia,86513,38,36,5,1,5,50.5,8288,3.79,4.52,110,1562,1460
443,0,64,POPLATEK MESICNE,1798,374,922.7192513368984,1107.8560887142853,21767.638770053476,500.0,26741.5,74.8,0.0,0.0,3.0,2038.0,Zlin,south Moravia,197099,29,41,10,2,10,74.7,9624,1.60,2.31,145,4484,4265
3693,0,61,POPLATEK MESICNE,1797,341,5887.133431085044,6391.963067454523,45428.33988269795,1000.0,102090.1,68.2,0.0,0.0,1.0,8992.0,Trebic,south Moravia,117897,139,28,5,1,6,53.8,8814,4.76,5.74,107,2112,2059
2070,0,72,POPLATEK MESICNE,1797,338,4814.3133136094675,5145.959704020316,35161.1949704142,300.0,49815.4,67.6,0.0,0.0,1.0,8092.0,Olomouc,north Moravia,226122,32,50,7,4,4,62.6,8994,3.80,4.79,110,9672,9208
1843,0,12,POPLATEK MESICNE,1796,379,5978.431926121372,6688.646258858912,33715.33245382586,1000.0,51562.9,75.8,1.0,0.0,2.0,9932.7,Pribram,central Bohemia,107870,84,29,6,1,6,58.0,8754,3.83,4.31,137,3804,3868
2714,0,1,POPLATEK MESICNE,1796,304,2835.6319078947367,6714.741140620848,28780.931249999998,800.0,30597.1,60.8,0.0,0.0,0.0,0.0,Hl.m. Praha,Prague,1204953,0,0,0,1,1,100.0,12541,0.29,0.43,167,85677,99107
4078,0,40,POPLATEK MESICNE,1796,267,11107.976779026216,11882.294482949577,59313.21835205993,300.0,105238.3,53.4,0.0,1.0,0.0,0.0,Teplice,north Bohemia,128118,9,16,6,3,8,85.3,9317,6.49,7.07,97,6949,6872
1675,0,36,POPLATEK MESICNE,1794,288,1735.6263888888889,1842.3598446964647,22700.858680555553,1100.0,23714.0,57.6,0.0,0.0,1.0,2125.0,Liberec,north Bohemia,159617,29,19,8,1,9,85.2,9198,3.33,4.28,131,5796,6132
5868,0,44,POPLATEK MESICNE,1793,292,10121.01404109589,13180.29107302769,39493.217808219175,-3370.3,39496.8,58.4,0.0,0.0,1.0,1762.0,Chrudim,east Bohemia,105606,77,26,7,2,7,53.0,8254,2.79,3.76,97,2166,2325
1805,0,1,POPLATEK MESICNE,1793,310,10052.862903225807,13261.646809622947,61318.20903225807,1100.0,93289.0,62.0,0.0,0.0,2.0,5803.0,Hl.m. Praha,Prague,1204953,0,0,0,1,1,100.0,12541,0.29,0.43,167,85677,99107
2434,0,17,POPLATEK MESICNE,1793,309,2194.5129449838187,2307.058946696677,18703.024919093852,600.0,21328.2,61.8,0.0,1.0,1.0,2927.0,Pelhrimov,south Bohemia,74062,99,15,4,2,7,61.4,8114,2.38,2.62,119,1003,1181
3007,0,16,POPLATEK MESICNE,1793,500,5728.7516,8395.04582562872,41499.1718,800.0,32053.8,100.0,0.0,0.0,4.0,8981.0,Jindrichuv Hradec,south Bohemia,93931,74,21,10,1,8,56.9,8427,1.12,1.54,107,1874,1913
2574,0,68,POPLATEK MESICNE,1793,343,5459.617201166181,6076.594862575957,40280.29795918367,1100.0,93089.0,68.6,0.0,0.0,1.0,9546.0,Frydek - Mistek,north Moravia,228848,15,40,18,2,6,57.2,9893,4.09,4.72,96,5623,5887
862,0,64,POPLATEK TYDNE,1793,368,15350.695923913043,18706.589636278426,68729.51820652174,200.0,67343.5,73.6,0.0,0.0,1.0,3122.0,Zlin,south Moravia,197099,29,41,10,2,10,74.7,9624,1.60,2.31,145,4484,4265
1132,0,1,POPLATEK TYDNE,1792,341,17975.670967741935,20430.98429159255,66104.19413489736,1000.0,64584.0,68.2,0.0,0.0,0.0,0.0,Hl.m. Praha,Prague,1204953,0,0,0,1,1,100.0,12541,0.29,0.43,167,85677,99107
4484,0,54,POPLATEK MESICNE,1792,310,11429.465161290324,14751.161220626174,55294.24870967743,700.0,47145.2,62.0,0.0,0.0,0.0,0.0,Brno - mesto,south Moravia,387570,0,0,0,1,1,100.0,9897,1.60,1.96,140,18721,18696
943,0,1,POPLATEK MESICNE,1792,287,1271.65574912892,1348.6796949640934,19445.23763066202,800.0,25099.2,57.4,0.0,0.0,1.0,2144.0,Hl.m. Praha,Prague,1204953,0,0,0,1,1,100.0,12541,0.29,0.43,167,85677,99107
3514,0,7,POPLATEK MESICNE,1792,290,1322.424827586207,1356.4939870453197,19450.57379310345,600.0,27711.4,58.0,0.0,0.0,1.0,2266.0,Melnik,central Bohemia,94725,38,28,1,3,6,63.4,9920,2.26,2.87,130,4289,4846
3983,0,67,POPLATEK MESICNE,1791,262,7091.713358778626,7486.990365916254,38512.94312977099,900.0,33822.8,52.4,0.0,0.0,0.0,0.0,Bruntal,north Moravia,106054,38,25,6,2,6,63.1,8110,5.77,6.55,109,3244,3079
9265,0,1,POPLATEK MESICNE,1791,538,8969.451486988848,12279.634238268998,63209.30985130112,300.0,95862.9,107.6,1.0,0.0,3.0,16808.3,Hl.m. Praha,Prague,1204953,0,0,0,1,1,100.0,12541,0.29,0.43,167,85677,99107
465,1,32,POPLATEK MESICNE,1791,318,5601.345597484276,5737.630804169001,27819.038050314462,700.0,13668.1,63.6,0.0,0.0,2.0,12404.5,Ceska Lipa,north Bohemia,105058,32,19,7,2,10,81.0,9272,2.80,3.22,118,4340,4505
982,0,54,POPLATEK MESICNE,1790,494,1442.2429149797572,1955.1434153910195,24313.38906882591,900.0,32031.7,98.8,0.0,0.0,4.0,3033.0,Brno - mesto,south Moravia,387570,0,0,0,1,1,100.0,9897,1.60,1.96,140,18721,18696
411,0,70,POPLATEK MESICNE,1790,344,6807.516860465115,7570.124000070911,43718.62005813954,400.0,82502.3,68.8,0.0,0.0,1.0,8499.0,Karvina,north Moravia,285387,0,2,8,5,7,89.9,10177,6.63,7.75,81,9878,10108
890,0,14,POPLATEK MESICNE,1790,324,2956.800925925926,3024.9085690912007,25530.998765432098,700.0,19157.3,64.8,0.0,0.0,1.0,3136.0,Ceske Budejovice,south Bohemia,177686,69,27,10,1,9,74.8,10045,1.42,1.71,135,6604,6295
627,0,63,POPLATEK MESICNE,1790,356,7917.676123595506,8887.011640351222,49699.81235955056,600.0,70061.9,71.2,0.0,0.0,2.0,8782.0,Vyskov,south Moravia,86513,38,36,5,1,5,50.5,8288,3.79,4.52,110,1562,1460
2429,0,61,POPLATEK MESICNE,1789,391,4769.782097186701,5897.304373445825,47837.73427109975,600.0,63108.0,78.2,0.0,1.0,2.0,7155.0,Trebic,south Moravia,117897,139,28,5,1,6,53.8,8814,4.76,5.74,107,2112,2059
3960,0,64,POPLATEK MESICNE,1789,280,1953.8960714285715,1894.2026945144119,22758.01107142857,500.0,21376.5,56.0,0.0,0.0,1.0,3204.0,Zlin,south Moravia,197099,29,41,10,2,10,74.7,9624,1.60,2.31,145,4484,4265
2256,0,48,POPLATEK MESICNE,1789,283,1932.3537102473497,1895.0195438498945,18605.404240282685,700.0,21594.2,56.6,0.0,0.0,1.0,3152.0,Rychnov nad Kneznou,east Bohemia,78955,50,24,8,1,9,59.0,9060,1.78,2.44,124,1655,1717
8051,0,1,POPLATEK TYDNE,1788,353,9269.0,10689.073548286671,42776.35495750709,200.0,38354.4,70.6,1.0,0.0,1.0,4340.0,Hl.m. Praha,Prague,1204953,0,0,0,1,1,100.0,12541,0.29,0.43,167,85677,99107
2647,0,73,POPLATEK MESICNE,1787,349,4559.815759312321,5171.030178261611,42275.26389684813,400.0,86045.4,69.8,0.0,0.0,1.0,5303.0,Opava,north Moravia,182027,17,49,12,2,7,56.4,8746,3.33,3.74,90,4355,4433
2241,0,6,POPLATEK MESICNE,1787,442,3373.58778280543,4542.836434153165,37414.24660633484,200.0,57587.2,88.4,0.0,0.0,3.0,7016.0,Kutna Hora,central Bohemia,77963,60,23,4,2,4,51.5,8546,2.95,4.02,126,2640,3120
5622,0,70,POPLATEK MESICNE,1787,482,9905.292323651453,12906.553825916983,59910.30829875519,700.0,44958.6,96.4,1.0,0.0,3.0,13818.3,Karvina,north Moravia,285387,0,2,8,5,7,89.9,10177,6.63,7.75,81,9878,10108
2884,0,1,POPLATEK MESICNE,1787,334,2713.1230538922155,2783.544726445324,38175.36347305389,1100.0,82519.6,66.8,0.0,0.0,1.0,3854.0,Hl.m. Praha,Prague,1204953,0,0,0,1,1,100.0,12541,0.29,0.43,167,85677,99107
1830,0,10,POPLATEK MESICNE,1787,300,4970.022,5255.555850371163,25494.265,1000.0,26014.0,60.0,0.0,0.0,1.0,7692.0,Praha - vychod,central Bohemia,92084,55,29,4,3,5,46.7,10124,0.56,0.54,141,3810,4316
7753,0,74,POPLATEK MESICNE,1787,397,12022.333249370276,15526.053572406456,58025.97355163728,600.0,28969.6,79.4,1.0,0.0,1.0,2153.8,Ostrava - mesto,north Moravia,323870,0,0,0,1,1,100.0,10673,4.75,5.44,100,18782,18347
244,0,24,POPLATEK MESICNE,1787,451,1231.5294900221731,1537.9473057565926,37633.60354767184,800.0,46573.2,90.2,0.0,0.0,3.0,2648.0,Karlovy Vary,west Bohemia,122603,25,21,6,2,8,80.0,8991,1.39,2.01,128,5198,5273
1477,0,1,POPLATEK MESICNE,1787,287,1242.4783972125435,1255.5193671464965,17089.273519163762,3151.0,24845.2,57.4,0.0,0.0,1.0,2100.0,Hl.m. Praha,Prague,1204953,0,0,0,1,1,100.0,12541,0.29,0.43,167,85677,99107
4240,0,50,POPLATEK MESICNE,1787,311,11572.608360128617,12815.160690014687,41580.79807073955,2866.2,8833.4,62.2,0.0,0.0,0.0,0.0,Svitavy,east Bohemia,102609,75,33,2,3,6,52.0,8187,4.83,5.45,94,2123,2134
1006,0,6,POPLATEK MESICNE,1787,501,1040.1870259481038,1446.4887209831047,31525.795409181635,1000.0,37288.8,100.2,0.0,0.0,4.0,2491.0,Kutna Hora,central Bohemia,77963,60,23,4,2,4,51.5,8546,2.95,4.02,126,2640,3120
830,0,74,POPLATEK MESICNE,1787,264,7836.797348484848,8389.004219617544,56059.49204545455,200.0,56511.8,52.8,0.0,0.0,0.0,0.0,Ostrava - mesto,north Moravia,323870,0,0,0,1,1,100.0,10673,4.75,5.44,100,18782,18347
9188,0,45,POPLATEK MESICNE,1787,504,3236.520238095238,4764.907510986715,28760.321428571428,800.0,30073.1,100.8,1.0,0.0,4.0,10591.3,Jicin,east Bohemia,77917,85,19,6,1,5,53.5,8390,2.28,2.89,132,2080,2122
1965,0,57,POPLATEK PO OBRATU,1787,345,9717.267246376812,11570.344076151014,43690.03391304347,600.0,50547.1,69.0,0.0,0.0,1.0,9541.0,Hodonin,south Moravia,161954,21,37,20,3,8,48.0,8720,3.73,4.50,116,3729,3651
1134,0,6,POPLATEK MESICNE,1786,386,4038.1165803108806,4543.746921630682,23867.12694300518,400.0,16124.6,77.2,0.0,0.0,2.0,7980.0,Kutna Hora,central Bohemia,77963,60,23,4,2,4,51.5,8546,2.95,4.02,126,2640,3120
1601,0,10,POPLATEK MESICNE,1786,267,1706.5471910112358,1635.0566524702413,20545.74531835206,500.0,23498.8,53.4,0.0,0.0,1.0,2694.0,Praha - vychod,central Bohemia,92084,55,29,4,3,5,46.7,10124,0.56,0.54,141,3810,4316
2861,0,38,POPLATEK MESICNE,1785,306,2226.652287581699,2261.5369049397764,24991.673856209152,300.0,16269.2,61.2,0.0,0.0,1.0,2613.0,Louny,north Bohemia,85852,41,23,4,2,4,59.8,8965,7.08,8.23,104,2653,2822
813,0,16,POPLATEK MESICNE,1785,327,4860.44250764526,5668.060508896559,35316.58623853211,1100.0,40812.9,65.4,1.0,0.0,1.0,2025.7,Jindrichuv Hradec,south Bohemia,93931,74,21,10,1,8,56.9,8427,1.12,1.54,107,1874,1913
2585,0,75,POPLATEK MESICNE,1785,285,6770.058596491228,7560.680979164658,31670.40947368421,1000.0,11460.3,57.0,0.0,1.0,0.0,0.0,Prerov,north Moravia,138032,67,30,4,2,5,64.6,8819,5.38,5.66,99,4063,4505
2220,0,16,POPLATEK MESICNE,1785,307,2313.3980456026056,2317.418404778607,22630.698697068405,1100.0,15426.6,61.4,0.0,0.0,1.0,2783.0,Jindrichuv Hradec,south Bohemia,93931,74,21,10,1,8,56.9,8427,1.12,1.54,107,1874,1913
2763,0,64,POPLATEK MESICNE,1784,404,14069.076485148516,15069.788951659544,55595.70668316832,200.0,105688.5,80.8,0.0,0.0,2.0,13671.2,Zlin,south Moravia,197099,29,41,10,2,10,74.7,9624,1.60,2.31,145,4484,4265
2342,0,51,POPLATEK MESICNE,1784,284,1269.7577464788733,1298.153436804557,21532.878169014086,400.0,26316.7,56.8,0.0,0.0,1.0,2164.0,Trutnov,east Bohemia,121947,37,28,7,3,11,70.5,8541,2.51,2.97,131,3496,3839
1944,0,72,POPLATEK MESICNE,1783,338,6682.918639053254,7323.5433593067255,36173.99852071006,700.0,41637.8,67.6,0.0,0.0,1.0,6741.0,Olomouc,north Moravia,226122,32,50,7,4,4,62.6,8994,3.80,4.79,110,9672,9208
1966,0,27,POPLATEK MESICNE,1783,351,7439.542165242165,8606.221280724107,41214.32079772079,900.0,51155.3,70.2,0.0,0.0,1.0,5569.0,Plzen - jih,west Bohemia,67298,71,19,10,0,7,43.8,8561,0.65,1.29,110,1029,1127
1801,0,46,POPLATEK MESICNE,1782,512,6957.28046875,9917.4199970228,35929.390234375,700.0,27180.9,102.4,1.0,0.0,4.0,13152.0,Nachod,east Bohemia,112709,48,20,7,3,10,73.5,8369,1.79,2.31,117,2854,2618
2543,0,68,POPLATEK MESICNE,1782,315,2153.013650793651,2379.5164290968282,36652.00126984127,1100.0,67147.7,63.0,0.0,0.0,1.0,2145.0,Frydek - Mistek,north Moravia,228848,15,40,18,2,6,57.2,9893,4.09,4.72,96,5623,5887
2293,0,31,POPLATEK MESICNE,1782,298,2622.4463087248323,3566.4893442000816,25172.087248322146,700.0,14394.5,59.6,0.0,0.0,1.0,2332.0,Tachov,west Bohemia,51313,34,12,3,1,4,59.2,8930,3.52,4.20,108,1328,1452
11013,0,1,POPLATEK TYDNE,1781,474,11173.048523206751,15222.227021120965,55819.75654008439,600.0,61324.7,94.8,1.0,0.0,3.0,14834.0,Hl.m. Praha,Prague,1204953,0,0,0,1,1,100.0,12541,0.29,0.43,167,85677,99107
2423,0,30,POPLATEK MESICNE,1781,347,1878.8118155619595,2011.7662958117262,18993.7265129683,400.0,15599.6,69.4,0.0,1.0,2.0,2811.0,Sokolov,west Bohemia,94812,15,13,8,2,10,81.8,9650,3.38,3.67,100,2985,2804
142,0,51,POPLATEK MESICNE,1780,287,1812.391637630662,1794.159487905608,22095.535191637628,900.0,19754.1,57.4,0.0,0.0,1.0,1845.0,Trutnov,east Bohemia,121947,37,28,7,3,11,70.5,8541,2.51,2.97,131,3496,3839
3424,0,74,POPLATEK MESICNE,1779,451,8021.7325942350335,11201.1521825104,56628.47494456763,900.0,87037.6,90.2,0.0,0.0,4.0,10085.0,Ostrava - mesto,north Moravia,323870,0,0,0,1,1,100.0,10673,4.75,5.44,100,18782,18347
539,1,13,POPLATEK PO OBRATU,1779,283,12053.156183745583,14287.820134360321,53389.153003533575,-1412.4,55597.1,56.6,0.0,0.0,0.0,0.0,Rakovnik,central Bohemia,53921,61,22,1,1,2,41.3,8598,2.77,3.26,123,1597,1875
979,0,21,POPLATEK MESICNE,1779,337,6658.543323442137,7439.362485440818,36724.57626112759,1000.0,34520.1,67.4,0.0,0.0,1.0,5354.0,Tabor,south Bohemia,103347,87,16,7,1,7,67.0,9104,1.51,2.07,123,2299,2354
3554,0,66,POPLATEK MESICNE,1779,353,2170.1144475920682,6187.179850408127,28746.995467422097,1100.0,42185.8,70.6,0.0,0.0,0.0,0.0,Zdar nad Sazavou,south Moravia,125832,151,41,2,3,5,48.3,8512,3.51,4.12,102,2247,2103
3545,0,51,POPLATEK MESICNE,1778,315,8044.379047619047,8419.595498692193,39612.077460317465,900.0,35734.4,63.0,0.0,0.0,1.0,7358.0,Trutnov,east Bohemia,121947,37,28,7,3,11,70.5,8541,2.51,2.97,131,3496,3839
3047,0,16,POPLATEK MESICNE,1778,281,1400.6362989323843,1488.0310553711943,20178.418505338075,600.0,19408.7,56.2,0.0,0.0,1.0,2316.0,Jindrichuv Hradec,south Bohemia,93931,74,21,10,1,8,56.9,8427,1.12,1.54,107,1874,1913
3374,0,21,POPLATEK MESICNE,1778,286,8604.418531468533,13053.616855984712,34194.15594405594,-7448.4,34333.8,57.2,0.0,0.0,0.0,0.0,Tabor,south Bohemia,103347,87,16,7,1,7,67.0,9104,1.51,2.07,123,2299,2354
96,0,68,POPLATEK MESICNE,1777,543,10347.64364640884,16831.289282563885,72866.60994475138,1100.0,52132.4,108.6,0.0,0.0,5.0,8160.1,Frydek - Mistek,north Moravia,228848,15,40,18,2,6,57.2,9893,4.09,4.72,96,5623,5887
461,0,30,POPLATEK MESICNE,1777,331,2153.4667673716012,2311.611454568489,36399.418731117825,600.0,45714.8,66.2,0.0,0.0,1.0,1530.0,Sokolov,west Bohemia,94812,15,13,8,2,10,81.8,9650,3.38,3.67,100,2985,2804
3593,0,1,POPLATEK MESICNE,1777,388,5124.144587628866,6195.182711655687,34301.51932989691,200.0,26239.1,77.6,0.0,0.0,2.0,5510.0,Hl.m. Praha,Prague,1204953,0,0,0,1,1,100.0,12541,0.29,0.43,167,85677,99107
3026,0,24,POPLATEK MESICNE,1777,323,7999.860990712074,9019.730228755709,36605.10247678019,400.0,54466.1,64.6,0.0,1.0,1.0,8024.0,Karlovy Vary,west Bohemia,122603,25,21,6,2,8,80.0,8991,1.39,2.01,128,5198,5273
1054,0,10,POPLATEK MESICNE,1776,336,3703.602380952381,4024.374443832659,29650.554761904765,800.0,29745.2,67.2,0.0,0.0,1.0,4736.0,Praha - vychod,central Bohemia,92084,55,29,4,3,5,46.7,10124,0.56,0.54,141,3810,4316
2433,0,71,POPLATEK MESICNE,1776,293,1791.1382252559727,1932.1739864756692,28399.39112627986,500.0,36150.6,58.6,0.0,0.0,1.0,1757.0,Novy Jicin,north Moravia,161227,5,35,11,4,10,69.7,8678,5.93,5.57,102,4980,4595
3691,0,50,POPLATEK MESICNE,1776,293,2566.7034129692834,2556.0936622364407,23547.748122866895,400.0,17691.3,58.6,0.0,0.0,1.0,3267.0,Svitavy,east Bohemia,102609,75,33,2,3,6,52.0,8187,4.83,5.45,94,2123,2134
3787,0,70,POPLATEK MESICNE,1776,341,7658.1202346041055,8961.80946880746,48471.066568914954,800.0,55700.2,68.2,0.0,1.0,2.0,6360.0,Karvina,north Moravia,285387,0,2,8,5,7,89.9,10177,6.63,7.75,81,9878,10108
128,0,2,POPLATEK MESICNE,1776,337,1974.2982195845698,4457.510772033472,39521.96320474777,300.0,54917.6,67.4,0.0,1.0,0.0,0.0,Benesov,central Bohemia,88884,80,26,6,2,5,46.7,8507,1.67,1.85,132,2159,2674
3168,0,39,POPLATEK MESICNE,1775,301,2358.0953488372093,2424.4122093499195,25602.027242524917,1000.0,34393.5,60.2,0.0,0.0,1.0,3292.0,Most,north Bohemia,119895,17,4,3,2,4,89.9,10446,7.34,9.40,90,4947,4743
4937,0,12,POPLATEK MESICNE,1775,469,9304.607462686568,12884.74694487019,57364.43582089552,700.0,22016.1,93.8,1.0,1.0,3.0,9483.2,Pribram,central Bohemia,107870,84,29,6,1,6,58.0,8754,3.83,4.31,137,3804,3868
2124,0,69,POPLATEK MESICNE,1775,393,6788.903562340967,8745.262753038423,47410.625190839695,500.0,59603.3,78.6,0.0,1.0,2.0,5494.0,Jesenik,north Moravia,42821,4,13,5,1,3,48.4,8173,?,7.01,124,?,1358
322,0,1,POPLATEK MESICNE,1775,333,6309.836336336336,6785.340807177573,34820.288888888885,1000.0,27658.4,66.6,0.0,0.0,1.0,6550.0,Hl.m. Praha,Prague,1204953,0,0,0,1,1,100.0,12541,0.29,0.43,167,85677,99107
4355,0,31,POPLATEK MESICNE,1774,345,2297.395362318841,5064.709412493641,25795.583478260873,800.0,31751.6,69.0,0.0,0.0,0.0,0.0,Tachov,west Bohemia,51313,34,12,3,1,4,59.2,8930,3.52,4.20,108,1328,1452
1678,0,1,POPLATEK MESICNE,1773,394,7375.5035532994925,9627.151932851493,47344.97842639594,200.0,31191.5,78.8,0.0,0.0,2.0,4730.0,Hl.m. Praha,Prague,1204953,0,0,0,1,1,100.0,12541,0.29,0.43,167,85677,99107
2396,0,2,POPLATEK MESICNE,1773,262,1810.4198473282443,1811.435535697507,22577.584732824427,500.0,23963.4,52.4,0.0,0.0,1.0,2548.0,Benesov,central Bohemia,88884,80,26,6,2,5,46.7,8507,1.67,1.85,132,2159,2674
1005,0,54,POPLATEK TYDNE,1772,340,12833.955,14460.166362058619,64517.44205882353,300.0,86032.6,68.0,0.0,0.0,2.0,11198.0,Brno - mesto,south Moravia,387570,0,0,0,1,1,100.0,9897,1.60,1.96,140,18721,18696
697,0,28,POPLATEK MESICNE,1772,331,8342.433836858007,9439.6040156773,51851.49697885197,200.0,57296.3,66.2,0.0,0.0,1.0,6372.0,Plzen - sever,west Bohemia,72541,66,26,10,0,8,36.9,8594,1.62,2.01,112,1580,1525
925,0,59,POPLATEK MESICNE,1772,310,7481.489677419354,8049.04049412966,41548.10032258064,500.0,40824.7,62.0,0.0,0.0,2.0,6463.0,Kromeriz,south Moravia,108871,41,29,7,2,6,62.1,8444,3.24,3.47,106,2595,2305
2110,0,64,POPLATEK MESICNE,1772,263,1319.973764258555,1289.8473855948434,21981.63536121673,600.0,20556.0,52.6,0.0,0.0,1.0,2050.0,Zlin,south Moravia,197099,29,41,10,2,10,74.7,9624,1.60,2.31,145,4484,4265
1366,0,60,POPLATEK MESICNE,1771,441,2362.8308390022676,2970.7090018976755,26676.45804988662,900.0,29159.5,88.2,0.0,0.0,3.0,5084.0,Prostejov,south Moravia,110643,49,41,4,1,4,51.9,8441,3.45,4.48,115,1879,2252
1050,0,57,POPLATEK PO OBRATU,1771,350,9113.403142857143,10270.87513569449,43578.82028571428,1000.0,55022.9,70.0,0.0,0.0,1.0,5673.0,Hodonin,south Moravia,161954,21,37,20,3,8,48.0,8720,3.73,4.50,116,3729,3651
3117,0,33,POPLATEK MESICNE,1771,272,2236.88125,2162.09009231473,19897.77573529412,900.0,23054.7,54.4,0.0,0.0,1.0,3570.0,Decin,north Bohemia,133777,24,17,7,3,11,84.7,8705,5.75,7.61,116,4650,4859
562,0,50,POPLATEK MESICNE,1770,368,3037.248641304348,6186.832306523629,35525.87663043478,300.0,32886.5,73.6,0.0,1.0,0.0,0.0,Svitavy,east Bohemia,102609,75,33,2,3,6,52.0,8187,4.83,5.45,94,2123,2134
5369,1,54,POPLATEK MESICNE,1770,296,2739.9445945945945,3393.093887830352,23453.303716216218,-748.6,18538.6,59.2,0.0,0.0,0.0,0.0,Brno - mesto,south Moravia,387570,0,0,0,1,1,100.0,9897,1.60,1.96,140,18721,18696
2242,1,7,POPLATEK TYDNE,1770,352,15499.253693181818,18161.5295308749,54154.64602272727,300.0,100627.2,70.4,0.0,0.0,1.0,5538.0,Melnik,central Bohemia,94725,38,28,1,3,6,63.4,9920,2.26,2.87,130,4289,4846
197,0,1,POPLATEK MESICNE,1770,309,8769.409708737865,9094.343428913511,40774.58090614887,800.0,64752.8,61.8,0.0,0.0,1.0,9454.0,Hl.m. Praha,Prague,1204953,0,0,0,1,1,100.0,12541,0.29,0.43,167,85677,99107
496,0,69,POPLATEK MESICNE,1769,331,2427.762839879154,2345.376765076434,24397.58761329305,800.0,34690.9,66.2,0.0,1.0,1.0,3602.0,Jesenik,north Moravia,42821,4,13,5,1,3,48.4,8173,?,7.01,124,?,1358
2,0,1,POPLATEK MESICNE,1769,393,6625.362340966921,7785.279824746091,35660.27913486005,1100.0,53890.2,78.6,1.0,0.0,2.0,10638.7,Hl.m. Praha,Prague,1204953,0,0,0,1,1,100.0,12541,0.29,0.43,167,85677,99107
7401,0,1,POPLATEK MESICNE,1769,393,6635.966666666666,7780.135174454821,35449.364122137406,1100.0,49457.8,78.6,1.0,0.0,2.0,10638.7,Hl.m. Praha,Prague,1204953,0,0,0,1,1,100.0,12541,0.29,0.43,167,85677,99107
2486,0,1,POPLATEK MESICNE,1768,449,13290.202227171492,14871.307700870428,55904.03184855234,200.0,81160.0,89.8,1.0,0.0,1.0,2043.0,Hl.m. Praha,Prague,1204953,0,0,0,1,1,100.0,12541,0.29,0.43,167,85677,99107
428,0,1,POPLATEK MESICNE,1768,292,2488.248287671233,2600.913473439684,30148.40136986301,200.0,55444.1,58.4,0.0,0.0,1.0,3987.0,Hl.m. Praha,Prague,1204953,0,0,0,1,1,100.0,12541,0.29,0.43,167,85677,99107
3651,0,23,POPLATEK MESICNE,1768,281,1997.1818505338078,2130.912505542301,26111.896797153026,800.0,41327.2,56.2,0.0,0.0,1.0,2728.0,Cheb,west Bohemia,87419,21,11,4,3,9,85.5,8624,1.79,2.66,102,2879,3198
1775,0,17,POPLATEK MESICNE,1768,314,2525.561464968153,2617.8617792426653,22692.514968152867,900.0,23531.3,62.8,0.0,0.0,1.0,2343.0,Pelhrimov,south Bohemia,74062,99,15,4,2,7,61.4,8114,2.38,2.62,119,1003,1181
1688,0,70,POPLATEK MESICNE,1768,295,2112.2233898305085,2115.2774664883486,21427.02915254237,800.0,19335.0,59.0,0.0,0.0,1.0,2249.0,Karvina,north Moravia,285387,0,2,8,5,7,89.9,10177,6.63,7.75,81,9878,10108
361,0,51,POPLATEK MESICNE,1768,387,7597.205426356589,10359.715866809893,54538.981136950904,600.0,66809.4,77.4,0.0,0.0,2.0,3329.0,Trutnov,east Bohemia,121947,37,28,7,3,11,70.5,8541,2.51,2.97,131,3496,3839
1829,0,43,POPLATEK MESICNE,1768,310,3149.683225806452,3317.8072478802396,23611.336451612904,900.0,24152.7,62.0,0.0,0.0,1.0,3684.0,Hradec Kralove,east Bohemia,161854,73,21,6,1,6,76.3,9425,1.72,2.50,125,4085,3891
1575,0,1,POPLATEK MESICNE,1768,291,2135.7955326460483,2117.8065637011878,20054.41615120275,900.0,20775.3,58.2,0.0,0.0,1.0,2998.0,Hl.m. Praha,Prague,1204953,0,0,0,1,1,100.0,12541,0.29,0.43,167,85677,99107
9203,0,70,POPLATEK MESICNE,1768,443,12377.47584650113,13924.947097899592,59456.09887133183,-3167.1,44859.7,88.6,0.0,0.0,0.0,0.0,Karvina,north Moravia,285387,0,2,8,5,7,89.9,10177,6.63,7.75,81,9878,10108
3008,0,72,POPLATEK MESICNE,1768,323,2385.685758513932,2635.487154405953,31699.94674922601,200.0,48098.9,64.6,0.0,0.0,1.0,2120.0,Olomouc,north Moravia,226122,32,50,7,4,4,62.6,8994,3.80,4.79,110,9672,9208
239,0,69,POPLATEK TYDNE,1766,482,9585.537966804979,13253.504655714038,58889.6531120332,300.0,77696.9,96.4,0.0,0.0,3.0,7189.0,Jesenik,north Moravia,42821,4,13,5,1,3,48.4,8173,?,7.01,124,?,1358
3302,0,21,POPLATEK MESICNE,1765,448,1021.0267857142857,1296.4682400799313,29089.95111607143,700.0,47903.8,89.6,0.0,0.0,3.0,2005.0,Tabor,south Bohemia,103347,87,16,7,1,7,67.0,9104,1.51,2.07,123,2299,2354
415,0,25,POPLATEK MESICNE,1764,329,5138.666261398176,5477.516352825802,30256.598176291795,400.0,30498.4,65.8,0.0,0.0,1.0,8740.0,Klatovy,west Bohemia,88757,60,33,3,2,10,61.7,8554,2.47,2.68,113,1822,2218
3513,0,20,POPLATEK MESICNE,1764,370,6416.872972972973,7605.941922901602,48523.58810810811,500.0,65408.3,74.0,0.0,0.0,2.0,6692.0,Strakonice,south Bohemia,70646,94,14,3,1,4,58.4,8547,2.65,3.64,120,1563,1542
4134,0,7,POPLATEK MESICNE,1764,365,10893.108493150685,13530.038198223783,47920.06356164383,500.0,32371.5,73.0,0.0,0.0,2.0,7103.0,Melnik,central Bohemia,94725,38,28,1,3,6,63.4,9920,2.26,2.87,130,4289,4846
1077,0,14,POPLATEK MESICNE,1764,308,2691.5714285714284,6179.233026247381,36296.011688311686,1000.0,67198.1,61.6,0.0,0.0,0.0,0.0,Ceske Budejovice,south Bohemia,177686,69,27,10,1,9,74.8,10045,1.42,1.71,135,6604,6295
1713,0,43,POPLATEK MESICNE,1764,268,2991.334328358209,8046.601071754191,26761.73544776119,700.0,28714.9,53.6,0.0,0.0,0.0,0.0,Hradec Kralove,east Bohemia,161854,73,21,6,1,6,76.3,9425,1.72,2.50,125,4085,3891
1378,0,59,POPLATEK MESICNE,1763,492,6115.661991869919,9513.685448705082,62368.05589430894,1100.0,102122.4,98.4,0.0,1.0,4.0,5874.0,Kromeriz,south Moravia,108871,41,29,7,2,6,62.1,8444,3.24,3.47,106,2595,2305
2503,0,1,POPLATEK MESICNE,1762,304,4004.5812499999997,4065.9914361796464,32377.593421052632,600.0,31925.5,60.8,0.0,0.0,1.0,6279.0,Hl.m. Praha,Prague,1204953,0,0,0,1,1,100.0,12541,0.29,0.43,167,85677,99107
559,0,46,POPLATEK MESICNE,1762,302,2141.1344370860925,2201.5874778586403,21339.42086092715,300.0,21835.5,60.4,0.0,0.0,1.0,2175.0,Nachod,east Bohemia,112709,48,20,7,3,10,73.5,8369,1.79,2.31,117,2854,2618
6555,0,38,POPLATEK TYDNE,1762,360,9492.216944444444,11876.521139829187,59401.36777777777,300.0,101359.2,72.0,1.0,0.0,1.0,5900.0,Louny,north Bohemia,85852,41,23,4,2,4,59.8,8965,7.08,8.23,104,2653,2822
744,0,42,POPLATEK MESICNE,1761,298,2150.5372483221477,2321.7478417770612,22172.608724832215,400.0,36147.3,59.6,0.0,0.0,1.0,2165.0,Havlickuv Brod,east Bohemia,95907,87,25,5,2,7,59.1,8388,2.41,2.94,87,1658,1668
882,0,9,POPLATEK MESICNE,1761,324,4546.477777777778,5659.380660116358,28546.458024691357,300.0,29645.5,64.8,0.0,0.0,1.0,3306.0,Nymburk,central Bohemia,81344,61,23,4,2,6,55.3,8899,3.39,3.97,149,2987,2487
86,0,54,POPLATEK MESICNE,1760,337,1068.6896142433236,1176.1079352415934,19771.260534124627,800.0,26714.0,67.4,0.0,0.0,2.0,2162.0,Brno - mesto,south Moravia,387570,0,0,0,1,1,100.0,9897,1.60,1.96,140,18721,18696
1126,0,56,POPLATEK MESICNE,1759,327,2097.032110091743,1936.8851306581269,37392.752293577985,1100.0,51150.0,65.4,0.0,0.0,1.0,2791.0,Breclav,south Moravia,124605,11,42,14,1,8,46.0,8772,4.69,4.98,126,2854,3158
2666,0,49,POPLATEK MESICNE,1759,331,989.526586102719,1074.971370085342,17579.94833836858,600.0,18372.4,66.2,0.0,0.0,2.0,1934.0,Semily,east Bohemia,75685,31,28,5,1,9,60.8,8208,1.89,2.26,155,1660,2123
944,0,70,POPLATEK MESICNE,1759,340,6254.682941176471,6865.152035953631,43677.94794117647,16927.0,41309.3,68.0,0.0,0.0,1.0,5361.0,Karvina,north Moravia,285387,0,2,8,5,7,89.9,10177,6.63,7.75,81,9878,10108
1545,1,1,POPLATEK MESICNE,1759,349,7220.22664756447,11959.929335758135,47947.67564469914,200.0,39638.7,69.8,0.0,0.0,2.0,3737.0,Hl.m. Praha,Prague,1204953,0,0,0,1,1,100.0,12541,0.29,0.43,167,85677,99107
2453,0,1,POPLATEK MESICNE,1759,261,1399.4371647509577,1481.622495220776,21693.05593869732,400.0,26730.8,52.2,0.0,0.0,1.0,2190.0,Hl.m. Praha,Prague,1204953,0,0,0,1,1,100.0,12541,0.29,0.43,167,85677,99107
3734,1,43,POPLATEK MESICNE,1759,286,2471.7534965034965,3087.2692720047808,21736.57797202797,183.2,6141.2,57.2,0.0,0.0,0.0,0.0,Hradec Kralove,east Bohemia,161854,73,21,6,1,6,76.3,9425,1.72,2.50,125,4085,3891
3935,0,23,POPLATEK MESICNE,1759,495,5617.946666666667,7801.360403623895,38776.721616161616,1000.0,30488.5,99.0,0.0,0.0,5.0,11462.0,Cheb,west Bohemia,87419,21,11,4,3,9,85.5,8624,1.79,2.66,102,2879,3198
396,0,21,POPLATEK MESICNE,1759,490,5869.021836734694,9010.506048404613,52027.76408163265,1000.0,37275.5,98.0,0.0,0.0,4.0,5882.0,Tabor,south Bohemia,103347,87,16,7,1,7,67.0,9104,1.51,2.07,123,2299,2354
2694,0,7,POPLATEK MESICNE,1759,388,5795.040979381443,6737.0759840857345,44798.80103092784,700.0,65058.9,77.6,1.0,0.0,2.0,11168.0,Melnik,central Bohemia,94725,38,28,1,3,6,63.4,9920,2.26,2.87,130,4289,4846
4596,1,74,POPLATEK MESICNE,1758,291,9518.309621993127,12488.003955975464,46380.636426116835,-2735.9,59682.6,58.2,0.0,0.0,0.0,0.0,Ostrava - mesto,north Moravia,323870,0,0,0,1,1,100.0,10673,4.75,5.44,100,18782,18347
2489,0,72,POPLATEK MESICNE,1758,287,2281.7094076655053,2318.799329820095,21762.65400696864,900.0,27764.2,57.4,0.0,1.0,1.0,3854.0,Olomouc,north Moravia,226122,32,50,7,4,4,62.6,8994,3.80,4.79,110,9672,9208
2895,0,19,POPLATEK MESICNE,1758,334,6766.558383233533,7517.770031108644,32906.41796407186,300.0,45920.1,66.8,0.0,0.0,1.0,5598.0,Prachatice,south Bohemia,51428,50,11,3,1,4,52.7,8402,3.13,3.98,120,999,1099
317,0,76,POPLATEK MESICNE,1757,301,2231.7448504983386,2332.06387595803,25072.562126245848,800.0,28410.6,60.2,0.0,0.0,1.0,3068.0,Sumperk,north Moravia,127369,31,32,13,2,7,51.2,8369,4.73,5.88,107,3736,2807
2555,0,53,POPLATEK MESICNE,1757,390,6104.810769230769,7543.258044710309,51553.46948717949,17580.9,70983.8,78.0,0.0,1.0,2.0,7725.0,Blansko,south Moravia,107911,88,33,6,2,7,50.9,8240,2.53,3.56,99,1850,1903
494,0,60,POPLATEK MESICNE,1756,401,9308.685286783042,12196.153961292795,48441.32019950124,400.0,35146.1,80.2,0.0,0.0,3.0,11564.6,Prostejov,south Moravia,110643,49,41,4,1,4,51.9,8441,3.45,4.48,115,1879,2252
2219,0,60,POPLATEK MESICNE,1756,404,15051.472772277228,15680.994607506449,68450.83094059405,400.0,55232.4,80.8,0.0,0.0,1.0,4103.8,Prostejov,south Moravia,110643,49,41,4,1,4,51.9,8441,3.45,4.48,115,1879,2252
2581,0,72,POPLATEK MESICNE,1756,344,7128.472093023255,8251.190884298547,46260.65261627907,500.0,61023.3,68.8,0.0,0.0,1.0,4769.0,Olomouc,north Moravia,226122,32,50,7,4,4,62.6,8994,3.80,4.79,110,9672,9208
112,0,6,POPLATEK MESICNE,1755,302,2519.11059602649,3445.448643795203,23472.896357615893,200.0,14522.6,60.4,0.0,1.0,1.0,2051.0,Kutna Hora,central Bohemia,77963,60,23,4,2,4,51.5,8546,2.95,4.02,126,2640,3120
3674,0,38,POPLATEK MESICNE,1755,458,12079.698253275108,13947.117214057767,65280.489301310045,1000.0,42500.5,91.6,1.0,0.0,2.0,11471.7,Louny,north Bohemia,85852,41,23,4,2,4,59.8,8965,7.08,8.23,104,2653,2822
2039,0,44,POPLATEK MESICNE,1755,177,4256.370621468926,8692.774745496987,37651.83220338983,300.0,43446.8,35.4,0.0,0.0,0.0,0.0,Chrudim,east Bohemia,105606,77,26,7,2,7,53.0,8254,2.79,3.76,97,2166,2325
2712,0,9,POPLATEK MESICNE,1755,301,2466.5269102990032,2563.7813601735675,25634.01727574751,400.0,22752.2,60.2,0.0,0.0,1.0,2976.0,Nymburk,central Bohemia,81344,61,23,4,2,6,55.3,8899,3.39,3.97,149,2987,2487
395,0,1,POPLATEK MESICNE,1755,367,7422.931335149863,8779.705402243875,45403.49509536785,400.0,32900.7,73.4,0.0,0.0,3.0,8735.0,Hl.m. Praha,Prague,1204953,0,0,0,1,1,100.0,12541,0.29,0.43,167,85677,99107
2974,0,9,POPLATEK MESICNE,1754,285,2146.3498245614032,2357.688847284001,37207.5498245614,1100.0,43452.7,57.0,0.0,0.0,1.0,1546.0,Nymburk,central Bohemia,81344,61,23,4,2,6,55.3,8899,3.39,3.97,149,2987,2487
123,0,21,POPLATEK MESICNE,1754,275,1965.256,1910.5601820569048,16988.018909090908,200.0,19195.9,55.0,0.0,0.0,1.0,3016.0,Tabor,south Bohemia,103347,87,16,7,1,7,67.0,9104,1.51,2.07,123,2299,2354
9640,0,1,POPLATEK MESICNE,1754,434,6394.935714285714,7037.742642841808,32874.105760368664,7055.3,57671.4,86.8,1.0,0.0,3.0,17868.3,Hl.m. Praha,Prague,1204953,0,0,0,1,1,100.0,12541,0.29,0.43,167,85677,99107
3108,0,53,POPLATEK MESICNE,1753,320,1065.0715625,1138.5512299828038,15330.774687500001,600.0,16347.2,64.0,0.0,0.0,2.0,2042.0,Blansko,south Moravia,107911,88,33,6,2,7,50.9,8240,2.53,3.56,99,1850,1903
2508,0,34,POPLATEK MESICNE,1753,276,1734.1144927536232,1688.4011767586835,18802.172826086957,700.0,17724.6,55.2,0.0,1.0,1.0,2193.0,Chomutov,north Bohemia,125236,28,11,1,4,5,87.7,9675,6.43,7.68,100,5323,5190
2458,0,40,POPLATEK TYDNE,1753,276,11668.60652173913,13229.432150159222,44721.06594202898,1100.0,22644.8,55.2,0.0,0.0,0.0,0.0,Teplice,north Bohemia,128118,9,16,6,3,8,85.3,9317,6.49,7.07,97,6949,6872
588,0,66,POPLATEK MESICNE,1753,420,2371.2126190476192,2830.0189750762183,25544.181904761906,1000.0,18758.0,84.0,0.0,1.0,3.0,5089.0,Zdar nad Sazavou,south Moravia,125832,151,41,2,3,5,48.3,8512,3.51,4.12,102,2247,2103
7231,0,10,POPLATEK MESICNE,1753,339,12482.254867256639,14647.831264711707,47012.37433628319,-1277.9,56886.2,67.8,0.0,0.0,1.0,2283.2,Praha - vychod,central Bohemia,92084,55,29,4,3,5,46.7,10124,0.56,0.54,141,3810,4316
6701,1,49,POPLATEK TYDNE,1752,414,14437.394685990339,16268.384740573734,68754.63333333333,200.0,116962.2,82.8,1.0,0.0,1.0,2650.2,Semily,east Bohemia,75685,31,28,5,1,9,60.8,8208,1.89,2.26,155,1660,2123
3883,0,72,POPLATEK MESICNE,1752,362,2230.491712707182,5916.204415658196,40430.995580110495,500.0,53817.2,72.4,0.0,1.0,0.0,0.0,Olomouc,north Moravia,226122,32,50,7,4,4,62.6,8994,3.80,4.79,110,9672,9208
222,0,37,POPLATEK MESICNE,1752,304,13989.72697368421,15420.716523626339,57112.42434210526,500.0,45006.0,60.8,0.0,0.0,1.0,3440.9,Litomerice,north Bohemia,114006,71,26,6,2,9,62.3,9065,4.46,5.39,123,4147,4166
2497,0,65,POPLATEK MESICNE,1751,299,2650.728762541806,2577.5909685173137,19577.107692307694,300.0,28134.6,59.8,0.0,0.0,2.0,5841.0,Znojmo,south Moravia,114200,101,41,4,1,4,43.7,8403,5.74,5.72,105,2157,2718
1372,0,1,POPLATEK MESICNE,1751,318,2806.7632075471697,6530.272831871082,38513.04496855346,300.0,48772.9,63.6,0.0,0.0,0.0,0.0,Hl.m. Praha,Prague,1204953,0,0,0,1,1,100.0,12541,0.29,0.43,167,85677,99107
3835,0,50,POPLATEK MESICNE,1751,366,4881.449726775956,5650.582593644895,38192.89398907104,900.0,37326.6,73.2,0.0,0.0,2.0,7584.0,Svitavy,east Bohemia,102609,75,33,2,3,6,52.0,8187,4.83,5.45,94,2123,2134
7445,1,64,POPLATEK MESICNE,1749,474,9333.672362869198,13096.401597500706,44903.359915611814,134.3,24749.0,94.8,1.0,0.0,1.0,2306.8,Zlin,south Moravia,197099,29,41,10,2,10,74.7,9624,1.60,2.31,145,4484,4265
2527,0,38,POPLATEK MESICNE,1748,396,11926.157323232323,13945.611525731123,63025.836111111115,1000.0,84126.7,79.2,0.0,1.0,2.0,8096.6,Louny,north Bohemia,85852,41,23,4,2,4,59.8,8965,7.08,8.23,104,2653,2822
425,0,9,POPLATEK MESICNE,1748,433,1948.7090069284066,2306.14897061401,25572.882217090068,400.0,40446.2,86.6,0.0,1.0,3.0,3260.0,Nymburk,central Bohemia,81344,61,23,4,2,6,55.3,8899,3.39,3.97,149,2987,2487
860,0,1,POPLATEK MESICNE,1748,331,4984.986706948641,5371.190792112797,29226.313595166164,600.0,27658.8,66.2,0.0,0.0,1.0,8071.0,Hl.m. Praha,Prague,1204953,0,0,0,1,1,100.0,12541,0.29,0.43,167,85677,99107
6034,0,6,POPLATEK TYDNE,1748,360,9841.486388888889,12076.216398931641,37998.065,200.0,23627.8,72.0,1.0,0.0,1.0,7741.8,Kutna Hora,central Bohemia,77963,60,23,4,2,4,51.5,8546,2.95,4.02,126,2640,3120
11065,0,11,POPLATEK MESICNE,1748,338,4377.5639053254445,5247.65666744743,34959.41804733728,1100.0,20613.3,67.6,1.0,0.0,1.0,1445.0,Praha - zapad,central Bohemia,75637,35,36,9,0,7,36.5,9622,0.45,0.59,154,3475,3529
9883,0,1,POPLATEK MESICNE,1748,386,8290.310103626944,11762.27392603762,36387.330569948186,-1211.8,23487.4,77.2,0.0,0.0,4.0,17765.9,Hl.m. Praha,Prague,1204953,0,0,0,1,1,100.0,12541,0.29,0.43,167,85677,99107
115,0,68,POPLATEK MESICNE,1748,311,3257.202893890675,3242.0164488087416,32170.420578778136,800.0,44396.6,62.2,0.0,0.0,1.0,5110.0,Frydek - Mistek,north Moravia,228848,15,40,18,2,6,57.2,9893,4.09,4.72,96,5623,5887
1189,0,59,POPLATEK MESICNE,1748,331,1121.65166163142,1265.6720802350922,21952.08096676737,600.0,31101.1,66.2,0.0,0.0,2.0,2288.0,Kromeriz,south Moravia,108871,41,29,7,2,6,62.1,8444,3.24,3.47,106,2595,2305
3675,0,64,POPLATEK MESICNE,1747,355,16069.158873239438,19285.27442411407,57159.19577464789,700.0,60944.3,71.0,0.0,0.0,1.0,7824.0,Zlin,south Moravia,197099,29,41,10,2,10,74.7,9624,1.60,2.31,145,4484,4265
3069,0,66,POPLATEK MESICNE,1747,335,8401.797313432837,9614.868415889681,58400.28328358209,400.0,84230.3,67.0,0.0,0.0,1.0,6704.0,Zdar nad Sazavou,south Moravia,125832,151,41,2,3,5,48.3,8512,3.51,4.12,102,2247,2103
2762,0,19,POPLATEK MESICNE,1747,526,11852.02300380228,14467.714560028484,59994.62319391635,500.0,62245.4,105.2,1.0,1.0,3.0,12266.0,Prachatice,south Bohemia,51428,50,11,3,1,4,52.7,8402,3.13,3.98,120,999,1099
892,0,70,POPLATEK MESICNE,1747,344,1982.294476744186,2341.55442938471,23063.15523255814,900.0,34569.9,68.8,0.0,0.0,2.0,2915.0,Karvina,north Moravia,285387,0,2,8,5,7,89.9,10177,6.63,7.75,81,9878,10108
1535,0,46,POPLATEK MESICNE,1747,331,2288.916918429003,2267.46893031753,37397.95649546828,200.0,74715.8,66.2,0.0,0.0,1.0,2757.0,Nachod,east Bohemia,112709,48,20,7,3,10,73.5,8369,1.79,2.31,117,2854,2618
2618,0,60,POPLATEK MESICNE,1746,294,2527.2003401360544,2697.3369279533667,19885.277210884353,600.0,15276.8,58.8,0.0,0.0,1.0,3223.0,Prostejov,south Moravia,110643,49,41,4,1,4,51.9,8441,3.45,4.48,115,1879,2252
2651,0,2,POPLATEK MESICNE,1746,349,12728.887965616046,14012.729289447412,49367.33467048711,200.0,50029.8,69.8,0.0,0.0,2.0,14454.9,Benesov,central Bohemia,88884,80,26,6,2,5,46.7,8507,1.67,1.85,132,2159,2674
5442,0,34,POPLATEK MESICNE,1745,421,7241.957719714965,11213.426459965987,23093.36104513064,-6830.6,32383.6,84.2,1.0,0.0,4.0,18478.3,Chomutov,north Bohemia,125236,28,11,1,4,5,87.7,9675,6.43,7.68,100,5323,5190
1787,0,30,POPLATEK TYDNE,1745,361,10752.749030470914,13516.923056939706,47474.50360110804,-568.3,8025.4,72.2,1.0,0.0,1.0,8033.2,Sokolov,west Bohemia,94812,15,13,8,2,10,81.8,9650,3.38,3.67,100,2985,2804
1397,0,17,POPLATEK MESICNE,1745,332,6517.582228915662,7137.541547488908,35977.597590361445,700.0,34233.5,66.4,0.0,0.0,1.0,8319.0,Pelhrimov,south Bohemia,74062,99,15,4,2,7,61.4,8114,2.38,2.62,119,1003,1181
3785,0,10,POPLATEK MESICNE,1743,342,8636.027777777777,10257.134328893055,68928.02865497077,200.0,96696.3,68.4,0.0,0.0,1.0,6502.0,Praha - vychod,central Bohemia,92084,55,29,4,3,5,46.7,10124,0.56,0.54,141,3810,4316
623,0,1,POPLATEK MESICNE,1743,333,1036.1966966966968,1129.3805514613643,20648.93063063063,200.0,18553.8,66.6,0.0,0.0,2.0,2072.0,Hl.m. Praha,Prague,1204953,0,0,0,1,1,100.0,12541,0.29,0.43,167,85677,99107
8260,0,31,POPLATEK MESICNE,1743,340,13586.487941176472,15873.404799338403,65780.08735294118,200.0,83949.1,68.0,1.0,0.0,1.0,6239.2,Tachov,west Bohemia,51313,34,12,3,1,4,59.2,8930,3.52,4.20,108,1328,1452
3001,0,1,POPLATEK MESICNE,1743,360,2274.5305555555556,5113.517772562959,34159.8825,400.0,42525.0,72.0,0.0,0.0,0.0,0.0,Hl.m. Praha,Prague,1204953,0,0,0,1,1,100.0,12541,0.29,0.43,167,85677,99107
655,0,53,POPLATEK MESICNE,1743,496,5818.162701612903,9210.382269672358,55361.51391129032,1000.0,71814.8,99.2,0.0,1.0,4.0,4469.0,Blansko,south Moravia,107911,88,33,6,2,7,50.9,8240,2.53,3.56,99,1850,1903
4093,0,1,POPLATEK MESICNE,1742,268,2713.655597014925,6993.05126962162,25086.574626865673,400.0,15497.3,53.6,0.0,0.0,0.0,0.0,Hl.m. Praha,Prague,1204953,0,0,0,1,1,100.0,12541,0.29,0.43,167,85677,99107
3260,0,68,POPLATEK MESICNE,1742,476,11521.726050420168,13682.801375010664,67594.73445378152,400.0,70230.4,95.2,0.0,1.0,2.0,8502.0,Frydek - Mistek,north Moravia,228848,15,40,18,2,6,57.2,9893,4.09,4.72,96,5623,5887
2528,0,65,POPLATEK MESICNE,1742,268,1750.187313432836,1674.6427450157703,19750.31417910448,1000.0,24233.0,53.6,0.0,0.0,1.0,2824.0,Znojmo,south Moravia,114200,101,41,4,1,4,43.7,8403,5.74,5.72,105,2157,2718
2011,0,75,POPLATEK MESICNE,1742,362,910.807182320442,1139.0778738360916,15776.822928176796,900.0,22624.2,72.4,0.0,0.0,3.0,2010.0,Prerov,north Moravia,138032,67,30,4,2,5,64.6,8819,5.38,5.66,99,4063,4505
1721,0,68,POPLATEK MESICNE,1742,58,1546.551724137931,1580.38586419071,19036.206896551725,1100.0,12300.0,11.6,0.0,0.0,0.0,0.0,Frydek - Mistek,north Moravia,228848,15,40,18,2,6,57.2,9893,4.09,4.72,96,5623,5887
1332,0,59,POPLATEK MESICNE,1742,335,8150.59223880597,9639.856073887666,63510.158208955225,300.0,82340.5,67.0,0.0,0.0,1.0,4755.0,Kromeriz,south Moravia,108871,41,29,7,2,6,62.1,8444,3.24,3.47,106,2595,2305
1402,0,74,POPLATEK MESICNE,1741,481,2388.504158004158,3156.956950837469,28237.475467775464,400.0,39296.9,96.2,0.0,0.0,4.0,5139.0,Ostrava - mesto,north Moravia,323870,0,0,0,1,1,100.0,10673,4.75,5.44,100,18782,18347
3283,0,68,POPLATEK MESICNE,1741,307,7455.273289902279,7685.293341380994,30442.739087947884,300.0,17955.9,61.4,0.0,0.0,1.0,8720.0,Frydek - Mistek,north Moravia,228848,15,40,18,2,6,57.2,9893,4.09,4.72,96,5623,5887
3781,0,31,POPLATEK MESICNE,1741,311,9535.841800643086,10591.879775344123,63538.71446945337,800.0,66689.6,62.2,0.0,0.0,1.0,7701.0,Tachov,west Bohemia,51313,34,12,3,1,4,59.2,8930,3.52,4.20,108,1328,1452
7203,1,71,POPLATEK MESICNE,1741,239,8244.19330543933,11407.676083645027,37968.9230125523,900.0,9219.6,47.8,0.0,0.0,0.0,0.0,Novy Jicin,north Moravia,161227,5,35,11,4,10,69.7,8678,5.93,5.57,102,4980,4595
1065,0,72,POPLATEK MESICNE,1740,297,2358.284848484848,5244.8219247402385,31222.37441077441,400.0,21962.7,59.4,0.0,0.0,0.0,0.0,Olomouc,north Moravia,226122,32,50,7,4,4,62.6,8994,3.80,4.79,110,9672,9208
3076,0,54,POPLATEK MESICNE,1740,261,1771.2375478927204,1695.7384627943418,18180.52796934866,700.0,22005.3,52.2,0.0,0.0,1.0,2715.0,Brno - mesto,south Moravia,387570,0,0,0,1,1,100.0,9897,1.60,1.96,140,18721,18696
4347,0,1,POPLATEK MESICNE,1740,297,2442.205723905724,6581.90358759168,25035.336026936027,700.0,18373.0,59.4,0.0,0.0,0.0,0.0,Hl.m. Praha,Prague,1204953,0,0,0,1,1,100.0,12541,0.29,0.43,167,85677,99107
1157,0,7,POPLATEK MESICNE,1740,271,2626.9634686346863,2776.9243883652207,32487.093357933583,700.0,48173.9,54.2,0.0,1.0,0.0,0.0,Melnik,central Bohemia,94725,38,28,1,3,6,63.4,9920,2.26,2.87,130,4289,4846
9403,0,1,POPLATEK TYDNE,1740,356,6524.557865168539,10060.304000322043,38460.85646067416,600.0,90912.3,71.2,1.0,0.0,2.0,6583.0,Hl.m. Praha,Prague,1204953,0,0,0,1,1,100.0,12541,0.29,0.43,167,85677,99107
1874,0,9,POPLATEK MESICNE,1740,280,1212.652857142857,1239.6967831921809,27185.7125,400.0,32554.8,56.0,0.0,0.0,1.0,2100.0,Nymburk,central Bohemia,81344,61,23,4,2,6,55.3,8899,3.39,3.97,149,2987,2487
1115,0,34,POPLATEK MESICNE,1740,285,1351.9175438596492,1446.8843308551752,17151.636491228073,300.0,15276.5,57.0,0.0,0.0,1.0,2293.0,Chomutov,north Bohemia,125236,28,11,1,4,5,87.7,9675,6.43,7.68,100,5323,5190
3586,0,59,POPLATEK MESICNE,1740,278,5726.161870503597,6471.44345624294,38998.662589928055,300.0,46925.3,55.6,0.0,0.0,0.0,0.0,Kromeriz,south Moravia,108871,41,29,7,2,6,62.1,8444,3.24,3.47,106,2595,2305
62,0,47,POPLATEK MESICNE,1739,292,1959.1174657534248,1950.4775627400377,24615.58801369863,1100.0,19771.0,58.4,0.0,0.0,1.0,2273.0,Pardubice,east Bohemia,162580,83,26,5,1,6,72.8,9538,1.51,1.81,111,6079,5410
1771,0,69,POPLATEK MESICNE,1739,338,2226.4130177514794,2224.487385755408,26465.44970414201,500.0,20667.6,67.6,0.0,0.0,1.0,3052.0,Jesenik,north Moravia,42821,4,13,5,1,3,48.4,8173,?,7.01,124,?,1358
5483,1,13,POPLATEK MESICNE,1739,301,7219.994684385381,7870.763667127331,37815.96245847176,-1382.8,36814.6,60.2,0.0,0.0,1.0,1307.0,Rakovnik,central Bohemia,53921,61,22,1,1,2,41.3,8598,2.77,3.26,123,1597,1875
8330,0,48,POPLATEK MESICNE,1739,433,6007.7170900692845,8869.308207019089,45328.78729792147,600.0,52393.3,86.6,1.0,0.0,2.0,4027.0,Rychnov nad Kneznou,east Bohemia,78955,50,24,8,1,9,59.0,9060,1.78,2.44,124,1655,1717
187,0,5,POPLATEK MESICNE,1739,264,1744.8310606060606,1712.4356940498246,17142.211363636365,200.0,25970.2,52.8,0.0,0.0,1.0,2798.0,Kolin,central Bohemia,95616,65,30,4,1,6,51.4,9307,3.85,4.43,118,2616,3040
423,0,12,POPLATEK MESICNE,1739,274,1166.6014598540146,1178.489586128467,18401.950364963504,500.0,21363.5,54.8,0.0,0.0,1.0,1942.0,Pribram,central Bohemia,107870,84,29,6,1,6,58.0,8754,3.83,4.31,137,3804,3868
6425,0,31,POPLATEK MESICNE,1738,357,4440.6207282913165,4841.92544528674,27535.20980392157,700.0,26945.4,71.4,1.0,0.0,1.0,3057.0,Tachov,west Bohemia,51313,34,12,3,1,4,59.2,8930,3.52,4.20,108,1328,1452
2493,0,62,POPLATEK MESICNE,1738,314,3595.997452229299,3595.596833720992,43072.920382165605,300.0,73169.8,62.8,0.0,1.0,1.0,5375.0,Uherske Hradiste,south Moravia,145688,22,41,13,2,5,40.7,8544,1.29,1.86,109,2719,2906
2896,0,29,POPLATEK MESICNE,1737,324,1080.4641975308643,1203.8573459361241,18816.899999999998,400.0,26325.0,64.8,0.0,0.0,2.0,2147.0,Rokycany,west Bohemia,45714,52,10,5,1,6,55.6,8843,2.82,3.60,113,818,888
2245,0,29,POPLATEK MESICNE,1737,316,10441.212341772152,12342.530422842776,55911.61803797469,300.0,35777.8,63.2,1.0,0.0,1.0,7248.8,Rokycany,west Bohemia,45714,52,10,5,1,6,55.6,8843,2.82,3.60,113,818,888
3923,0,52,POPLATEK MESICNE,1737,315,8405.545396825397,9357.971590060786,56468.10507936509,400.0,106277.1,63.0,0.0,0.0,1.0,5037.0,Usti nad Orlici,east Bohemia,139012,59,41,8,3,10,61.9,8363,2.52,3.49,108,2564,2799
1898,0,70,POPLATEK MESICNE,1735,254,5057.6614173228345,5355.243432494203,28320.824015748032,1000.0,29400.1,50.8,0.0,0.0,0.0,0.0,Karvina,north Moravia,285387,0,2,8,5,7,89.9,10177,6.63,7.75,81,9878,10108
3367,0,1,POPLATEK MESICNE,1735,358,7783.746368715084,10530.879746365432,69201.58687150838,800.0,54753.3,71.6,0.0,0.0,2.0,3023.0,Hl.m. Praha,Prague,1204953,0,0,0,1,1,100.0,12541,0.29,0.43,167,85677,99107
3391,0,74,POPLATEK MESICNE,1735,377,5515.587798408488,6846.90427434799,43362.68461538461,300.0,73282.9,75.4,0.0,0.0,3.0,7515.0,Ostrava - mesto,north Moravia,323870,0,0,0,1,1,100.0,10673,4.75,5.44,100,18782,18347
8519,0,23,POPLATEK MESICNE,1734,437,10577.729977116705,13593.415615517186,47157.82402745996,1100.0,57752.3,87.4,1.0,0.0,2.0,19935.3,Cheb,west Bohemia,87419,21,11,4,3,9,85.5,8624,1.79,2.66,102,2879,3198
1780,0,1,POPLATEK MESICNE,1734,338,9095.676035502958,10834.692659482675,66661.36094674557,900.0,78396.5,67.6,0.0,0.0,1.0,5429.0,Hl.m. Praha,Prague,1204953,0,0,0,1,1,100.0,12541,0.29,0.43,167,85677,99107
3915,0,65,POPLATEK MESICNE,1734,334,8496.711976047904,9438.607414603239,47470.5248502994,300.0,52293.8,66.8,0.0,0.0,1.0,9510.0,Znojmo,south Moravia,114200,101,41,4,1,4,43.7,8403,5.74,5.72,105,2157,2718
3980,0,75,POPLATEK MESICNE,1733,386,2921.937823834197,3472.7384720702494,36701.87953367876,800.0,67096.2,77.2,0.0,0.0,2.0,3631.0,Prerov,north Moravia,138032,67,30,4,2,5,64.6,8819,5.38,5.66,99,4063,4505
4350,0,63,POPLATEK MESICNE,1732,285,7923.950175438596,9722.714842423706,65073.92140350878,1000.0,103512.5,57.0,0.0,0.0,0.0,0.0,Vyskov,south Moravia,86513,38,36,5,1,5,50.5,8288,3.79,4.52,110,1562,1460
686,0,41,POPLATEK MESICNE,1732,422,3183.696682464455,3851.6666672394445,24597.576303317535,1100.0,15336.0,84.4,0.0,0.0,3.0,6070.0,Usti nad Labem,north Bohemia,118650,8,8,5,1,3,85.6,9832,3.32,4.48,114,6445,5471
362,0,15,POPLATEK MESICNE,1732,432,2923.375,3777.9400425594386,29169.38125,900.0,46286.3,86.4,0.0,0.0,3.0,6361.0,Cesky Krumlov,south Bohemia,58796,22,16,7,1,5,51.9,9045,3.13,3.60,124,1845,1879
299,0,77,POPLATEK MESICNE,1731,323,15840.1479876161,16239.268967717035,72449.1705882353,600.0,83306.3,64.6,0.0,0.0,0.0,0.0,Vsetin,north Moravia,148545,8,35,12,3,4,53.5,8909,4.01,5.56,113,3460,3590
2488,0,5,POPLATEK MESICNE,1730,248,1318.4681451612903,1382.998623712868,21698.595161290323,400.0,30646.9,49.6,0.0,1.0,1.0,2030.0,Kolin,central Bohemia,95616,65,30,4,1,6,51.4,9307,3.85,4.43,118,2616,3040
2985,1,71,POPLATEK MESICNE,1730,293,1724.8348122866894,1716.9999452542604,28041.984300341297,400.0,23316.6,58.6,0.0,0.0,1.0,2113.0,Novy Jicin,north Moravia,161227,5,35,11,4,10,69.7,8678,5.93,5.57,102,4980,4595
385,0,5,POPLATEK MESICNE,1729,386,985.341450777202,1321.9939822414342,22833.888341968912,1000.0,27178.7,77.2,0.0,0.0,3.0,2312.0,Kolin,central Bohemia,95616,65,30,4,1,6,51.4,9307,3.85,4.43,118,2616,3040
2817,0,56,POPLATEK MESICNE,1729,288,5764.399305555556,6438.808310798288,49076.671875,13672.0,59013.7,57.6,0.0,0.0,0.0,0.0,Breclav,south Moravia,124605,11,42,14,1,8,46.0,8772,4.69,4.98,126,2854,3158
2056,0,58,POPLATEK MESICNE,1729,262,9892.81106870229,13970.62103090854,48012.57900763358,200.0,51450.7,52.4,0.0,0.0,0.0,0.0,Jihlava,south Moravia,109164,98,16,6,1,4,63.6,8757,3.38,3.95,96,2212,2471
2002,0,1,POPLATEK MESICNE,1728,269,2444.8230483271377,2500.124691724053,25491.018215613385,400.0,32806.8,53.8,0.0,0.0,1.0,3688.0,Hl.m. Praha,Prague,1204953,0,0,0,1,1,100.0,12541,0.29,0.43,167,85677,99107
748,0,10,POPLATEK MESICNE,1728,331,4133.961027190333,4615.341812276006,37891.307250755286,700.0,76828.8,66.2,0.0,0.0,1.0,6492.0,Praha - vychod,central Bohemia,92084,55,29,4,3,5,46.7,10124,0.56,0.54,141,3810,4316
220,0,72,POPLATEK MESICNE,1727,276,2077.31884057971,2043.5084625863237,18855.106884057972,400.0,25595.8,55.2,0.0,0.0,1.0,3095.0,Olomouc,north Moravia,226122,32,50,7,4,4,62.6,8994,3.80,4.79,110,9672,9208
1422,0,68,POPLATEK MESICNE,1727,298,2123.5446308724836,2202.307811383818,23481.08389261745,400.0,32117.4,59.6,0.0,0.0,1.0,2655.0,Frydek - Mistek,north Moravia,228848,15,40,18,2,6,57.2,9893,4.09,4.72,96,5623,5887
1147,0,44,POPLATEK MESICNE,1726,283,9738.302826855124,11106.13033644315,53195.38692579505,400.0,38596.0,56.6,0.0,0.0,0.0,0.0,Chrudim,east Bohemia,105606,77,26,7,2,7,53.0,8254,2.79,3.76,97,2166,2325
3788,0,70,POPLATEK MESICNE,1726,338,2452.597928994083,4780.945935054339,45661.92041420118,300.0,78457.7,67.6,0.0,0.0,0.0,0.0,Karvina,north Moravia,285387,0,2,8,5,7,89.9,10177,6.63,7.75,81,9878,10108
1891,0,32,POPLATEK MESICNE,1726,436,1243.473623853211,1506.1111582419344,42440.42637614679,800.0,71409.9,87.2,0.0,0.0,3.0,2504.0,Ceska Lipa,north Bohemia,105058,32,19,7,2,10,81.0,9272,2.80,3.22,118,4340,4505
1239,0,1,POPLATEK MESICNE,1726,275,2702.8043636363636,2718.162114461137,22733.031636363638,900.0,15170.9,55.0,0.0,1.0,1.0,3744.0,Hl.m. Praha,Prague,1204953,0,0,0,1,1,100.0,12541,0.29,0.43,167,85677,99107
8321,0,77,POPLATEK MESICNE,1724,440,3286.905227272727,4102.802786145094,33518.674545454545,800.0,55754.0,88.0,1.0,0.0,2.0,8525.0,Vsetin,north Moravia,148545,8,35,12,3,4,53.5,8909,4.01,5.56,113,3460,3590
3213,0,51,POPLATEK MESICNE,1724,329,1018.8121580547113,1090.3022184956833,16711.533434650457,400.0,16270.6,65.8,0.0,0.0,2.0,2045.0,Trutnov,east Bohemia,121947,37,28,7,3,11,70.5,8541,2.51,2.97,131,3496,3839
2838,0,3,POPLATEK TYDNE,1723,460,12846.113913043479,15831.120891563303,71476.8197826087,900.0,100824.1,92.0,0.0,0.0,3.0,6120.0,Beroun,central Bohemia,75232,55,26,4,1,5,41.7,8980,1.95,2.21,111,2824,2813
3644,0,38,POPLATEK MESICNE,1723,264,1459.3670454545456,1469.4563884576737,18706.670833333334,1000.0,19223.5,52.8,0.0,0.0,1.0,2304.0,Louny,north Bohemia,85852,41,23,4,2,4,59.8,8965,7.08,8.23,104,2653,2822
4318,0,33,POPLATEK TYDNE,1723,339,16575.741592920356,18341.25446878292,68145.78643067848,200.0,57408.1,67.8,0.0,1.0,2.0,18005.6,Decin,north Bohemia,133777,24,17,7,3,11,84.7,8705,5.75,7.61,116,4650,4859
2648,0,51,POPLATEK MESICNE,1723,167,3239.368263473054,7056.458083707383,29413.468862275447,400.0,38312.3,33.4,0.0,0.0,0.0,0.0,Trutnov,east Bohemia,121947,37,28,7,3,11,70.5,8541,2.51,2.97,131,3496,3839
2313,0,26,POPLATEK TYDNE,1723,367,4191.742506811989,4657.58439789806,31017.18773841962,1000.0,44807.3,73.4,0.0,0.0,2.0,6767.0,Plzen - mesto,west Bohemia,170449,0,0,0,1,1,100.0,10787,2.64,3.09,131,6041,6261
5428,0,24,POPLATEK MESICNE,1722,360,9683.789444444445,12404.859283273918,40191.14722222222,-3564.4,25824.7,72.0,1.0,0.0,1.0,7281.3,Karlovy Vary,west Bohemia,122603,25,21,6,2,8,80.0,8991,1.39,2.01,128,5198,5273
7123,0,64,POPLATEK PO OBRATU,1722,380,13316.832631578949,14347.972237153963,52662.871315789474,200.0,91993.4,76.0,1.0,0.0,2.0,18499.2,Zlin,south Moravia,197099,29,41,10,2,10,74.7,9624,1.60,2.31,145,4484,4265
279,0,39,POPLATEK MESICNE,1722,320,999.6671875,1060.1246424995024,19092.250625,400.0,25758.9,64.0,0.0,0.0,2.0,2004.0,Most,north Bohemia,119895,17,4,3,2,4,89.9,10446,7.34,9.40,90,4947,4743
104,0,37,POPLATEK MESICNE,1721,315,1035.1939682539683,1168.7706936463455,19461.01396825397,500.0,26174.7,63.0,0.0,0.0,2.0,2042.0,Litomerice,north Bohemia,114006,71,26,6,2,9,62.3,9065,4.46,5.39,123,4147,4166
497,0,55,POPLATEK MESICNE,1721,329,7934.1601823708215,9547.1310885446,53388.7273556231,1000.0,46474.8,65.8,0.0,1.0,1.0,3405.0,Brno - venkov,south Moravia,157042,49,70,18,0,9,33.9,8743,1.88,2.43,111,3659,3894
1152,0,45,POPLATEK MESICNE,1721,275,1313.0901818181817,1332.8636514825505,17419.408,800.0,15031.7,55.0,0.0,0.0,1.0,2186.0,Jicin,east Bohemia,77917,85,19,6,1,5,53.5,8390,2.28,2.89,132,2080,2122
83,0,26,POPLATEK MESICNE,1720,358,3311.786312849162,3539.6158063697953,24807.173184357544,500.0,23635.9,71.6,0.0,1.0,2.0,6150.0,Plzen - mesto,west Bohemia,170449,0,0,0,1,1,100.0,10787,2.64,3.09,131,6041,6261
2008,0,52,POPLATEK MESICNE,1720,381,3982.590813648294,5165.762013416561,49750.14409448818,700.0,87886.4,76.2,0.0,0.0,2.0,4198.0,Usti nad Orlici,east Bohemia,139012,59,41,8,3,10,61.9,8363,2.52,3.49,108,2564,2799
3327,0,45,POPLATEK MESICNE,1720,357,3703.2770308123245,4228.855279867879,32645.689635854338,1100.0,50653.7,71.4,0.0,0.0,2.0,6193.0,Jicin,east Bohemia,77917,85,19,6,1,5,53.5,8390,2.28,2.89,132,2080,2122
5740,1,43,POPLATEK MESICNE,1720,306,10960.538235294118,14203.158516443504,36517.685947712416,-3724.7,19643.5,61.2,0.0,0.0,1.0,2907.0,Hradec Kralove,east Bohemia,161854,73,21,6,1,6,76.3,9425,1.72,2.50,125,4085,3891
8132,0,5,POPLATEK TYDNE,1719,359,8795.375766016712,11034.356229980496,58676.33286908078,-1841.3,65218.1,71.8,0.0,0.0,0.0,0.0,Kolin,central Bohemia,95616,65,30,4,1,6,51.4,9307,3.85,4.43,118,2616,3040
10738,0,45,POPLATEK TYDNE,1719,426,8211.492957746479,11838.97271550583,44895.90845070423,200.0,50755.4,85.2,1.0,0.0,3.0,11449.5,Jicin,east Bohemia,77917,85,19,6,1,5,53.5,8390,2.28,2.89,132,2080,2122
2216,0,74,POPLATEK MESICNE,1719,372,11614.15752688172,14372.559291121035,56915.251881720425,900.0,53355.6,74.4,0.0,0.0,2.0,9889.0,Ostrava - mesto,north Moravia,323870,0,0,0,1,1,100.0,10673,4.75,5.44,100,18782,18347
1815,0,66,POPLATEK MESICNE,1719,382,5712.526178010471,6669.128323906373,33533.264136125654,500.0,34282.7,76.4,0.0,0.0,2.0,9896.0,Zdar nad Sazavou,south Moravia,125832,151,41,2,3,5,48.3,8512,3.51,4.12,102,2247,2103
2823,0,57,POPLATEK MESICNE,1718,267,1331.9644194756554,1383.5031878521045,19089.007490636704,300.0,24450.0,53.4,0.0,0.0,1.0,2210.0,Hodonin,south Moravia,161954,21,37,20,3,8,48.0,8720,3.73,4.50,116,3729,3651
4321,0,47,POPLATEK MESICNE,1718,360,14073.101944444445,15466.177415969743,75625.50083333334,1000.0,80623.3,72.0,0.0,0.0,0.0,0.0,Pardubice,east Bohemia,162580,83,26,5,1,6,72.8,9538,1.51,1.81,111,6079,5410
1773,0,33,POPLATEK MESICNE,1717,257,1845.33813229572,1742.8714876899974,15739.41634241245,300.0,16759.4,51.4,0.0,0.0,1.0,2877.0,Decin,north Bohemia,133777,24,17,7,3,11,84.7,8705,5.75,7.61,116,4650,4859
7454,0,4,POPLATEK MESICNE,1717,375,1574.9266666666667,1694.2426385155081,17237.7472,500.0,15863.5,75.0,1.0,0.0,3.0,4096.0,Kladno,central Bohemia,149893,63,29,6,2,6,67.4,9753,4.64,5.05,109,5244,5892
188,0,54,POPLATEK MESICNE,1716,330,7063.055454545454,7913.484962776817,52988.31121212121,700.0,74252.2,66.0,0.0,0.0,1.0,7426.0,Brno - mesto,south Moravia,387570,0,0,0,1,1,100.0,9897,1.60,1.96,140,18721,18696
10973,0,18,POPLATEK TYDNE,1716,387,12428.536434108526,14873.149727670334,56774.06847545219,7728.9,29921.9,77.4,1.0,0.0,1.0,3216.7,Pisek,south Bohemia,70699,60,13,2,1,4,65.3,8968,2.83,3.35,131,1740,1910
2599,0,48,POPLATEK MESICNE,1716,205,7704.817073170731,9204.317759204272,28582.69512195122,-6855.1,17656.1,41.0,0.0,0.0,0.0,0.0,Rychnov nad Kneznou,east Bohemia,78955,50,24,8,1,9,59.0,9060,1.78,2.44,124,1655,1717
1166,0,11,POPLATEK MESICNE,1715,371,6132.57088948787,7069.553411386575,38636.46037735849,200.0,33216.8,74.2,1.0,0.0,2.0,7502.2,Praha - zapad,central Bohemia,75637,35,36,9,0,7,36.5,9622,0.45,0.59,154,3475,3529
504,0,73,POPLATEK MESICNE,1715,266,1390.004887218045,1454.9351896654948,24399.695112781956,1100.0,31005.1,53.2,0.0,1.0,1.0,2308.0,Opava,north Moravia,182027,17,49,12,2,7,56.4,8746,3.33,3.74,90,4355,4433
1518,0,67,POPLATEK MESICNE,1715,279,7357.356272401434,8281.176116902729,63940.90931899641,200.0,90584.0,55.8,0.0,0.0,0.0,0.0,Bruntal,north Moravia,106054,38,25,6,2,6,63.1,8110,5.77,6.55,109,3244,3079
2189,0,75,POPLATEK MESICNE,1714,401,6276.920448877806,8715.442914426714,51342.519451371576,700.0,48141.2,80.2,0.0,0.0,3.0,4956.0,Prerov,north Moravia,138032,67,30,4,2,5,64.6,8819,5.38,5.66,99,4063,4505
6040,0,1,POPLATEK MESICNE,1714,476,5647.832352941177,8122.83191060356,35469.13676470589,1100.0,26435.6,95.2,1.0,0.0,4.0,9460.0,Hl.m. Praha,Prague,1204953,0,0,0,1,1,100.0,12541,0.29,0.43,167,85677,99107
2876,0,52,POPLATEK MESICNE,1714,321,6595.206230529596,7415.124741513866,31681.96573208723,200.0,26133.3,64.2,0.0,0.0,1.0,5231.0,Usti nad Orlici,east Bohemia,139012,59,41,8,3,10,61.9,8363,2.52,3.49,108,2564,2799
1505,1,69,POPLATEK MESICNE,1713,250,4649.9132,5100.885208178463,25186.934,-1924.8,3737.2,50.0,0.0,0.0,0.0,0.0,Jesenik,north Moravia,42821,4,13,5,1,3,48.4,8173,?,7.01,124,?,1358
6897,0,48,POPLATEK MESICNE,1713,304,11618.496052631579,14775.255607074074,57865.893421052635,-533.7,58459.2,60.8,0.0,0.0,0.0,0.0,Rychnov nad Kneznou,east Bohemia,78955,50,24,8,1,9,59.0,9060,1.78,2.44,124,1655,1717
4377,0,28,POPLATEK MESICNE,1712,274,13290.436861313869,15652.10666751754,54875.193065693435,500.0,28890.4,54.8,0.0,0.0,1.0,4788.3,Plzen - sever,west Bohemia,72541,66,26,10,0,8,36.9,8594,1.62,2.01,112,1580,1525
717,0,75,POPLATEK MESICNE,1712,322,7657.300621118012,8494.515357346705,42474.994099378884,400.0,46070.4,64.4,0.0,0.0,1.0,6561.0,Prerov,north Moravia,138032,67,30,4,2,5,64.6,8819,5.38,5.66,99,4063,4505
9707,0,70,POPLATEK MESICNE,1712,385,10363.337142857143,13713.73734406212,54030.25766233766,-225.0,75625.0,77.0,0.0,0.0,1.0,3112.1,Karvina,north Moravia,285387,0,2,8,5,7,89.9,10177,6.63,7.75,81,9878,10108
2814,0,72,POPLATEK MESICNE,1711,262,1876.027099236641,1939.0503995370543,19884.809160305344,500.0,27221.1,52.4,0.0,0.0,1.0,2627.0,Olomouc,north Moravia,226122,32,50,7,4,4,62.6,8994,3.80,4.79,110,9672,9208
3068,0,59,POPLATEK MESICNE,1711,270,2520.5311111111114,2485.82983909136,21503.603333333336,500.0,23488.6,54.0,0.0,0.0,1.0,3878.0,Kromeriz,south Moravia,108871,41,29,7,2,6,62.1,8444,3.24,3.47,106,2595,2305
1476,0,61,POPLATEK MESICNE,1710,284,2511.8492957746475,2499.2153667569605,19075.058450704226,200.0,13213.1,56.8,0.0,0.0,1.0,3467.0,Trebic,south Moravia,117897,139,28,5,1,6,53.8,8814,4.76,5.74,107,2112,2059
897,0,38,POPLATEK MESICNE,1710,381,9077.705511811024,11941.76392171591,48806.431496062985,600.0,50596.7,76.2,0.0,0.0,2.0,9586.0,Louny,north Bohemia,85852,41,23,4,2,4,59.8,8965,7.08,8.23,104,2653,2822
977,0,1,POPLATEK MESICNE,1710,325,5382.45476923077,6094.066299127693,42573.38738461539,800.0,84487.0,65.0,0.0,0.0,1.0,6846.0,Hl.m. Praha,Prague,1204953,0,0,0,1,1,100.0,12541,0.29,0.43,167,85677,99107
2639,0,17,POPLATEK MESICNE,1710,331,8921.32658610272,9972.976526397668,36174.21450151057,800.0,27889.1,66.2,0.0,0.0,1.0,8633.0,Pelhrimov,south Bohemia,74062,99,15,4,2,7,61.4,8114,2.38,2.62,119,1003,1181
1032,0,11,POPLATEK MESICNE,1710,329,18427.813069908814,21320.096269577836,62894.31580547112,400.0,62756.2,65.8,0.0,0.0,0.0,0.0,Praha - zapad,central Bohemia,75637,35,36,9,0,7,36.5,9622,0.45,0.59,154,3475,3529
928,0,20,POPLATEK MESICNE,1710,330,2971.6554545454546,2859.425775018912,36069.40575757576,1100.0,60463.9,66.0,0.0,1.0,1.0,4561.0,Strakonice,south Bohemia,70646,94,14,3,1,4,58.4,8547,2.65,3.64,120,1563,1542
168,0,31,POPLATEK MESICNE,1709,268,1224.6481343283583,1223.0467386113937,17030.540671641793,500.0,18209.8,53.6,0.0,0.0,1.0,2013.0,Tachov,west Bohemia,51313,34,12,3,1,4,59.2,8930,3.52,4.20,108,1328,1452
2175,0,1,POPLATEK MESICNE,1709,331,12104.269788519638,13997.54821074227,47820.07945619336,-2402.3,99900.2,66.2,0.0,1.0,0.0,0.0,Hl.m. Praha,Prague,1204953,0,0,0,1,1,100.0,12541,0.29,0.43,167,85677,99107
10105,0,55,POPLATEK MESICNE,1708,396,11384.65505050505,13248.628253282324,64620.84318181818,600.0,35095.2,79.2,1.0,0.0,1.0,5079.0,Brno - venkov,south Moravia,157042,49,70,18,0,9,33.9,8743,1.88,2.43,111,3659,3894
1392,0,60,POPLATEK MESICNE,1708,358,7814.049162011173,9766.129958666594,53946.940223463695,700.0,61816.8,71.6,0.0,0.0,2.0,7297.0,Prostejov,south Moravia,110643,49,41,4,1,4,51.9,8441,3.45,4.48,115,1879,2252
3697,0,45,POPLATEK MESICNE,1707,358,4424.947486033519,5443.1684871938005,30326.887988826817,900.0,34124.6,71.6,0.0,0.0,2.0,5932.0,Jicin,east Bohemia,77917,85,19,6,1,5,53.5,8390,2.28,2.89,132,2080,2122
5313,1,40,POPLATEK MESICNE,1707,511,8992.426614481408,12702.821283203815,52007.81682974559,800.0,86662.9,102.2,1.0,0.0,4.0,12927.2,Teplice,north Bohemia,128118,9,16,6,3,8,85.3,9317,6.49,7.07,97,6949,6872
2222,0,47,POPLATEK MESICNE,1705,261,8873.429501915709,12648.296231156506,49438.17739463602,200.0,61595.6,52.2,0.0,0.0,1.0,4103.8,Pardubice,east Bohemia,162580,83,26,5,1,6,72.8,9538,1.51,1.81,111,6079,5410
2641,0,7,POPLATEK MESICNE,1704,324,7868.37037037037,9054.812583799081,61992.73271604938,700.0,95329.6,64.8,0.0,0.0,1.0,5126.0,Melnik,central Bohemia,94725,38,28,1,3,6,63.4,9920,2.26,2.87,130,4289,4846
5423,1,15,POPLATEK MESICNE,1704,438,8221.46689497717,11495.316597470768,42191.58721461187,-1965.1,81523.1,87.6,0.0,0.0,4.0,14526.0,Cesky Krumlov,south Bohemia,58796,22,16,7,1,5,51.9,9045,3.13,3.60,124,1845,1879
2609,0,73,POPLATEK MESICNE,1703,297,13213.856902356902,16485.990701020975,50530.67037037037,1000.0,27245.4,59.4,0.0,1.0,1.0,4881.9,Opava,north Moravia,182027,17,49,12,2,7,56.4,8746,3.33,3.74,90,4355,4433
5472,1,1,POPLATEK MESICNE,1702,271,2313.687822878229,2839.31490379726,20546.943173431733,700.0,10090.7,54.2,0.0,0.0,0.0,0.0,Hl.m. Praha,Prague,1204953,0,0,0,1,1,100.0,12541,0.29,0.43,167,85677,99107
2932,0,72,POPLATEK MESICNE,1702,547,9147.197989031078,14406.301167813446,56142.77659963437,500.0,40932.8,109.4,0.0,0.0,5.0,8615.3,Olomouc,north Moravia,226122,32,50,7,4,4,62.6,8994,3.80,4.79,110,9672,9208
4254,0,70,POPLATEK MESICNE,1702,261,3105.0904214559387,6811.5669909427015,27168.141379310346,500.0,15524.4,52.2,0.0,0.0,0.0,0.0,Karvina,north Moravia,285387,0,2,8,5,7,89.9,10177,6.63,7.75,81,9878,10108
3965,0,31,POPLATEK MESICNE,1702,300,6525.462666666667,7162.274892928863,26570.216333333334,-1843.9,45576.6,60.0,0.0,0.0,0.0,0.0,Tachov,west Bohemia,51313,34,12,3,1,4,59.2,8930,3.52,4.20,108,1328,1452
10656,1,8,POPLATEK MESICNE,1701,319,7218.348589341694,9366.678631388015,39039.11818181818,200.0,10077.3,63.8,0.0,0.0,0.0,0.0,Mlada Boleslav,central Bohemia,112065,95,19,7,1,8,69.4,11277,1.25,1.44,127,5179,4987
887,0,1,POPLATEK MESICNE,1701,250,1979.9528,1967.0314243625794,17518.8456,4514.0,19133.5,50.0,0.0,1.0,1.0,3009.0,Hl.m. Praha,Prague,1204953,0,0,0,1,1,100.0,12541,0.29,0.43,167,85677,99107
4743,0,64,POPLATEK MESICNE,1701,342,12698.144152046783,14929.911877392173,65965.77485380117,-1376.9,94556.0,68.4,0.0,0.0,0.0,0.0,Zlin,south Moravia,197099,29,41,10,2,10,74.7,9624,1.60,2.31,145,4484,4265
1048,0,35,POPLATEK MESICNE,1701,284,2329.911267605634,2330.790113326687,18541.18591549296,1100.0,20352.0,56.8,0.0,0.0,1.0,3852.0,Jablonec n. Nisou,north Bohemia,88768,10,18,5,1,7,80.5,8867,1.02,1.21,130,3384,3620
1671,0,6,POPLATEK MESICNE,1701,341,2124.172140762463,2394.334129531471,28425.01788856305,1100.0,25768.3,68.2,0.0,0.0,2.0,3009.0,Kutna Hora,central Bohemia,77963,60,23,4,2,4,51.5,8546,2.95,4.02,126,2640,3120
1236,0,19,POPLATEK MESICNE,1701,271,2452.4033210332104,5585.167739802421,24998.450553505532,1000.0,18682.4,54.2,0.0,0.0,0.0,0.0,Prachatice,south Bohemia,51428,50,11,3,1,4,52.7,8402,3.13,3.98,120,999,1099
1822,0,30,POPLATEK MESICNE,1701,285,1940.6747368421054,2120.3946043181436,26432.477894736843,900.0,43749.4,57.0,0.0,0.0,1.0,1996.0,Sokolov,west Bohemia,94812,15,13,8,2,10,81.8,9650,3.38,3.67,100,2985,2804
3316,1,28,POPLATEK MESICNE,1700,320,5862.083125,6286.023712416983,39124.984375,800.0,27562.2,64.0,0.0,0.0,1.0,9655.0,Plzen - sever,west Bohemia,72541,66,26,10,0,8,36.9,8594,1.62,2.01,112,1580,1525
2037,0,20,POPLATEK MESICNE,1700,359,5611.949860724234,6595.256907609234,36726.93955431755,900.0,34487.6,71.8,0.0,0.0,2.0,9297.0,Strakonice,south Bohemia,70646,94,14,3,1,4,58.4,8547,2.65,3.64,120,1563,1542
10079,0,62,POPLATEK MESICNE,1700,362,12236.446961325966,15161.433996402253,57572.537569060776,1100.0,30706.2,72.4,1.0,0.0,1.0,2784.8,Uherske Hradiste,south Moravia,145688,22,41,13,2,5,40.7,8544,1.29,1.86,109,2719,2906
3999,0,35,POPLATEK MESICNE,1700,400,4020.7572499999997,5378.9497359896595,47877.65525,400.0,88937.0,80.0,0.0,0.0,3.0,7701.0,Jablonec n. Nisou,north Bohemia,88768,10,18,5,1,7,80.5,8867,1.02,1.21,130,3384,3620
551,0,77,POPLATEK MESICNE,1699,234,2895.0551282051283,6956.565059091191,24162.460683760684,800.0,29023.9,46.8,0.0,0.0,0.0,0.0,Vsetin,north Moravia,148545,8,35,12,3,4,53.5,8909,4.01,5.56,113,3460,3590
1200,0,33,POPLATEK MESICNE,1699,429,6599.832167832168,9059.532746772911,49131.832400932406,300.0,45014.1,85.8,0.0,0.0,3.0,7424.0,Decin,north Bohemia,133777,24,17,7,3,11,84.7,8705,5.75,7.61,116,4650,4859
1161,0,66,POPLATEK MESICNE,1698,268,2414.915671641791,2373.2109487136418,21414.54626865672,600.0,26485.1,53.6,0.0,0.0,1.0,3947.0,Zdar nad Sazavou,south Moravia,125832,151,41,2,3,5,48.3,8512,3.51,4.12,102,2247,2103
5372,0,48,POPLATEK MESICNE,1698,296,15002.713851351351,17096.738364885074,68020.28445945945,-1058.1,71841.6,59.2,0.0,0.0,1.0,2612.0,Rychnov nad Kneznou,east Bohemia,78955,50,24,8,1,9,59.0,9060,1.78,2.44,124,1655,1717
3050,0,60,POPLATEK MESICNE,1698,503,9991.52166998012,14596.579819509725,56779.33578528827,900.0,27320.7,100.6,1.0,0.0,4.0,16783.5,Prostejov,south Moravia,110643,49,41,4,1,4,51.9,8441,3.45,4.48,115,1879,2252
1784,0,59,POPLATEK MESICNE,1698,297,2466.484511784512,2699.2804517610443,23836.32255892256,400.0,28097.5,59.4,0.0,0.0,1.0,1785.0,Kromeriz,south Moravia,108871,41,29,7,2,6,62.1,8444,3.24,3.47,106,2595,2305
1603,0,1,POPLATEK MESICNE,1697,408,3194.8083333333334,3097.317418118303,28794.743382352943,900.0,35559.3,81.6,1.0,0.0,3.0,10124.0,Hl.m. Praha,Prague,1204953,0,0,0,1,1,100.0,12541,0.29,0.43,167,85677,99107
1887,0,68,POPLATEK MESICNE,1697,316,3392.6278481012655,3478.2834080497364,30722.851265822785,900.0,33119.8,63.2,0.0,0.0,1.0,5608.0,Frydek - Mistek,north Moravia,228848,15,40,18,2,6,57.2,9893,4.09,4.72,96,5623,5887
1644,0,1,POPLATEK MESICNE,1697,428,4265.794158878504,6182.219002618383,40282.412149532705,400.0,38064.2,85.6,0.0,0.0,3.0,3573.0,Hl.m. Praha,Prague,1204953,0,0,0,1,1,100.0,12541,0.29,0.43,167,85677,99107
1658,0,73,POPLATEK MESICNE,1696,312,1084.222435897436,1281.7490721402187,18089.089102564103,800.0,21207.8,62.4,0.0,0.0,2.0,2122.0,Opava,north Moravia,182027,17,49,12,2,7,56.4,8746,3.33,3.74,90,4355,4433
44,0,32,POPLATEK MESICNE,1696,257,1744.2326848249027,1783.6090819045883,18839.503891050583,400.0,22304.9,51.4,0.0,0.0,1.0,2344.0,Ceska Lipa,north Bohemia,105058,32,19,7,2,10,81.0,9272,2.80,3.22,118,4340,4505
1039,0,70,POPLATEK TYDNE,1696,347,14477.502017291066,15327.777226204455,72986.43688760807,400.0,59480.6,69.4,0.0,1.0,0.0,0.0,Karvina,north Moravia,285387,0,2,8,5,7,89.9,10177,6.63,7.75,81,9878,10108
1071,0,68,POPLATEK TYDNE,1696,330,9963.745454545455,13419.699102755812,47074.708787878786,800.0,37560.9,66.0,1.0,0.0,1.0,4219.5,Frydek - Mistek,north Moravia,228848,15,40,18,2,6,57.2,9893,4.09,4.72,96,5623,5887
2410,0,54,POPLATEK MESICNE,1695,250,2497.4372000000003,2548.5163630605375,38384.3456,600.0,65224.5,50.0,0.0,0.0,1.0,3410.0,Brno - mesto,south Moravia,387570,0,0,0,1,1,100.0,9897,1.60,1.96,140,18721,18696
2523,0,10,POPLATEK MESICNE,1695,435,873.4413793103448,1220.7724987570762,19930.203908045976,400.0,17653.4,87.0,0.0,0.0,4.0,2015.0,Praha - vychod,central Bohemia,92084,55,29,4,3,5,46.7,10124,0.56,0.54,141,3810,4316
790,1,54,POPLATEK MESICNE,1695,345,9899.90811594203,12603.673558537068,49931.98695652174,-1069.7,19680.3,69.0,1.0,0.0,1.0,4335.8,Brno - mesto,south Moravia,387570,0,0,0,1,1,100.0,9897,1.60,1.96,140,18721,18696
2583,0,62,POPLATEK MESICNE,1695,92,1262.275,1788.9320399148946,41075.745652173915,1000.0,65529.6,18.4,0.0,0.0,1.0,415.0,Uherske Hradiste,south Moravia,145688,22,41,13,2,5,40.7,8544,1.29,1.86,109,2719,2906
1782,0,8,POPLATEK MESICNE,1694,282,2383.0262411347517,2451.425217289681,34676.22375886525,700.0,63761.8,56.4,0.0,0.0,1.0,3231.0,Mlada Boleslav,central Bohemia,112065,95,19,7,1,8,69.4,11277,1.25,1.44,127,5179,4987
751,0,3,POPLATEK MESICNE,1694,271,1708.7630996309963,1664.2539541465962,22261.785977859778,900.0,26514.2,54.2,0.0,0.0,1.0,2363.0,Beroun,central Bohemia,75232,55,26,4,1,5,41.7,8980,1.95,2.21,111,2824,2813
2061,0,24,POPLATEK MESICNE,1694,338,1653.5594674556212,1802.4085226870482,21413.333136094672,200.0,20153.3,67.6,0.0,0.0,2.0,2669.0,Karlovy Vary,west Bohemia,122603,25,21,6,2,8,80.0,8991,1.39,2.01,128,5198,5273
8261,0,13,POPLATEK MESICNE,1694,558,4854.884229390681,7875.060475021421,31059.314695340505,500.0,20676.7,111.6,1.0,0.0,5.0,8796.8,Rakovnik,central Bohemia,53921,61,22,1,1,2,41.3,8598,2.77,3.26,123,1597,1875
2321,0,35,POPLATEK MESICNE,1693,339,13512.881415929203,15773.619418595752,65069.73628318585,400.0,59277.4,67.8,0.0,0.0,1.0,1158.0,Jablonec n. Nisou,north Bohemia,88768,10,18,5,1,7,80.5,8867,1.02,1.21,130,3384,3620
1334,0,74,POPLATEK MESICNE,1692,267,2607.9775280898875,2925.7436724723357,26939.54344569288,300.0,26680.9,53.4,0.0,0.0,0.0,0.0,Ostrava - mesto,north Moravia,323870,0,0,0,1,1,100.0,10673,4.75,5.44,100,18782,18347
3649,0,54,POPLATEK MESICNE,1692,374,5860.004010695187,7468.473826919974,42983.57647058823,600.0,39782.6,74.8,0.0,0.0,2.0,6472.0,Brno - mesto,south Moravia,387570,0,0,0,1,1,100.0,9897,1.60,1.96,140,18721,18696
555,0,24,POPLATEK MESICNE,1691,413,6578.294188861985,9446.82746644306,34680.75157384988,300.0,21004.0,82.6,0.0,0.0,3.0,7768.0,Karlovy Vary,west Bohemia,122603,25,21,6,2,8,80.0,8991,1.39,2.01,128,5198,5273
3173,0,39,POPLATEK MESICNE,1691,298,1545.393288590604,1767.5756757920649,17472.574161073826,1100.0,14919.8,59.6,0.0,1.0,2.0,2823.0,Most,north Bohemia,119895,17,4,3,2,4,89.9,10446,7.34,9.40,90,4947,4743
863,0,71,POPLATEK MESICNE,1690,405,12778.272592592593,14610.58336659397,64297.43728395062,300.0,94631.4,81.0,0.0,0.0,2.0,10520.3,Novy Jicin,north Moravia,161227,5,35,11,4,10,69.7,8678,5.93,5.57,102,4980,4595
3181,0,42,POPLATEK MESICNE,1690,286,2418.0531468531467,5685.914472057371,33494.266783216786,1000.0,55673.9,57.2,0.0,1.0,0.0,0.0,Havlickuv Brod,east Bohemia,95907,87,25,5,2,7,59.1,8388,2.41,2.94,87,1658,1668
3210,0,1,POPLATEK MESICNE,1689,301,9763.09634551495,10714.096250144165,43296.321594684385,1000.0,19162.6,60.2,0.0,0.0,1.0,7388.0,Hl.m. Praha,Prague,1204953,0,0,0,1,1,100.0,12541,0.29,0.43,167,85677,99107
489,0,16,POPLATEK MESICNE,1689,319,6161.62131661442,6751.5891737793,29862.998432601882,900.0,17122.6,63.8,0.0,1.0,1.0,5608.0,Jindrichuv Hradec,south Bohemia,93931,74,21,10,1,8,56.9,8427,1.12,1.54,107,1874,1913
947,0,59,POPLATEK MESICNE,1689,353,1734.0263456090652,1734.600769813954,25033.17223796034,1100.0,58229.7,70.6,0.0,0.0,2.0,2689.0,Kromeriz,south Moravia,108871,41,29,7,2,6,62.1,8444,3.24,3.47,106,2595,2305
3284,0,64,POPLATEK MESICNE,1689,300,3220.213,3136.727068597763,24817.601333333336,500.0,26565.2,60.0,0.0,0.0,1.0,4872.0,Zlin,south Moravia,197099,29,41,10,2,10,74.7,9624,1.60,2.31,145,4484,4265
1610,0,52,POPLATEK MESICNE,1689,327,9171.624770642202,11244.841203240812,69879.46850152905,500.0,82770.4,65.4,0.0,1.0,1.0,6258.0,Usti nad Orlici,east Bohemia,139012,59,41,8,3,10,61.9,8363,2.52,3.49,108,2564,2799
4225,0,55,POPLATEK MESICNE,1688,263,9954.940684410645,11303.43043849603,55738.160836501906,1100.0,62274.2,52.6,0.0,0.0,0.0,0.0,Brno - venkov,south Moravia,157042,49,70,18,0,9,33.9,8743,1.88,2.43,111,3659,3894
1412,0,64,POPLATEK MESICNE,1688,422,4068.803791469194,5574.02356525507,29494.51090047393,1000.0,17359.8,84.4,0.0,0.0,3.0,3819.0,Zlin,south Moravia,197099,29,41,10,2,10,74.7,9624,1.60,2.31,145,4484,4265
1937,0,36,POPLATEK MESICNE,1688,274,1922.2996350364963,1892.9579226982546,20285.13540145985,1100.0,22348.9,54.8,0.0,0.0,1.0,2933.0,Liberec,north Bohemia,159617,29,19,8,1,9,85.2,9198,3.33,4.28,131,5796,6132
991,0,39,POPLATEK MESICNE,1688,319,7792.931034482759,9150.820133702757,59731.12727272728,1100.0,53159.6,63.8,0.0,0.0,1.0,6748.0,Most,north Bohemia,119895,17,4,3,2,4,89.9,10446,7.34,9.40,90,4947,4743
1180,0,20,POPLATEK MESICNE,1687,272,6640.356985294118,7727.226270763788,42037.70992647059,500.0,52927.6,54.4,0.0,0.0,0.0,0.0,Strakonice,south Bohemia,70646,94,14,3,1,4,58.4,8547,2.65,3.64,120,1563,1542
2758,0,70,POPLATEK MESICNE,1687,325,3121.3323076923075,2956.3845039851626,33146.37753846154,900.0,53998.1,65.0,0.0,0.0,1.0,4692.0,Karvina,north Moravia,285387,0,2,8,5,7,89.9,10177,6.63,7.75,81,9878,10108
2711,0,58,POPLATEK MESICNE,1687,326,7296.1248466257675,8052.781141434447,38915.31472392638,400.0,35287.1,65.2,0.0,0.0,2.0,8171.0,Jihlava,south Moravia,109164,98,16,6,1,4,63.6,8757,3.38,3.95,96,2212,2471
1652,0,74,POPLATEK MESICNE,1686,278,2428.7341726618706,2452.2775678913767,20354.756474820144,300.0,19178.4,55.6,0.0,0.0,1.0,3422.0,Ostrava - mesto,north Moravia,323870,0,0,0,1,1,100.0,10673,4.75,5.44,100,18782,18347
3099,0,70,POPLATEK MESICNE,1686,286,2276.4017482517484,2260.2086520737885,23877.34895104895,800.0,22651.5,57.2,0.0,0.0,1.0,3205.0,Karvina,north Moravia,285387,0,2,8,5,7,89.9,10177,6.63,7.75,81,9878,10108
11111,0,1,POPLATEK MESICNE,1686,390,10979.817692307694,14353.000395917683,52779.57974358975,900.0,52334.4,78.0,1.0,0.0,2.0,7740.5,Hl.m. Praha,Prague,1204953,0,0,0,1,1,100.0,12541,0.29,0.43,167,85677,99107
9591,1,74,POPLATEK MESICNE,1686,413,10160.06392251816,13018.476021354181,48089.627118644064,400.0,18438.2,82.6,1.0,0.0,2.0,8508.7,Ostrava - mesto,north Moravia,323870,0,0,0,1,1,100.0,10673,4.75,5.44,100,18782,18347
9828,0,11,POPLATEK MESICNE,1686,330,11506.675151515152,13085.146666102873,46843.7193939394,400.0,22008.5,66.0,1.0,0.0,1.0,5274.7,Praha - zapad,central Bohemia,75637,35,36,9,0,7,36.5,9622,0.45,0.59,154,3475,3529
5385,0,44,POPLATEK TYDNE,1685,348,5368.713218390804,5898.3017943156865,33412.20948275862,500.0,27943.5,69.6,1.0,0.0,2.0,11243.3,Chrudim,east Bohemia,105606,77,26,7,2,7,53.0,8254,2.79,3.76,97,2166,2325
23,0,30,POPLATEK MESICNE,1684,303,8653.823762376238,9640.072799800839,49001.93135313531,800.0,75333.7,60.6,0.0,0.0,1.0,5807.0,Sokolov,west Bohemia,94812,15,13,8,2,10,81.8,9650,3.38,3.67,100,2985,2804
2645,0,54,POPLATEK MESICNE,1684,454,3119.8962555066078,4291.935561618472,33583.59074889868,600.0,35823.0,90.8,0.0,0.0,5.0,8212.0,Brno - mesto,south Moravia,387570,0,0,0,1,1,100.0,9897,1.60,1.96,140,18721,18696
2991,0,19,POPLATEK MESICNE,1684,433,6178.933025404157,9280.604073118602,38421.23348729792,600.0,24298.5,86.6,0.0,0.0,4.0,9455.0,Prachatice,south Bohemia,51428,50,11,3,1,4,52.7,8402,3.13,3.98,120,999,1099
3469,0,76,POPLATEK MESICNE,1684,289,2149.1470588235293,2211.99703802921,26195.143252595157,800.0,32533.7,57.8,0.0,0.0,1.0,2554.0,Sumperk,north Moravia,127369,31,32,13,2,7,51.2,8369,4.73,5.88,107,3736,2807
1851,0,55,POPLATEK MESICNE,1683,326,2733.8794478527607,2757.0133552268826,26705.75644171779,1000.0,53455.3,65.2,0.0,0.0,1.0,3649.0,Brno - venkov,south Moravia,157042,49,70,18,0,9,33.9,8743,1.88,2.43,111,3659,3894
3844,0,67,POPLATEK MESICNE,1683,267,1353.4370786516854,1419.8976890534768,19973.21161048689,200.0,20678.0,53.4,0.0,0.0,1.0,2260.0,Bruntal,north Moravia,106054,38,25,6,2,6,63.1,8110,5.77,6.55,109,3244,3079
1442,0,23,POPLATEK MESICNE,1683,323,6791.343034055727,7534.519788522636,37393.95448916409,300.0,19534.3,64.6,0.0,0.0,1.0,5950.0,Cheb,west Bohemia,87419,21,11,4,3,9,85.5,8624,1.79,2.66,102,2879,3198
3064,0,40,POPLATEK MESICNE,1683,416,2984.8197115384614,3424.5551043308483,32216.839903846154,1000.0,53549.9,83.2,1.0,0.0,3.0,7454.0,Teplice,north Bohemia,128118,9,16,6,3,8,85.3,9317,6.49,7.07,97,6949,6872
3558,0,4,POPLATEK MESICNE,1683,460,11345.26760869565,16579.12557053434,59369.78086956521,400.0,60620.2,92.0,0.0,0.0,3.0,4963.0,Kladno,central Bohemia,149893,63,29,6,2,6,67.4,9753,4.64,5.05,109,5244,5892
1534,0,1,POPLATEK MESICNE,1682,366,4932.4882513661205,5807.5987508005355,27862.06912568306,900.0,50081.2,73.2,0.0,0.0,2.0,9606.0,Hl.m. Praha,Prague,1204953,0,0,0,1,1,100.0,12541,0.29,0.43,167,85677,99107
334,0,1,POPLATEK MESICNE,1682,374,5818.22165775401,7597.986609010925,55250.37967914438,500.0,76525.6,74.8,0.0,1.0,2.0,3542.0,Hl.m. Praha,Prague,1204953,0,0,0,1,1,100.0,12541,0.29,0.43,167,85677,99107
1786,0,1,POPLATEK MESICNE,1681,317,6726.910725552051,7495.992654108873,46546.74069400631,1000.0,77461.4,63.4,0.0,0.0,1.0,8818.0,Hl.m. Praha,Prague,1204953,0,0,0,1,1,100.0,12541,0.29,0.43,167,85677,99107
1272,0,40,POPLATEK TYDNE,1681,214,7049.51308411215,10176.263433075941,46417.977570093455,-492.8,83375.9,42.8,0.0,0.0,1.0,1246.4,Teplice,north Bohemia,128118,9,16,6,3,8,85.3,9317,6.49,7.07,97,6949,6872
2436,0,67,POPLATEK MESICNE,1681,273,3760.646153846154,4300.815598069428,44964.81904761904,400.0,64486.6,54.6,0.0,0.0,0.0,0.0,Bruntal,north Moravia,106054,38,25,6,2,6,63.1,8110,5.77,6.55,109,3244,3079
3796,0,53,POPLATEK MESICNE,1681,324,5702.847222222223,6344.727473132351,42338.067901234564,400.0,65331.2,64.8,0.0,0.0,1.0,8301.0,Blansko,south Moravia,107911,88,33,6,2,7,50.9,8240,2.53,3.56,99,1850,1903
119,0,27,POPLATEK MESICNE,1681,322,7911.019254658386,8764.79579227682,39532.33074534161,800.0,56273.4,64.4,0.0,0.0,1.0,8252.0,Plzen - jih,west Bohemia,67298,71,19,10,0,7,43.8,8561,0.65,1.29,110,1029,1127
3063,0,72,POPLATEK MESICNE,1680,270,1338.5862962962963,1374.7157417280873,28168.382592592592,1100.0,37063.7,54.0,0.0,1.0,1.0,2330.0,Olomouc,north Moravia,226122,32,50,7,4,4,62.6,8994,3.80,4.79,110,9672,9208
18,0,43,POPLATEK TYDNE,1680,270,11652.54962962963,14461.27660579109,48320.58074074074,575.7,69913.9,54.0,0.0,0.0,0.0,0.0,Hradec Kralove,east Bohemia,161854,73,21,6,1,6,76.3,9425,1.72,2.50,125,4085,3891
11320,1,44,POPLATEK MESICNE,1680,298,6965.164093959731,8752.247613362455,35962.37651006711,600.0,47442.2,59.6,0.0,0.0,0.0,0.0,Chrudim,east Bohemia,105606,77,26,7,2,7,53.0,8254,2.79,3.76,97,2166,2325
3888,0,39,POPLATEK MESICNE,1679,52,2055.769230769231,1713.317325957701,18840.384615384617,1000.0,12700.0,10.4,0.0,0.0,0.0,0.0,Most,north Bohemia,119895,17,4,3,2,4,89.9,10446,7.34,9.40,90,4947,4743
1584,0,30,POPLATEK MESICNE,1679,236,1310.5457627118644,1380.6326354490807,21579.51949152542,600.0,28113.3,47.2,0.0,0.0,1.0,1983.0,Sokolov,west Bohemia,94812,15,13,8,2,10,81.8,9650,3.38,3.67,100,2985,2804
5546,0,43,POPLATEK MESICNE,1678,306,10004.051960784313,10991.601039727431,33144.876470588235,-654.6,41040.0,61.2,0.0,0.0,1.0,2536.9,Hradec Kralove,east Bohemia,161854,73,21,6,1,6,76.3,9425,1.72,2.50,125,4085,3891
10911,0,1,POPLATEK TYDNE,1677,371,7114.433692722372,8211.996820497538,38274.449865229115,1000.0,61072.6,74.2,1.0,0.0,2.0,10959.0,Hl.m. Praha,Prague,1204953,0,0,0,1,1,100.0,12541,0.29,0.43,167,85677,99107
2467,0,33,POPLATEK MESICNE,1677,325,8211.215384615385,9475.907298056874,49877.04276923077,400.0,86515.7,65.0,0.0,0.0,1.0,5332.0,Decin,north Bohemia,133777,24,17,7,3,11,84.7,8705,5.75,7.61,116,4650,4859
2962,1,1,POPLATEK MESICNE,1676,368,11789.764130434784,14396.336648601073,61786.817663043475,1000.0,53934.7,73.6,1.0,0.0,1.0,2604.5,Hl.m. Praha,Prague,1204953,0,0,0,1,1,100.0,12541,0.29,0.43,167,85677,99107
165,0,25,POPLATEK MESICNE,1674,306,2341.417320261438,2631.3933346237513,29886.7908496732,1000.0,54058.8,61.2,0.0,0.0,1.0,1788.0,Klatovy,west Bohemia,88757,60,33,3,2,10,61.7,8554,2.47,2.68,113,1822,2218
1617,0,45,POPLATEK MESICNE,1674,303,2155.195709570957,2439.4276143073216,23407.042244224423,700.0,13017.2,60.6,0.0,0.0,1.0,1536.0,Jicin,east Bohemia,77917,85,19,6,1,5,53.5,8390,2.28,2.89,132,2080,2122
327,0,54,POPLATEK MESICNE,1673,378,4936.863756613757,6034.9596728720735,46293.88492063492,700.0,67230.7,75.6,0.0,0.0,2.0,7057.0,Brno - mesto,south Moravia,387570,0,0,0,1,1,100.0,9897,1.60,1.96,140,18721,18696
2068,0,21,POPLATEK MESICNE,1673,405,1224.0404938271606,1432.4847020038308,20274.684197530863,1100.0,14379.0,81.0,0.0,0.0,3.0,2624.0,Tabor,south Bohemia,103347,87,16,7,1,7,67.0,9104,1.51,2.07,123,2299,2354
4448,0,60,POPLATEK MESICNE,1673,363,11579.426170798899,14325.297355505407,67248.1785123967,700.0,111596.6,72.6,1.0,0.0,1.0,5353.5,Prostejov,south Moravia,110643,49,41,4,1,4,51.9,8441,3.45,4.48,115,1879,2252
640,0,32,POPLATEK MESICNE,1673,250,1831.7223999999999,1771.0097422676897,25226.9348,1100.0,31979.3,50.0,0.0,0.0,1.0,2891.0,Ceska Lipa,north Bohemia,105058,32,19,7,2,10,81.0,9272,2.80,3.22,118,4340,4505
510,0,1,POPLATEK TYDNE,1673,348,5727.660057471264,10510.911184374372,35723.31063218391,986.0,14528.9,69.6,0.0,1.0,3.0,4804.0,Hl.m. Praha,Prague,1204953,0,0,0,1,1,100.0,12541,0.29,0.43,167,85677,99107
2534,1,61,POPLATEK MESICNE,1672,344,2015.1886627906977,2102.5332624401008,26798.80988372093,400.0,26710.0,68.8,0.0,0.0,2.0,3410.0,Trebic,south Moravia,117897,139,28,5,1,6,53.8,8814,4.76,5.74,107,2112,2059
1018,0,7,POPLATEK MESICNE,1672,343,1420.2766763848397,1517.340259898293,19085.791545189506,600.0,13141.3,68.6,0.0,1.0,2.0,2642.0,Melnik,central Bohemia,94725,38,28,1,3,6,63.4,9920,2.26,2.87,130,4289,4846
1285,0,65,POPLATEK MESICNE,1671,324,6981.898456790123,7858.24852309601,38635.44629629629,300.0,40534.4,64.8,0.0,0.0,1.0,7213.0,Znojmo,south Moravia,114200,101,41,4,1,4,43.7,8403,5.74,5.72,105,2157,2718
3670,0,27,POPLATEK MESICNE,1671,250,1915.322,1835.2731335074614,23494.7512,400.0,20433.9,50.0,0.0,0.0,1.0,2961.0,Plzen - jih,west Bohemia,67298,71,19,10,0,7,43.8,8561,0.65,1.29,110,1029,1127
1743,0,51,POPLATEK MESICNE,1671,260,1710.6088461538461,1673.7755018799994,28957.628076923076,800.0,38263.8,52.0,0.0,0.0,1.0,2279.0,Trutnov,east Bohemia,121947,37,28,7,3,11,70.5,8541,2.51,2.97,131,3496,3839
3072,0,8,POPLATEK MESICNE,1670,313,8515.196805111822,10116.51584707365,41934.60383386582,1000.0,22831.1,62.6,0.0,0.0,1.0,5268.0,Mlada Boleslav,central Bohemia,112065,95,19,7,1,8,69.4,11277,1.25,1.44,127,5179,4987
2146,0,31,POPLATEK MESICNE,1670,350,6687.651428571428,8270.22096218503,43461.758571428574,200.0,57343.0,70.0,0.0,1.0,2.0,5630.0,Tachov,west Bohemia,51313,34,12,3,1,4,59.2,8930,3.52,4.20,108,1328,1452
4576,0,27,POPLATEK MESICNE,1670,352,6500.216761363636,7267.27340938899,34823.963920454546,300.0,23393.3,70.4,1.0,0.0,1.0,8339.0,Plzen - jih,west Bohemia,67298,71,19,10,0,7,43.8,8561,0.65,1.29,110,1029,1127
3258,0,53,POPLATEK MESICNE,1670,310,7566.417741935484,10792.121150543177,44970.750645161286,300.0,78517.5,62.0,0.0,0.0,3.0,10424.0,Blansko,south Moravia,107911,88,33,6,2,7,50.9,8240,2.53,3.56,99,1850,1903
2176,1,67,POPLATEK MESICNE,1669,414,9273.429468599033,12759.490082783099,38336.19468599034,-3307.0,45766.9,82.8,1.0,0.0,3.0,14527.8,Bruntal,north Moravia,106054,38,25,6,2,6,63.1,8110,5.77,6.55,109,3244,3079
8934,0,51,POPLATEK MESICNE,1669,360,5632.849722222222,6922.072003940992,25195.884444444444,-2133.3,30505.5,72.0,0.0,0.0,0.0,0.0,Trutnov,east Bohemia,121947,37,28,7,3,11,70.5,8541,2.51,2.97,131,3496,3839
1999,0,70,POPLATEK MESICNE,1669,369,7458.791598915989,9544.600914719316,44615.380487804876,300.0,48989.9,73.8,0.0,1.0,2.0,6454.0,Karvina,north Moravia,285387,0,2,8,5,7,89.9,10177,6.63,7.75,81,9878,10108
2741,1,15,POPLATEK MESICNE,1668,267,11500.933333333334,14253.953126816394,55502.91573033708,1100.0,87162.6,53.4,0.0,0.0,0.0,0.0,Cesky Krumlov,south Bohemia,58796,22,16,7,1,5,51.9,9045,3.13,3.60,124,1845,1879
4427,0,32,POPLATEK MESICNE,1668,316,4307.749367088608,4049.9249356202054,19679.601265822785,800.0,11376.6,63.2,1.0,0.0,2.0,12323.0,Ceska Lipa,north Bohemia,105058,32,19,7,2,10,81.0,9272,2.80,3.22,118,4340,4505
3682,0,70,POPLATEK MESICNE,1668,301,2315.413953488372,2666.5807937765517,33218.09069767442,200.0,50524.6,60.2,0.0,0.0,1.0,2761.0,Karvina,north Moravia,285387,0,2,8,5,7,89.9,10177,6.63,7.75,81,9878,10108
2862,1,33,POPLATEK MESICNE,1668,378,7608.134656084656,9655.822672210676,49775.094179894186,23973.2,32501.5,75.6,0.0,0.0,2.0,7099.0,Decin,north Bohemia,133777,24,17,7,3,11,84.7,8705,5.75,7.61,116,4650,4859
3032,0,5,POPLATEK MESICNE,1668,288,2440.7239583333335,2758.540030766342,22795.558680555558,300.0,20428.3,57.6,0.0,0.0,1.0,2858.0,Kolin,central Bohemia,95616,65,30,4,1,6,51.4,9307,3.85,4.43,118,2616,3040
701,0,69,POPLATEK MESICNE,1667,279,2417.405376344086,6507.515763375644,31586.22724014337,1100.0,35437.5,55.8,0.0,0.0,0.0,0.0,Jesenik,north Moravia,42821,4,13,5,1,3,48.4,8173,?,7.01,124,?,1358
6281,0,56,POPLATEK MESICNE,1667,300,5244.517333333333,5821.574249884873,14313.881,-3368.9,4311.7,60.0,0.0,0.0,0.0,0.0,Breclav,south Moravia,124605,11,42,14,1,8,46.0,8772,4.69,4.98,126,2854,3158
306,0,16,POPLATEK MESICNE,1667,293,2496.299658703072,2422.5848037589917,19079.095221843003,1000.0,13586.5,58.6,0.0,0.0,1.0,3657.0,Jindrichuv Hradec,south Bohemia,93931,74,21,10,1,8,56.9,8427,1.12,1.54,107,1874,1913
1207,0,67,POPLATEK MESICNE,1667,324,6976.050925925926,7635.726469380659,45479.070061728395,700.0,52221.9,64.8,0.0,0.0,2.0,10362.0,Bruntal,north Moravia,106054,38,25,6,2,6,63.1,8110,5.77,6.55,109,3244,3079
1247,0,25,POPLATEK MESICNE,1667,333,11071.302402402403,13977.472528470615,49810.05285285285,-974.6,65909.0,66.6,1.0,0.0,1.0,2077.0,Klatovy,west Bohemia,88757,60,33,3,2,10,61.7,8554,2.47,2.68,113,1822,2218
5129,0,68,POPLATEK MESICNE,1667,396,13469.666161616162,14145.521356353564,46439.00277777778,-13588.7,45800.4,79.2,0.0,0.0,0.0,0.0,Frydek - Mistek,north Moravia,228848,15,40,18,2,6,57.2,9893,4.09,4.72,96,5623,5887
3713,0,14,POPLATEK TYDNE,1667,326,13330.58527607362,14792.440623042707,62281.49509202453,800.0,81518.4,65.2,0.0,1.0,0.0,0.0,Ceske Budejovice,south Bohemia,177686,69,27,10,1,9,74.8,10045,1.42,1.71,135,6604,6295
2327,0,19,POPLATEK MESICNE,1667,279,6784.20788530466,7110.252601884088,26081.368100358424,600.0,27092.3,55.8,0.0,0.0,1.0,13208.0,Prachatice,south Bohemia,51428,50,11,3,1,4,52.7,8402,3.13,3.98,120,999,1099
774,0,1,POPLATEK MESICNE,1667,344,2422.071511627907,5864.706134642781,33977.65087209302,500.0,31844.8,68.8,0.0,0.0,0.0,0.0,Hl.m. Praha,Prague,1204953,0,0,0,1,1,100.0,12541,0.29,0.43,167,85677,99107
1990,0,1,POPLATEK MESICNE,1666,271,1260.3498154981548,1291.9252011335798,22332.457564575645,600.0,27285.0,54.2,0.0,0.0,1.0,2168.0,Hl.m. Praha,Prague,1204953,0,0,0,1,1,100.0,12541,0.29,0.43,167,85677,99107
2388,0,30,POPLATEK MESICNE,1666,246,1473.280487804878,1454.7197730657037,23374.306504065044,300.0,24882.0,49.2,0.0,1.0,1.0,2328.0,Sokolov,west Bohemia,94812,15,13,8,2,10,81.8,9650,3.38,3.67,100,2985,2804
3566,0,21,POPLATEK MESICNE,1666,341,2071.8733137829913,2287.6253008994213,21364.22434017595,300.0,21233.3,68.2,0.0,0.0,3.0,4049.0,Tabor,south Bohemia,103347,87,16,7,1,7,67.0,9104,1.51,2.07,123,2299,2354
10266,1,54,POPLATEK MESICNE,1665,408,10380.580147058825,14135.733697001839,39606.40661764706,-2325.3,38532.6,81.6,1.0,0.0,1.0,3151.3,Brno - mesto,south Moravia,387570,0,0,0,1,1,100.0,9897,1.60,1.96,140,18721,18696
3771,0,22,POPLATEK MESICNE,1664,239,9425.500418410042,13548.947562562455,46754.21715481172,700.0,60737.7,47.8,0.0,0.0,1.0,1152.0,Domazlice,west Bohemia,58400,65,16,4,1,6,52.4,8620,1.10,1.25,100,1089,1117
1978,0,57,POPLATEK TYDNE,1664,461,8644.87114967462,11619.811980792554,54937.491323210415,900.0,51580.6,92.2,1.0,0.0,4.0,18957.3,Hodonin,south Moravia,161954,21,37,20,3,8,48.0,8720,3.73,4.50,116,3729,3651
2022,0,72,POPLATEK MESICNE,1664,277,1757.8202166064982,1906.5476924280847,25651.263537906136,700.0,37621.2,55.4,0.0,0.0,1.0,1943.0,Olomouc,north Moravia,226122,32,50,7,4,4,62.6,8994,3.80,4.79,110,9672,9208
3542,0,49,POPLATEK MESICNE,1664,265,1338.5445283018867,1415.08272741701,20385.904150943396,600.0,29624.9,53.0,0.0,0.0,1.0,2267.0,Semily,east Bohemia,75685,31,28,5,1,9,60.8,8208,1.89,2.26,155,1660,2123
1515,0,11,POPLATEK MESICNE,1664,435,7393.472643678161,10245.871204519197,54203.67494252874,400.0,50798.6,87.0,0.0,0.0,3.0,5219.0,Praha - zapad,central Bohemia,75637,35,36,9,0,7,36.5,9622,0.45,0.59,154,3475,3529
4171,0,28,POPLATEK MESICNE,1663,295,11556.60813559322,12231.104925668922,46539.59830508474,700.0,36517.4,59.0,0.0,1.0,2.0,16947.8,Plzen - sever,west Bohemia,72541,66,26,10,0,8,36.9,8594,1.62,2.01,112,1580,1525
433,0,20,POPLATEK MESICNE,1663,165,3507.3563636363638,7524.685336337274,28774.231515151518,500.0,21066.4,33.0,0.0,0.0,0.0,0.0,Strakonice,south Bohemia,70646,94,14,3,1,4,58.4,8547,2.65,3.64,120,1563,1542
1373,0,47,POPLATEK MESICNE,1663,293,1060.8587030716724,1179.9462289384142,17864.19351535836,500.0,17598.9,58.6,0.0,0.0,2.0,1974.0,Pardubice,east Bohemia,162580,83,26,5,1,6,72.8,9538,1.51,1.81,111,6079,5410
3246,0,54,POPLATEK MESICNE,1661,305,3013.695081967213,2905.706373945513,23953.260655737704,800.0,18591.3,61.0,0.0,0.0,1.0,4621.0,Brno - mesto,south Moravia,387570,0,0,0,1,1,100.0,9897,1.60,1.96,140,18721,18696
1475,0,1,POPLATEK TYDNE,1661,316,8451.160443037976,8898.925227178079,28398.14905063291,-1092.2,33444.4,63.2,0.0,0.0,0.0,0.0,Hl.m. Praha,Prague,1204953,0,0,0,1,1,100.0,12541,0.29,0.43,167,85677,99107
3133,0,66,POPLATEK MESICNE,1661,366,6265.957103825136,7358.518995718273,32136.65655737705,1000.0,27309.0,73.2,0.0,0.0,2.0,9518.0,Zdar nad Sazavou,south Moravia,125832,151,41,2,3,5,48.3,8512,3.51,4.12,102,2247,2103
2779,0,73,POPLATEK MESICNE,1660,431,4608.120185614849,6667.797625065129,52298.47424593967,1100.0,76095.9,86.2,0.0,1.0,4.0,8311.0,Opava,north Moravia,182027,17,49,12,2,7,56.4,8746,3.33,3.74,90,4355,4433
135,0,75,POPLATEK MESICNE,1660,267,2252.547565543071,2840.182894901033,34842.3595505618,700.0,48784.7,53.4,0.0,0.0,0.0,0.0,Prerov,north Moravia,138032,67,30,4,2,5,64.6,8819,5.38,5.66,99,4063,4505
446,0,50,POPLATEK MESICNE,1660,328,8600.599695121951,9788.190080322916,49223.604573170735,1100.0,29451.0,65.6,0.0,0.0,1.0,6941.0,Svitavy,east Bohemia,102609,75,33,2,3,6,52.0,8187,4.83,5.45,94,2123,2134
9093,0,47,POPLATEK MESICNE,1659,474,4611.17447257384,6760.489246369466,47085.378691983125,800.0,76406.6,94.8,1.0,0.0,3.0,7083.0,Pardubice,east Bohemia,162580,83,26,5,1,6,72.8,9538,1.51,1.81,111,6079,5410
432,0,46,POPLATEK MESICNE,1659,265,3187.3203773584905,3511.6447457050294,25114.27283018868,500.0,27780.1,53.0,0.0,0.0,0.0,0.0,Nachod,east Bohemia,112709,48,20,7,3,10,73.5,8369,1.79,2.31,117,2854,2618
2880,0,71,POPLATEK MESICNE,1659,322,6295.799378881988,6915.309621867443,35633.68447204969,600.0,37622.0,64.4,0.0,1.0,1.0,7501.0,Novy Jicin,north Moravia,161227,5,35,11,4,10,69.7,8678,5.93,5.57,102,4980,4595
5767,1,72,POPLATEK MESICNE,1659,366,3093.2803278688525,3624.8376796453,24884.07786885246,800.0,18040.4,73.2,0.0,0.0,0.0,0.0,Olomouc,north Moravia,226122,32,50,7,4,4,62.6,8994,3.80,4.79,110,9672,9208
1998,0,1,POPLATEK MESICNE,1658,271,10062.852398523984,11419.555800386153,55603.01180811808,900.0,49693.0,54.2,0.0,0.0,0.0,0.0,Hl.m. Praha,Prague,1204953,0,0,0,1,1,100.0,12541,0.29,0.43,167,85677,99107
2554,0,36,POPLATEK MESICNE,1657,308,9298.048701298701,10440.853938931556,51011.55584415584,400.0,48173.1,61.6,0.0,0.0,1.0,7607.0,Liberec,north Bohemia,159617,29,19,8,1,9,85.2,9198,3.33,4.28,131,5796,6132
2933,0,10,POPLATEK MESICNE,1657,372,10091.831720430107,13609.947335219736,49348.645161290326,1100.0,25538.2,74.4,1.0,0.0,2.0,10449.0,Praha - vychod,central Bohemia,92084,55,29,4,3,5,46.7,10124,0.56,0.54,141,3810,4316
773,0,15,POPLATEK MESICNE,1656,372,4188.0975806451615,5211.696290926983,33305.0814516129,-2870.7,44695.1,74.4,0.0,0.0,0.0,0.0,Cesky Krumlov,south Bohemia,58796,22,16,7,1,5,51.9,9045,3.13,3.60,124,1845,1879
4894,0,14,POPLATEK MESICNE,1655,334,10241.346407185629,11984.697059804526,58378.01227544911,800.0,64282.8,66.8,1.0,0.0,1.0,4875.8,Ceske Budejovice,south Bohemia,177686,69,27,10,1,9,74.8,10045,1.42,1.71,135,6604,6295
3969,0,39,POPLATEK MESICNE,1655,295,6947.018983050848,7524.965782898156,37063.04915254237,600.0,29382.6,59.0,0.0,0.0,1.0,4299.0,Most,north Bohemia,119895,17,4,3,2,4,89.9,10446,7.34,9.40,90,4947,4743
1277,0,31,POPLATEK MESICNE,1655,284,2356.707394366197,2398.8568362363453,22079.074295774648,1000.0,17409.0,56.8,0.0,0.0,1.0,3175.0,Tachov,west Bohemia,51313,34,12,3,1,4,59.2,8930,3.52,4.20,108,1328,1452
5120,0,1,POPLATEK MESICNE,1654,354,9527.948587570621,12153.953668390517,44522.668079096045,200.0,36986.3,70.8,1.0,0.0,2.0,9746.7,Hl.m. Praha,Prague,1204953,0,0,0,1,1,100.0,12541,0.29,0.43,167,85677,99107
738,0,34,POPLATEK MESICNE,1654,419,6419.283770883055,9284.34448745551,64883.249642004776,300.0,75134.0,83.8,0.0,0.0,3.0,4723.0,Chomutov,north Bohemia,125236,28,11,1,4,5,87.7,9675,6.43,7.68,100,5323,5190
1299,0,1,POPLATEK MESICNE,1654,321,1416.0021806853583,1569.3651930681972,21578.73676012461,200.0,20491.3,64.2,0.0,0.0,2.0,2608.0,Hl.m. Praha,Prague,1204953,0,0,0,1,1,100.0,12541,0.29,0.43,167,85677,99107
148,0,8,POPLATEK MESICNE,1654,363,995.9798898071625,1207.7399810750992,17112.69724517906,500.0,21238.6,72.6,0.0,0.0,3.0,2312.0,Mlada Boleslav,central Bohemia,112065,95,19,7,1,8,69.4,11277,1.25,1.44,127,5179,4987
899,0,72,POPLATEK MESICNE,1654,258,7428.135271317829,7645.527056049321,32472.39612403101,900.0,15966.7,51.6,0.0,0.0,1.0,1626.6,Olomouc,north Moravia,226122,32,50,7,4,4,62.6,8994,3.80,4.79,110,9672,9208
3521,1,75,POPLATEK MESICNE,1653,379,18077.039841688653,17085.261990650764,69020.48390501318,700.0,76901.5,75.8,0.0,0.0,0.0,0.0,Prerov,north Moravia,138032,67,30,4,2,5,64.6,8819,5.38,5.66,99,4063,4505
3786,0,21,POPLATEK MESICNE,1653,334,13287.061077844313,15586.44297385646,45870.87754491018,-1497.1,27609.9,66.8,0.0,0.0,0.0,0.0,Tabor,south Bohemia,103347,87,16,7,1,7,67.0,9104,1.51,2.07,123,2299,2354
886,0,1,POPLATEK MESICNE,1652,316,6701.313607594937,7459.009855493821,53222.58544303798,900.0,78954.9,63.2,0.0,1.0,1.0,9034.0,Hl.m. Praha,Prague,1204953,0,0,0,1,1,100.0,12541,0.29,0.43,167,85677,99107
5228,0,77,POPLATEK PO OBRATU,1652,367,15793.865122615804,19078.493493231952,61307.37029972752,1000.0,44826.3,73.4,1.0,0.0,1.0,7242.0,Vsetin,north Moravia,148545,8,35,12,3,4,53.5,8909,4.01,5.56,113,3460,3590
702,0,12,POPLATEK MESICNE,1652,245,1829.855918367347,1727.6118723282439,15183.645714285714,800.0,14994.3,49.0,0.0,0.0,1.0,2813.0,Pribram,central Bohemia,107870,84,29,6,1,6,58.0,8754,3.83,4.31,137,3804,3868
300,0,1,POPLATEK MESICNE,1652,303,2329.1884488448845,2581.0261504364867,31519.138283828383,400.0,52483.7,60.6,0.0,0.0,1.0,1628.0,Hl.m. Praha,Prague,1204953,0,0,0,1,1,100.0,12541,0.29,0.43,167,85677,99107
1451,0,64,POPLATEK MESICNE,1651,289,2405.3401384083045,2458.577841635956,23359.10830449827,1000.0,17850.9,57.8,0.0,0.0,1.0,3734.0,Zlin,south Moravia,197099,29,41,10,2,10,74.7,9624,1.60,2.31,145,4484,4265
2940,0,54,POPLATEK MESICNE,1651,307,8797.771661237784,12242.106638341334,40563.55342019544,1000.0,30844.8,61.4,0.0,0.0,1.0,7156.0,Brno - mesto,south Moravia,387570,0,0,0,1,1,100.0,9897,1.60,1.96,140,18721,18696
1837,0,23,POPLATEK MESICNE,1651,321,8039.631464174456,9088.96246758469,57983.604361370715,300.0,69601.6,64.2,0.0,0.0,1.0,6387.0,Cheb,west Bohemia,87419,21,11,4,3,9,85.5,8624,1.79,2.66,102,2879,3198
3954,1,22,POPLATEK MESICNE,1650,290,2249.981379310345,2410.383035318891,26720.580689655173,1000.0,28716.8,58.0,0.0,0.0,1.0,2014.0,Domazlice,west Bohemia,58400,65,16,4,1,6,52.4,8620,1.10,1.25,100,1089,1117
885,0,1,POPLATEK MESICNE,1650,359,6720.993314763232,8997.310887437792,58559.484958217276,300.0,79590.7,71.8,0.0,0.0,2.0,3292.0,Hl.m. Praha,Prague,1204953,0,0,0,1,1,100.0,12541,0.29,0.43,167,85677,99107
2697,0,8,POPLATEK MESICNE,1649,408,2123.4821078431373,2426.149212593393,31365.994117647057,200.0,58758.3,81.6,0.0,0.0,3.0,4149.0,Mlada Boleslav,central Bohemia,112065,95,19,7,1,8,69.4,11277,1.25,1.44,127,5179,4987
8129,1,45,POPLATEK MESICNE,1649,341,6989.936656891496,8178.037069369144,41305.01114369502,700.0,48578.5,68.2,1.0,0.0,2.0,8260.0,Jicin,east Bohemia,77917,85,19,6,1,5,53.5,8390,2.28,2.89,132,2080,2122
1930,0,3,POPLATEK MESICNE,1648,294,2353.2214285714285,2399.6221039910547,21494.18605442177,1100.0,23926.9,58.8,0.0,1.0,1.0,3223.0,Beroun,central Bohemia,75232,55,26,4,1,5,41.7,8980,1.95,2.21,111,2824,2813
2411,0,69,POPLATEK MESICNE,1648,270,9456.942592592593,11036.613853033328,52126.752962962964,700.0,71248.9,54.0,0.0,0.0,0.0,0.0,Jesenik,north Moravia,42821,4,13,5,1,3,48.4,8173,?,7.01,124,?,1358
3775,0,19,POPLATEK MESICNE,1648,294,2218.6591836734697,2312.347207098919,20250.1306122449,300.0,19541.5,58.8,0.0,0.0,1.0,2448.0,Prachatice,south Bohemia,51428,50,11,3,1,4,52.7,8402,3.13,3.98,120,999,1099
9034,0,1,POPLATEK MESICNE,1647,493,5414.14827586207,7470.051864276563,38087.54401622718,900.0,38390.9,98.6,1.0,0.0,4.0,17612.0,Hl.m. Praha,Prague,1204953,0,0,0,1,1,100.0,12541,0.29,0.43,167,85677,99107
902,0,74,POPLATEK MESICNE,1646,406,2411.562315270936,2914.3792692222883,26630.452709359608,800.0,21534.4,81.2,0.0,0.0,3.0,3855.0,Ostrava - mesto,north Moravia,323870,0,0,0,1,1,100.0,10673,4.75,5.44,100,18782,18347
630,0,71,POPLATEK MESICNE,1646,278,1481.493525179856,1627.9247607973564,17833.956834532375,400.0,17897.1,55.6,0.0,0.0,1.0,2361.0,Novy Jicin,north Moravia,161227,5,35,11,4,10,69.7,8678,5.93,5.57,102,4980,4595
3096,0,68,POPLATEK MESICNE,1646,459,5234.729629629629,7691.4040964043525,39266.97777777778,1000.0,40718.5,91.8,0.0,0.0,4.0,8138.0,Frydek - Mistek,north Moravia,228848,15,40,18,2,6,57.2,9893,4.09,4.72,96,5623,5887
2552,0,52,POPLATEK MESICNE,1644,319,6523.771159874608,7201.139946348873,39030.652351097175,1000.0,41537.4,63.8,0.0,0.0,1.0,7035.0,Usti nad Orlici,east Bohemia,139012,59,41,8,3,10,61.9,8363,2.52,3.49,108,2564,2799
3435,0,59,POPLATEK MESICNE,1644,257,1884.0167315175097,1849.2724629377637,22344.41011673152,200.0,26026.9,51.4,0.0,0.0,1.0,3090.0,Kromeriz,south Moravia,108871,41,29,7,2,6,62.1,8444,3.24,3.47,106,2595,2305
5215,0,55,POPLATEK MESICNE,1644,515,3515.3918446601942,5327.581182941119,40628.690679611645,200.0,71683.2,103.0,1.0,0.0,5.0,7778.0,Brno - venkov,south Moravia,157042,49,70,18,0,9,33.9,8743,1.88,2.43,111,3659,3894
36,0,1,POPLATEK MESICNE,1644,317,7271.512302839116,8615.112226015503,42430.65425867508,500.0,45403.8,63.4,0.0,0.0,1.0,4069.0,Hl.m. Praha,Prague,1204953,0,0,0,1,1,100.0,12541,0.29,0.43,167,85677,99107
2687,0,76,POPLATEK MESICNE,1644,278,2427.0525179856113,2507.731003913703,21937.90287769784,1100.0,21040.3,55.6,0.0,0.0,1.0,3830.0,Sumperk,north Moravia,127369,31,32,13,2,7,51.2,8369,4.73,5.88,107,3736,2807
1861,0,54,POPLATEK MESICNE,1643,344,5123.377325581396,6503.395629972921,53823.599709302325,500.0,65561.9,68.8,0.0,1.0,2.0,3093.0,Brno - mesto,south Moravia,387570,0,0,0,1,1,100.0,9897,1.60,1.96,140,18721,18696
2464,0,33,POPLATEK PO OBRATU,1643,356,9107.97668539326,11787.06444563324,41137.119943820224,900.0,52432.9,71.2,0.0,0.0,3.0,12828.0,Decin,north Bohemia,133777,24,17,7,3,11,84.7,8705,5.75,7.61,116,4650,4859
2736,0,72,POPLATEK MESICNE,1643,275,4074.3625454545454,4115.157257118897,22687.776363636363,500.0,11643.9,55.0,0.0,0.0,1.0,4604.0,Olomouc,north Moravia,226122,32,50,7,4,4,62.6,8994,3.80,4.79,110,9672,9208
1145,0,31,POPLATEK MESICNE,1642,308,977.7659090909092,1052.3768008269255,17011.235064935066,900.0,23540.3,61.6,0.0,0.0,2.0,1947.0,Tachov,west Bohemia,51313,34,12,3,1,4,59.2,8930,3.52,4.20,108,1328,1452
2298,0,31,POPLATEK MESICNE,1642,296,8482.676351351352,9505.04247011517,47803.710472972976,1000.0,62526.4,59.2,0.0,0.0,1.0,4550.0,Tachov,west Bohemia,51313,34,12,3,1,4,59.2,8930,3.52,4.20,108,1328,1452
929,0,54,POPLATEK MESICNE,1642,310,3499.3074193548387,3634.1689700165107,30238.889032258063,200.0,20525.1,62.0,0.0,0.0,1.0,5884.0,Brno - mesto,south Moravia,387570,0,0,0,1,1,100.0,9897,1.60,1.96,140,18721,18696
381,0,68,POPLATEK MESICNE,1641,269,3587.9650557620816,3878.896536739486,30919.304460966545,1000.0,38462.1,53.8,0.0,0.0,0.0,0.0,Frydek - Mistek,north Moravia,228848,15,40,18,2,6,57.2,9893,4.09,4.72,96,5623,5887
3778,0,52,POPLATEK MESICNE,1641,321,8120.374454828661,9894.953965631697,65317.34859813083,1100.0,94600.0,64.2,0.0,0.0,2.0,4550.0,Usti nad Orlici,east Bohemia,139012,59,41,8,3,10,61.9,8363,2.52,3.49,108,2564,2799
1118,0,48,POPLATEK MESICNE,1641,328,2773.8106707317074,3090.234617515719,23604.76798780488,200.0,28184.3,65.6,0.0,0.0,2.0,5025.0,Rychnov nad Kneznou,east Bohemia,78955,50,24,8,1,9,59.0,9060,1.78,2.44,124,1655,1717
4352,0,2,POPLATEK MESICNE,1640,287,9797.940418118467,11037.277410021605,51287.65156794425,400.0,55968.4,57.4,0.0,0.0,2.0,4216.0,Benesov,central Bohemia,88884,80,26,6,2,5,46.7,8507,1.67,1.85,132,2159,2674
1322,0,17,POPLATEK MESICNE,1640,304,1511.3427631578948,1574.491280768104,18766.424342105263,200.0,27602.3,60.8,0.0,1.0,2.0,2916.0,Pelhrimov,south Bohemia,74062,99,15,4,2,7,61.4,8114,2.38,2.62,119,1003,1181
1852,0,35,POPLATEK MESICNE,1640,278,1377.3741007194244,1443.992497222332,18824.393525179858,400.0,23807.8,55.6,0.0,0.0,1.0,2199.0,Jablonec n. Nisou,north Bohemia,88768,10,18,5,1,7,80.5,8867,1.02,1.21,130,3384,3620
8173,0,11,POPLATEK MESICNE,1640,348,13539.82356321839,15886.579657216707,55748.42873563218,1100.0,39162.3,69.6,1.0,0.0,1.0,6695.0,Praha - zapad,central Bohemia,75637,35,36,9,0,7,36.5,9622,0.45,0.59,154,3475,3529
2705,0,63,POPLATEK PO OBRATU,1640,351,5886.720512820512,6335.3474526235495,31051.437606837604,600.0,39421.7,70.2,1.0,0.0,2.0,13331.2,Vyskov,south Moravia,86513,38,36,5,1,5,50.5,8288,3.79,4.52,110,1562,1460
9472,1,1,POPLATEK TYDNE,1639,387,10274.04315245478,13389.839220531449,56636.41937984496,800.0,97406.1,77.4,1.0,0.0,2.0,8152.0,Hl.m. Praha,Prague,1204953,0,0,0,1,1,100.0,12541,0.29,0.43,167,85677,99107
368,0,77,POPLATEK MESICNE,1639,437,2275.438215102975,3196.911320914072,19262.926315789475,1100.0,30438.9,87.4,0.0,0.0,5.0,6680.0,Vsetin,north Moravia,148545,8,35,12,3,4,53.5,8909,4.01,5.56,113,3460,3590
1425,0,76,POPLATEK MESICNE,1639,320,2935.7287499999998,3358.465018621232,35824.716875,900.0,47873.0,64.0,0.0,0.0,1.0,4069.0,Sumperk,north Moravia,127369,31,32,13,2,7,51.2,8369,4.73,5.88,107,3736,2807
8027,0,44,POPLATEK TYDNE,1638,333,13435.03963963964,15862.872803594004,64230.13753753754,700.0,32779.4,66.6,1.0,0.0,1.0,6469.7,Chrudim,east Bohemia,105606,77,26,7,2,7,53.0,8254,2.79,3.76,97,2166,2325
3261,0,1,POPLATEK MESICNE,1638,362,3103.045303867403,3192.3665889373488,31050.029558011047,200.0,25202.2,72.4,0.0,0.0,2.0,5844.0,Hl.m. Praha,Prague,1204953,0,0,0,1,1,100.0,12541,0.29,0.43,167,85677,99107
35,0,75,POPLATEK MESICNE,1638,313,1830.9757188498404,2095.554908117221,20360.76517571885,600.0,13307.2,62.6,0.0,0.0,2.0,2384.0,Prerov,north Moravia,138032,67,30,4,2,5,64.6,8819,5.38,5.66,99,4063,4505
2186,0,63,POPLATEK MESICNE,1638,282,2089.1163120567376,2276.8178809641686,23801.87978723404,1000.0,15765.1,56.4,0.0,0.0,1.0,2283.0,Vyskov,south Moravia,86513,38,36,5,1,5,50.5,8288,3.79,4.52,110,1562,1460
1566,0,73,POPLATEK MESICNE,1638,457,3790.3835886214442,5139.64004613465,27044.294967177244,500.0,34783.1,91.4,0.0,0.0,4.0,8109.0,Opava,north Moravia,182027,17,49,12,2,7,56.4,8746,3.33,3.74,90,4355,4433
78,0,74,POPLATEK MESICNE,1638,318,6365.123270440252,7054.2950491368665,32460.660691823898,400.0,42040.9,63.6,0.0,0.0,1.0,9039.0,Ostrava - mesto,north Moravia,323870,0,0,0,1,1,100.0,10673,4.75,5.44,100,18782,18347
3939,0,70,POPLATEK MESICNE,1637,313,3075.705750798722,3166.9211225480776,29090.832587859422,600.0,30333.4,62.6,0.0,0.0,1.0,5177.0,Karvina,north Moravia,285387,0,2,8,5,7,89.9,10177,6.63,7.75,81,9878,10108
2584,0,50,POPLATEK MESICNE,1637,321,1368.9968847352025,1585.6719050777062,16696.589096573207,200.0,20359.6,64.2,0.0,0.0,2.0,1576.0,Svitavy,east Bohemia,102609,75,33,2,3,6,52.0,8187,4.83,5.45,94,2123,2134
2336,0,39,POPLATEK MESICNE,1637,308,2325.7850649350653,2270.469669639614,18986.41266233766,1100.0,15612.0,61.6,0.0,0.0,1.0,3058.0,Most,north Bohemia,119895,17,4,3,2,4,89.9,10446,7.34,9.40,90,4947,4743
2078,0,62,POPLATEK MESICNE,1637,310,5455.267096774193,6310.155112686462,36683.30483870968,700.0,38733.6,62.0,0.0,0.0,1.0,3598.0,Uherske Hradiste,south Moravia,145688,22,41,13,2,5,40.7,8544,1.29,1.86,109,2719,2906
3882,0,10,POPLATEK MESICNE,1636,462,949.1943722943722,1258.3024648762305,20807.203679653678,500.0,24855.7,92.4,0.0,0.0,4.0,2164.0,Praha - vychod,central Bohemia,92084,55,29,4,3,5,46.7,10124,0.56,0.54,141,3810,4316
4159,0,74,POPLATEK MESICNE,1636,298,2719.61677852349,6356.502166351292,37433.07013422819,200.0,51700.3,59.6,0.0,0.0,0.0,0.0,Ostrava - mesto,north Moravia,323870,0,0,0,1,1,100.0,10673,4.75,5.44,100,18782,18347
907,0,41,POPLATEK MESICNE,1636,294,1452.6897959183673,1460.2814586916425,22972.896258503402,300.0,18290.8,58.8,0.0,1.0,1.0,2118.0,Usti nad Labem,north Bohemia,118650,8,8,5,1,3,85.6,9832,3.32,4.48,114,6445,5471
1411,0,54,POPLATEK MESICNE,1636,317,4838.9280757097795,5328.463354452881,53530.604731861196,600.0,83256.9,63.4,0.0,0.0,1.0,5174.0,Brno - mesto,south Moravia,387570,0,0,0,1,1,100.0,9897,1.60,1.96,140,18721,18696
1684,0,32,POPLATEK TYDNE,1635,231,9884.778787878788,13473.427518171377,54867.6277056277,200.0,40380.0,46.2,0.0,0.0,1.0,2123.0,Ceska Lipa,north Bohemia,105058,32,19,7,2,10,81.0,9272,2.80,3.22,118,4340,4505
3748,0,1,POPLATEK MESICNE,1635,306,1070.2745098039215,1238.0192601075719,16756.048039215686,1000.0,19749.2,61.2,0.0,0.0,2.0,2128.0,Hl.m. Praha,Prague,1204953,0,0,0,1,1,100.0,12541,0.29,0.43,167,85677,99107
2213,0,68,POPLATEK MESICNE,1634,310,3850.037419354839,3950.442643923821,26520.636451612903,700.0,33180.9,62.0,0.0,0.0,1.0,6273.0,Frydek - Mistek,north Moravia,228848,15,40,18,2,6,57.2,9893,4.09,4.72,96,5623,5887
1062,0,6,POPLATEK MESICNE,1634,294,8951.047278911565,9610.300034114925,51221.26156462585,1000.0,57264.9,58.8,0.0,1.0,1.0,7844.0,Kutna Hora,central Bohemia,77963,60,23,4,2,4,51.5,8546,2.95,4.02,126,2640,3120
273,0,24,POPLATEK PO OBRATU,1634,392,4118.219387755102,5031.454703053726,32455.560714285715,700.0,33677.9,78.4,0.0,1.0,4.0,9299.1,Karlovy Vary,west Bohemia,122603,25,21,6,2,8,80.0,8991,1.39,2.01,128,5198,5273
10320,0,68,POPLATEK MESICNE,1634,361,8487.404432132964,9768.922799764468,37835.48753462604,800.0,35793.7,72.2,1.0,0.0,2.0,16742.8,Frydek - Mistek,north Moravia,228848,15,40,18,2,6,57.2,9893,4.09,4.72,96,5623,5887
1416,0,66,POPLATEK TYDNE,1633,280,11443.238214285715,15094.404500545792,48101.55821428572,-1009.8,326.5,56.0,0.0,0.0,1.0,3688.0,Zdar nad Sazavou,south Moravia,125832,151,41,2,3,5,48.3,8512,3.51,4.12,102,2247,2103
3277,0,36,POPLATEK MESICNE,1633,269,7229.623048327137,8057.9723584544545,41023.76579925651,1100.0,34362.7,53.8,0.0,0.0,0.0,0.0,Liberec,north Bohemia,159617,29,19,8,1,9,85.2,9198,3.33,4.28,131,5796,6132
1892,0,28,POPLATEK MESICNE,1632,259,1869.4559845559845,1821.661280960667,19375.691505791503,900.0,15194.0,51.8,0.0,0.0,1.0,2398.0,Plzen - sever,west Bohemia,72541,66,26,10,0,8,36.9,8594,1.62,2.01,112,1580,1525
3413,0,70,POPLATEK MESICNE,1632,427,2438.0674473067916,4152.026160441367,51135.825292740046,800.0,100633.8,85.4,0.0,0.0,4.0,4987.0,Karvina,north Moravia,285387,0,2,8,5,7,89.9,10177,6.63,7.75,81,9878,10108
3654,0,47,POPLATEK MESICNE,1632,312,7202.699038461539,8291.175085178576,60054.843910256415,700.0,93395.1,62.4,0.0,0.0,1.0,6946.0,Pardubice,east Bohemia,162580,83,26,5,1,6,72.8,9538,1.51,1.81,111,6079,5410
3000,0,28,POPLATEK MESICNE,1631,258,3237.5383720930236,4307.0187686227855,39986.16550387596,1000.0,63813.6,51.6,0.0,0.0,0.0,0.0,Plzen - sever,west Bohemia,72541,66,26,10,0,8,36.9,8594,1.62,2.01,112,1580,1525
3955,0,64,POPLATEK MESICNE,1631,357,2720.9450980392157,3038.368869333447,33172.99691876751,1000.0,49927.0,71.4,0.0,0.0,2.0,5126.0,Zlin,south Moravia,197099,29,41,10,2,10,74.7,9624,1.60,2.31,145,4484,4265
1544,0,69,POPLATEK MESICNE,1631,371,5909.384905660377,7403.277022854333,42142.091644204855,1100.0,36560.6,74.2,0.0,0.0,2.0,9715.0,Jesenik,north Moravia,42821,4,13,5,1,3,48.4,8173,?,7.01,124,?,1358
9703,1,68,POPLATEK MESICNE,1630,346,11263.246820809249,14666.86268768562,56846.675722543354,-2728.0,73444.9,69.2,0.0,0.0,1.0,2467.0,Frydek - Mistek,north Moravia,228848,15,40,18,2,6,57.2,9893,4.09,4.72,96,5623,5887
234,0,73,POPLATEK MESICNE,1630,263,2305.1053231939163,2312.2871481926163,17198.302281368822,500.0,17922.4,52.6,0.0,0.0,1.0,2809.0,Opava,north Moravia,182027,17,49,12,2,7,56.4,8746,3.33,3.74,90,4355,4433
3241,0,44,POPLATEK MESICNE,1629,267,2324.2483146067416,2336.832822744048,30200.625842696627,200.0,58753.9,53.4,0.0,0.0,1.0,3034.0,Chrudim,east Bohemia,105606,77,26,7,2,7,53.0,8254,2.79,3.76,97,2166,2325
3465,0,1,POPLATEK MESICNE,1629,312,3796.8384615384616,4203.012744773464,46700.068269230775,400.0,64368.3,62.4,0.0,1.0,1.0,4543.0,Hl.m. Praha,Prague,1204953,0,0,0,1,1,100.0,12541,0.29,0.43,167,85677,99107
3152,0,1,POPLATEK MESICNE,1629,275,5008.487636363637,5326.223928777461,24231.903272727275,500.0,21481.1,55.0,0.0,0.0,1.0,6339.0,Hl.m. Praha,Prague,1204953,0,0,0,1,1,100.0,12541,0.29,0.43,167,85677,99107
1497,0,1,POPLATEK MESICNE,1629,316,3186.1917721518985,3697.230193699323,23395.504746835442,1000.0,26101.8,63.2,0.0,0.0,2.0,5724.0,Hl.m. Praha,Prague,1204953,0,0,0,1,1,100.0,12541,0.29,0.43,167,85677,99107
3078,0,1,POPLATEK MESICNE,1629,259,1346.9389961389961,1344.7718916623703,16663.90617760618,200.0,13454.2,51.8,0.0,0.0,1.0,2232.0,Hl.m. Praha,Prague,1204953,0,0,0,1,1,100.0,12541,0.29,0.43,167,85677,99107
400,0,28,POPLATEK MESICNE,1628,293,5424.698976109215,5658.054897935058,38808.8409556314,600.0,47116.2,58.6,0.0,0.0,1.0,6948.0,Plzen - sever,west Bohemia,72541,66,26,10,0,8,36.9,8594,1.62,2.01,112,1580,1525
1902,0,50,POPLATEK TYDNE,1628,247,5342.353036437246,5684.1610782057105,30879.602429149796,200.0,19579.0,49.4,0.0,0.0,0.0,0.0,Svitavy,east Bohemia,102609,75,33,2,3,6,52.0,8187,4.83,5.45,94,2123,2134
757,0,50,POPLATEK MESICNE,1626,331,2638.978247734139,3041.674836337747,43354.36858006042,900.0,63561.2,66.2,0.0,0.0,2.0,3099.0,Svitavy,east Bohemia,102609,75,33,2,3,6,52.0,8187,4.83,5.45,94,2123,2134
1116,0,1,POPLATEK MESICNE,1625,290,4979.248620689656,5272.687827589702,36367.81931034483,900.0,47017.6,58.0,0.0,0.0,1.0,8086.0,Hl.m. Praha,Prague,1204953,0,0,0,1,1,100.0,12541,0.29,0.43,167,85677,99107
5700,1,42,POPLATEK MESICNE,1625,311,3834.2093247588427,4479.652577997308,24664.571382636655,-1717.9,4485.4,62.2,1.0,0.0,1.0,1728.0,Havlickuv Brod,east Bohemia,95907,87,25,5,2,7,59.1,8388,2.41,2.94,87,1658,1668
3267,0,64,POPLATEK MESICNE,1624,312,4553.5185897435895,4876.744258057393,30128.584615384618,300.0,39052.4,62.4,0.0,1.0,1.0,6403.0,Zlin,south Moravia,197099,29,41,10,2,10,74.7,9624,1.60,2.31,145,4484,4265
3222,0,4,POPLATEK MESICNE,1624,352,923.0369318181819,1105.1870165958783,19007.225852272728,800.0,22038.6,70.4,0.0,0.0,3.0,2123.0,Kladno,central Bohemia,149893,63,29,6,2,6,67.4,9753,4.64,5.05,109,5244,5892
408,0,41,POPLATEK MESICNE,1624,316,4850.826582278481,5353.391562411394,37958.04873417722,400.0,48332.8,63.2,0.0,0.0,1.0,5042.0,Usti nad Labem,north Bohemia,118650,8,8,5,1,3,85.6,9832,3.32,4.48,114,6445,5471
2818,0,40,POPLATEK MESICNE,1624,331,14215.267975830817,16008.895014461878,58711.69395770392,1000.0,70991.4,66.2,0.0,0.0,2.0,10141.0,Teplice,north Bohemia,128118,9,16,6,3,8,85.3,9317,6.49,7.07,97,6949,6872
6273,0,38,POPLATEK MESICNE,1624,315,8632.3473015873,11045.103920624966,45183.92793650794,200.0,67101.1,63.0,1.0,0.0,1.0,3639.5,Louny,north Bohemia,85852,41,23,4,2,4,59.8,8965,7.08,8.23,104,2653,2822
2513,0,70,POPLATEK MESICNE,1623,299,1636.4033444816052,1706.1362651590264,21618.905685618727,200.0,17203.4,59.8,0.0,1.0,1.0,2655.0,Karvina,north Moravia,285387,0,2,8,5,7,89.9,10177,6.63,7.75,81,9878,10108
3493,0,63,POPLATEK MESICNE,1623,234,1447.019658119658,1447.2911727022506,23351.407692307694,800.0,34585.5,46.8,0.0,0.0,1.0,2277.0,Vyskov,south Moravia,86513,38,36,5,1,5,50.5,8288,3.79,4.52,110,1562,1460
1201,0,61,POPLATEK MESICNE,1622,359,4809.536490250696,5700.670515078555,36569.76657381615,600.0,52463.1,71.8,0.0,0.0,2.0,7709.0,Trebic,south Moravia,117897,139,28,5,1,6,53.8,8814,4.76,5.74,107,2112,2059
4478,0,70,POPLATEK MESICNE,1622,265,10369.078867924529,11937.28031222915,60293.51660377358,800.0,68189.6,53.0,0.0,0.0,1.0,707.0,Karvina,north Moravia,285387,0,2,8,5,7,89.9,10177,6.63,7.75,81,9878,10108
2915,0,57,POPLATEK MESICNE,1622,311,17773.415755627007,20592.01007081214,65865.94919614148,500.0,53953.8,62.2,0.0,0.0,0.0,0.0,Hodonin,south Moravia,161954,21,37,20,3,8,48.0,8720,3.73,4.50,116,3729,3651
9833,0,20,POPLATEK MESICNE,1621,440,12941.98340909091,17524.980799181583,57161.412954545456,1100.0,49515.7,88.0,1.0,0.0,3.0,20582.0,Strakonice,south Bohemia,70646,94,14,3,1,4,58.4,8547,2.65,3.64,120,1563,1542
2253,0,74,POPLATEK MESICNE,1621,278,2235.163309352518,2307.9674100378784,28921.86618705036,300.0,30052.4,55.6,0.0,0.0,1.0,2944.0,Ostrava - mesto,north Moravia,323870,0,0,0,1,1,100.0,10673,4.75,5.44,100,18782,18347
1069,0,70,POPLATEK MESICNE,1621,246,1918.6455284552844,1845.6542491895254,17267.691056910568,700.0,26495.7,49.2,0.0,0.0,1.0,3080.0,Karvina,north Moravia,285387,0,2,8,5,7,89.9,10177,6.63,7.75,81,9878,10108
207,0,2,POPLATEK MESICNE,1620,396,1715.1896464646463,2055.4771526046875,23527.505555555555,900.0,16094.7,79.2,0.0,0.0,3.0,3139.0,Benesov,central Bohemia,88884,80,26,6,2,5,46.7,8507,1.67,1.85,132,2159,2674
3212,0,70,POPLATEK MESICNE,1620,458,1001.7010917030567,1375.4066812543356,35793.97423580786,700.0,67610.7,91.6,0.0,0.0,4.0,2322.0,Karvina,north Moravia,285387,0,2,8,5,7,89.9,10177,6.63,7.75,81,9878,10108
4035,0,1,POPLATEK MESICNE,1620,299,11721.775919732441,13661.57182313759,47100.855183946485,-2244.9,38113.2,59.8,0.0,0.0,0.0,0.0,Hl.m. Praha,Prague,1204953,0,0,0,1,1,100.0,12541,0.29,0.43,167,85677,99107
1268,0,74,POPLATEK MESICNE,1620,314,1429.185668789809,1423.240240818358,28602.207961783442,800.0,49747.9,62.8,0.0,0.0,1.0,2220.0,Ostrava - mesto,north Moravia,323870,0,0,0,1,1,100.0,10673,4.75,5.44,100,18782,18347
3287,0,18,POPLATEK MESICNE,1619,312,7973.953205128205,8919.102763786637,36419.333974358975,900.0,53329.1,62.4,0.0,0.0,1.0,6968.0,Pisek,south Bohemia,70699,60,13,2,1,4,65.3,8968,2.83,3.35,131,1740,1910
6226,0,74,POPLATEK TYDNE,1619,322,14484.68291925466,16480.96891969116,62094.7801242236,400.0,108130.7,64.4,1.0,0.0,1.0,6643.7,Ostrava - mesto,north Moravia,323870,0,0,0,1,1,100.0,10673,4.75,5.44,100,18782,18347
2123,0,64,POPLATEK MESICNE,1619,241,1384.936099585062,1379.9269388206963,15796.82531120332,900.0,15162.5,48.2,0.0,0.0,1.0,2141.0,Zlin,south Moravia,197099,29,41,10,2,10,74.7,9624,1.60,2.31,145,4484,4265
3982,0,26,POPLATEK MESICNE,1618,253,1244.7122529644269,1284.3553296288744,24592.307509881422,700.0,39067.4,50.6,0.0,0.0,1.0,2153.0,Plzen - mesto,west Bohemia,170449,0,0,0,1,1,100.0,10787,2.64,3.09,131,6041,6261
2701,0,71,POPLATEK MESICNE,1618,354,3296.4598870056498,3776.1373432817413,34601.32627118644,300.0,57097.7,70.8,0.0,0.0,2.0,6250.0,Novy Jicin,north Moravia,161227,5,35,11,4,10,69.7,8678,5.93,5.57,102,4980,4595
3629,0,48,POPLATEK MESICNE,1618,432,4349.675925925926,5755.852089223226,23673.023842592593,900.0,31660.5,86.4,1.0,0.0,4.0,13649.5,Rychnov nad Kneznou,east Bohemia,78955,50,24,8,1,9,59.0,9060,1.78,2.44,124,1655,1717
2841,0,71,POPLATEK MESICNE,1618,299,3570.2505016722407,3683.785549265585,23579.423076923078,1100.0,28200.3,59.8,0.0,1.0,1.0,3536.0,Novy Jicin,north Moravia,161227,5,35,11,4,10,69.7,8678,5.93,5.57,102,4980,4595
563,1,53,POPLATEK MESICNE,1618,287,3799.191986062718,3920.0997943856673,28897.717770034844,500.0,30126.7,57.4,0.0,0.0,1.0,6245.0,Blansko,south Moravia,107911,88,33,6,2,7,50.9,8240,2.53,3.56,99,1850,1903
2732,0,5,POPLATEK MESICNE,1618,326,13982.457055214723,15839.807069341647,58558.804601227,800.0,54296.3,65.2,0.0,0.0,1.0,1564.9,Kolin,central Bohemia,95616,65,30,4,1,6,51.4,9307,3.85,4.43,118,2616,3040
1297,0,70,POPLATEK MESICNE,1618,357,6469.094397759104,8023.200561095553,48735.86946778711,400.0,74888.1,71.4,0.0,0.0,2.0,6189.0,Karvina,north Moravia,285387,0,2,8,5,7,89.9,10177,6.63,7.75,81,9878,10108
7485,0,39,POPLATEK MESICNE,1617,347,7743.119596541786,8825.416630425867,33284.32363112392,700.0,31128.9,69.4,1.0,0.0,2.0,14078.8,Most,north Bohemia,119895,17,4,3,2,4,89.9,10446,7.34,9.40,90,4947,4743
2088,0,4,POPLATEK MESICNE,1617,293,2238.7662116040956,2147.5353892785447,23863.04675767918,400.0,19167.4,58.6,0.0,0.0,1.0,3240.0,Kladno,central Bohemia,149893,63,29,6,2,6,67.4,9753,4.64,5.05,109,5244,5892
225,0,1,POPLATEK MESICNE,1617,354,2194.2612994350284,2712.07695709197,30921.081073446327,1000.0,66267.9,70.8,0.0,1.0,2.0,3385.0,Hl.m. Praha,Prague,1204953,0,0,0,1,1,100.0,12541,0.29,0.43,167,85677,99107
1630,0,72,POPLATEK MESICNE,1617,268,2281.9891791044774,2268.8099700381786,18366.447388059703,900.0,19402.0,53.6,0.0,0.0,1.0,3595.0,Olomouc,north Moravia,226122,32,50,7,4,4,62.6,8994,3.80,4.79,110,9672,9208
403,0,1,POPLATEK MESICNE,1616,255,2114.592156862745,2230.6713786889413,39494.96784313726,600.0,68368.4,51.0,0.0,0.0,1.0,2401.0,Hl.m. Praha,Prague,1204953,0,0,0,1,1,100.0,12541,0.29,0.43,167,85677,99107
445,1,63,POPLATEK TYDNE,1616,330,6591.0006060606065,7148.641671633996,35258.92272727273,1100.0,45338.3,66.0,0.0,0.0,2.0,11565.0,Vyskov,south Moravia,86513,38,36,5,1,5,50.5,8288,3.79,4.52,110,1562,1460
186,0,1,POPLATEK TYDNE,1616,325,12069.942153846154,13730.98325961999,61216.97015384616,700.0,27597.1,65.0,0.0,0.0,1.0,6862.0,Hl.m. Praha,Prague,1204953,0,0,0,1,1,100.0,12541,0.29,0.43,167,85677,99107
3720,0,36,POPLATEK MESICNE,1615,263,2135.4372623574145,2195.104593775397,31666.912927756654,800.0,53056.8,52.6,0.0,0.0,1.0,2957.0,Liberec,north Bohemia,159617,29,19,8,1,9,85.2,9198,3.33,4.28,131,5796,6132
574,0,70,POPLATEK MESICNE,1615,295,15730.524067796609,17580.30536508752,56896.472542372874,900.0,41355.6,59.0,0.0,0.0,0.0,0.0,Karvina,north Moravia,285387,0,2,8,5,7,89.9,10177,6.63,7.75,81,9878,10108
1429,0,57,POPLATEK MESICNE,1615,254,1292.3913385826772,1324.066457709209,22154.2405511811,1100.0,27668.1,50.8,0.0,0.0,1.0,2166.0,Hodonin,south Moravia,161954,21,37,20,3,8,48.0,8720,3.73,4.50,116,3729,3651
3580,0,43,POPLATEK MESICNE,1613,355,4733.560845070423,6408.968864648884,42719.58563380282,1000.0,65782.9,71.0,0.0,0.0,2.0,3765.0,Hradec Kralove,east Bohemia,161854,73,21,6,1,6,76.3,9425,1.72,2.50,125,4085,3891
7819,0,38,POPLATEK MESICNE,1613,484,2195.6028925619835,3072.0617489413166,20700.26859504132,500.0,28387.6,96.8,1.0,0.0,5.0,6137.0,Louny,north Bohemia,85852,41,23,4,2,4,59.8,8965,7.08,8.23,104,2653,2822
759,0,23,POPLATEK MESICNE,1613,317,1383.5533123028392,1497.242737341618,40102.0545741325,300.0,79994.0,63.4,0.0,0.0,1.0,1952.0,Cheb,west Bohemia,87419,21,11,4,3,9,85.5,8624,1.79,2.66,102,2879,3198
6363,0,74,POPLATEK MESICNE,1613,286,4594.22027972028,5369.126407808432,47780.37377622378,900.0,77539.9,57.2,1.0,0.0,1.0,1459.0,Ostrava - mesto,north Moravia,323870,0,0,0,1,1,100.0,10673,4.75,5.44,100,18782,18347
3738,0,51,POPLATEK MESICNE,1613,288,7990.654166666666,8512.055655804224,43002.53090277778,700.0,58797.1,57.6,0.0,0.0,1.0,5750.0,Trutnov,east Bohemia,121947,37,28,7,3,11,70.5,8541,2.51,2.97,131,3496,3839
4000,0,7,POPLATEK MESICNE,1612,331,2437.620241691843,5905.751156471528,42052.38096676737,700.0,81977.2,66.2,0.0,0.0,0.0,0.0,Melnik,central Bohemia,94725,38,28,1,3,6,63.4,9920,2.26,2.87,130,4289,4846
9041,1,1,POPLATEK MESICNE,1611,370,10864.535945945945,14463.141107156029,45944.46756756757,-1050.8,59696.7,74.0,0.0,0.0,0.0,0.0,Hl.m. Praha,Prague,1204953,0,0,0,1,1,100.0,12541,0.29,0.43,167,85677,99107
2620,0,22,POPLATEK MESICNE,1611,300,2585.0533333333333,2460.8724628778964,21927.086333333336,500.0,38844.9,60.0,0.0,0.0,1.0,3855.0,Domazlice,west Bohemia,58400,65,16,4,1,6,52.4,8620,1.10,1.25,100,1089,1117
3609,0,28,POPLATEK MESICNE,1611,357,6652.987675070029,8434.134408759217,47987.27843137254,600.0,77393.8,71.4,0.0,0.0,2.0,6366.0,Plzen - sever,west Bohemia,72541,66,26,10,0,8,36.9,8594,1.62,2.01,112,1580,1525
1382,0,48,POPLATEK MESICNE,1611,265,1198.1124528301887,1242.0224182590164,18907.461886792455,800.0,19644.7,53.0,0.0,1.0,1.0,2059.0,Rychnov nad Kneznou,east Bohemia,78955,50,24,8,1,9,59.0,9060,1.78,2.44,124,1655,1717
930,0,41,POPLATEK MESICNE,1611,317,5337.608201892745,5970.205794753197,37830.12208201893,300.0,66782.9,63.4,0.0,0.0,1.0,9356.0,Usti nad Labem,north Bohemia,118650,8,8,5,1,3,85.6,9832,3.32,4.48,114,6445,5471
1925,0,12,POPLATEK MESICNE,1611,244,2471.4147540983604,2484.400137124696,26014.71106557377,600.0,27648.6,48.8,0.0,0.0,1.0,3860.0,Pribram,central Bohemia,107870,84,29,6,1,6,58.0,8754,3.83,4.31,137,3804,3868
1834,0,62,POPLATEK MESICNE,1611,317,6543.794952681388,7386.2399144856845,42882.95930599369,700.0,67728.0,63.4,0.0,0.0,1.0,8084.0,Uherske Hradiste,south Moravia,145688,22,41,13,2,5,40.7,8544,1.29,1.86,109,2719,2906
1507,0,35,POPLATEK MESICNE,1611,308,7897.874675324675,9119.322629107604,45746.3,800.0,65012.3,61.6,0.0,0.0,1.0,6619.0,Jablonec n. Nisou,north Bohemia,88768,10,18,5,1,7,80.5,8867,1.02,1.21,130,3384,3620
7857,0,75,POPLATEK MESICNE,1610,468,9305.070085470084,13308.482606764892,50409.32200854701,300.0,50430.4,93.6,1.0,0.0,4.0,15012.0,Prerov,north Moravia,138032,67,30,4,2,5,64.6,8819,5.38,5.66,99,4063,4505
6636,0,72,POPLATEK TYDNE,1610,344,8299.916569767442,11883.400601512265,51842.83982558139,-3259.3,90129.9,68.8,0.0,0.0,0.0,0.0,Olomouc,north Moravia,226122,32,50,7,4,4,62.6,8994,3.80,4.79,110,9672,9208
601,0,29,POPLATEK MESICNE,1610,264,1308.321590909091,1358.7753769646279,17857.101136363635,300.0,17040.1,52.8,0.0,0.0,1.0,2230.0,Rokycany,west Bohemia,45714,52,10,5,1,6,55.6,8843,2.82,3.60,113,818,888
3298,0,29,POPLATEK MESICNE,1610,267,3159.9048689138576,3544.257526404148,42797.589887640446,1100.0,55878.2,53.4,0.0,0.0,0.0,0.0,Rokycany,west Bohemia,45714,52,10,5,1,6,55.6,8843,2.82,3.60,113,818,888
2938,0,1,POPLATEK MESICNE,1610,453,10261.786313465784,13311.2636049221,54638.97196467991,400.0,99822.5,90.6,0.0,0.0,4.0,14700.3,Hl.m. Praha,Prague,1204953,0,0,0,1,1,100.0,12541,0.29,0.43,167,85677,99107
2199,0,1,POPLATEK MESICNE,1610,361,1334.8692520775624,1429.1723616880686,24272.32465373961,1100.0,20123.6,72.2,0.0,0.0,2.0,2498.0,Hl.m. Praha,Prague,1204953,0,0,0,1,1,100.0,12541,0.29,0.43,167,85677,99107
3745,0,5,POPLATEK MESICNE,1610,377,8332.1525198939,9961.070777662751,57161.788594164456,900.0,91410.4,75.4,0.0,0.0,2.0,12310.0,Kolin,central Bohemia,95616,65,30,4,1,6,51.4,9307,3.85,4.43,118,2616,3040
3699,0,50,POPLATEK MESICNE,1609,310,7183.364838709677,7832.274811380963,37856.17193548387,600.0,18282.0,62.0,0.0,1.0,1.0,7085.0,Svitavy,east Bohemia,102609,75,33,2,3,6,52.0,8187,4.83,5.45,94,2123,2134
816,0,52,POPLATEK MESICNE,1609,396,11079.073232323231,13721.718152193764,66518.73585858586,200.0,77799.0,79.2,1.0,1.0,2.0,6539.7,Usti nad Orlici,east Bohemia,139012,59,41,8,3,10,61.9,8363,2.52,3.49,108,2564,2799
3656,0,53,POPLATEK MESICNE,1608,246,2376.09918699187,6140.309530986679,22532.64430894309,900.0,36474.6,49.2,0.0,0.0,0.0,0.0,Blansko,south Moravia,107911,88,33,6,2,7,50.9,8240,2.53,3.56,99,1850,1903
2038,0,42,POPLATEK MESICNE,1608,327,2165.4969418960245,2361.458119218923,29896.701834862386,900.0,33978.0,65.4,0.0,1.0,2.0,3642.0,Havlickuv Brod,east Bohemia,95907,87,25,5,2,7,59.1,8388,2.41,2.94,87,1658,1668
2542,0,21,POPLATEK MESICNE,1607,397,1816.3345088161211,2049.744697404644,24457.65138539043,300.0,22068.4,79.4,0.0,1.0,3.0,3380.0,Tabor,south Bohemia,103347,87,16,7,1,7,67.0,9104,1.51,2.07,123,2299,2354
1136,0,12,POPLATEK MESICNE,1607,363,9731.965840220386,11889.793303924396,44217.40826446281,900.0,33021.2,72.6,0.0,0.0,3.0,12214.8,Pribram,central Bohemia,107870,84,29,6,1,6,58.0,8754,3.83,4.31,137,3804,3868
1589,0,37,POPLATEK MESICNE,1607,87,1140.3896551724138,1795.9248427866498,22247.585057471264,500.0,19614.3,17.4,0.0,1.0,0.0,0.0,Litomerice,north Bohemia,114006,71,26,6,2,9,62.3,9065,4.46,5.39,123,4147,4166
3136,0,69,POPLATEK MESICNE,1607,347,3770.104610951009,4459.461024502155,44352.61873198847,900.0,65415.1,69.4,0.0,1.0,2.0,6144.0,Jesenik,north Moravia,42821,4,13,5,1,3,48.4,8173,?,7.01,124,?,1358
3547,0,54,POPLATEK MESICNE,1607,244,1687.4680327868853,1626.6358450716118,17832.735655737706,300.0,22839.2,48.8,0.0,0.0,1.0,2684.0,Brno - mesto,south Moravia,387570,0,0,0,1,1,100.0,9897,1.60,1.96,140,18721,18696
26,0,52,POPLATEK MESICNE,1606,286,9927.73076923077,10123.208504874092,32630.348951048953,800.0,35190.9,57.2,0.0,0.0,1.0,10387.0,Usti nad Orlici,east Bohemia,139012,59,41,8,3,10,61.9,8363,2.52,3.49,108,2564,2799
657,0,47,POPLATEK MESICNE,1606,357,1954.4607843137255,2060.1856186629034,31334.219327731094,500.0,45331.3,71.4,0.0,0.0,2.0,2928.0,Pardubice,east Bohemia,162580,83,26,5,1,6,72.8,9538,1.51,1.81,111,6079,5410
3538,0,58,POPLATEK MESICNE,1606,260,10147.756923076922,11646.753308714171,53026.12192307692,400.0,43509.6,52.0,0.0,0.0,0.0,0.0,Jihlava,south Moravia,109164,98,16,6,1,4,63.6,8757,3.38,3.95,96,2212,2471
2167,0,16,POPLATEK MESICNE,1606,334,8122.131736526946,9157.232613075894,49137.07844311377,200.0,68860.9,66.8,1.0,0.0,2.0,13016.0,Jindrichuv Hradec,south Bohemia,93931,74,21,10,1,8,56.9,8427,1.12,1.54,107,1874,1913
3127,0,66,POPLATEK MESICNE,1606,314,11033.607643312102,13388.604159415325,53087.546178343946,1100.0,78646.2,62.8,0.0,0.0,1.0,7334.0,Zdar nad Sazavou,south Moravia,125832,151,41,2,3,5,48.3,8512,3.51,4.12,102,2247,2103
47,0,45,POPLATEK MESICNE,1606,465,8733.158279569892,13458.2770067306,47257.83698924731,300.0,31978.2,93.0,0.0,0.0,4.0,7264.0,Jicin,east Bohemia,77917,85,19,6,1,5,53.5,8390,2.28,2.89,132,2080,2122
3850,0,8,POPLATEK MESICNE,1605,358,6461.800279329609,7851.145687297184,44953.40363128491,900.0,47781.4,71.6,0.0,1.0,2.0,7157.0,Mlada Boleslav,central Bohemia,112065,95,19,7,1,8,69.4,11277,1.25,1.44,127,5179,4987
5366,1,70,POPLATEK MESICNE,1605,285,13109.042807017544,16074.24239367742,37174.256842105264,-4631.8,71063.3,57.0,0.0,1.0,0.0,0.0,Karvina,north Moravia,285387,0,2,8,5,7,89.9,10177,6.63,7.75,81,9878,10108
747,0,39,POPLATEK MESICNE,1605,299,1984.7839464882943,1861.2153426064106,20819.759531772575,1100.0,23122.0,59.8,0.0,0.0,1.0,2672.0,Most,north Bohemia,119895,17,4,3,2,4,89.9,10446,7.34,9.40,90,4947,4743
3166,0,71,POPLATEK MESICNE,1604,336,9229.198214285714,11665.115593178052,44932.35952380953,-2485.5,53220.3,67.2,1.0,1.0,1.0,3702.8,Novy Jicin,north Moravia,161227,5,35,11,4,10,69.7,8678,5.93,5.57,102,4980,4595
11021,0,1,POPLATEK MESICNE,1604,390,9396.966666666667,12556.51627582081,56622.9741025641,-517.7,51217.1,78.0,1.0,0.0,1.0,7040.7,Hl.m. Praha,Prague,1204953,0,0,0,1,1,100.0,12541,0.29,0.43,167,85677,99107
1701,1,1,POPLATEK MESICNE,1604,341,11972.281524926686,13321.631165420797,49471.671260997064,1100.0,36593.3,68.2,0.0,0.0,2.0,11996.3,Hl.m. Praha,Prague,1204953,0,0,0,1,1,100.0,12541,0.29,0.43,167,85677,99107
3613,0,43,POPLATEK MESICNE,1604,346,3098.95289017341,3463.0430495309574,24624.829768786127,200.0,22546.1,69.2,0.0,0.0,2.0,6174.0,Hradec Kralove,east Bohemia,161854,73,21,6,1,6,76.3,9425,1.72,2.50,125,4085,3891
3600,0,27,POPLATEK MESICNE,1604,284,2347.5151408450706,2651.124845157417,36751.91161971831,1100.0,39240.1,56.8,0.0,0.0,1.0,1537.0,Plzen - jih,west Bohemia,67298,71,19,10,0,7,43.8,8561,0.65,1.29,110,1029,1127
3792,0,10,POPLATEK MESICNE,1603,267,2073.3411985018724,2076.7573252357543,18542.27640449438,300.0,14478.0,53.4,0.0,0.0,1.0,3518.0,Praha - vychod,central Bohemia,92084,55,29,4,3,5,46.7,10124,0.56,0.54,141,3810,4316
523,0,1,POPLATEK MESICNE,1603,259,5055.4405405405405,5747.317227181892,54575.722007722004,300.0,70757.3,51.8,0.0,0.0,0.0,0.0,Hl.m. Praha,Prague,1204953,0,0,0,1,1,100.0,12541,0.29,0.43,167,85677,99107
3808,0,38,POPLATEK MESICNE,1603,364,4961.913736263737,6075.455977298928,32854.238186813185,500.0,40577.5,72.8,0.0,0.0,2.0,6733.0,Louny,north Bohemia,85852,41,23,4,2,4,59.8,8965,7.08,8.23,104,2653,2822
1401,0,1,POPLATEK MESICNE,1602,285,2385.7294736842105,2666.3190852974076,33443.735438596486,300.0,46803.1,57.0,0.0,0.0,1.0,2463.0,Hl.m. Praha,Prague,1204953,0,0,0,1,1,100.0,12541,0.29,0.43,167,85677,99107
541,0,61,POPLATEK MESICNE,1602,394,5757.642893401015,7574.335029929092,33357.06598984772,200.0,21453.7,78.8,0.0,0.0,3.0,8728.0,Trebic,south Moravia,117897,139,28,5,1,6,53.8,8814,4.76,5.74,107,2112,2059
1023,0,21,POPLATEK MESICNE,1601,234,8795.0952991453,9290.850638318327,38195.45170940171,1100.0,30384.7,46.8,0.0,0.0,0.0,0.0,Tabor,south Bohemia,103347,87,16,7,1,7,67.0,9104,1.51,2.07,123,2299,2354
3683,0,33,POPLATEK MESICNE,1601,301,8674.191362126247,10592.871516357518,58560.17807308971,1000.0,62840.1,60.2,0.0,0.0,1.0,3114.0,Decin,north Bohemia,133777,24,17,7,3,11,84.7,8705,5.75,7.61,116,4650,4859
3220,0,29,POPLATEK MESICNE,1600,263,8782.560456273764,10021.014229815039,51148.91673003802,800.0,50131.6,52.6,0.0,0.0,1.0,1882.0,Rokycany,west Bohemia,45714,52,10,5,1,6,55.6,8843,2.82,3.60,113,818,888
1779,0,33,POPLATEK MESICNE,1599,406,6493.28842364532,9433.7422024565,69102.6381773399,1000.0,86988.8,81.2,0.0,1.0,3.0,4314.0,Decin,north Bohemia,133777,24,17,7,3,11,84.7,8705,5.75,7.61,116,4650,4859
1912,0,64,POPLATEK MESICNE,1599,265,2432.7611320754713,2402.283806049843,23141.24603773585,1000.0,25287.9,53.0,0.0,1.0,1.0,3232.0,Zlin,south Moravia,197099,29,41,10,2,10,74.7,9624,1.60,2.31,145,4484,4265
238,0,6,POPLATEK MESICNE,1599,251,1352.488844621514,1337.1602011558152,16355.117131474104,500.0,16791.3,50.2,0.0,1.0,1.0,2234.0,Kutna Hora,central Bohemia,77963,60,23,4,2,4,51.5,8546,2.95,4.02,126,2640,3120
3113,1,67,POPLATEK MESICNE,1598,427,9320.699765807962,13741.355462413077,48297.86276346604,-915.4,49480.4,85.4,0.0,0.0,4.0,12766.0,Bruntal,north Moravia,106054,38,25,6,2,6,63.1,8110,5.77,6.55,109,3244,3079
5481,0,52,POPLATEK MESICNE,1598,326,12555.303374233128,15232.325653329028,55503.91809815951,1000.0,55953.6,65.2,1.0,0.0,1.0,4358.0,Usti nad Orlici,east Bohemia,139012,59,41,8,3,10,61.9,8363,2.52,3.49,108,2564,2799
3035,0,15,POPLATEK TYDNE,1598,372,13973.164784946235,17701.75719178914,61602.17741935484,800.0,63903.1,74.4,0.0,0.0,2.0,12443.0,Cesky Krumlov,south Bohemia,58796,22,16,7,1,5,51.9,9045,3.13,3.60,124,1845,1879
942,0,9,POPLATEK MESICNE,1598,318,1905.6638364779874,5278.134186010574,25530.196226415097,800.0,58211.5,63.6,0.0,0.0,0.0,0.0,Nymburk,central Bohemia,81344,61,23,4,2,6,55.3,8899,3.39,3.97,149,2987,2487
3221,0,5,POPLATEK MESICNE,1597,320,1645.013125,1975.6607379687769,31023.458437499998,900.0,42522.2,64.0,0.0,0.0,2.0,2186.0,Kolin,central Bohemia,95616,65,30,4,1,6,51.4,9307,3.85,4.43,118,2616,3040
2616,0,1,POPLATEK MESICNE,1597,307,7469.00651465798,8062.547450205809,33739.84039087948,900.0,23669.3,61.4,0.0,1.0,1.0,8188.0,Hl.m. Praha,Prague,1204953,0,0,0,1,1,100.0,12541,0.29,0.43,167,85677,99107
2137,0,4,POPLATEK PO OBRATU,1597,275,8262.62509090909,9286.520496105475,34875.32581818182,600.0,48043.6,55.0,0.0,1.0,1.0,1958.7,Kladno,central Bohemia,149893,63,29,6,2,6,67.4,9753,4.64,5.05,109,5244,5892
978,0,73,POPLATEK MESICNE,1596,264,2428.162878787879,2565.9654784582726,39335.23409090909,1100.0,59045.2,52.8,0.0,0.0,1.0,2062.0,Opava,north Moravia,182027,17,49,12,2,7,56.4,8746,3.33,3.74,90,4355,4433
2771,0,37,POPLATEK MESICNE,1596,308,7170.153896103896,7908.740306709721,38636.04675324675,400.0,27132.0,61.6,0.0,0.0,2.0,8767.0,Litomerice,north Bohemia,114006,71,26,6,2,9,62.3,9065,4.46,5.39,123,4147,4166
3891,0,1,POPLATEK MESICNE,1596,311,5933.180385852091,7118.285229017331,42800.17427652733,600.0,54745.4,62.2,0.0,0.0,1.0,3172.0,Hl.m. Praha,Prague,1204953,0,0,0,1,1,100.0,12541,0.29,0.43,167,85677,99107
9236,0,11,POPLATEK MESICNE,1596,454,3696.139207048458,4750.998584427494,45681.33502202643,800.0,101379.4,90.8,1.0,0.0,3.0,11733.0,Praha - zapad,central Bohemia,75637,35,36,9,0,7,36.5,9622,0.45,0.59,154,3475,3529
274,0,76,POPLATEK MESICNE,1594,302,7597.928145695364,8250.28679600784,37127.26920529801,300.0,41743.2,60.4,0.0,0.0,1.0,9886.0,Sumperk,north Moravia,127369,31,32,13,2,7,51.2,8369,4.73,5.88,107,3736,2807
552,0,14,POPLATEK MESICNE,1594,273,1930.1586080586083,1937.3256995054373,21847.289010989014,900.0,18419.4,54.6,0.0,0.0,1.0,2097.0,Ceske Budejovice,south Bohemia,177686,69,27,10,1,9,74.8,10045,1.42,1.71,135,6604,6295
2417,0,44,POPLATEK MESICNE,1594,303,1871.4597359735976,2122.741165940572,19135.35577557756,800.0,29713.3,60.6,0.0,0.0,2.0,3162.0,Chrudim,east Bohemia,105606,77,26,7,2,7,53.0,8254,2.79,3.76,97,2166,2325
3868,0,43,POPLATEK MESICNE,1593,247,2202.536032388664,2297.267109465718,20973.002429149798,200.0,21920.6,49.4,0.0,0.0,1.0,3259.0,Hradec Kralove,east Bohemia,161854,73,21,6,1,6,76.3,9425,1.72,2.50,125,4085,3891
9869,0,12,POPLATEK MESICNE,1593,374,6605.668181818181,7979.282053382365,52325.93877005348,900.0,74852.3,74.8,1.0,0.0,3.0,13911.0,Pribram,central Bohemia,107870,84,29,6,1,6,58.0,8754,3.83,4.31,137,3804,3868
1875,0,44,POPLATEK MESICNE,1593,244,1951.066393442623,1877.5149112792237,17063.649590163935,1000.0,15662.8,48.8,0.0,0.0,1.0,3094.0,Chrudim,east Bohemia,105606,77,26,7,2,7,53.0,8254,2.79,3.76,97,2166,2325
8212,0,52,POPLATEK PO OBRATU,1593,385,13328.225194805194,14880.60645175786,77197.42545454546,-510.9,105184.5,77.0,0.0,0.0,1.0,1280.0,Usti nad Orlici,east Bohemia,139012,59,41,8,3,10,61.9,8363,2.52,3.49,108,2564,2799
3477,0,71,POPLATEK MESICNE,1592,244,1320.6610655737704,1331.9433239405523,15751.491393442622,700.0,17907.5,48.8,0.0,1.0,1.0,2132.0,Novy Jicin,north Moravia,161227,5,35,11,4,10,69.7,8678,5.93,5.57,102,4980,4595
1513,0,30,POPLATEK MESICNE,1591,446,3808.6280269058298,5329.148998728685,42681.29349775784,500.0,62966.6,89.2,0.0,0.0,4.0,7549.0,Sokolov,west Bohemia,94812,15,13,8,2,10,81.8,9650,3.38,3.67,100,2985,2804
3053,0,11,POPLATEK MESICNE,1591,348,4148.655747126437,4755.8190573344145,39939.92011494253,900.0,64434.8,69.6,0.0,0.0,2.0,7465.0,Praha - zapad,central Bohemia,75637,35,36,9,0,7,36.5,9622,0.45,0.59,154,3475,3529
1057,0,13,POPLATEK MESICNE,1591,241,1942.8244813278009,1905.3703173153774,17403.91991701245,1000.0,22918.8,48.2,0.0,1.0,1.0,3090.0,Rakovnik,central Bohemia,53921,61,22,1,1,2,41.3,8598,2.77,3.26,123,1597,1875
6030,0,47,POPLATEK MESICNE,1590,284,7874.697183098591,9673.622195634836,53528.06056338028,400.0,69876.2,56.8,1.0,0.0,1.0,1177.0,Pardubice,east Bohemia,162580,83,26,5,1,6,72.8,9538,1.51,1.81,111,6079,5410
3407,0,28,POPLATEK MESICNE,1590,241,7266.853526970955,11399.271312200817,29714.126970954356,-2839.4,9697.6,48.2,0.0,0.0,0.0,0.0,Plzen - sever,west Bohemia,72541,66,26,10,0,8,36.9,8594,1.62,2.01,112,1580,1525
1761,0,24,POPLATEK MESICNE,1590,383,3525.2456919060055,4297.48269097032,30288.74490861619,700.0,24760.1,76.6,0.0,0.0,3.0,6749.0,Karlovy Vary,west Bohemia,122603,25,21,6,2,8,80.0,8991,1.39,2.01,128,5198,5273
3306,0,75,POPLATEK MESICNE,1590,329,4152.9547112462005,5021.074710127353,35251.079939209725,800.0,43486.8,65.8,0.0,0.0,2.0,5513.0,Prerov,north Moravia,138032,67,30,4,2,5,64.6,8819,5.38,5.66,99,4063,4505
162,0,60,POPLATEK MESICNE,1589,231,2271.079653679654,2366.3091489144863,26159.37012987013,200.0,25464.2,46.2,0.0,0.0,1.0,3458.0,Prostejov,south Moravia,110643,49,41,4,1,4,51.9,8441,3.45,4.48,115,1879,2252
5011,1,31,POPLATEK MESICNE,1589,337,12583.655786350148,14143.354416359634,36386.855489614245,-16503.5,52352.7,67.4,0.0,0.0,0.0,0.0,Tachov,west Bohemia,51313,34,12,3,1,4,59.2,8930,3.52,4.20,108,1328,1452
965,0,20,POPLATEK MESICNE,1589,293,2014.8020477815699,1932.1576074064988,20413.63174061433,700.0,13647.0,58.6,0.0,0.0,1.0,2853.0,Strakonice,south Bohemia,70646,94,14,3,1,4,58.4,8547,2.65,3.64,120,1563,1542
1305,0,57,POPLATEK MESICNE,1589,259,4256.485328185328,4809.473920732132,51293.63243243244,400.0,100628.0,51.8,0.0,0.0,0.0,0.0,Hodonin,south Moravia,161954,21,37,20,3,8,48.0,8720,3.73,4.50,116,3729,3651
815,0,56,POPLATEK MESICNE,1589,248,1170.0826612903227,1179.1007612429648,16177.578225806452,300.0,21167.3,49.6,0.0,0.0,1.0,1949.0,Breclav,south Moravia,124605,11,42,14,1,8,46.0,8772,4.69,4.98,126,2854,3158
1449,0,35,POPLATEK MESICNE,1588,355,2029.2315492957746,2474.5761721266936,34698.6352112676,800.0,44575.5,71.0,0.0,0.0,2.0,3140.0,Jablonec n. Nisou,north Bohemia,88768,10,18,5,1,7,80.5,8867,1.02,1.21,130,3384,3620
950,0,49,POPLATEK MESICNE,1588,287,7860.455052264809,9053.975717783727,59932.423693379795,200.0,52488.6,57.4,0.0,0.0,1.0,8910.0,Semily,east Bohemia,75685,31,28,5,1,9,60.8,8208,1.89,2.26,155,1660,2123
3361,0,45,POPLATEK MESICNE,1588,298,3789.7040268456376,3807.13876055741,37211.03053691275,200.0,63266.2,59.6,0.0,0.0,1.0,6154.0,Jicin,east Bohemia,77917,85,19,6,1,5,53.5,8390,2.28,2.89,132,2080,2122
3837,0,48,POPLATEK PO OBRATU,1588,266,6144.7642857142855,6381.600590042664,38961.79248120301,800.0,68859.2,53.2,0.0,0.0,1.0,1377.6,Rychnov nad Kneznou,east Bohemia,78955,50,24,8,1,9,59.0,9060,1.78,2.44,124,1655,1717
33,0,22,POPLATEK MESICNE,1588,280,9454.3475,11161.148423413073,67383.40857142856,600.0,53381.8,56.0,0.0,0.0,1.0,3892.0,Domazlice,west Bohemia,58400,65,16,4,1,6,52.4,8620,1.10,1.25,100,1089,1117
2894,0,17,POPLATEK MESICNE,1586,302,15091.499337748344,15963.380436875672,66348.23046357617,1100.0,53067.7,60.4,0.0,0.0,1.0,3735.8,Pelhrimov,south Bohemia,74062,99,15,4,2,7,61.4,8114,2.38,2.62,119,1003,1181
2510,0,61,POPLATEK MESICNE,1586,394,5678.092639593909,7738.505677005738,40613.795431472085,1100.0,48874.8,78.8,0.0,0.0,3.0,7918.0,Trebic,south Moravia,117897,139,28,5,1,6,53.8,8814,4.76,5.74,107,2112,2059
389,0,30,POPLATEK MESICNE,1586,333,2343.266066066066,2452.979354518585,21862.472972972973,300.0,15664.8,66.6,0.0,0.0,2.0,4164.0,Sokolov,west Bohemia,94812,15,13,8,2,10,81.8,9650,3.38,3.67,100,2985,2804
6051,0,56,POPLATEK MESICNE,1586,320,3603.7221875000005,3109.0027591198163,17847.353437499998,-4668.0,-174.6,64.0,1.0,0.0,1.0,7685.0,Breclav,south Moravia,124605,11,42,14,1,8,46.0,8772,4.69,4.98,126,2854,3158
730,0,4,POPLATEK MESICNE,1586,335,13681.91552238806,14554.379150331857,57930.6776119403,800.0,111107.3,67.0,0.0,0.0,0.0,0.0,Kladno,central Bohemia,149893,63,29,6,2,6,67.4,9753,4.64,5.05,109,5244,5892
1694,0,6,POPLATEK TYDNE,1585,304,13799.736842105263,15253.900233259326,60377.09473684211,500.0,30687.5,60.8,0.0,0.0,0.0,0.0,Kutna Hora,central Bohemia,77963,60,23,4,2,4,51.5,8546,2.95,4.02,126,2640,3120
721,0,76,POPLATEK MESICNE,1585,249,1329.1807228915663,1387.1052383027377,21261.742168674697,500.0,21047.9,49.8,0.0,0.0,1.0,2194.0,Sumperk,north Moravia,127369,31,32,13,2,7,51.2,8369,4.73,5.88,107,3736,2807
1106,1,20,POPLATEK TYDNE,1585,314,10000.314012738854,12000.17736249363,43720.41401273885,-6178.4,-6149.8,62.8,1.0,0.0,1.0,8022.8,Strakonice,south Bohemia,70646,94,14,3,1,4,58.4,8547,2.65,3.64,120,1563,1542
3319,0,56,POPLATEK MESICNE,1585,332,1293.5265060240963,1470.6970926908732,32177.715361445782,1100.0,51735.5,66.4,0.0,1.0,2.0,2220.0,Breclav,south Moravia,124605,11,42,14,1,8,46.0,8772,4.69,4.98,126,2854,3158
10451,0,1,POPLATEK MESICNE,1585,491,3751.392057026477,4839.234314274006,20539.030549898165,-1130.8,17651.6,98.2,1.0,0.0,4.0,15830.0,Hl.m. Praha,Prague,1204953,0,0,0,1,1,100.0,12541,0.29,0.43,167,85677,99107
172,0,13,POPLATEK MESICNE,1584,305,8269.263606557377,9830.840790353739,44768.91573770492,700.0,38362.1,61.0,0.0,0.0,1.0,4221.0,Rakovnik,central Bohemia,53921,61,22,1,1,2,41.3,8598,2.77,3.26,123,1597,1875
3920,0,74,POPLATEK MESICNE,1582,231,11588.647619047619,15890.21913860662,53823.3922077922,600.0,37337.8,46.2,0.0,0.0,0.0,0.0,Ostrava - mesto,north Moravia,323870,0,0,0,1,1,100.0,10673,4.75,5.44,100,18782,18347
3011,0,64,POPLATEK MESICNE,1582,302,1100.890728476821,1287.8819077923008,15324.865562913908,400.0,14427.1,60.4,0.0,0.0,2.0,2180.0,Zlin,south Moravia,197099,29,41,10,2,10,74.7,9624,1.60,2.31,145,4484,4265
1337,0,23,POPLATEK MESICNE,1582,303,2383.93498349835,2520.5509601564518,33866.346864686464,500.0,58186.3,60.6,0.0,0.0,1.0,3264.0,Cheb,west Bohemia,87419,21,11,4,3,9,85.5,8624,1.79,2.66,102,2879,3198
2592,0,69,POPLATEK MESICNE,1582,303,4424.043894389439,4925.011238379689,46909.47425742574,600.0,90059.4,60.6,0.0,1.0,1.0,5129.0,Jesenik,north Moravia,42821,4,13,5,1,3,48.4,8173,?,7.01,124,?,1358
146,0,4,POPLATEK MESICNE,1581,249,2571.3196787148595,2537.191656789164,22371.051004016066,500.0,25089.1,49.8,0.0,1.0,1.0,3823.0,Kladno,central Bohemia,149893,63,29,6,2,6,67.4,9753,4.64,5.05,109,5244,5892
2576,0,1,POPLATEK MESICNE,1581,311,10221.791639871382,12601.525967160745,43381.02700964631,500.0,28784.3,62.2,0.0,0.0,1.0,8106.0,Hl.m. Praha,Prague,1204953,0,0,0,1,1,100.0,12541,0.29,0.43,167,85677,99107
3195,0,40,POPLATEK MESICNE,1581,368,1570.9404891304348,1845.1626759225712,29572.070108695654,600.0,40382.3,73.6,0.0,0.0,3.0,3070.0,Teplice,north Bohemia,128118,9,16,6,3,8,85.3,9317,6.49,7.07,97,6949,6872
8073,0,24,POPLATEK PO OBRATU,1580,428,9778.118224299065,12943.877848931177,47731.40654205607,-3067.6,78717.6,85.6,1.0,0.0,3.0,16372.0,Karlovy Vary,west Bohemia,122603,25,21,6,2,8,80.0,8991,1.39,2.01,128,5198,5273
4463,0,67,POPLATEK MESICNE,1580,230,3742.25652173913,4495.044301312851,32386.836086956522,1000.0,44131.7,46.0,0.0,0.0,0.0,0.0,Bruntal,north Moravia,106054,38,25,6,2,6,63.1,8110,5.77,6.55,109,3244,3079
2082,1,36,POPLATEK MESICNE,1580,371,7206.741778975742,10739.529630829555,43412.54447439353,200.0,18802.9,74.2,0.0,0.0,3.0,7791.0,Liberec,north Bohemia,159617,29,19,8,1,9,85.2,9198,3.33,4.28,131,5796,6132
2020,0,13,POPLATEK MESICNE,1579,251,2085.478486055777,2214.8004390678857,23423.0203187251,1100.0,37268.9,50.2,0.0,0.0,1.0,2329.0,Rakovnik,central Bohemia,53921,61,22,1,1,2,41.3,8598,2.77,3.26,123,1597,1875
160,0,23,POPLATEK MESICNE,1579,349,4093.529512893983,5056.224861917258,45444.99627507163,400.0,77546.6,69.8,0.0,0.0,2.0,7926.0,Cheb,west Bohemia,87419,21,11,4,3,9,85.5,8624,1.79,2.66,102,2879,3198
7607,0,1,POPLATEK MESICNE,1578,347,4866.8766570605185,5848.1472172943095,33198.54956772334,600.0,56402.5,69.4,1.0,0.0,2.0,7342.0,Hl.m. Praha,Prague,1204953,0,0,0,1,1,100.0,12541,0.29,0.43,167,85677,99107
117,0,31,POPLATEK MESICNE,1578,267,1863.3003745318354,1930.231000424524,22071.28127340824,900.0,23069.8,53.4,0.0,0.0,1.0,2329.0,Tachov,west Bohemia,51313,34,12,3,1,4,59.2,8930,3.52,4.20,108,1328,1452
3509,0,2,POPLATEK MESICNE,1578,243,2317.8888888888887,2390.361113837291,30980.667489711934,1100.0,43551.1,48.6,0.0,0.0,1.0,3027.0,Benesov,central Bohemia,88884,80,26,6,2,5,46.7,8507,1.67,1.85,132,2159,2674
151,0,76,POPLATEK MESICNE,1577,325,1864.113230769231,1989.065638106188,18971.588,1000.0,19185.6,65.0,0.0,0.0,2.0,3079.0,Sumperk,north Moravia,127369,31,32,13,2,7,51.2,8369,4.73,5.88,107,3736,2807
1719,0,1,POPLATEK MESICNE,1577,228,1824.3201754385964,1755.8330954708167,21557.000877192982,600.0,25575.1,45.6,0.0,0.0,1.0,2768.0,Hl.m. Praha,Prague,1204953,0,0,0,1,1,100.0,12541,0.29,0.43,167,85677,99107
3456,0,32,POPLATEK MESICNE,1577,261,2422.8214559386975,3151.7908837918258,24139.405363984675,300.0,48654.4,52.2,0.0,0.0,1.0,1500.0,Ceska Lipa,north Bohemia,105058,32,19,7,2,10,81.0,9272,2.80,3.22,118,4340,4505
2951,0,44,POPLATEK MESICNE,1577,393,3300.306106870229,4457.599066243035,47493.4,200.0,61517.1,78.6,0.0,1.0,3.0,3015.0,Chrudim,east Bohemia,105606,77,26,7,2,7,53.0,8254,2.79,3.76,97,2166,2325
7190,0,49,POPLATEK MESICNE,1577,320,3131.8587500000003,3292.06861132612,28839.053125,700.0,37153.6,64.0,1.0,0.0,2.0,6450.0,Semily,east Bohemia,75685,31,28,5,1,9,60.8,8208,1.89,2.26,155,1660,2123
1827,0,10,POPLATEK MESICNE,1577,255,1892.48,1919.0294713940011,22511.383921568628,400.0,22022.5,51.0,0.0,0.0,1.0,2567.0,Praha - vychod,central Bohemia,92084,55,29,4,3,5,46.7,10124,0.56,0.54,141,3810,4316
1689,0,55,POPLATEK MESICNE,1576,260,1951.3511538461537,1996.7945669461185,19246.64307692308,700.0,17266.7,52.0,0.0,0.0,1.0,2128.0,Brno - venkov,south Moravia,157042,49,70,18,0,9,33.9,8743,1.88,2.43,111,3659,3894
1197,0,68,POPLATEK MESICNE,1576,307,1551.8,1562.7238111498268,30114.948208469053,1000.0,47187.1,61.4,0.0,1.0,1.0,2582.0,Frydek - Mistek,north Moravia,228848,15,40,18,2,6,57.2,9893,4.09,4.72,96,5623,5887
5952,0,50,POPLATEK MESICNE,1576,505,7854.112277227723,11810.550173259799,63190.718019801985,1000.0,69351.9,101.0,1.0,0.0,5.0,15565.3,Svitavy,east Bohemia,102609,75,33,2,3,6,52.0,8187,4.83,5.45,94,2123,2134
6930,0,41,POPLATEK MESICNE,1575,291,9272.601030927835,11378.43838896541,52510.116151202754,600.0,60357.4,58.2,1.0,0.0,1.0,1081.0,Usti nad Labem,north Bohemia,118650,8,8,5,1,3,85.6,9832,3.32,4.48,114,6445,5471
1107,0,42,POPLATEK MESICNE,1575,289,2257.2733564013843,2408.918072197245,28000.790657439447,800.0,25193.9,57.8,0.0,0.0,1.0,1746.0,Havlickuv Brod,east Bohemia,95907,87,25,5,2,7,59.1,8388,2.41,2.94,87,1658,1668
8475,0,4,POPLATEK MESICNE,1575,438,2001.4598173515983,2464.5293744748496,31854.41940639269,1100.0,31411.3,87.6,1.0,0.0,3.0,5206.0,Kladno,central Bohemia,149893,63,29,6,2,6,67.4,9753,4.64,5.05,109,5244,5892
3575,0,7,POPLATEK MESICNE,1575,299,3059.4257525083613,3125.0596064069446,34059.120066889634,700.0,34060.7,59.8,0.0,0.0,1.0,5070.0,Melnik,central Bohemia,94725,38,28,1,3,6,63.4,9920,2.26,2.87,130,4289,4846
2691,0,69,POPLATEK MESICNE,1575,86,1008.1186046511627,1728.606886110494,24542.956976744183,700.0,30897.9,17.2,0.0,0.0,1.0,1370.0,Jesenik,north Moravia,42821,4,13,5,1,3,48.4,8173,?,7.01,124,?,1358
3323,0,13,POPLATEK MESICNE,1575,307,7947.519543973941,9244.319837435653,49055.872312703585,1000.0,50769.5,61.4,0.0,0.0,1.0,3498.0,Rakovnik,central Bohemia,53921,61,22,1,1,2,41.3,8598,2.77,3.26,123,1597,1875
2428,0,72,POPLATEK MESICNE,1575,256,6878.487109375,7814.463074011425,41397.26875,700.0,39811.1,51.2,0.0,1.0,0.0,0.0,Olomouc,north Moravia,226122,32,50,7,4,4,62.6,8994,3.80,4.79,110,9672,9208
2649,0,2,POPLATEK MESICNE,1575,443,2846.129796839729,4262.15589639486,40677.09751693002,10427.0,56371.7,88.6,0.0,0.0,4.0,6951.0,Benesov,central Bohemia,88884,80,26,6,2,5,46.7,8507,1.67,1.85,132,2159,2674
2907,0,70,POPLATEK MESICNE,1574,257,2680.1579766536966,2658.5451409721272,21579.842412451362,700.0,23920.4,51.4,0.0,0.0,1.0,3983.0,Karvina,north Moravia,285387,0,2,8,5,7,89.9,10177,6.63,7.75,81,9878,10108
1091,0,16,POPLATEK MESICNE,1574,82,1353.1707317073171,1790.6628637123376,39698.425609756094,700.0,71360.9,16.4,0.0,0.0,0.0,0.0,Jindrichuv Hradec,south Bohemia,93931,74,21,10,1,8,56.9,8427,1.12,1.54,107,1874,1913
1487,0,66,POPLATEK MESICNE,1573,259,1258.9976833976834,1306.3310633110416,21175.10463320463,1100.0,28822.4,51.8,0.0,0.0,1.0,2204.0,Zdar nad Sazavou,south Moravia,125832,151,41,2,3,5,48.3,8512,3.51,4.12,102,2247,2103
3157,0,77,POPLATEK MESICNE,1573,332,1869.1433734939758,2387.3342336945325,30994.073493975906,400.0,45470.0,66.4,0.0,0.0,2.0,2434.0,Vsetin,north Moravia,148545,8,35,12,3,4,53.5,8909,4.01,5.56,113,3460,3590
4414,0,24,POPLATEK MESICNE,1573,384,3781.7760416666665,3803.972299978898,33229.30572916667,1000.0,49951.4,76.8,1.0,0.0,3.0,11276.0,Karlovy Vary,west Bohemia,122603,25,21,6,2,8,80.0,8991,1.39,2.01,128,5198,5273
2302,0,24,POPLATEK MESICNE,1573,333,4235.387687687688,4997.282315087399,36560.37927927928,300.0,30659.0,66.6,0.0,0.0,2.0,3827.0,Karlovy Vary,west Bohemia,122603,25,21,6,2,8,80.0,8991,1.39,2.01,128,5198,5273
1410,0,74,POPLATEK MESICNE,1572,306,7531.234967320261,8913.363680006105,63630.830392156866,500.0,78820.3,61.2,0.0,0.0,1.0,3816.0,Ostrava - mesto,north Moravia,323870,0,0,0,1,1,100.0,10673,4.75,5.44,100,18782,18347
1146,0,67,POPLATEK MESICNE,1571,340,6924.614117647058,9085.836624140182,59856.422941176475,1100.0,87876.7,68.0,0.0,1.0,2.0,4821.0,Bruntal,north Moravia,106054,38,25,6,2,6,63.1,8110,5.77,6.55,109,3244,3079
8564,0,68,POPLATEK MESICNE,1571,442,9642.929864253394,13658.97775113993,55592.09728506787,1000.0,40444.2,88.4,1.0,0.0,3.0,15848.0,Frydek - Mistek,north Moravia,228848,15,40,18,2,6,57.2,9893,4.09,4.72,96,5623,5887
750,0,73,POPLATEK MESICNE,1571,299,6214.227759197324,6942.105640289426,46757.12341137124,1000.0,51326.1,59.8,0.0,0.0,1.0,6615.0,Opava,north Moravia,182027,17,49,12,2,7,56.4,8746,3.33,3.74,90,4355,4433
2150,0,37,POPLATEK MESICNE,1571,253,1364.9624505928855,1438.906176956805,15794.299604743082,900.0,14782.3,50.6,0.0,0.0,1.0,2019.0,Litomerice,north Bohemia,114006,71,26,6,2,9,62.3,9065,4.46,5.39,123,4147,4166
10940,0,50,POPLATEK MESICNE,1570,344,7735.241860465117,9216.56592896855,48588.97354651163,300.0,46785.3,68.8,1.0,0.0,2.0,13010.0,Svitavy,east Bohemia,102609,75,33,2,3,6,52.0,8187,4.83,5.45,94,2123,2134
9337,1,30,POPLATEK MESICNE,1570,436,6347.280733944954,11082.655579112667,44320.26353211009,144.2,77330.8,87.2,1.0,0.0,1.0,2172.0,Sokolov,west Bohemia,94812,15,13,8,2,10,81.8,9650,3.38,3.67,100,2985,2804
861,0,22,POPLATEK MESICNE,1570,339,5994.645427728614,7206.818648229102,30558.38289085546,1000.0,22371.1,67.8,0.0,1.0,2.0,9583.0,Domazlice,west Bohemia,58400,65,16,4,1,6,52.4,8620,1.10,1.25,100,1089,1117
10440,0,72,POPLATEK MESICNE,1570,367,2609.5787465940057,3140.1927856719885,32618.774659400548,400.0,57657.8,73.4,1.0,0.0,3.0,5910.0,Olomouc,north Moravia,226122,32,50,7,4,4,62.6,8994,3.80,4.79,110,9672,9208
10036,1,1,POPLATEK MESICNE,1570,280,10268.050714285715,15012.549849349742,35859.7025,-604.6,38974.3,56.0,0.0,0.0,1.0,4729.9,Hl.m. Praha,Prague,1204953,0,0,0,1,1,100.0,12541,0.29,0.43,167,85677,99107
1234,0,6,POPLATEK MESICNE,1570,270,2419.438888888889,2652.506812566655,21805.755555555555,6390.0,22225.1,54.0,0.0,0.0,1.0,2236.0,Kutna Hora,central Bohemia,77963,60,23,4,2,4,51.5,8546,2.95,4.02,126,2640,3120
7774,0,74,POPLATEK PO OBRATU,1569,352,8775.764204545454,12452.394934131386,47296.34176136364,-1940.7,101137.1,70.4,0.0,0.0,1.0,1002.4,Ostrava - mesto,north Moravia,323870,0,0,0,1,1,100.0,10673,4.75,5.44,100,18782,18347
1547,0,72,POPLATEK MESICNE,1569,250,10171.096,11462.210189716332,51405.9456,700.0,22201.5,50.0,0.0,0.0,0.0,0.0,Olomouc,north Moravia,226122,32,50,7,4,4,62.6,8994,3.80,4.79,110,9672,9208
1079,0,74,POPLATEK MESICNE,1569,305,9892.92655737705,10791.474161089247,41372.974426229506,700.0,46247.9,61.0,0.0,0.0,1.0,10392.0,Ostrava - mesto,north Moravia,323870,0,0,0,1,1,100.0,10673,4.75,5.44,100,18782,18347
3863,0,15,POPLATEK MESICNE,1569,289,5123.747058823529,5362.5525496648215,27639.325951557094,600.0,26862.5,57.8,0.0,0.0,1.0,8504.0,Cesky Krumlov,south Bohemia,58796,22,16,7,1,5,51.9,9045,3.13,3.60,124,1845,1879
3480,0,58,POPLATEK MESICNE,1569,251,6002.0,6509.838006629659,53301.10438247012,300.0,42529.8,50.2,0.0,0.0,0.0,0.0,Jihlava,south Moravia,109164,98,16,6,1,4,63.6,8757,3.38,3.95,96,2212,2471
2671,0,1,POPLATEK MESICNE,1568,279,1321.5863799283154,1385.293443640618,26464.272401433693,400.0,29573.6,55.8,0.0,0.0,1.0,1984.0,Hl.m. Praha,Prague,1204953,0,0,0,1,1,100.0,12541,0.29,0.43,167,85677,99107
1705,0,70,POPLATEK MESICNE,1568,264,6420.214015151515,6903.520773893731,32402.461742424242,400.0,17230.4,52.8,0.0,0.0,1.0,5502.0,Karvina,north Moravia,285387,0,2,8,5,7,89.9,10177,6.63,7.75,81,9878,10108
3028,0,27,POPLATEK MESICNE,1568,252,1673.693253968254,1643.8519279030718,17494.06349206349,400.0,15817.8,50.4,0.0,0.0,1.0,2200.0,Plzen - jih,west Bohemia,67298,71,19,10,0,7,43.8,8561,0.65,1.29,110,1029,1127
3310,0,25,POPLATEK MESICNE,1568,231,2151.135497835498,2064.7031624624033,18463.64891774892,900.0,13216.0,46.2,0.0,1.0,1.0,3277.0,Klatovy,west Bohemia,88757,60,33,3,2,10,61.7,8554,2.47,2.68,113,1822,2218
6715,0,48,POPLATEK TYDNE,1568,321,6223.653271028037,7560.431446650189,33040.355451713396,-1742.2,37764.9,64.2,1.0,0.0,1.0,2298.2,Rychnov nad Kneznou,east Bohemia,78955,50,24,8,1,9,59.0,9060,1.78,2.44,124,1655,1717
3255,0,1,POPLATEK MESICNE,1568,71,1461.0281690140846,1829.2334838226716,49736.52535211267,900.0,81533.5,14.2,0.0,0.0,0.0,0.0,Hl.m. Praha,Prague,1204953,0,0,0,1,1,100.0,12541,0.29,0.43,167,85677,99107
3751,0,9,POPLATEK MESICNE,1568,338,6542.3997041420125,8865.92933923001,34145.67958579881,1100.0,27006.4,67.6,0.0,1.0,2.0,3156.0,Nymburk,central Bohemia,81344,61,23,4,2,6,55.3,8899,3.39,3.97,149,2987,2487
2987,0,18,POPLATEK MESICNE,1567,293,8886.207167235496,10108.423509850745,45128.655972696244,700.0,29720.3,58.6,0.0,0.0,1.0,5569.0,Pisek,south Bohemia,70699,60,13,2,1,4,65.3,8968,2.83,3.35,131,1740,1910
857,0,77,POPLATEK MESICNE,1567,226,1973.4384955752212,1876.03178354394,18556.69867256637,1100.0,25158.5,45.2,0.0,0.0,1.0,3019.0,Vsetin,north Moravia,148545,8,35,12,3,4,53.5,8909,4.01,5.56,113,3460,3590
3042,0,10,POPLATEK MESICNE,1567,329,5187.99452887538,6326.753964415755,28114.496048632216,500.0,14643.3,65.8,0.0,0.0,2.0,6343.0,Praha - vychod,central Bohemia,92084,55,29,4,3,5,46.7,10124,0.56,0.54,141,3810,4316
2695,0,16,POPLATEK MESICNE,1567,293,7754.960409556314,9197.002571073432,52563.10853242321,700.0,65034.6,58.6,0.0,0.0,1.0,3923.0,Jindrichuv Hradec,south Bohemia,93931,74,21,10,1,8,56.9,8427,1.12,1.54,107,1874,1913
2849,0,1,POPLATEK MESICNE,1567,275,2435.4069090909093,2486.4938430491707,22394.174181818184,900.0,22082.8,55.0,0.0,0.0,1.0,2704.0,Hl.m. Praha,Prague,1204953,0,0,0,1,1,100.0,12541,0.29,0.43,167,85677,99107
2802,0,1,POPLATEK MESICNE,1567,290,1558.8875862068967,1528.0995072076976,26306.222413793104,900.0,23275.4,58.0,0.0,0.0,1.0,2412.0,Hl.m. Praha,Prague,1204953,0,0,0,1,1,100.0,12541,0.29,0.43,167,85677,99107
34,0,67,POPLATEK TYDNE,1566,328,10693.060670731707,13188.992491134446,53894.780792682934,600.0,52139.5,65.6,0.0,0.0,3.0,8051.0,Bruntal,north Moravia,106054,38,25,6,2,6,63.1,8110,5.77,6.55,109,3244,3079
7133,0,1,POPLATEK MESICNE,1566,465,1353.7359139784946,1760.4793917365118,19613.158924731182,300.0,11118.5,93.0,1.0,0.0,5.0,4250.0,Hl.m. Praha,Prague,1204953,0,0,0,1,1,100.0,12541,0.29,0.43,167,85677,99107
699,0,1,POPLATEK MESICNE,1566,278,13671.958273381295,15305.801201549604,63779.78309352518,1000.0,37657.8,55.6,0.0,0.0,0.0,0.0,Hl.m. Praha,Prague,1204953,0,0,0,1,1,100.0,12541,0.29,0.43,167,85677,99107
2282,0,29,POPLATEK TYDNE,1566,338,15316.458579881657,18670.881173334692,71534.61923076924,600.0,58455.0,67.6,0.0,0.0,1.0,4704.0,Rokycany,west Bohemia,45714,52,10,5,1,6,55.6,8843,2.82,3.60,113,818,888
8489,0,19,POPLATEK MESICNE,1565,368,5320.94375,6789.858877957379,37319.32282608696,700.0,35683.6,73.6,1.0,0.0,2.0,11205.0,Prachatice,south Bohemia,51428,50,11,3,1,4,52.7,8402,3.13,3.98,120,999,1099
837,0,46,POPLATEK MESICNE,1565,296,7988.113513513514,8725.721830861876,44638.92331081082,400.0,43623.8,59.2,0.0,0.0,1.0,9250.0,Nachod,east Bohemia,112709,48,20,7,3,10,73.5,8369,1.79,2.31,117,2854,2618
8759,0,1,POPLATEK MESICNE,1565,350,10661.210571428572,14621.453072086537,61802.79514285715,-738.5,48219.3,70.0,0.0,0.0,1.0,1562.1,Hl.m. Praha,Prague,1204953,0,0,0,1,1,100.0,12541,0.29,0.43,167,85677,99107
1602,0,33,POPLATEK MESICNE,1564,253,1908.4565217391305,2051.716444042142,22544.329644268775,600.0,31105.1,50.6,0.0,0.0,1.0,2033.0,Decin,north Bohemia,133777,24,17,7,3,11,84.7,8705,5.75,7.61,116,4650,4859
2958,0,48,POPLATEK MESICNE,1564,243,2179.8053497942383,2156.1430635915,18304.57613168724,400.0,15462.7,48.6,0.0,1.0,1.0,3261.0,Rychnov nad Kneznou,east Bohemia,78955,50,24,8,1,9,59.0,9060,1.78,2.44,124,1655,1717
3408,0,62,POPLATEK MESICNE,1564,247,9240.327125506072,10295.97987298102,42428.69028340081,300.0,18508.4,49.4,0.0,0.0,0.0,0.0,Uherske Hradiste,south Moravia,145688,22,41,13,2,5,40.7,8544,1.29,1.86,109,2719,2906
153,0,77,POPLATEK MESICNE,1564,277,5530.396389891697,5692.518238651345,28547.87003610108,400.0,18776.1,55.4,0.0,1.0,1.0,4544.0,Vsetin,north Moravia,148545,8,35,12,3,4,53.5,8909,4.01,5.56,113,3460,3590
3268,0,21,POPLATEK MESICNE,1563,341,996.8439882697946,1163.471232663624,16344.502052785925,1000.0,17111.0,68.2,0.0,1.0,3.0,2280.0,Tabor,south Bohemia,103347,87,16,7,1,7,67.0,9104,1.51,2.07,123,2299,2354
854,0,62,POPLATEK MESICNE,1562,418,2788.9011961722485,3662.924167231786,25622.882296650718,700.0,19924.3,83.6,1.0,0.0,4.0,6147.0,Uherske Hradiste,south Moravia,145688,22,41,13,2,5,40.7,8544,1.29,1.86,109,2719,2906
1831,0,1,POPLATEK MESICNE,1562,274,2366.3886861313867,2566.959733624068,26171.266423357665,600.0,23759.7,54.8,0.0,1.0,1.0,2047.0,Hl.m. Praha,Prague,1204953,0,0,0,1,1,100.0,12541,0.29,0.43,167,85677,99107
39,0,36,POPLATEK MESICNE,1561,319,2031.9385579937305,2335.5253684725944,26016.896238244517,1100.0,24360.1,63.8,0.0,0.0,2.0,3115.0,Liberec,north Bohemia,159617,29,19,8,1,9,85.2,9198,3.33,4.28,131,5796,6132
1811,0,40,POPLATEK MESICNE,1561,380,7219.63,8647.323112695103,31685.057631578948,300.0,37572.2,76.0,1.0,1.0,3.0,14941.8,Teplice,north Bohemia,128118,9,16,6,3,8,85.3,9317,6.49,7.07,97,6949,6872
3822,1,8,POPLATEK MESICNE,1561,295,7330.534576271187,7321.976839445196,37045.918644067795,500.0,30895.2,59.0,0.0,0.0,1.0,11657.0,Mlada Boleslav,central Bohemia,112065,95,19,7,1,8,69.4,11277,1.25,1.44,127,5179,4987
1404,0,7,POPLATEK TYDNE,1561,446,6267.610313901346,11688.877921428157,46391.713228699555,400.0,66466.0,89.2,0.0,0.0,5.0,9086.0,Melnik,central Bohemia,94725,38,28,1,3,6,63.4,9920,2.26,2.87,130,4289,4846
517,0,76,POPLATEK MESICNE,1561,287,9153.368989547038,9991.199734328095,51330.088153310106,1100.0,60208.4,57.4,0.0,0.0,1.0,9255.0,Sumperk,north Moravia,127369,31,32,13,2,7,51.2,8369,4.73,5.88,107,3736,2807
1440,0,55,POPLATEK MESICNE,1561,386,1096.369689119171,1433.2987525515664,21512.996632124352,500.0,14750.2,77.2,0.0,1.0,3.0,2132.0,Brno - venkov,south Moravia,157042,49,70,18,0,9,33.9,8743,1.88,2.43,111,3659,3894
3505,0,46,POPLATEK MESICNE,1560,298,8668.172483221477,10349.548273538849,47479.161073825504,200.0,88875.3,59.6,0.0,0.0,1.0,3823.0,Nachod,east Bohemia,112709,48,20,7,3,10,73.5,8369,1.79,2.31,117,2854,2618
1804,0,20,POPLATEK TYDNE,1560,291,11292.508934707905,13441.93696973519,57454.09759450172,1100.0,87300.1,58.2,0.0,0.0,0.0,0.0,Strakonice,south Bohemia,70646,94,14,3,1,4,58.4,8547,2.65,3.64,120,1563,1542
2617,0,1,POPLATEK MESICNE,1559,269,1103.0044609665429,1285.297230294964,20708.559479553904,400.0,23459.9,53.8,0.0,0.0,2.0,2033.0,Hl.m. Praha,Prague,1204953,0,0,0,1,1,100.0,12541,0.29,0.43,167,85677,99107
467,0,74,POPLATEK MESICNE,1559,333,3655.628828828829,3879.439711953836,27141.851051051053,500.0,27622.1,66.6,0.0,0.0,2.0,6832.0,Ostrava - mesto,north Moravia,323870,0,0,0,1,1,100.0,10673,4.75,5.44,100,18782,18347
4437,0,40,POPLATEK MESICNE,1559,304,2017.6634868421052,4004.756367345922,26397.619736842105,600.0,63253.4,60.8,0.0,1.0,0.0,0.0,Teplice,north Bohemia,128118,9,16,6,3,8,85.3,9317,6.49,7.07,97,6949,6872
1453,1,61,POPLATEK TYDNE,1558,381,14549.855118110236,15184.020389440802,61230.056430446195,600.0,30642.8,76.2,0.0,1.0,2.0,8070.8,Trebic,south Moravia,117897,139,28,5,1,6,53.8,8814,4.76,5.74,107,2112,2059
3977,0,7,POPLATEK MESICNE,1558,232,2004.3672413793104,1962.957990710581,19522.10172413793,800.0,17204.3,46.4,0.0,0.0,1.0,2974.0,Melnik,central Bohemia,94725,38,28,1,3,6,63.4,9920,2.26,2.87,130,4289,4846
8982,0,64,POPLATEK MESICNE,1558,381,8907.506036745406,12697.492602789123,58256.18713910761,1100.0,72460.3,76.2,1.0,0.0,1.0,6330.2,Zlin,south Moravia,197099,29,41,10,2,10,74.7,9624,1.60,2.31,145,4484,4265
27,0,73,POPLATEK MESICNE,1557,285,3465.579649122807,3514.995516146221,23239.333684210524,900.0,21964.5,57.0,0.0,0.0,1.0,4054.0,Opava,north Moravia,182027,17,49,12,2,7,56.4,8746,3.33,3.74,90,4355,4433
4511,0,33,POPLATEK MESICNE,1557,285,2754.0533333333333,2549.8551464859797,24032.352982456137,600.0,40330.9,57.0,0.0,0.0,2.0,4746.0,Decin,north Bohemia,133777,24,17,7,3,11,84.7,8705,5.75,7.61,116,4650,4859
1052,0,61,POPLATEK MESICNE,1556,233,2999.9995708154506,6970.116931887217,26501.839055793993,200.0,19098.1,46.6,0.0,0.0,0.0,0.0,Trebic,south Moravia,117897,139,28,5,1,6,53.8,8814,4.76,5.74,107,2112,2059
10227,0,62,POPLATEK PO OBRATU,1556,337,11143.117210682492,14032.526110965946,52373.78902077151,-488.6,41670.8,67.4,0.0,0.0,0.0,0.0,Uherske Hradiste,south Moravia,145688,22,41,13,2,5,40.7,8544,1.29,1.86,109,2719,2906
3171,0,61,POPLATEK MESICNE,1555,240,1998.6445833333335,1942.5030741137182,19979.166666666668,900.0,24597.8,48.0,0.0,0.0,1.0,3102.0,Trebic,south Moravia,117897,139,28,5,1,6,53.8,8814,4.76,5.74,107,2112,2059
228,0,5,POPLATEK MESICNE,1555,331,7111.176435045317,9673.126468438873,39758.93927492447,800.0,63397.1,66.2,0.0,0.0,2.0,4104.0,Kolin,central Bohemia,95616,65,30,4,1,6,51.4,9307,3.85,4.43,118,2616,3040
3618,0,29,POPLATEK MESICNE,1554,329,5652.096048632219,6775.716031500069,43631.37142857142,700.0,81845.9,65.8,0.0,0.0,2.0,9638.0,Rokycany,west Bohemia,45714,52,10,5,1,6,55.6,8843,2.82,3.60,113,818,888
1016,0,40,POPLATEK MESICNE,1554,344,6622.51773255814,8604.627861101955,58232.13488372092,600.0,110565.4,68.8,0.0,0.0,2.0,4774.0,Teplice,north Bohemia,128118,9,16,6,3,8,85.3,9317,6.49,7.07,97,6949,6872
15,0,70,POPLATEK MESICNE,1551,295,6418.959661016949,7618.622461976253,40740.05016949153,800.0,37027.2,59.0,0.0,0.0,1.0,3072.0,Karvina,north Moravia,285387,0,2,8,5,7,89.9,10177,6.63,7.75,81,9878,10108
3237,0,20,POPLATEK MESICNE,1551,302,6372.832781456954,6952.291545247353,37572.79205298013,200.0,54067.7,60.4,0.0,0.0,1.0,9095.0,Strakonice,south Bohemia,70646,94,14,3,1,4,58.4,8547,2.65,3.64,120,1563,1542
1485,0,36,POPLATEK MESICNE,1550,349,7309.318051575931,9663.369555370813,67106.64126074499,1000.0,99389.3,69.8,0.0,0.0,3.0,7303.0,Liberec,north Bohemia,159617,29,19,8,1,9,85.2,9198,3.33,4.28,131,5796,6132
7769,0,23,POPLATEK MESICNE,1550,349,12484.64871060172,14580.796768511378,60152.79111747851,900.0,52385.5,69.8,1.0,0.0,1.0,4085.0,Cheb,west Bohemia,87419,21,11,4,3,9,85.5,8624,1.79,2.66,102,2879,3198
2613,0,26,POPLATEK MESICNE,1550,292,1719.194178082192,1911.0285364377446,21976.888356164385,300.0,15536.7,58.4,0.0,0.0,2.0,3095.0,Plzen - mesto,west Bohemia,170449,0,0,0,1,1,100.0,10787,2.64,3.09,131,6041,6261
2201,0,8,POPLATEK MESICNE,1548,337,925.9563798219584,1117.6138903410626,17057.18783382789,300.0,16100.7,67.4,0.0,0.0,3.0,2096.0,Mlada Boleslav,central Bohemia,112065,95,19,7,1,8,69.4,11277,1.25,1.44,127,5179,4987
1896,1,74,POPLATEK MESICNE,1548,312,11812.5,13716.39136040411,50940.905448717946,600.0,67594.4,62.4,0.0,0.0,2.0,11254.5,Ostrava - mesto,north Moravia,323870,0,0,0,1,1,100.0,10673,4.75,5.44,100,18782,18347
5387,1,1,POPLATEK MESICNE,1548,294,3960.738775510204,4434.945466140266,27615.793537414964,-3187.7,1680.4,58.8,0.0,0.0,0.0,0.0,Hl.m. Praha,Prague,1204953,0,0,0,1,1,100.0,12541,0.29,0.43,167,85677,99107
3535,0,1,POPLATEK MESICNE,1548,243,1302.238683127572,1341.0575602495185,18136.987654320987,1100.0,19314.2,48.6,0.0,1.0,1.0,2131.0,Hl.m. Praha,Prague,1204953,0,0,0,1,1,100.0,12541,0.29,0.43,167,85677,99107
1120,0,1,POPLATEK MESICNE,1548,287,1824.162717770035,1993.9628887161375,19389.407665505227,900.0,28289.6,57.4,0.0,0.0,2.0,2703.0,Hl.m. Praha,Prague,1204953,0,0,0,1,1,100.0,12541,0.29,0.43,167,85677,99107
235,0,41,POPLATEK MESICNE,1547,294,1133.668707482993,1204.4932505787613,21871.24965986395,1000.0,16316.7,58.8,0.0,0.0,2.0,2216.0,Usti nad Labem,north Bohemia,118650,8,8,5,1,3,85.6,9832,3.32,4.48,114,6445,5471
3701,0,76,POPLATEK MESICNE,1547,245,2408.9240816326533,2586.1516541118076,30286.852653061225,800.0,42014.7,49.0,0.0,0.0,1.0,2844.0,Sumperk,north Moravia,127369,31,32,13,2,7,51.2,8369,4.73,5.88,107,3736,2807
1516,0,67,POPLATEK MESICNE,1545,218,1471.0756880733945,1482.4901479007528,25226.92889908257,500.0,31386.9,43.6,0.0,0.0,1.0,2277.0,Bruntal,north Moravia,106054,38,25,6,2,6,63.1,8110,5.77,6.55,109,3244,3079
4543,0,33,POPLATEK MESICNE,1545,227,2425.4114537444934,3282.054269402299,35910.348898678414,-481.8,52310.8,45.4,0.0,1.0,0.0,0.0,Decin,north Bohemia,133777,24,17,7,3,11,84.7,8705,5.75,7.61,116,4650,4859
2427,1,70,POPLATEK TYDNE,1545,320,5327.2425,8323.369948400545,33590.4425,800.0,53673.5,64.0,0.0,0.0,3.0,8706.0,Karvina,north Moravia,285387,0,2,8,5,7,89.9,10177,6.63,7.75,81,9878,10108
1981,0,64,POPLATEK MESICNE,1545,274,1132.6558394160584,1260.0489905814813,21417.29087591241,900.0,27424.7,54.8,0.0,0.0,2.0,2184.0,Zlin,south Moravia,197099,29,41,10,2,10,74.7,9624,1.60,2.31,145,4484,4265
8566,1,74,POPLATEK MESICNE,1545,368,6700.845923913043,11122.744053347518,31017.71195652174,-2719.7,69255.5,73.6,1.0,0.0,3.0,15843.8,Ostrava - mesto,north Moravia,323870,0,0,0,1,1,100.0,10673,4.75,5.44,100,18782,18347
678,0,17,POPLATEK MESICNE,1545,357,2375.1131652661065,2785.571964559867,21467.602801120447,700.0,14875.7,71.4,0.0,0.0,3.0,5088.0,Pelhrimov,south Bohemia,74062,99,15,4,2,7,61.4,8114,2.38,2.62,119,1003,1181
4659,0,56,POPLATEK MESICNE,1545,258,10887.375193798449,12957.451788340344,45059.67170542636,-1115.6,11079.8,51.6,0.0,0.0,0.0,0.0,Breclav,south Moravia,124605,11,42,14,1,8,46.0,8772,4.69,4.98,126,2854,3158
4059,1,34,POPLATEK MESICNE,1545,83,1338.313253012048,1841.191457286067,15436.440963855423,-1959.8,4679.4,16.6,0.0,0.0,1.0,5652.0,Chomutov,north Bohemia,125236,28,11,1,4,5,87.7,9675,6.43,7.68,100,5323,5190
4013,0,73,POPLATEK PO OBRATU,1545,286,4940.066783216784,4744.214863442295,32208.73181818182,600.0,39148.9,57.2,0.0,0.0,2.0,7689.0,Opava,north Moravia,182027,17,49,12,2,7,56.4,8746,3.33,3.74,90,4355,4433
7011,0,75,POPLATEK MESICNE,1545,273,9186.19120879121,12900.19955469495,45821.181318681316,-3354.2,75403.3,54.6,0.0,0.0,0.0,0.0,Prerov,north Moravia,138032,67,30,4,2,5,64.6,8819,5.38,5.66,99,4063,4505
2132,0,76,POPLATEK MESICNE,1545,249,9508.633333333333,10676.539385930624,46603.94658634538,700.0,47237.0,49.8,0.0,0.0,0.0,0.0,Sumperk,north Moravia,127369,31,32,13,2,7,51.2,8369,4.73,5.88,107,3736,2807
1816,0,44,POPLATEK MESICNE,1545,238,1764.3285714285714,1714.6601874976602,18158.134453781513,1000.0,21629.5,47.6,0.0,0.0,1.0,2824.0,Chrudim,east Bohemia,105606,77,26,7,2,7,53.0,8254,2.79,3.76,97,2166,2325
2623,0,58,POPLATEK MESICNE,1544,293,2331.0372013651877,2215.7345186658094,34117.09829351536,400.0,59169.5,58.6,0.0,1.0,1.0,2891.0,Jihlava,south Moravia,109164,98,16,6,1,4,63.6,8757,3.38,3.95,96,2212,2471
2793,0,47,POPLATEK MESICNE,1544,235,1403.8931914893617,1477.4041626966684,19465.112340425534,800.0,24134.2,47.0,0.0,0.0,1.0,2301.0,Pardubice,east Bohemia,162580,83,26,5,1,6,72.8,9538,1.51,1.81,111,6079,5410
2479,0,18,POPLATEK MESICNE,1544,357,1976.3770308123248,2401.867808457076,20596.407843137255,1100.0,22977.7,71.4,0.0,0.0,3.0,3991.0,Pisek,south Bohemia,70699,60,13,2,1,4,65.3,8968,2.83,3.35,131,1740,1910
11135,0,75,POPLATEK MESICNE,1543,328,5144.864329268293,5812.4415522082345,37322.87865853658,500.0,48370.9,65.6,1.0,0.0,2.0,8337.0,Prerov,north Moravia,138032,67,30,4,2,5,64.6,8819,5.38,5.66,99,4063,4505
8041,0,1,POPLATEK MESICNE,1543,355,13729.766197183098,15982.02840777873,62593.25746478873,173.0,53451.2,71.0,1.0,0.0,1.0,3900.5,Hl.m. Praha,Prague,1204953,0,0,0,1,1,100.0,12541,0.29,0.43,167,85677,99107
492,1,5,POPLATEK MESICNE,1543,247,2640.7157894736843,2770.499472702641,30743.944129554657,500.0,13498.6,49.4,0.0,0.0,0.0,0.0,Kolin,central Bohemia,95616,65,30,4,1,6,51.4,9307,3.85,4.43,118,2616,3040
3972,0,51,POPLATEK MESICNE,1542,340,5469.482647058824,6679.558280245522,44442.589705882354,900.0,58496.9,68.0,0.0,0.0,2.0,9024.0,Trutnov,east Bohemia,121947,37,28,7,3,11,70.5,8541,2.51,2.97,131,3496,3839
1468,0,54,POPLATEK MESICNE,1542,280,1095.7324999999998,1200.5719771165134,17425.07357142857,500.0,23093.6,56.0,0.0,0.0,2.0,2149.0,Brno - mesto,south Moravia,387570,0,0,0,1,1,100.0,9897,1.60,1.96,140,18721,18696
624,0,70,POPLATEK MESICNE,1542,326,14926.511349693252,16027.726680323794,63110.635889570556,900.0,68102.8,65.2,0.0,0.0,0.0,0.0,Karvina,north Moravia,285387,0,2,8,5,7,89.9,10177,6.63,7.75,81,9878,10108
3483,0,40,POPLATEK MESICNE,1541,238,1314.6915966386553,1321.5359928641421,17378.793277310924,300.0,20216.9,47.6,0.0,0.0,1.0,2173.0,Teplice,north Bohemia,128118,9,16,6,3,8,85.3,9317,6.49,7.07,97,6949,6872
4260,0,56,POPLATEK MESICNE,1539,297,8912.57643097643,9819.675461361725,28387.948484848483,1000.0,34810.3,59.4,1.0,0.0,2.0,16081.5,Breclav,south Moravia,124605,11,42,14,1,8,46.0,8772,4.69,4.98,126,2854,3158
616,0,43,POPLATEK MESICNE,1539,269,2519.181784386617,2646.7934410442776,24431.520817843866,1100.0,19141.1,53.8,0.0,0.0,1.0,1869.0,Hradec Kralove,east Bohemia,161854,73,21,6,1,6,76.3,9425,1.72,2.50,125,4085,3891
931,0,59,POPLATEK MESICNE,1538,403,1568.8669975186106,1948.5439003828149,25984.02977667494,700.0,25050.0,80.6,0.0,0.0,4.0,3474.0,Kromeriz,south Moravia,108871,41,29,7,2,6,62.1,8444,3.24,3.47,106,2595,2305
102,0,11,POPLATEK MESICNE,1537,244,5411.0942622950815,8138.165791372661,32877.26352459016,400.0,14994.5,48.8,0.0,0.0,3.0,11120.2,Praha - zapad,central Bohemia,75637,35,36,9,0,7,36.5,9622,0.45,0.59,154,3475,3529
540,0,75,POPLATEK MESICNE,1537,301,3060.6634551495017,7543.982026449518,29815.13388704319,300.0,22128.7,60.2,0.0,0.0,0.0,0.0,Prerov,north Moravia,138032,67,30,4,2,5,64.6,8819,5.38,5.66,99,4063,4505
2660,0,1,POPLATEK TYDNE,1536,291,13818.616151202748,14908.935527414436,45669.878350515464,-8961.1,36181.7,58.2,0.0,0.0,0.0,0.0,Hl.m. Praha,Prague,1204953,0,0,0,1,1,100.0,12541,0.29,0.43,167,85677,99107
4287,0,1,POPLATEK MESICNE,1536,243,2951.062962962963,3086.5263597662147,30061.973251028805,500.0,24259.3,48.6,0.0,0.0,0.0,0.0,Hl.m. Praha,Prague,1204953,0,0,0,1,1,100.0,12541,0.29,0.43,167,85677,99107
3551,1,6,POPLATEK MESICNE,1536,360,1141.6075,1463.6400432616135,28613.24083333333,700.0,30837.3,72.0,0.0,0.0,3.0,2192.0,Kutna Hora,central Bohemia,77963,60,23,4,2,4,51.5,8546,2.95,4.02,126,2640,3120
2072,0,41,POPLATEK MESICNE,1536,272,9609.225367647057,10714.063113244856,66375.55477941176,1000.0,88865.9,54.4,0.0,0.0,1.0,6746.0,Usti nad Labem,north Bohemia,118650,8,8,5,1,3,85.6,9832,3.32,4.48,114,6445,5471
4119,0,77,POPLATEK MESICNE,1535,252,2035.7329365079365,4941.979462695862,31626.186111111114,400.0,46275.7,50.4,0.0,0.0,0.0,0.0,Vsetin,north Moravia,148545,8,35,12,3,4,53.5,8909,4.01,5.56,113,3460,3590
1345,1,28,POPLATEK MESICNE,1534,339,7260.571681415929,9554.764112971141,55461.77138643068,200.0,52810.8,67.8,0.0,1.0,2.0,4142.0,Plzen - sever,west Bohemia,72541,66,26,10,0,8,36.9,8594,1.62,2.01,112,1580,1525
1565,0,36,POPLATEK MESICNE,1533,374,1841.1026737967916,2220.4626147807444,35293.470588235294,200.0,48198.8,74.8,0.0,0.0,3.0,3088.0,Liberec,north Bohemia,159617,29,19,8,1,9,85.2,9198,3.33,4.28,131,5796,6132
2824,0,11,POPLATEK MESICNE,1533,329,4981.054407294832,6024.058793773663,48939.420060790275,800.0,71208.1,65.8,1.0,0.0,2.0,8130.0,Praha - zapad,central Bohemia,75637,35,36,9,0,7,36.5,9622,0.45,0.59,154,3475,3529
2052,0,61,POPLATEK MESICNE,1533,373,2938.2402144772122,4014.946592695306,41620.08203753351,800.0,42938.4,74.6,0.0,0.0,4.0,6412.0,Trebic,south Moravia,117897,139,28,5,1,6,53.8,8814,4.76,5.74,107,2112,2059
1767,0,21,POPLATEK MESICNE,1533,358,5811.503910614525,8096.952100310251,47768.75698324022,1100.0,49026.8,71.6,0.0,0.0,3.0,4829.0,Tabor,south Bohemia,103347,87,16,7,1,7,67.0,9104,1.51,2.07,123,2299,2354
2140,0,75,POPLATEK MESICNE,1532,294,1469.1683673469388,1538.7749500652058,23013.95850340136,600.0,23512.0,58.8,0.0,0.0,1.0,2318.0,Prerov,north Moravia,138032,67,30,4,2,5,64.6,8819,5.38,5.66,99,4063,4505
1051,1,35,POPLATEK MESICNE,1532,243,5838.5069958847735,6181.43674402686,38848.52016460906,800.0,25133.9,48.6,0.0,0.0,0.0,0.0,Jablonec n. Nisou,north Bohemia,88768,10,18,5,1,7,80.5,8867,1.02,1.21,130,3384,3620
3927,0,56,POPLATEK MESICNE,1531,325,1994.4476923076923,1951.5427726203104,24280.779692307693,1000.0,41872.5,65.0,0.0,0.0,2.0,3326.0,Breclav,south Moravia,124605,11,42,14,1,8,46.0,8772,4.69,4.98,126,2854,3158
2050,0,1,POPLATEK MESICNE,1531,432,4119.341203703703,5746.231883673277,36449.823379629626,900.0,46458.6,86.4,0.0,0.0,4.0,9704.0,Hl.m. Praha,Prague,1204953,0,0,0,1,1,100.0,12541,0.29,0.43,167,85677,99107
2276,0,31,POPLATEK MESICNE,1531,254,1753.1389763779528,1864.38263651867,31546.419685039367,400.0,46774.2,50.8,0.0,0.0,1.0,1615.0,Tachov,west Bohemia,51313,34,12,3,1,4,59.2,8930,3.52,4.20,108,1328,1452
126,0,5,POPLATEK MESICNE,1530,257,8787.854085603112,11717.20506032793,40862.589494163425,200.0,27316.1,51.4,0.0,0.0,1.0,7384.0,Kolin,central Bohemia,95616,65,30,4,1,6,51.4,9307,3.85,4.43,118,2616,3040
2859,0,11,POPLATEK MESICNE,1530,283,11046.651236749116,13493.665999667857,48778.90282685513,1637.3,68452.8,56.6,0.0,0.0,0.0,0.0,Praha - zapad,central Bohemia,75637,35,36,9,0,7,36.5,9622,0.45,0.59,154,3475,3529
2667,0,23,POPLATEK MESICNE,1530,234,1357.552564102564,1383.1892830717552,17295.16495726496,700.0,17103.8,46.8,0.0,0.0,1.0,2180.0,Cheb,west Bohemia,87419,21,11,4,3,9,85.5,8624,1.79,2.66,102,2879,3198
1789,0,46,POPLATEK MESICNE,1530,52,2044.4153846153847,2224.1504674188427,37890.75384615384,400.0,71109.6,10.4,0.0,0.0,0.0,0.0,Nachod,east Bohemia,112709,48,20,7,3,10,73.5,8369,1.79,2.31,117,2854,2618
838,1,47,POPLATEK MESICNE,1530,50,2114.03,1969.2216436284396,25282.06,1100.0,16401.5,10.0,0.0,0.0,0.0,0.0,Pardubice,east Bohemia,162580,83,26,5,1,6,72.8,9538,1.51,1.81,111,6079,5410
3264,0,70,POPLATEK MESICNE,1530,263,1898.480228136882,2108.0864952462557,23496.02357414449,200.0,19699.4,52.6,0.0,0.0,1.0,1886.0,Karvina,north Moravia,285387,0,2,8,5,7,89.9,10177,6.63,7.75,81,9878,10108
198,0,70,POPLATEK MESICNE,1528,262,1585.7393129770992,1768.5811505694944,20931.177862595418,900.0,24474.7,52.4,0.0,0.0,2.0,2866.0,Karvina,north Moravia,285387,0,2,8,5,7,89.9,10177,6.63,7.75,81,9878,10108
2345,0,5,POPLATEK MESICNE,1528,321,6693.635202492212,7826.852945491609,32787.89190031153,500.0,45472.7,64.2,1.0,0.0,2.0,6940.2,Kolin,central Bohemia,95616,65,30,4,1,6,51.4,9307,3.85,4.43,118,2616,3040
5256,1,72,POPLATEK PO OBRATU,1528,333,9464.215615615614,13473.377155644732,55012.14084084084,800.0,58459.3,66.6,1.0,0.0,1.0,5388.5,Olomouc,north Moravia,226122,32,50,7,4,4,62.6,8994,3.80,4.79,110,9672,9208
40,0,64,POPLATEK MESICNE,1528,296,2476.195945945946,2925.68853963756,23476.53445945946,700.0,25496.8,59.2,0.0,0.0,2.0,4334.0,Zlin,south Moravia,197099,29,41,10,2,10,74.7,9624,1.60,2.31,145,4484,4265
419,1,13,POPLATEK MESICNE,1528,248,2294.6592741935483,2530.1883281898154,26807.552016129033,800.0,34132.1,49.6,0.0,0.0,0.0,0.0,Rakovnik,central Bohemia,53921,61,22,1,1,2,41.3,8598,2.77,3.26,123,1597,1875
3892,0,43,POPLATEK MESICNE,1528,241,1386.849377593361,1506.3084238495205,10172.940248962655,800.0,6731.1,48.2,0.0,0.0,1.0,2238.0,Hradec Kralove,east Bohemia,161854,73,21,6,1,6,76.3,9425,1.72,2.50,125,4085,3891
1217,0,69,POPLATEK MESICNE,1528,285,1059.1712280701754,1209.993607892658,17090.35052631579,200.0,21031.0,57.0,0.0,0.0,2.0,2107.0,Jesenik,north Moravia,42821,4,13,5,1,3,48.4,8173,?,7.01,124,?,1358
397,0,11,POPLATEK MESICNE,1527,264,12620.173484848485,13830.557364275623,54913.54318181818,400.0,95616.7,52.8,0.0,0.0,0.0,0.0,Praha - zapad,central Bohemia,75637,35,36,9,0,7,36.5,9622,0.45,0.59,154,3475,3529
3146,0,68,POPLATEK MESICNE,1527,272,1546.6547794117646,1596.346356185575,22836.50588235294,300.0,16183.0,54.4,0.0,0.0,1.0,2122.0,Frydek - Mistek,north Moravia,228848,15,40,18,2,6,57.2,9893,4.09,4.72,96,5623,5887
287,0,16,POPLATEK MESICNE,1526,285,1558.660350877193,1680.2178663037591,19037.26807017544,600.0,20186.4,57.0,0.0,0.0,2.0,2344.0,Jindrichuv Hradec,south Bohemia,93931,74,21,10,1,8,56.9,8427,1.12,1.54,107,1874,1913
2180,0,45,POPLATEK MESICNE,1526,41,1914.6341463414635,2210.267062552595,17960.975609756097,400.0,11300.0,8.2,0.0,0.0,0.0,0.0,Jicin,east Bohemia,77917,85,19,6,1,5,53.5,8390,2.28,2.89,132,2080,2122
354,0,59,POPLATEK MESICNE,1525,292,4250.991780821918,4646.393998328007,35756.55034246575,700.0,61214.0,58.4,0.0,0.0,1.0,4771.0,Kromeriz,south Moravia,108871,41,29,7,2,6,62.1,8444,3.24,3.47,106,2595,2305
259,0,2,POPLATEK MESICNE,1525,305,2120.7124590163935,2507.9938528689563,23127.15049180328,600.0,15340.1,61.0,0.0,0.0,2.0,3154.0,Benesov,central Bohemia,88884,80,26,6,2,5,46.7,8507,1.67,1.85,132,2159,2674
1666,0,67,POPLATEK MESICNE,1523,258,2264.0903100775195,2472.8369659676177,30744.40503875969,500.0,44692.2,51.6,0.0,0.0,1.0,2164.0,Bruntal,north Moravia,106054,38,25,6,2,6,63.1,8110,5.77,6.55,109,3244,3079
1495,1,36,POPLATEK MESICNE,1521,331,8026.979758308156,10821.39871470361,56346.3,300.0,20719.1,66.2,0.0,0.0,2.0,3729.0,Liberec,north Bohemia,159617,29,19,8,1,9,85.2,9198,3.33,4.28,131,5796,6132
2582,0,28,POPLATEK MESICNE,1521,338,6960.841124260354,9354.714815303718,51074.261242603556,500.0,63048.7,67.6,0.0,0.0,2.0,3129.0,Plzen - sever,west Bohemia,72541,66,26,10,0,8,36.9,8594,1.62,2.01,112,1580,1525
4470,0,16,POPLATEK MESICNE,1521,275,16029.73781818182,18152.06050063693,52927.827999999994,500.0,40371.1,55.0,0.0,0.0,0.0,0.0,Jindrichuv Hradec,south Bohemia,93931,74,21,10,1,8,56.9,8427,1.12,1.54,107,1874,1913
1381,0,57,POPLATEK MESICNE,1521,230,1720.6604347826087,1673.3485629029124,17917.569565217393,1000.0,19338.4,46.0,0.0,0.0,1.0,2705.0,Hodonin,south Moravia,161954,21,37,20,3,8,48.0,8720,3.73,4.50,116,3729,3651
2435,0,38,POPLATEK MESICNE,1521,305,12500.780327868852,14838.622624650267,50101.955081967215,200.0,27173.5,61.0,0.0,0.0,2.0,9537.9,Louny,north Bohemia,85852,41,23,4,2,4,59.8,8965,7.08,8.23,104,2653,2822
542,0,1,POPLATEK MESICNE,1521,227,1781.2167400881058,1742.5454226204608,18012.360352422907,900.0,17252.9,45.4,0.0,0.0,1.0,2750.0,Hl.m. Praha,Prague,1204953,0,0,0,1,1,100.0,12541,0.29,0.43,167,85677,99107
1123,0,13,POPLATEK MESICNE,1521,325,5420.984307692307,6112.414099704416,33082.726769230765,400.0,34987.1,65.0,0.0,0.0,2.0,9112.0,Rakovnik,central Bohemia,53921,61,22,1,1,2,41.3,8598,2.77,3.26,123,1597,1875
3225,0,1,POPLATEK MESICNE,1521,294,7427.590816326531,8308.977149518003,45446.63231292517,200.0,89283.2,58.8,0.0,1.0,1.0,8030.0,Hl.m. Praha,Prague,1204953,0,0,0,1,1,100.0,12541,0.29,0.43,167,85677,99107
1133,0,1,POPLATEK MESICNE,1521,265,1670.5369811320754,1789.5888787626202,16253.670188679243,900.0,15337.3,53.0,0.0,1.0,2.0,2998.0,Hl.m. Praha,Prague,1204953,0,0,0,1,1,100.0,12541,0.29,0.43,167,85677,99107
3086,0,1,POPLATEK MESICNE,1520,274,8213.743795620438,9117.704599136916,56066.17299270073,800.0,75042.3,54.8,0.0,0.0,1.0,5022.0,Hl.m. Praha,Prague,1204953,0,0,0,1,1,100.0,12541,0.29,0.43,167,85677,99107
2250,0,35,POPLATEK MESICNE,1520,280,8317.683928571429,9681.655518000987,44742.951785714286,800.0,55708.0,56.0,0.0,0.0,1.0,4182.0,Jablonec n. Nisou,north Bohemia,88768,10,18,5,1,7,80.5,8867,1.02,1.21,130,3384,3620
340,0,1,POPLATEK MESICNE,1519,310,1751.252258064516,2128.856515823113,24644.023225806453,1000.0,46384.6,62.0,0.0,0.0,2.0,1818.0,Hl.m. Praha,Prague,1204953,0,0,0,1,1,100.0,12541,0.29,0.43,167,85677,99107
4079,0,52,POPLATEK MESICNE,1519,468,8383.322222222221,12278.609874709282,49561.215170940166,600.0,24526.8,93.6,1.0,0.0,4.0,8860.0,Usti nad Orlici,east Bohemia,139012,59,41,8,3,10,61.9,8363,2.52,3.49,108,2564,2799
841,0,1,POPLATEK MESICNE,1518,266,2083.1157894736843,2169.5577225956167,29249.766165413534,800.0,36112.3,53.2,0.0,0.0,1.0,2109.0,Hl.m. Praha,Prague,1204953,0,0,0,1,1,100.0,12541,0.29,0.43,167,85677,99107
2269,0,6,POPLATEK MESICNE,1518,284,3874.7535211267605,4141.229677199293,29041.806338028167,1100.0,31636.6,56.8,0.0,0.0,2.0,5093.0,Kutna Hora,central Bohemia,77963,60,23,4,2,4,51.5,8546,2.95,4.02,126,2640,3120
2867,0,30,POPLATEK MESICNE,1518,290,7972.635517241379,9328.290246138795,56541.778965517246,900.0,72465.4,58.0,0.0,0.0,1.0,7523.0,Sokolov,west Bohemia,94812,15,13,8,2,10,81.8,9650,3.38,3.67,100,2985,2804
3371,1,68,POPLATEK MESICNE,1518,307,12219.721172638436,13585.84284081779,47442.18175895766,400.0,19809.2,61.4,0.0,0.0,1.0,11549.0,Frydek - Mistek,north Moravia,228848,15,40,18,2,6,57.2,9893,4.09,4.72,96,5623,5887
520,0,60,POPLATEK MESICNE,1518,225,1472.2924444444443,1620.1770544465687,20123.87955555556,1000.0,28576.9,45.0,0.0,0.0,1.0,2332.0,Prostejov,south Moravia,110643,49,41,4,1,4,51.9,8441,3.45,4.48,115,1879,2252
743,0,10,POPLATEK MESICNE,1517,237,1803.7670886075948,1753.2478387017197,23351.050210970465,500.0,26512.0,47.4,0.0,0.0,1.0,2691.0,Praha - vychod,central Bohemia,92084,55,29,4,3,5,46.7,10124,0.56,0.54,141,3810,4316
3640,0,10,POPLATEK MESICNE,1517,254,2493.5677165354327,2890.845559505753,20192.044881889764,300.0,20857.9,50.8,0.0,1.0,1.0,2040.0,Praha - vychod,central Bohemia,92084,55,29,4,3,5,46.7,10124,0.56,0.54,141,3810,4316
3354,0,63,POPLATEK MESICNE,1517,428,2720.6841121495327,3788.6936679462774,24294.156542056076,800.0,22099.5,85.6,1.0,0.0,4.0,5148.0,Vyskov,south Moravia,86513,38,36,5,1,5,50.5,8288,3.79,4.52,110,1562,1460
107,0,64,POPLATEK MESICNE,1517,381,2265.8005249343832,2477.044499079653,31119.304199475067,1000.0,38813.0,76.2,0.0,0.0,3.0,4554.0,Zlin,south Moravia,197099,29,41,10,2,10,74.7,9624,1.60,2.31,145,4484,4265
243,1,55,POPLATEK TYDNE,1516,317,14751.97192429022,17224.74788300547,58783.70157728706,900.0,52698.6,63.4,0.0,0.0,2.0,4108.0,Brno - venkov,south Moravia,157042,49,70,18,0,9,33.9,8743,1.88,2.43,111,3659,3894
3687,0,71,POPLATEK MESICNE,1516,266,4831.903007518797,4957.849799865732,42534.086090225566,900.0,49070.8,53.2,0.0,1.0,1.0,5106.0,Novy Jicin,north Moravia,161227,5,35,11,4,10,69.7,8678,5.93,5.57,102,4980,4595
1984,0,73,POPLATEK MESICNE,1515,240,5851.213333333333,6242.532076363246,46002.61166666667,800.0,54202.4,48.0,0.0,0.0,0.0,0.0,Opava,north Moravia,182027,17,49,12,2,7,56.4,8746,3.33,3.74,90,4355,4433
4173,0,1,POPLATEK MESICNE,1514,144,2381.9201388888887,5753.209536959785,22311.04236111111,700.0,28734.7,28.8,0.0,0.0,0.0,0.0,Hl.m. Praha,Prague,1204953,0,0,0,1,1,100.0,12541,0.29,0.43,167,85677,99107
2700,0,74,POPLATEK MESICNE,1514,406,7997.7743842364525,11092.65553308084,37315.63694581281,1100.0,22975.9,81.2,0.0,0.0,4.0,14796.0,Ostrava - mesto,north Moravia,323870,0,0,0,1,1,100.0,10673,4.75,5.44,100,18782,18347
2318,0,73,POPLATEK MESICNE,1514,433,5753.098383371825,8316.895793251686,54986.560969976905,200.0,35078.8,86.6,0.0,0.0,4.0,9177.0,Opava,north Moravia,182027,17,49,12,2,7,56.4,8746,3.33,3.74,90,4355,4433
7965,0,55,POPLATEK MESICNE,1514,311,8212.85916398714,10085.78596719027,38429.89067524116,200.0,41228.7,62.2,1.0,0.0,2.0,13223.0,Brno - venkov,south Moravia,157042,49,70,18,0,9,33.9,8743,1.88,2.43,111,3659,3894
3352,0,42,POPLATEK MESICNE,1514,312,1822.1102564102564,1874.8417083598604,22347.25032051282,900.0,16029.8,62.4,0.0,0.0,2.0,2938.0,Havlickuv Brod,east Bohemia,95907,87,25,5,2,7,59.1,8388,2.41,2.94,87,1658,1668
4255,0,70,POPLATEK TYDNE,1514,265,14011.116226415093,15697.610947268979,71511.75924528301,900.0,76617.6,53.0,0.0,0.0,0.0,0.0,Karvina,north Moravia,285387,0,2,8,5,7,89.9,10177,6.63,7.75,81,9878,10108
73,0,72,POPLATEK MESICNE,1514,290,7106.630689655172,8009.358207806535,44433.35206896551,400.0,62982.1,58.0,0.0,0.0,1.0,6061.0,Olomouc,north Moravia,226122,32,50,7,4,4,62.6,8994,3.80,4.79,110,9672,9208
3948,0,1,POPLATEK MESICNE,1513,416,3834.590144230769,5554.891983431306,37533.99831730769,1100.0,45887.5,83.2,0.0,0.0,4.0,5273.0,Hl.m. Praha,Prague,1204953,0,0,0,1,1,100.0,12541,0.29,0.43,167,85677,99107
648,0,13,POPLATEK MESICNE,1513,277,6703.077978339351,7499.648716641853,57452.07220216606,1100.0,83438.3,55.4,0.0,0.0,1.0,9240.0,Rakovnik,central Bohemia,53921,61,22,1,1,2,41.3,8598,2.77,3.26,123,1597,1875
3688,0,70,POPLATEK MESICNE,1512,247,6701.946558704453,7368.158103445954,45489.974089068826,1100.0,39036.9,49.4,0.0,0.0,0.0,0.0,Karvina,north Moravia,285387,0,2,8,5,7,89.9,10177,6.63,7.75,81,9878,10108
462,0,29,POPLATEK MESICNE,1512,283,7754.529681978798,8620.137084010326,41692.02473498233,400.0,59152.1,56.6,0.0,0.0,1.0,8325.0,Rokycany,west Bohemia,45714,52,10,5,1,6,55.6,8843,2.82,3.60,113,818,888
3243,0,1,POPLATEK MESICNE,1512,245,2720.635102040816,2734.7161890372586,20423.29632653061,300.0,16047.9,49.0,0.0,0.0,1.0,3886.0,Hl.m. Praha,Prague,1204953,0,0,0,1,1,100.0,12541,0.29,0.43,167,85677,99107
8625,0,64,POPLATEK MESICNE,1512,469,12223.68763326226,15156.955909453869,68129.65117270789,400.0,46915.2,93.8,1.0,0.0,2.0,10121.8,Zlin,south Moravia,197099,29,41,10,2,10,74.7,9624,1.60,2.31,145,4484,4265
321,0,47,POPLATEK MESICNE,1511,243,1996.1069958847736,2097.4716496060846,24572.490946502057,1100.0,32832.0,48.6,0.0,1.0,1.0,1876.0,Pardubice,east Bohemia,162580,83,26,5,1,6,72.8,9538,1.51,1.81,111,6079,5410
3548,0,23,POPLATEK MESICNE,1511,237,2416.9135021097045,2450.5868193778497,22082.95654008439,1000.0,27294.3,47.4,0.0,0.0,1.0,3586.0,Cheb,west Bohemia,87419,21,11,4,3,9,85.5,8624,1.79,2.66,102,2879,3198
5984,1,11,POPLATEK MESICNE,1511,246,6988.335365853659,7693.562884566874,33706.60772357724,200.0,19001.6,49.2,0.0,0.0,0.0,0.0,Praha - zapad,central Bohemia,75637,35,36,9,0,7,36.5,9622,0.45,0.59,154,3475,3529
3091,0,3,POPLATEK MESICNE,1511,333,5103.768168168168,5941.6338834083,45800.402402402404,200.0,48604.3,66.6,0.0,0.0,2.0,8309.0,Beroun,central Bohemia,75232,55,26,4,1,5,41.7,8980,1.95,2.21,111,2824,2813
626,0,72,POPLATEK MESICNE,1511,292,2818.7660958904107,3089.402391590113,32272.179794520547,200.0,28095.4,58.4,0.0,1.0,1.0,3639.0,Olomouc,north Moravia,226122,32,50,7,4,4,62.6,8994,3.80,4.79,110,9672,9208
998,0,47,POPLATEK MESICNE,1511,280,9550.987857142858,10621.895356186356,40740.52285714286,9924.3,27163.4,56.0,0.0,0.0,1.0,7641.0,Pardubice,east Bohemia,162580,83,26,5,1,6,72.8,9538,1.51,1.81,111,6079,5410
3326,1,5,POPLATEK MESICNE,1511,246,15345.864227642276,16646.397162534522,45099.43252032521,-2099.2,505.7,49.2,0.0,0.0,0.0,0.0,Kolin,central Bohemia,95616,65,30,4,1,6,51.4,9307,3.85,4.43,118,2616,3040
2457,0,76,POPLATEK MESICNE,1511,256,2546.605078125,2507.941407549148,22809.59765625,500.0,17571.1,51.2,0.0,0.0,1.0,3834.0,Sumperk,north Moravia,127369,31,32,13,2,7,51.2,8369,4.73,5.88,107,3736,2807
2549,0,74,POPLATEK MESICNE,1510,267,2255.9681647940074,2397.2572466339743,36950.65617977528,200.0,47225.0,53.4,0.0,0.0,1.0,2085.0,Ostrava - mesto,north Moravia,323870,0,0,0,1,1,100.0,10673,4.75,5.44,100,18782,18347
1947,0,35,POPLATEK MESICNE,1510,247,2609.1493927125507,2757.0734688122643,31942.68987854251,900.0,41520.2,49.4,0.0,1.0,1.0,3448.0,Jablonec n. Nisou,north Bohemia,88768,10,18,5,1,7,80.5,8867,1.02,1.21,130,3384,3620
2738,0,41,POPLATEK MESICNE,1510,327,4674.815902140673,5696.292183915046,27833.483792048926,800.0,41304.8,65.4,0.0,0.0,2.0,8914.0,Usti nad Labem,north Bohemia,118650,8,8,5,1,3,85.6,9832,3.32,4.48,114,6445,5471
1809,0,1,POPLATEK TYDNE,1510,364,6280.205769230769,7460.402004891872,33907.308791208794,200.0,36536.8,72.8,0.0,0.0,3.0,13312.0,Hl.m. Praha,Prague,1204953,0,0,0,1,1,100.0,12541,0.29,0.43,167,85677,99107
519,0,24,POPLATEK MESICNE,1510,253,2623.001581027668,2847.3709402023123,25833.48260869565,200.0,31699.8,50.6,0.0,1.0,1.0,3245.0,Karlovy Vary,west Bohemia,122603,25,21,6,2,8,80.0,8991,1.39,2.01,128,5198,5273
2665,0,61,POPLATEK MESICNE,1509,324,2410.6037037037036,4968.1642332299525,34216.68765432099,800.0,37819.3,64.8,0.0,0.0,0.0,0.0,Trebic,south Moravia,117897,139,28,5,1,6,53.8,8814,4.76,5.74,107,2112,2059
1114,0,6,POPLATEK TYDNE,1509,255,8768.466274509803,13398.176586864152,36072.26392156863,300.0,38958.4,51.0,0.0,0.0,1.0,3350.0,Kutna Hora,central Bohemia,77963,60,23,4,2,4,51.5,8546,2.95,4.02,126,2640,3120
8957,0,1,POPLATEK MESICNE,1509,316,8221.05316455696,12544.4945086726,42483.13702531646,-2630.0,56333.8,63.2,0.0,0.0,1.0,1209.4,Hl.m. Praha,Prague,1204953,0,0,0,1,1,100.0,12541,0.29,0.43,167,85677,99107
2271,0,68,POPLATEK MESICNE,1509,231,1233.2987012987012,1243.6791371984393,18596.742857142857,600.0,22081.7,46.2,0.0,0.0,1.0,2032.0,Frydek - Mistek,north Moravia,228848,15,40,18,2,6,57.2,9893,4.09,4.72,96,5623,5887
196,0,4,POPLATEK MESICNE,1508,401,3528.074314214464,4732.9169914560725,44052.16758104738,400.0,72260.1,80.2,0.0,0.0,4.0,8626.0,Kladno,central Bohemia,149893,63,29,6,2,6,67.4,9753,4.64,5.05,109,5244,5892
3218,0,41,POPLATEK MESICNE,1508,281,1062.9274021352312,1129.6845174001382,17191.423843416367,800.0,20640.2,56.2,0.0,0.0,2.0,2116.0,Usti nad Labem,north Bohemia,118650,8,8,5,1,3,85.6,9832,3.32,4.48,114,6445,5471
3660,0,74,POPLATEK MESICNE,1508,282,2074.9202127659573,6355.479901789125,22944.800354609928,900.0,13740.4,56.4,0.0,0.0,0.0,0.0,Ostrava - mesto,north Moravia,323870,0,0,0,1,1,100.0,10673,4.75,5.44,100,18782,18347
787,0,10,POPLATEK MESICNE,1508,300,2515.5789999999997,2939.3065129122706,20315.181999999997,800.0,26873.3,60.0,0.0,0.0,2.0,4517.0,Praha - vychod,central Bohemia,92084,55,29,4,3,5,46.7,10124,0.56,0.54,141,3810,4316
3820,0,1,POPLATEK MESICNE,1508,286,4853.736713286713,5409.7495487783035,40973.9972027972,700.0,61594.2,57.2,0.0,0.0,1.0,8054.0,Hl.m. Praha,Prague,1204953,0,0,0,1,1,100.0,12541,0.29,0.43,167,85677,99107
10906,0,76,POPLATEK MESICNE,1508,315,10390.070476190476,14047.300770274645,46698.74603174603,-280.0,58007.0,63.0,0.0,0.0,0.0,0.0,Sumperk,north Moravia,127369,31,32,13,2,7,51.2,8369,4.73,5.88,107,3736,2807
914,0,73,POPLATEK MESICNE,1508,231,1394.8727272727272,1458.653807719537,16576.92380952381,800.0,23597.4,46.2,0.0,0.0,1.0,2298.0,Opava,north Moravia,182027,17,49,12,2,7,56.4,8746,3.33,3.74,90,4355,4433
9656,0,61,POPLATEK MESICNE,1508,395,12044.523797468355,13134.223645418047,56489.8217721519,800.0,88003.3,79.0,1.0,0.0,2.0,16534.5,Trebic,south Moravia,117897,139,28,5,1,6,53.8,8814,4.76,5.74,107,2112,2059
1941,0,60,POPLATEK MESICNE,1507,204,8627.620098039215,10036.306016527064,38509.2181372549,200.0,23655.2,40.8,0.0,0.0,0.0,0.0,Prostejov,south Moravia,110643,49,41,4,1,4,51.9,8441,3.45,4.48,115,1879,2252
3617,0,22,POPLATEK MESICNE,1507,377,4534.266047745358,6550.603456228981,60111.38355437666,1100.0,71648.6,75.4,0.0,0.0,3.0,3243.0,Domazlice,west Bohemia,58400,65,16,4,1,6,52.4,8620,1.10,1.25,100,1089,1117
3370,0,49,POPLATEK MESICNE,1507,256,10196.460546875,10647.815784040815,36004.583984375,439.9,31419.5,51.2,0.0,0.0,1.0,2385.5,Semily,east Bohemia,75685,31,28,5,1,9,60.8,8208,1.89,2.26,155,1660,2123
1664,0,56,POPLATEK MESICNE,1507,281,8385.102491103202,9801.83423288509,37358.89679715302,500.0,20347.5,56.2,0.0,0.0,1.0,5454.0,Breclav,south Moravia,124605,11,42,14,1,8,46.0,8772,4.69,4.98,126,2854,3158
4337,0,29,POPLATEK MESICNE,1506,318,12786.02106918239,14520.467936595349,63495.983962264145,900.0,58532.5,63.6,1.0,0.0,1.0,2142.0,Rokycany,west Bohemia,45714,52,10,5,1,6,55.6,8843,2.82,3.60,113,818,888
2557,0,40,POPLATEK MESICNE,1505,275,2089.609818181818,1911.5217134041823,22868.028363636364,400.0,19003.4,55.0,0.0,0.0,1.0,2806.0,Teplice,north Bohemia,128118,9,16,6,3,8,85.3,9317,6.49,7.07,97,6949,6872
1527,1,31,POPLATEK PO OBRATU,1505,327,10131.43241590214,12642.655392331657,39743.664220183484,-3248.2,38582.4,65.4,1.0,0.0,1.0,4557.2,Tachov,west Bohemia,51313,34,12,3,1,4,59.2,8930,3.52,4.20,108,1328,1452
3938,0,57,POPLATEK MESICNE,1505,266,9156.270676691729,10433.61685301479,52481.90300751879,1100.0,53596.3,53.2,0.0,1.0,1.0,3869.0,Hodonin,south Moravia,161954,21,37,20,3,8,48.0,8720,3.73,4.50,116,3729,3651
1686,0,11,POPLATEK MESICNE,1504,325,1887.155076923077,2135.0684487423805,32762.92523076923,900.0,45771.4,65.0,0.0,0.0,2.0,2757.0,Praha - zapad,central Bohemia,75637,35,36,9,0,7,36.5,9622,0.45,0.59,154,3475,3529
10670,0,60,POPLATEK MESICNE,1504,383,12020.584856396867,13863.666251029237,71520.93942558746,-2352.4,64727.0,76.6,0.0,0.0,0.0,0.0,Prostejov,south Moravia,110643,49,41,4,1,4,51.9,8441,3.45,4.48,115,1879,2252
3309,0,66,POPLATEK MESICNE,1502,373,4359.302949061662,5687.804826094977,31965.261126005364,1100.0,26302.2,74.6,0.0,0.0,3.0,6152.0,Zdar nad Sazavou,south Moravia,125832,151,41,2,3,5,48.3,8512,3.51,4.12,102,2247,2103
3107,0,5,POPLATEK MESICNE,1502,246,2281.70325203252,2485.708333685318,42503.69186991869,200.0,72424.7,49.2,0.0,0.0,1.0,2642.0,Kolin,central Bohemia,95616,65,30,4,1,6,51.4,9307,3.85,4.43,118,2616,3040
8377,0,29,POPLATEK MESICNE,1502,322,6824.423602484472,9942.86555160648,40037.32608695652,200.0,36519.8,64.4,1.0,0.0,3.0,13140.8,Rokycany,west Bohemia,45714,52,10,5,1,6,55.6,8843,2.82,3.60,113,818,888
345,0,5,POPLATEK MESICNE,1502,289,6096.0221453287195,6756.624878698854,37904.41591695501,200.0,55164.3,57.8,0.0,0.0,1.0,8819.0,Kolin,central Bohemia,95616,65,30,4,1,6,51.4,9307,3.85,4.43,118,2616,3040
498,0,1,POPLATEK MESICNE,1501,245,8973.67387755102,10341.189484958826,65903.70326530613,1000.0,75650.2,49.0,0.0,0.0,0.0,0.0,Hl.m. Praha,Prague,1204953,0,0,0,1,1,100.0,12541,0.29,0.43,167,85677,99107
3571,0,39,POPLATEK MESICNE,1501,323,2127.549535603715,2281.4547723103365,26477.13560371517,800.0,26206.6,64.6,0.0,0.0,2.0,3446.0,Most,north Bohemia,119895,17,4,3,2,4,89.9,10446,7.34,9.40,90,4947,4743
5991,0,1,POPLATEK MESICNE,1501,374,4702.055080213904,6001.695513069296,34217.78663101604,900.0,21158.2,74.8,1.0,0.0,3.0,7485.0,Hl.m. Praha,Prague,1204953,0,0,0,1,1,100.0,12541,0.29,0.43,167,85677,99107
1128,0,74,POPLATEK MESICNE,1501,250,2298.9444,2455.737746876563,34067.2572,400.0,45036.6,50.0,0.0,0.0,1.0,2070.0,Ostrava - mesto,north Moravia,323870,0,0,0,1,1,100.0,10673,4.75,5.44,100,18782,18347
10439,0,66,POPLATEK MESICNE,1501,334,12077.063173652696,14040.87559685069,52277.01706586826,300.0,64655.5,66.8,1.0,0.0,2.0,16449.0,Zdar nad Sazavou,south Moravia,125832,151,41,2,3,5,48.3,8512,3.51,4.12,102,2247,2103
1302,0,55,POPLATEK MESICNE,1501,232,2473.603879310345,2487.789137222765,21335.00948275862,800.0,32764.8,46.4,0.0,0.0,1.0,3924.0,Brno - venkov,south Moravia,157042,49,70,18,0,9,33.9,8743,1.88,2.43,111,3659,3894
10788,0,67,POPLATEK TYDNE,1500,279,4728.015770609319,8033.893017523732,28089.377419354838,526.2,24306.5,55.8,1.0,0.0,1.0,3813.7,Bruntal,north Moravia,106054,38,25,6,2,6,63.1,8110,5.77,6.55,109,3244,3079
4343,0,31,POPLATEK MESICNE,1500,244,6618.453278688525,7474.808692369331,56453.81106557377,900.0,102202.8,48.8,0.0,1.0,0.0,0.0,Tachov,west Bohemia,51313,34,12,3,1,4,59.2,8930,3.52,4.20,108,1328,1452
2460,0,1,POPLATEK MESICNE,1500,241,3252.614937759336,4019.4900764930285,31592.348132780084,700.0,49880.5,48.2,0.0,0.0,1.0,435.0,Hl.m. Praha,Prague,1204953,0,0,0,1,1,100.0,12541,0.29,0.43,167,85677,99107
1931,1,20,POPLATEK MESICNE,1499,362,2945.862154696133,3724.9124638291582,24052.27430939227,1100.0,19512.7,72.4,0.0,0.0,3.0,6223.0,Strakonice,south Bohemia,70646,94,14,3,1,4,58.4,8547,2.65,3.64,120,1563,1542
2972,0,12,POPLATEK MESICNE,1499,256,14450.01640625,16642.552132385852,61767.091796875,500.0,92419.3,51.2,0.0,0.0,1.0,3554.8,Pribram,central Bohemia,107870,84,29,6,1,6,58.0,8754,3.83,4.31,137,3804,3868
1286,0,66,POPLATEK PO OBRATU,1499,363,13479.44269972452,15199.193902048442,62308.76859504132,500.0,32589.7,72.6,0.0,0.0,1.0,8500.0,Zdar nad Sazavou,south Moravia,125832,151,41,2,3,5,48.3,8512,3.51,4.12,102,2247,2103
1235,0,76,POPLATEK MESICNE,1499,272,1520.4080882352941,1552.473461874192,18830.71323529412,500.0,19837.5,54.4,0.0,0.0,2.0,2892.0,Sumperk,north Moravia,127369,31,32,13,2,7,51.2,8369,4.73,5.88,107,3736,2807
4385,0,23,POPLATEK MESICNE,1499,257,2935.6482490272374,7004.947276507321,33094.37431906615,1000.0,23332.7,51.4,0.0,0.0,0.0,0.0,Cheb,west Bohemia,87419,21,11,4,3,9,85.5,8624,1.79,2.66,102,2879,3198
7449,0,1,POPLATEK MESICNE,1498,268,2583.479104477612,4743.550808807839,33143.29179104477,-1356.4,39925.8,53.6,0.0,0.0,0.0,0.0,Hl.m. Praha,Prague,1204953,0,0,0,1,1,100.0,12541,0.29,0.43,167,85677,99107
545,0,54,POPLATEK MESICNE,1498,264,4579.080681818182,5183.846875265831,35789.00833333333,900.0,59023.2,52.8,0.0,0.0,1.0,3306.0,Brno - mesto,south Moravia,387570,0,0,0,1,1,100.0,9897,1.60,1.96,140,18721,18696
245,0,65,POPLATEK MESICNE,1497,255,9975.174901960785,13495.69325246843,37873.6462745098,-1211.0,60741.0,51.0,0.0,0.0,0.0,0.0,Znojmo,south Moravia,114200,101,41,4,1,4,43.7,8403,5.74,5.72,105,2157,2718
688,1,74,POPLATEK MESICNE,1497,284,1565.4535211267605,1651.9551593715037,26023.949295774648,400.0,18524.5,56.8,0.0,1.0,1.0,2509.0,Ostrava - mesto,north Moravia,323870,0,0,0,1,1,100.0,10673,4.75,5.44,100,18782,18347
173,0,66,POPLATEK MESICNE,1496,449,4464.526726057907,6035.398023750187,32837.972605790645,500.0,57816.9,89.8,1.0,0.0,5.0,17342.0,Zdar nad Sazavou,south Moravia,125832,151,41,2,3,5,48.3,8512,3.51,4.12,102,2247,2103
10904,0,48,POPLATEK MESICNE,1496,293,2216.061433447099,3511.6433598084795,20526.51501706485,-2152.1,27838.8,58.6,0.0,0.0,1.0,538.0,Rychnov nad Kneznou,east Bohemia,78955,50,24,8,1,9,59.0,9060,1.78,2.44,124,1655,1717
7844,0,1,POPLATEK MESICNE,1496,293,11645.035836177474,13506.229726808839,49394.16655290103,1000.0,30423.8,58.6,1.0,0.0,1.0,3816.0,Hl.m. Praha,Prague,1204953,0,0,0,1,1,100.0,12541,0.29,0.43,167,85677,99107
6353,0,26,POPLATEK MESICNE,1496,369,6959.053387533876,9510.209527568577,47196.99972899729,700.0,65856.5,73.8,1.0,0.0,3.0,7902.0,Plzen - mesto,west Bohemia,170449,0,0,0,1,1,100.0,10787,2.64,3.09,131,6041,6261
604,0,12,POPLATEK MESICNE,1496,231,3787.3151515151517,4233.719043427713,36151.51298701299,800.0,59155.7,46.2,0.0,0.0,0.0,0.0,Pribram,central Bohemia,107870,84,29,6,1,6,58.0,8754,3.83,4.31,137,3804,3868
6806,0,1,POPLATEK MESICNE,1496,263,9717.760076045626,10705.296942886953,43017.80038022814,-339.6,83764.4,52.6,0.0,0.0,1.0,2428.9,Hl.m. Praha,Prague,1204953,0,0,0,1,1,100.0,12541,0.29,0.43,167,85677,99107
5927,0,15,POPLATEK MESICNE,1496,405,3935.705185185185,4705.331816415508,17967.890864197532,-3855.2,-2522.2,81.0,1.0,0.0,1.0,1817.3,Cesky Krumlov,south Bohemia,58796,22,16,7,1,5,51.9,9045,3.13,3.60,124,1845,1879
2419,0,24,POPLATEK MESICNE,1495,336,14622.227380952381,15133.963372110504,61626.160416666666,900.0,52627.8,67.2,1.0,0.0,1.0,7984.3,Karlovy Vary,west Bohemia,122603,25,21,6,2,8,80.0,8991,1.39,2.01,128,5198,5273
1288,0,11,POPLATEK MESICNE,1495,255,2291.578431372549,2310.0101274885988,18744.96823529412,600.0,17312.9,51.0,0.0,0.0,1.0,2948.0,Praha - zapad,central Bohemia,75637,35,36,9,0,7,36.5,9622,0.45,0.59,154,3475,3529
3003,0,18,POPLATEK MESICNE,1495,141,3830.1858156028366,7650.039881358058,42799.721276595745,500.0,66455.5,28.2,0.0,0.0,0.0,0.0,Pisek,south Bohemia,70699,60,13,2,1,4,65.3,8968,2.83,3.35,131,1740,1910
10131,0,1,POPLATEK MESICNE,1495,311,7276.132154340837,10357.809297137403,33370.16463022508,-863.7,57988.3,62.2,1.0,0.0,1.0,5983.0,Hl.m. Praha,Prague,1204953,0,0,0,1,1,100.0,12541,0.29,0.43,167,85677,99107
1952,0,70,POPLATEK MESICNE,1494,242,6678.631818181818,7579.589689932995,30972.446694214876,-2102.1,44529.1,48.4,0.0,0.0,0.0,0.0,Karvina,north Moravia,285387,0,2,8,5,7,89.9,10177,6.63,7.75,81,9878,10108
651,0,72,POPLATEK MESICNE,1494,308,6796.888636363637,7992.717261881099,52998.29058441558,1100.0,84831.5,61.6,0.0,0.0,2.0,6714.0,Olomouc,north Moravia,226122,32,50,7,4,4,62.6,8994,3.80,4.79,110,9672,9208
2989,0,4,POPLATEK MESICNE,1494,221,2143.5696832579188,2153.6171960499796,19952.188687782807,600.0,34454.7,44.2,0.0,0.0,1.0,3395.0,Kladno,central Bohemia,149893,63,29,6,2,6,67.4,9753,4.64,5.05,109,5244,5892
1499,0,47,POPLATEK MESICNE,1494,281,2654.8903914590746,2706.0417158673836,30765.728113879002,1000.0,46010.0,56.2,0.0,0.0,1.0,3666.0,Pardubice,east Bohemia,162580,83,26,5,1,6,72.8,9538,1.51,1.81,111,6079,5410
426,0,1,POPLATEK MESICNE,1493,346,6004.9979768786125,7791.4840400902685,30908.097109826587,900.0,2891.1,69.2,1.0,0.0,3.0,12584.2,Hl.m. Praha,Prague,1204953,0,0,0,1,1,100.0,12541,0.29,0.43,167,85677,99107
3570,0,44,POPLATEK MESICNE,1493,283,2711.5431095406357,2705.730773349648,34088.911307420494,1000.0,44498.8,56.6,0.0,0.0,1.0,3836.0,Chrudim,east Bohemia,105606,77,26,7,2,7,53.0,8254,2.79,3.76,97,2166,2325
4237,0,18,POPLATEK MESICNE,1493,229,14161.36943231441,16253.089323494247,51585.91703056769,600.0,19932.9,45.8,0.0,0.0,1.0,1960.5,Pisek,south Bohemia,70699,60,13,2,1,4,65.3,8968,2.83,3.35,131,1740,1910
2739,0,59,POPLATEK MESICNE,1493,287,2618.0344947735193,2950.948709372024,21807.361672473868,600.0,18086.4,57.4,0.0,1.0,2.0,4587.0,Kromeriz,south Moravia,108871,41,29,7,2,6,62.1,8444,3.24,3.47,106,2595,2305
4526,0,63,POPLATEK MESICNE,1493,218,5936.97385321101,7495.186136030055,28652.890825688075,900.0,58761.0,43.6,0.0,0.0,0.0,0.0,Vyskov,south Moravia,86513,38,36,5,1,5,50.5,8288,3.79,4.52,110,1562,1460
1621,0,75,POPLATEK MESICNE,1491,281,5890.811387900356,6600.254911290375,35509.71708185053,300.0,65762.2,56.2,0.0,0.0,1.0,7887.0,Prerov,north Moravia,138032,67,30,4,2,5,64.6,8819,5.38,5.66,99,4063,4505
344,0,54,POPLATEK MESICNE,1491,317,4660.96214511041,5610.580726916421,40627.55331230284,600.0,43524.8,63.4,1.0,0.0,2.0,6422.0,Brno - mesto,south Moravia,387570,0,0,0,1,1,100.0,9897,1.60,1.96,140,18721,18696
1359,0,8,POPLATEK MESICNE,1490,97,1019.6969072164948,1794.851268527888,27845.586597938145,600.0,39911.3,19.4,0.0,1.0,0.0,0.0,Mlada Boleslav,central Bohemia,112065,95,19,7,1,8,69.4,11277,1.25,1.44,127,5179,4987
290,0,56,POPLATEK MESICNE,1490,406,9266.914778325123,12274.246257832072,54629.09039408867,300.0,70224.5,81.2,1.0,0.0,3.0,8504.0,Breclav,south Moravia,124605,11,42,14,1,8,46.0,8772,4.69,4.98,126,2854,3158
66,0,48,POPLATEK PO OBRATU,1489,256,18608.262890625,20220.88591091753,65800.1796875,400.0,47551.1,51.2,0.0,0.0,1.0,4471.3,Rychnov nad Kneznou,east Bohemia,78955,50,24,8,1,9,59.0,9060,1.78,2.44,124,1655,1717
1314,0,48,POPLATEK MESICNE,1489,260,6695.628846153846,6899.907227862048,41925.7,600.0,60153.8,52.0,0.0,0.0,1.0,6889.0,Rychnov nad Kneznou,east Bohemia,78955,50,24,8,1,9,59.0,9060,1.78,2.44,124,1655,1717
3145,0,4,POPLATEK MESICNE,1489,251,2070.1924302788843,2139.2594903803683,23718.410358565736,300.0,40288.1,50.2,0.0,0.0,1.0,2527.0,Kladno,central Bohemia,149893,63,29,6,2,6,67.4,9753,4.64,5.05,109,5244,5892
1204,0,29,POPLATEK MESICNE,1489,327,7573.43639143731,9767.300172275245,58260.98501529053,800.0,76313.9,65.4,0.0,0.0,2.0,7146.0,Rokycany,west Bohemia,45714,52,10,5,1,6,55.6,8843,2.82,3.60,113,818,888
437,0,43,POPLATEK MESICNE,1489,330,6804.421515151515,8766.504108983147,72050.16151515151,700.0,101751.5,66.0,0.0,0.0,2.0,5354.0,Hradec Kralove,east Bohemia,161854,73,21,6,1,6,76.3,9425,1.72,2.50,125,4085,3891
2063,0,1,POPLATEK MESICNE,1488,260,2098.478846153846,2232.7555636310276,30458.331538461538,700.0,44130.6,52.0,0.0,1.0,1.0,1542.0,Hl.m. Praha,Prague,1204953,0,0,0,1,1,100.0,12541,0.29,0.43,167,85677,99107
3087,0,15,POPLATEK MESICNE,1488,316,875.0803797468355,987.587458917259,16679.52436708861,600.0,15221.3,63.2,0.0,0.0,3.0,1933.0,Cesky Krumlov,south Bohemia,58796,22,16,7,1,5,51.9,9045,3.13,3.60,124,1845,1879
2588,0,5,POPLATEK MESICNE,1488,283,6551.952296819788,7186.309549839931,41622.35936395759,200.0,40318.3,56.6,0.0,0.0,1.0,6509.0,Kolin,central Bohemia,95616,65,30,4,1,6,51.4,9307,3.85,4.43,118,2616,3040
956,0,74,POPLATEK MESICNE,1487,260,2686.003846153846,5558.376919060825,38092.244999999995,400.0,53246.7,52.0,0.0,0.0,0.0,0.0,Ostrava - mesto,north Moravia,323870,0,0,0,1,1,100.0,10673,4.75,5.44,100,18782,18347
597,0,41,POPLATEK MESICNE,1487,281,7367.796085409253,8184.426891709315,36715.49786476869,300.0,24600.5,56.2,0.0,1.0,1.0,6135.0,Usti nad Labem,north Bohemia,118650,8,8,5,1,3,85.6,9832,3.32,4.48,114,6445,5471
3129,0,5,POPLATEK MESICNE,1487,270,2382.8425925925926,2536.5469285222143,23767.905555555557,200.0,25731.8,54.0,0.0,0.0,1.0,2707.0,Kolin,central Bohemia,95616,65,30,4,1,6,51.4,9307,3.85,4.43,118,2616,3040
884,0,2,POPLATEK MESICNE,1485,233,1344.5304721030043,1403.1575567663642,19648.265236051502,3389.0,27589.5,46.6,0.0,0.0,1.0,2259.0,Benesov,central Bohemia,88884,80,26,6,2,5,46.7,8507,1.67,1.85,132,2159,2674
4264,0,28,POPLATEK MESICNE,1485,234,9657.631196581196,10736.53665793277,56650.232905982906,200.0,63386.2,46.8,0.0,0.0,0.0,0.0,Plzen - sever,west Bohemia,72541,66,26,10,0,8,36.9,8594,1.62,2.01,112,1580,1525
3223,0,1,POPLATEK MESICNE,1485,244,9810.225409836066,12593.747704301471,42475.31475409836,-68.5,7654.6,48.8,0.0,0.0,0.0,0.0,Hl.m. Praha,Prague,1204953,0,0,0,1,1,100.0,12541,0.29,0.43,167,85677,99107
737,0,34,POPLATEK MESICNE,1484,223,1929.9318385650224,1905.1310073937418,22595.15201793722,700.0,20738.8,44.6,0.0,0.0,1.0,2817.0,Chomutov,north Bohemia,125236,28,11,1,4,5,87.7,9675,6.43,7.68,100,5323,5190
2306,0,38,POPLATEK MESICNE,1484,328,4190.095426829268,5215.972054361015,31835.16219512195,400.0,24560.5,65.6,0.0,0.0,2.0,4765.0,Louny,north Bohemia,85852,41,23,4,2,4,59.8,8965,7.08,8.23,104,2653,2822
1673,0,53,POPLATEK MESICNE,1484,229,1813.059825327511,1724.2046573664568,15646.106550218341,900.0,15703.6,45.8,0.0,0.0,1.0,2447.0,Blansko,south Moravia,107911,88,33,6,2,7,50.9,8240,2.53,3.56,99,1850,1903
10663,0,11,POPLATEK MESICNE,1484,381,11890.449606299213,15081.53452745517,48819.140682414705,200.0,35719.4,76.2,1.0,0.0,3.0,21322.2,Praha - zapad,central Bohemia,75637,35,36,9,0,7,36.5,9622,0.45,0.59,154,3475,3529
3345,1,22,POPLATEK MESICNE,1484,244,1685.1180327868851,1674.9584050368294,8166.179098360655,-4100.5,3908.1,48.8,0.0,0.0,0.0,0.0,Domazlice,west Bohemia,58400,65,16,4,1,6,52.4,8620,1.10,1.25,100,1089,1117
1970,0,8,POPLATEK MESICNE,1484,326,7249.61472392638,9543.19307631592,54309.629447852756,900.0,63234.4,65.2,0.0,0.0,2.0,3690.0,Mlada Boleslav,central Bohemia,112065,95,19,7,1,8,69.4,11277,1.25,1.44,127,5179,4987
2504,0,16,POPLATEK MESICNE,1483,279,8946.955913978496,10472.305270656812,37805.08028673835,300.0,22557.3,55.8,0.0,0.0,1.0,5513.0,Jindrichuv Hradec,south Bohemia,93931,74,21,10,1,8,56.9,8427,1.12,1.54,107,1874,1913
358,0,12,POPLATEK MESICNE,1483,373,872.6131367292226,1200.101443724732,18243.951742627345,600.0,22624.5,74.6,0.0,1.0,4.0,2066.0,Pribram,central Bohemia,107870,84,29,6,1,6,58.0,8754,3.83,4.31,137,3804,3868
2980,0,66,POPLATEK MESICNE,1483,231,2014.2848484848485,1971.5494896113628,19531.3354978355,1000.0,21026.7,46.2,0.0,0.0,1.0,3316.0,Zdar nad Sazavou,south Moravia,125832,151,41,2,3,5,48.3,8512,3.51,4.12,102,2247,2103
3918,0,53,POPLATEK MESICNE,1483,262,3809.9473282442746,3853.3891246175494,23453.49923664122,700.0,34041.2,52.4,0.0,0.0,1.0,4865.0,Blansko,south Moravia,107911,88,33,6,2,7,50.9,8240,2.53,3.56,99,1850,1903
1680,0,59,POPLATEK MESICNE,1482,280,7312.827142857143,8079.225000700798,45495.451785714286,300.0,50237.3,56.0,0.0,1.0,1.0,5955.0,Kromeriz,south Moravia,108871,41,29,7,2,6,62.1,8444,3.24,3.47,106,2595,2305
3039,0,1,POPLATEK MESICNE,1482,322,3270.1729813664597,3658.616360797924,32763.338198757767,600.0,52766.7,64.4,0.0,0.0,2.0,6268.0,Hl.m. Praha,Prague,1204953,0,0,0,1,1,100.0,12541,0.29,0.43,167,85677,99107
3380,0,64,POPLATEK MESICNE,1482,256,2937.583203125,2938.520710165185,26310.7390625,9846.0,20867.0,51.2,0.0,0.0,1.0,4376.0,Zlin,south Moravia,197099,29,41,10,2,10,74.7,9624,1.60,2.31,145,4484,4265
2128,0,22,POPLATEK MESICNE,1482,233,2227.2291845493564,2258.3367879786424,18287.10557939914,5424.0,21122.1,46.6,0.0,1.0,1.0,3601.0,Domazlice,west Bohemia,58400,65,16,4,1,6,52.4,8620,1.10,1.25,100,1089,1117
903,0,47,POPLATEK MESICNE,1482,265,1573.1249056603772,1663.9917468149495,19526.902641509434,1100.0,21164.2,53.0,0.0,0.0,1.0,2580.0,Pardubice,east Bohemia,162580,83,26,5,1,6,72.8,9538,1.51,1.81,111,6079,5410
1762,0,28,POPLATEK MESICNE,1481,397,5112.8244332493705,6854.787272014956,30929.492695214103,600.0,21626.6,79.4,1.0,1.0,4.0,13070.0,Plzen - sever,west Bohemia,72541,66,26,10,0,8,36.9,8594,1.62,2.01,112,1580,1525
61,0,70,POPLATEK MESICNE,1481,267,1395.329213483146,1448.4814437550665,19742.35056179775,700.0,21954.6,53.4,0.0,0.0,2.0,2313.0,Karvina,north Moravia,285387,0,2,8,5,7,89.9,10177,6.63,7.75,81,9878,10108
391,0,36,POPLATEK MESICNE,1481,304,2191.785197368421,5497.045630737827,33004.57006578948,1100.0,21829.8,60.8,0.0,0.0,0.0,0.0,Liberec,north Bohemia,159617,29,19,8,1,9,85.2,9198,3.33,4.28,131,5796,6132
1588,0,67,POPLATEK MESICNE,1481,257,1731.614785992218,1683.3132175023225,24054.511673151752,1000.0,20816.3,51.4,0.0,0.0,1.0,2443.0,Bruntal,north Moravia,106054,38,25,6,2,6,63.1,8110,5.77,6.55,109,3244,3079
183,0,43,POPLATEK MESICNE,1480,305,4981.905573770492,5928.540042283787,34600.21672131147,200.0,37658.7,61.0,0.0,0.0,2.0,5954.0,Hradec Kralove,east Bohemia,161854,73,21,6,1,6,76.3,9425,1.72,2.50,125,4085,3891
365,0,74,POPLATEK MESICNE,1480,372,5031.309408602151,6915.443236413467,24706.822849462365,200.0,18766.0,74.4,0.0,1.0,5.0,15090.0,Ostrava - mesto,north Moravia,323870,0,0,0,1,1,100.0,10673,4.75,5.44,100,18782,18347
2476,0,32,POPLATEK MESICNE,1480,215,1873.1953488372094,1843.0001124935293,17435.063720930233,900.0,16767.6,43.0,0.0,1.0,1.0,2854.0,Ceska Lipa,north Bohemia,105058,32,19,7,2,10,81.0,9272,2.80,3.22,118,4340,4505
347,1,65,POPLATEK MESICNE,1479,299,10308.10066889632,12172.748017688826,45619.56923076923,-2762.6,39814.5,59.8,1.0,1.0,1.0,7801.2,Znojmo,south Moravia,114200,101,41,4,1,4,43.7,8403,5.74,5.72,105,2157,2718
1877,0,76,POPLATEK MESICNE,1479,308,1949.5334415584416,2368.9982031510162,32377.837012987016,700.0,35773.4,61.6,0.0,0.0,2.0,1827.0,Sumperk,north Moravia,127369,31,32,13,2,7,51.2,8369,4.73,5.88,107,3736,2807
3196,0,1,POPLATEK MESICNE,1479,237,2041.215611814346,2139.2449220443473,35437.95738396625,700.0,49331.2,47.4,0.0,0.0,1.0,2389.0,Hl.m. Praha,Prague,1204953,0,0,0,1,1,100.0,12541,0.29,0.43,167,85677,99107
2928,0,55,POPLATEK MESICNE,1478,216,2380.6962962962966,2447.271051882397,23639.03935185185,500.0,26723.8,43.2,0.0,0.0,1.0,3566.0,Brno - venkov,south Moravia,157042,49,70,18,0,9,33.9,8743,1.88,2.43,111,3659,3894
1225,0,4,POPLATEK MESICNE,1478,239,8091.135564853556,9304.990909939994,54225.16192468619,900.0,58136.0,47.8,0.0,0.0,0.0,0.0,Kladno,central Bohemia,149893,63,29,6,2,6,67.4,9753,4.64,5.05,109,5244,5892
3825,0,7,POPLATEK MESICNE,1478,119,3949.985714285714,8240.827800408199,25440.53361344538,400.0,14234.4,23.8,0.0,0.0,0.0,0.0,Melnik,central Bohemia,94725,38,28,1,3,6,63.4,9920,2.26,2.87,130,4289,4846
180,0,55,POPLATEK TYDNE,1478,257,9755.85019455253,10140.679581937562,46066.082879377434,-2335.4,70581.8,51.4,0.0,0.0,0.0,0.0,Brno - venkov,south Moravia,157042,49,70,18,0,9,33.9,8743,1.88,2.43,111,3659,3894
2813,0,24,POPLATEK MESICNE,1477,399,3739.693984962406,5193.891972187878,25197.133082706765,800.0,27001.7,79.8,0.0,0.0,4.0,6771.0,Karlovy Vary,west Bohemia,122603,25,21,6,2,8,80.0,8991,1.39,2.01,128,5198,5273
1605,0,72,POPLATEK MESICNE,1476,342,13230.518713450294,15216.59478330666,68092.21578947369,26390.2,109624.4,68.4,0.0,0.0,1.0,3353.0,Olomouc,north Moravia,226122,32,50,7,4,4,62.6,8994,3.80,4.79,110,9672,9208
1792,0,7,POPLATEK MESICNE,1476,251,2330.3330677290837,2657.8264457676983,21321.043426294822,1000.0,15512.7,50.2,0.0,0.0,1.0,1712.0,Melnik,central Bohemia,94725,38,28,1,3,6,63.4,9920,2.26,2.87,130,4289,4846
1604,0,54,POPLATEK MESICNE,1476,278,6608.792446043166,7332.954063168676,35001.11510791367,900.0,34046.1,55.6,0.0,0.0,1.0,7088.0,Brno - mesto,south Moravia,387570,0,0,0,1,1,100.0,9897,1.60,1.96,140,18721,18696
883,0,1,POPLATEK MESICNE,1475,347,4933.447262247839,6237.587720268856,33675.08760806917,800.0,33115.0,69.4,0.0,0.0,3.0,8406.0,Hl.m. Praha,Prague,1204953,0,0,0,1,1,100.0,12541,0.29,0.43,167,85677,99107
441,0,27,POPLATEK TYDNE,1475,356,13176.112078651686,18279.67970879895,66104.36797752809,900.0,63028.0,71.2,0.0,1.0,3.0,8279.0,Plzen - jih,west Bohemia,67298,71,19,10,0,7,43.8,8561,0.65,1.29,110,1029,1127
3429,0,73,POPLATEK MESICNE,1475,313,1967.4600638977636,2450.95758514938,32003.281150159746,500.0,37220.4,62.6,0.0,0.0,2.0,1864.0,Opava,north Moravia,182027,17,49,12,2,7,56.4,8746,3.33,3.74,90,4355,4433
4514,0,69,POPLATEK MESICNE,1474,270,18882.335925925927,21279.53229337615,67369.0274074074,300.0,46906.5,54.0,0.0,0.0,0.0,0.0,Jesenik,north Moravia,42821,4,13,5,1,3,48.4,8173,?,7.01,124,?,1358
1088,0,32,POPLATEK MESICNE,1473,242,2191.380991735537,2226.0149475444073,21809.696694214876,500.0,16551.6,48.4,0.0,0.0,1.0,3032.0,Ceska Lipa,north Bohemia,105058,32,19,7,2,10,81.0,9272,2.80,3.22,118,4340,4505
3094,0,56,POPLATEK MESICNE,1472,389,4074.0226221079693,6006.70413695563,44481.16298200514,600.0,37539.7,77.8,0.0,0.0,4.0,5469.0,Breclav,south Moravia,124605,11,42,14,1,8,46.0,8772,4.69,4.98,126,2854,3158
1768,0,15,POPLATEK MESICNE,1472,235,5071.901276595745,6001.962651581669,40498.27106382979,1100.0,50531.6,47.0,0.0,0.0,0.0,0.0,Cesky Krumlov,south Bohemia,58796,22,16,7,1,5,51.9,9045,3.13,3.60,124,1845,1879
2768,0,73,POPLATEK MESICNE,1472,261,1700.9478927203065,1706.9995167987922,28890.768965517243,900.0,39686.9,52.2,0.0,1.0,1.0,2155.0,Opava,north Moravia,182027,17,49,12,2,7,56.4,8746,3.33,3.74,90,4355,4433
2257,0,57,POPLATEK MESICNE,1471,230,1330.688260869565,1338.4357747522665,18471.32304347826,500.0,25613.2,46.0,0.0,0.0,1.0,2005.0,Hodonin,south Moravia,161954,21,37,20,3,8,48.0,8720,3.73,4.50,116,3729,3651
1882,0,1,POPLATEK MESICNE,1471,326,1959.8168711656442,2393.0539051546716,17626.644478527607,300.0,14157.0,65.2,0.0,0.0,3.0,3903.0,Hl.m. Praha,Prague,1204953,0,0,0,1,1,100.0,12541,0.29,0.43,167,85677,99107
719,0,30,POPLATEK MESICNE,1471,284,1361.9528169014084,1421.6411636768917,26270.132394366196,1100.0,41363.6,56.8,0.0,1.0,1.0,1991.0,Sokolov,west Bohemia,94812,15,13,8,2,10,81.8,9650,3.38,3.67,100,2985,2804
5092,1,74,POPLATEK MESICNE,1471,302,1373.021523178808,1659.643183892508,18975.565894039737,-14673.4,-14673.4,60.4,0.0,0.0,0.0,0.0,Ostrava - mesto,north Moravia,323870,0,0,0,1,1,100.0,10673,4.75,5.44,100,18782,18347
3292,0,1,POPLATEK MESICNE,1471,223,2026.582062780269,1961.5590978278988,19191.42600896861,800.0,18217.3,44.6,0.0,1.0,1.0,3170.0,Hl.m. Praha,Prague,1204953,0,0,0,1,1,100.0,12541,0.29,0.43,167,85677,99107
3604,0,75,POPLATEK MESICNE,1470,244,2648.1754098360657,2752.5331533363737,25904.71557377049,500.0,30825.9,48.8,0.0,0.0,1.0,3893.0,Prerov,north Moravia,138032,67,30,4,2,5,64.6,8819,5.38,5.66,99,4063,4505
2733,0,76,POPLATEK MESICNE,1470,272,1141.7124999999999,1228.3828974092737,26499.37463235294,700.0,35545.4,54.4,0.0,0.0,2.0,2325.0,Sumperk,north Moravia,127369,31,32,13,2,7,51.2,8369,4.73,5.88,107,3736,2807
3669,0,76,POPLATEK MESICNE,1470,350,2519.1657142857143,2899.9538028572983,21143.372285714286,1100.0,23341.6,70.0,0.0,0.0,3.0,5442.0,Sumperk,north Moravia,127369,31,32,13,2,7,51.2,8369,4.73,5.88,107,3736,2807
1940,0,52,POPLATEK MESICNE,1470,213,2045.023004694836,1912.254344634118,16858.356807511736,700.0,19031.3,42.6,0.0,0.0,1.0,3106.0,Usti nad Orlici,east Bohemia,139012,59,41,8,3,10,61.9,8363,2.52,3.49,108,2564,2799
3056,0,55,POPLATEK MESICNE,1470,250,1617.024,1675.8913732949209,18867.7536,1100.0,22803.6,50.0,0.0,1.0,2.0,2901.0,Brno - venkov,south Moravia,157042,49,70,18,0,9,33.9,8743,1.88,2.43,111,3659,3894
1419,0,33,POPLATEK MESICNE,1470,251,2287.959362549801,2314.0996597774238,21747.111155378487,400.0,15742.9,50.2,0.0,0.0,1.0,3305.0,Decin,north Bohemia,133777,24,17,7,3,11,84.7,8705,5.75,7.61,116,4650,4859
2971,0,76,POPLATEK TYDNE,1469,162,9821.938271604939,15219.82173838905,43611.70432098765,500.0,89777.9,32.4,0.0,1.0,1.0,3554.8,Sumperk,north Moravia,127369,31,32,13,2,7,51.2,8369,4.73,5.88,107,3736,2807
1959,0,62,POPLATEK MESICNE,1468,288,2171.9791666666665,2550.581098751149,21124.252430555556,600.0,38903.5,57.6,0.0,0.0,2.0,3142.0,Uherske Hradiste,south Moravia,145688,22,41,13,2,5,40.7,8544,1.29,1.86,109,2719,2906
3164,0,33,POPLATEK MESICNE,1468,282,2071.795390070922,2402.449938024051,18618.137943262413,1000.0,15451.3,56.4,0.0,0.0,2.0,3404.0,Decin,north Bohemia,133777,24,17,7,3,11,84.7,8705,5.75,7.61,116,4650,4859
3197,0,1,POPLATEK MESICNE,1467,211,1288.520853080569,1304.7677952659158,19986.42654028436,300.0,25108.5,42.2,0.0,1.0,1.0,2008.0,Hl.m. Praha,Prague,1204953,0,0,0,1,1,100.0,12541,0.29,0.43,167,85677,99107
2770,0,42,POPLATEK MESICNE,1467,365,1251.0994520547945,1488.7119248043405,27625.259726027398,1100.0,35721.0,73.0,0.0,0.0,3.0,2570.0,Havlickuv Brod,east Bohemia,95907,87,25,5,2,7,59.1,8388,2.41,2.94,87,1658,1668
7944,0,59,POPLATEK MESICNE,1465,267,7785.701123595505,10245.978389392641,59171.723220973785,-1918.1,106915.6,53.4,0.0,0.0,0.0,0.0,Kromeriz,south Moravia,108871,41,29,7,2,6,62.1,8444,3.24,3.47,106,2595,2305
1080,0,55,POPLATEK MESICNE,1465,279,8931.506093189964,10385.679120671532,48918.948387096774,700.0,72299.8,55.8,0.0,1.0,1.0,6185.0,Brno - venkov,south Moravia,157042,49,70,18,0,9,33.9,8743,1.88,2.43,111,3659,3894
6148,0,74,POPLATEK MESICNE,1465,330,7063.531212121212,8736.034509366393,53615.74272727273,300.0,104878.3,66.0,1.0,0.0,2.0,10337.0,Ostrava - mesto,north Moravia,323870,0,0,0,1,1,100.0,10673,4.75,5.44,100,18782,18347
2010,0,1,POPLATEK MESICNE,1465,231,2368.8493506493505,2456.1209741107964,20588.990043290043,1100.0,21063.4,46.2,0.0,0.0,1.0,3876.0,Hl.m. Praha,Prague,1204953,0,0,0,1,1,100.0,12541,0.29,0.43,167,85677,99107
3135,0,72,POPLATEK MESICNE,1465,252,8141.979761904761,8492.01542544074,42969.63293650794,200.0,61956.3,50.4,0.0,1.0,1.0,6814.0,Olomouc,north Moravia,226122,32,50,7,4,4,62.6,8994,3.80,4.79,110,9672,9208
1098,0,47,POPLATEK MESICNE,1464,272,1949.516544117647,2562.0742952488185,22145.797794117647,600.0,33895.4,54.4,0.0,1.0,2.0,1626.0,Pardubice,east Bohemia,162580,83,26,5,1,6,72.8,9538,1.51,1.81,111,6079,5410
100,0,41,POPLATEK MESICNE,1464,321,4056.106853582555,4836.839313540961,39404.697507788165,600.0,48203.8,64.2,0.0,0.0,2.0,7927.0,Usti nad Labem,north Bohemia,118650,8,8,5,1,3,85.6,9832,3.32,4.48,114,6445,5471
2913,0,8,POPLATEK MESICNE,1464,272,1545.5382352941178,1631.1105051946306,16000.63088235294,1100.0,16996.0,54.4,0.0,0.0,2.0,2980.0,Mlada Boleslav,central Bohemia,112065,95,19,7,1,8,69.4,11277,1.25,1.44,127,5179,4987
1153,0,35,POPLATEK MESICNE,1463,310,3971.3906451612906,4751.678019961103,24257.010322580645,200.0,41674.5,62.0,0.0,0.0,2.0,5951.0,Jablonec n. Nisou,north Bohemia,88768,10,18,5,1,7,80.5,8867,1.02,1.21,130,3384,3620
1635,1,19,POPLATEK MESICNE,1463,280,6659.018571428572,7618.469478411594,40182.89178571428,900.0,62462.0,56.0,0.0,0.0,1.0,5683.0,Prachatice,south Bohemia,51428,50,11,3,1,4,52.7,8402,3.13,3.98,120,999,1099
2842,0,14,POPLATEK MESICNE,1463,314,949.6678343949045,1104.6283567200576,17508.81210191083,200.0,18249.7,62.8,0.0,0.0,3.0,2150.0,Ceske Budejovice,south Bohemia,177686,69,27,10,1,9,74.8,10045,1.42,1.71,135,6604,6295
3759,0,1,POPLATEK MESICNE,1463,240,1886.4858333333332,1937.5862302655805,18570.820833333335,600.0,28719.5,48.0,0.0,0.0,1.0,1642.0,Hl.m. Praha,Prague,1204953,0,0,0,1,1,100.0,12541,0.29,0.43,167,85677,99107
3594,0,29,POPLATEK MESICNE,1462,261,11648.869348659004,15667.104603197056,46050.75938697318,600.0,14595.5,52.2,0.0,0.0,1.0,3483.0,Rokycany,west Bohemia,45714,52,10,5,1,6,55.6,8843,2.82,3.60,113,818,888
2778,0,38,POPLATEK MESICNE,1462,291,4697.930927835051,5423.5063143758425,25034.25498281787,500.0,7363.4,58.2,0.0,0.0,2.0,6013.0,Louny,north Bohemia,85852,41,23,4,2,4,59.8,8965,7.08,8.23,104,2653,2822
2161,1,15,POPLATEK TYDNE,1462,274,6043.152189781022,9818.223805630498,32724.69708029197,700.0,39131.2,54.8,0.0,0.0,2.0,3838.0,Cesky Krumlov,south Bohemia,58796,22,16,7,1,5,51.9,9045,3.13,3.60,124,1845,1879
2789,0,14,POPLATEK MESICNE,1460,353,3716.0093484419267,5156.938678852092,46224.938526912185,600.0,54952.9,70.6,0.0,0.0,3.0,3956.0,Ceske Budejovice,south Bohemia,177686,69,27,10,1,9,74.8,10045,1.42,1.71,135,6604,6295
1552,0,18,POPLATEK MESICNE,1459,270,9336.021851851852,10896.029815969085,58514.3562962963,500.0,59822.8,54.0,0.0,0.0,2.0,6284.0,Pisek,south Bohemia,70699,60,13,2,1,4,65.3,8968,2.83,3.35,131,1740,1910
628,0,72,POPLATEK MESICNE,1458,258,2129.3248062015505,2000.646783123385,31598.86937984496,700.0,43816.8,51.6,0.0,0.0,1.0,3028.0,Olomouc,north Moravia,226122,32,50,7,4,4,62.6,8994,3.80,4.79,110,9672,9208
1458,0,29,POPLATEK MESICNE,1458,281,6114.94128113879,7016.906005458005,34449.20889679715,700.0,33739.6,56.2,0.0,0.0,1.0,3259.0,Rokycany,west Bohemia,45714,52,10,5,1,6,55.6,8843,2.82,3.60,113,818,888
2673,0,34,POPLATEK MESICNE,1457,324,3994.9740740740745,4627.5033729800625,35390.666049382715,900.0,24726.4,64.8,0.0,0.0,2.0,5870.0,Chomutov,north Bohemia,125236,28,11,1,4,5,87.7,9675,6.43,7.68,100,5323,5190
1788,0,1,POPLATEK MESICNE,1457,219,2180.6625570776255,5137.722185044818,22644.592237442925,1100.0,16780.1,43.8,0.0,0.0,0.0,0.0,Hl.m. Praha,Prague,1204953,0,0,0,1,1,100.0,12541,0.29,0.43,167,85677,99107
1193,0,29,POPLATEK MESICNE,1456,259,5873.243629343629,5889.437320959255,30596.90077220077,200.0,20667.7,51.8,0.0,0.0,1.0,7334.0,Rokycany,west Bohemia,45714,52,10,5,1,6,55.6,8843,2.82,3.60,113,818,888
969,0,19,POPLATEK MESICNE,1453,278,2468.420503597122,5651.713335016438,42656.3690647482,200.0,64548.1,55.6,0.0,0.0,0.0,0.0,Prachatice,south Bohemia,51428,50,11,3,1,4,52.7,8402,3.13,3.98,120,999,1099
1512,0,1,POPLATEK MESICNE,1453,265,5491.291320754717,5883.853451830166,34700.38754716981,900.0,50524.4,53.0,0.0,1.0,1.0,8822.0,Hl.m. Praha,Prague,1204953,0,0,0,1,1,100.0,12541,0.29,0.43,167,85677,99107
3997,0,62,POPLATEK MESICNE,1448,224,3686.7205357142857,4378.81978885333,28164.886160714286,1000.0,23383.8,44.8,0.0,0.0,0.0,0.0,Uherske Hradiste,south Moravia,145688,22,41,13,2,5,40.7,8544,1.29,1.86,109,2719,2906
2179,0,1,POPLATEK TYDNE,1447,270,6546.846666666667,10734.595258127183,46529.392592592594,700.0,46208.5,54.0,0.0,0.0,4.0,6354.0,Hl.m. Praha,Prague,1204953,0,0,0,1,1,100.0,12541,0.29,0.43,167,85677,99107
1164,0,35,POPLATEK MESICNE,1447,299,2426.4802675585283,5652.611358411276,34047.68829431439,300.0,59389.0,59.8,0.0,0.0,0.0,0.0,Jablonec n. Nisou,north Bohemia,88768,10,18,5,1,7,80.5,8867,1.02,1.21,130,3384,3620
4774,0,66,POPLATEK MESICNE,1447,308,7689.901298701299,8932.875896081094,40090.353571428575,300.0,51348.0,61.6,1.0,0.0,1.0,9689.0,Zdar nad Sazavou,south Moravia,125832,151,41,2,3,5,48.3,8512,3.51,4.12,102,2247,2103
4413,0,74,POPLATEK TYDNE,1446,311,10915.00739549839,12690.354309260167,39055.314147909965,1100.0,35923.4,62.2,1.0,0.0,2.0,12412.0,Ostrava - mesto,north Moravia,323870,0,0,0,1,1,100.0,10673,4.75,5.44,100,18782,18347
1824,0,52,POPLATEK MESICNE,1444,313,7728.883706070288,9570.800058365112,46655.18019169329,300.0,54870.8,62.6,0.0,0.0,2.0,9834.0,Usti nad Orlici,east Bohemia,139012,59,41,8,3,10,61.9,8363,2.52,3.49,108,2564,2799
1231,0,7,POPLATEK MESICNE,1443,266,6690.549624060151,7623.420545612317,35350.535338345864,1000.0,19225.0,53.2,0.0,1.0,2.0,4150.0,Melnik,central Bohemia,94725,38,28,1,3,6,63.4,9920,2.26,2.87,130,4289,4846
2664,0,58,POPLATEK MESICNE,1441,316,4834.191772151899,6235.055751627275,43481.214556962026,400.0,53740.6,63.2,0.0,0.0,2.0,3928.0,Jihlava,south Moravia,109164,98,16,6,1,4,63.6,8757,3.38,3.95,96,2212,2471
1627,0,1,POPLATEK MESICNE,1441,225,3433.6284444444445,3927.2555244895543,32933.624,1000.0,40150.8,45.0,0.0,0.0,0.0,0.0,Hl.m. Praha,Prague,1204953,0,0,0,1,1,100.0,12541,0.29,0.43,167,85677,99107
9104,0,10,POPLATEK MESICNE,1440,334,9587.017365269461,13060.89895443709,58818.25898203593,200.0,91698.6,66.8,1.0,0.0,1.0,3585.2,Praha - vychod,central Bohemia,92084,55,29,4,3,5,46.7,10124,0.56,0.54,141,3810,4316
2326,0,70,POPLATEK MESICNE,1437,262,7574.479389312977,11392.498779569187,41885.33702290076,200.0,31530.0,52.4,0.0,0.0,1.0,3422.0,Karvina,north Moravia,285387,0,2,8,5,7,89.9,10177,6.63,7.75,81,9878,10108
4356,1,47,POPLATEK MESICNE,1435,228,3054.0666666666666,3210.760867890703,15931.567543859648,-2659.2,2443.2,45.6,0.0,0.0,1.0,1003.0,Pardubice,east Bohemia,162580,83,26,5,1,6,72.8,9538,1.51,1.81,111,6079,5410
3667,0,55,POPLATEK MESICNE,1435,260,2212.7123076923076,2006.566517586807,20969.67423076923,700.0,18359.0,52.0,0.0,1.0,1.0,2975.0,Brno - venkov,south Moravia,157042,49,70,18,0,9,33.9,8743,1.88,2.43,111,3659,3894
742,0,77,POPLATEK MESICNE,1433,229,1690.525327510917,1669.4402641292843,20752.570305676854,400.0,22057.1,45.8,0.0,1.0,1.0,2048.0,Vsetin,north Moravia,148545,8,35,12,3,4,53.5,8909,4.01,5.56,113,3460,3590
2538,0,42,POPLATEK MESICNE,1431,236,2468.5703389830505,2476.194370393314,24704.039830508475,200.0,26625.3,47.2,0.0,1.0,1.0,3689.0,Havlickuv Brod,east Bohemia,95907,87,25,5,2,7,59.1,8388,2.41,2.94,87,1658,1668
127,0,29,POPLATEK MESICNE,1428,215,1435.8651162790698,1464.7979077355385,15738.423720930234,600.0,14277.8,43.0,0.0,1.0,1.0,2242.0,Rokycany,west Bohemia,45714,52,10,5,1,6,55.6,8843,2.82,3.60,113,818,888
726,1,76,POPLATEK MESICNE,1427,248,2451.4967741935484,2397.9788258152694,26021.65443548387,300.0,22887.5,49.6,0.0,0.0,1.0,3198.0,Sumperk,north Moravia,127369,31,32,13,2,7,51.2,8369,4.73,5.88,107,3736,2807
4907,0,42,POPLATEK MESICNE,1424,374,4276.908823529411,6252.822315556549,26537.27219251337,500.0,15136.7,74.8,1.0,0.0,4.0,7575.0,Havlickuv Brod,east Bohemia,95907,87,25,5,2,7,59.1,8388,2.41,2.94,87,1658,1668
2628,1,64,POPLATEK PO OBRATU,1424,313,14275.299361022366,15144.740146154736,52662.244408945684,-378.8,94089.4,62.6,0.0,0.0,1.0,3090.0,Zlin,south Moravia,197099,29,41,10,2,10,74.7,9624,1.60,2.31,145,4484,4265
3898,0,70,POPLATEK MESICNE,1423,247,2433.584210526316,2559.2013888899055,27261.28866396761,800.0,46548.6,49.4,0.0,0.0,1.0,2650.0,Karvina,north Moravia,285387,0,2,8,5,7,89.9,10177,6.63,7.75,81,9878,10108
6472,0,61,POPLATEK MESICNE,1422,299,13012.528093645484,15615.718109646652,62787.51371237459,800.0,64406.0,59.8,1.0,0.0,1.0,3597.0,Trebic,south Moravia,117897,139,28,5,1,6,53.8,8814,4.76,5.74,107,2112,2059
1770,0,65,POPLATEK MESICNE,1422,272,7716.358455882353,8470.656789236315,57101.13125,1000.0,70109.9,54.4,0.0,0.0,1.0,8351.0,Znojmo,south Moravia,114200,101,41,4,1,4,43.7,8403,5.74,5.72,105,2157,2718
2472,0,60,POPLATEK MESICNE,1422,271,5923.774169741698,6931.921161495001,56680.45719557196,800.0,80672.4,54.2,0.0,0.0,2.0,5342.0,Prostejov,south Moravia,110643,49,41,4,1,4,51.9,8441,3.45,4.48,115,1879,2252
1159,0,49,POPLATEK MESICNE,1421,262,4257.01641221374,4465.282946143119,33018.703435114505,400.0,46046.2,52.4,0.0,0.0,1.0,6470.0,Semily,east Bohemia,75685,31,28,5,1,9,60.8,8208,1.89,2.26,155,1660,2123
4418,0,66,POPLATEK MESICNE,1421,368,3719.2733695652178,5006.385567275678,22305.110054347828,200.0,17924.8,73.6,0.0,0.0,5.0,9359.0,Zdar nad Sazavou,south Moravia,125832,151,41,2,3,5,48.3,8512,3.51,4.12,102,2247,2103
1470,0,19,POPLATEK MESICNE,1420,248,5089.287096774194,5486.673523112666,38519.221370967745,1100.0,25276.7,49.6,0.0,0.0,1.0,4060.0,Prachatice,south Bohemia,51428,50,11,3,1,4,52.7,8402,3.13,3.98,120,999,1099
1813,0,47,POPLATEK MESICNE,1419,374,12814.319786096255,15123.980914591091,69907.0280748663,1100.0,85734.2,74.8,0.0,0.0,2.0,5162.0,Pardubice,east Bohemia,162580,83,26,5,1,6,72.8,9538,1.51,1.81,111,6079,5410
4416,0,14,POPLATEK MESICNE,1418,291,2315.4917525773194,5415.871872300261,45286.45910652921,800.0,68608.6,58.2,0.0,1.0,0.0,0.0,Ceske Budejovice,south Bohemia,177686,69,27,10,1,9,74.8,10045,1.42,1.71,135,6604,6295
2315,0,75,POPLATEK MESICNE,1417,224,1701.8607142857143,1928.8039198038273,33959.728571428575,900.0,40892.9,44.8,0.0,0.0,1.0,1673.0,Prerov,north Moravia,138032,67,30,4,2,5,64.6,8819,5.38,5.66,99,4063,4505
3876,0,69,POPLATEK MESICNE,1417,223,11590.761434977578,13926.669267591098,40555.47219730942,500.0,30235.2,44.6,0.0,0.0,1.0,12056.0,Jesenik,north Moravia,42821,4,13,5,1,3,48.4,8173,?,7.01,124,?,1358
4329,0,1,POPLATEK MESICNE,1413,274,3090.3116788321167,7335.520810043985,27453.569343065694,300.0,14745.7,54.8,0.0,0.0,0.0,0.0,Hl.m. Praha,Prague,1204953,0,0,0,1,1,100.0,12541,0.29,0.43,167,85677,99107
3184,0,1,POPLATEK MESICNE,1412,214,2097.4453271028037,2089.366140813314,22459.207476635514,700.0,31346.4,42.8,0.0,1.0,1.0,3410.0,Hl.m. Praha,Prague,1204953,0,0,0,1,1,100.0,12541,0.29,0.43,167,85677,99107
370,0,25,POPLATEK MESICNE,1412,288,967.4871527777777,1120.525127270615,20378.025694444445,700.0,16294.3,57.6,0.0,1.0,3.0,2075.0,Klatovy,west Bohemia,88757,60,33,3,2,10,61.7,8554,2.47,2.68,113,1822,2218
1317,0,56,POPLATEK MESICNE,1412,234,2552.461965811966,2610.6254355885767,27713.65982905983,1100.0,34558.4,46.8,0.0,0.0,1.0,3493.0,Breclav,south Moravia,124605,11,42,14,1,8,46.0,8772,4.69,4.98,126,2854,3158
2675,0,1,POPLATEK MESICNE,1411,112,4709.2,9030.472789424732,25739.616071428572,900.0,16631.5,22.4,0.0,0.0,0.0,0.0,Hl.m. Praha,Prague,1204953,0,0,0,1,1,100.0,12541,0.29,0.43,167,85677,99107
3840,0,76,POPLATEK MESICNE,1411,234,2238.809829059829,2348.9063441329713,28697.6094017094,700.0,36996.6,46.8,0.0,0.0,1.0,2559.0,Sumperk,north Moravia,127369,31,32,13,2,7,51.2,8369,4.73,5.88,107,3736,2807
4009,0,56,POPLATEK MESICNE,1410,230,10579.811304347826,12051.614041123437,55269.03,900.0,90284.8,46.0,0.0,0.0,0.0,0.0,Breclav,south Moravia,124605,11,42,14,1,8,46.0,8772,4.69,4.98,126,2854,3158
3886,0,1,POPLATEK MESICNE,1410,220,12668.089999999998,16088.173560548408,50486.693181818184,400.0,27102.6,44.0,0.0,0.0,0.0,0.0,Hl.m. Praha,Prague,1204953,0,0,0,1,1,100.0,12541,0.29,0.43,167,85677,99107
3445,0,1,POPLATEK MESICNE,1408,213,5089.940845070422,6060.63311478679,31773.514084507042,1100.0,47370.8,42.6,0.0,0.0,0.0,0.0,Hl.m. Praha,Prague,1204953,0,0,0,1,1,100.0,12541,0.29,0.43,167,85677,99107
2482,0,1,POPLATEK MESICNE,1407,372,3111.162634408602,4541.588907451595,29908.83172043011,500.0,51108.5,74.4,0.0,0.0,5.0,9369.0,Hl.m. Praha,Prague,1204953,0,0,0,1,1,100.0,12541,0.29,0.43,167,85677,99107
2361,1,28,POPLATEK MESICNE,1405,302,3273.1543046357615,2773.398855770189,21277.89271523179,500.0,21382.4,60.4,1.0,1.0,2.0,8965.0,Plzen - sever,west Bohemia,72541,66,26,10,0,8,36.9,8594,1.62,2.01,112,1580,1525
974,0,29,POPLATEK MESICNE,1405,220,11062.34181818182,12443.350836097436,48786.729090909095,500.0,61008.6,44.0,0.0,0.0,0.0,0.0,Rokycany,west Bohemia,45714,52,10,5,1,6,55.6,8843,2.82,3.60,113,818,888
2959,1,8,POPLATEK MESICNE,1405,287,15689.866898954704,15714.865638180567,56961.10034843206,-969.1,33103.7,57.4,0.0,0.0,0.0,0.0,Mlada Boleslav,central Bohemia,112065,95,19,7,1,8,69.4,11277,1.25,1.44,127,5179,4987
1880,0,76,POPLATEK MESICNE,1405,288,2152.297916666667,5602.040843532731,32682.864236111112,500.0,27791.8,57.6,0.0,0.0,0.0,0.0,Sumperk,north Moravia,127369,31,32,13,2,7,51.2,8369,4.73,5.88,107,3736,2807
3355,0,70,POPLATEK MESICNE,1404,232,2119.9862068965517,2245.297581792802,35866.54181034483,1100.0,53510.2,46.4,0.0,0.0,1.0,2575.0,Karvina,north Moravia,285387,0,2,8,5,7,89.9,10177,6.63,7.75,81,9878,10108
2501,0,30,POPLATEK MESICNE,1404,324,5620.136111111111,7761.234269884887,47740.30370370371,600.0,54610.1,64.8,0.0,1.0,3.0,4411.0,Sokolov,west Bohemia,94812,15,13,8,2,10,81.8,9650,3.38,3.67,100,2985,2804
1073,0,73,POPLATEK MESICNE,1403,264,2836.0079545454546,3031.290041628547,36041.42727272728,1000.0,75507.6,52.8,0.0,0.0,1.0,3843.0,Opava,north Moravia,182027,17,49,12,2,7,56.4,8746,3.33,3.74,90,4355,4433
8558,0,1,POPLATEK PO OBRATU,1403,274,6664.240510948905,11367.109010434126,37328.27408759124,800.0,41135.1,54.8,1.0,0.0,1.0,4806.5,Hl.m. Praha,Prague,1204953,0,0,0,1,1,100.0,12541,0.29,0.43,167,85677,99107
3101,0,1,POPLATEK MESICNE,1403,211,1191.1521327014218,1192.713638138918,16601.790521327013,700.0,23450.1,42.2,0.0,0.0,1.0,1938.0,Hl.m. Praha,Prague,1204953,0,0,0,1,1,100.0,12541,0.29,0.43,167,85677,99107
2568,0,17,POPLATEK MESICNE,1400,350,6507.026571428571,9015.336380904922,39946.504,600.0,38195.2,70.0,0.0,0.0,3.0,6620.0,Pelhrimov,south Bohemia,74062,99,15,4,2,7,61.4,8114,2.38,2.62,119,1003,1181
1169,0,49,POPLATEK PO OBRATU,1400,313,8173.929073482427,11326.662382383636,42998.719488817886,1000.0,65199.7,62.6,0.0,1.0,2.0,8339.0,Semily,east Bohemia,75685,31,28,5,1,9,60.8,8208,1.89,2.26,155,1660,2123
3684,0,23,POPLATEK MESICNE,1398,242,2492.153305785124,2591.4377422184016,22475.678512396695,1100.0,24354.4,48.4,0.0,0.0,1.0,3365.0,Cheb,west Bohemia,87419,21,11,4,3,9,85.5,8624,1.79,2.66,102,2879,3198
1406,0,50,POPLATEK MESICNE,1398,245,1501.9889795918366,1751.7595716319872,21091.083673469388,200.0,20860.4,49.0,0.0,0.0,2.0,2760.0,Svitavy,east Bohemia,102609,75,33,2,3,6,52.0,8187,4.83,5.45,94,2123,2134
71,0,1,POPLATEK MESICNE,1397,388,5493.688144329897,8633.152932392137,48157.512886597935,700.0,62839.0,77.6,0.0,0.0,4.0,4359.0,Hl.m. Praha,Prague,1204953,0,0,0,1,1,100.0,12541,0.29,0.43,167,85677,99107
3528,0,10,POPLATEK MESICNE,1397,265,8235.157358490567,8990.387238160347,41096.25509433962,900.0,29284.4,53.0,0.0,0.0,1.0,7655.0,Praha - vychod,central Bohemia,92084,55,29,4,3,5,46.7,10124,0.56,0.54,141,3810,4316
3405,0,36,POPLATEK MESICNE,1395,263,7695.517870722433,8565.036285758444,41893.19923954373,200.0,46368.5,52.6,0.0,1.0,1.0,7543.0,Liberec,north Bohemia,159617,29,19,8,1,9,85.2,9198,3.33,4.28,131,5796,6132
6118,0,1,POPLATEK TYDNE,1395,339,8131.445427728613,11737.24211220817,46224.769616519174,-5141.4,32350.7,67.8,1.0,0.0,1.0,7518.0,Hl.m. Praha,Prague,1204953,0,0,0,1,1,100.0,12541,0.29,0.43,167,85677,99107
2382,0,59,POPLATEK MESICNE,1394,233,2339.9918454935623,2407.9517009870992,23701.579399141632,1000.0,15009.4,46.6,0.0,0.0,1.0,3123.0,Kromeriz,south Moravia,108871,41,29,7,2,6,62.1,8444,3.24,3.47,106,2595,2305
1570,0,1,POPLATEK MESICNE,1390,204,1814.9681372549019,1729.6665439658425,19216.00294117647,200.0,23306.0,40.8,0.0,0.0,1.0,2865.0,Hl.m. Praha,Prague,1204953,0,0,0,1,1,100.0,12541,0.29,0.43,167,85677,99107
1511,0,51,POPLATEK PO OBRATU,1389,269,15002.787360594795,15298.357778176496,55833.44758364312,-805.4,25787.9,53.8,0.0,0.0,1.0,1657.7,Trutnov,east Bohemia,121947,37,28,7,3,11,70.5,8541,2.51,2.97,131,3496,3839
1237,0,9,POPLATEK MESICNE,1389,274,13468.2598540146,15103.093660416253,66489.40948905109,1100.0,55808.1,54.8,0.0,0.0,0.0,0.0,Nymburk,central Bohemia,81344,61,23,4,2,6,55.3,8899,3.39,3.97,149,2987,2487
3307,0,30,POPLATEK MESICNE,1389,286,2569.7325174825173,5929.231495975572,44503.804195804194,800.0,63172.8,57.2,0.0,0.0,0.0,0.0,Sokolov,west Bohemia,94812,15,13,8,2,10,81.8,9650,3.38,3.67,100,2985,2804
3378,0,55,POPLATEK MESICNE,1388,259,4749.411196911197,5130.719447336527,37176.09691119691,800.0,32486.0,51.8,0.0,1.0,1.0,6387.0,Brno - venkov,south Moravia,157042,49,70,18,0,9,33.9,8743,1.88,2.43,111,3659,3894
989,0,19,POPLATEK MESICNE,1388,255,1745.9980392156863,1797.7783852731113,18377.88862745098,1000.0,23034.1,51.0,0.0,0.0,2.0,3409.0,Prachatice,south Bohemia,51428,50,11,3,1,4,52.7,8402,3.13,3.98,120,999,1099
3253,0,71,POPLATEK PO OBRATU,1387,239,10741.148117154811,13530.525505330757,46501.98870292887,400.0,8046.0,47.8,0.0,1.0,1.0,1951.3,Novy Jicin,north Moravia,161227,5,35,11,4,10,69.7,8678,5.93,5.57,102,4980,4595
1626,0,3,POPLATEK MESICNE,1387,215,8987.596744186047,9736.098804273619,40053.187906976746,1100.0,41196.1,43.0,0.0,0.0,0.0,0.0,Beroun,central Bohemia,75232,55,26,4,1,5,41.7,8980,1.95,2.21,111,2824,2813
289,0,1,POPLATEK MESICNE,1385,298,5677.936577181208,6743.970478537967,40687.043288590605,300.0,38057.4,59.6,0.0,0.0,2.0,8366.0,Hl.m. Praha,Prague,1204953,0,0,0,1,1,100.0,12541,0.29,0.43,167,85677,99107
1987,0,54,POPLATEK MESICNE,1385,224,8290.847767857142,9378.417484770534,38511.581249999996,900.0,28352.8,44.8,0.0,0.0,0.0,0.0,Brno - mesto,south Moravia,387570,0,0,0,1,1,100.0,9897,1.60,1.96,140,18721,18696
817,0,5,POPLATEK MESICNE,1384,283,7345.379858657244,8197.80745151907,31550.514134275618,200.0,28409.8,56.6,1.0,0.0,2.0,13580.0,Kolin,central Bohemia,95616,65,30,4,1,6,51.4,9307,3.85,4.43,118,2616,3040
2228,0,34,POPLATEK MESICNE,1383,273,9125.650549450549,12261.61281490555,48789.95641025641,700.0,17747.6,54.6,1.0,0.0,2.0,8498.7,Chomutov,north Bohemia,125236,28,11,1,4,5,87.7,9675,6.43,7.68,100,5323,5190
904,0,1,POPLATEK MESICNE,1382,214,8338.571962616821,9295.772638340357,56799.622429906536,300.0,63656.9,42.8,0.0,0.0,0.0,0.0,Hl.m. Praha,Prague,1204953,0,0,0,1,1,100.0,12541,0.29,0.43,167,85677,99107
3824,0,41,POPLATEK MESICNE,1382,226,4113.7553097345135,4022.1649484263385,24992.93849557522,700.0,28071.5,45.2,0.0,1.0,1.0,6198.0,Usti nad Labem,north Bohemia,118650,8,8,5,1,3,85.6,9832,3.32,4.48,114,6445,5471
3599,0,63,POPLATEK MESICNE,1382,211,2217.0431279620852,2247.0598930046717,22925.213744075827,700.0,30664.6,42.2,0.0,0.0,1.0,3257.0,Vyskov,south Moravia,86513,38,36,5,1,5,50.5,8288,3.79,4.52,110,1562,1460
22,1,1,POPLATEK MESICNE,1379,244,6701.874590163934,7114.932733477046,42851.57991803279,1100.0,57714.7,48.8,0.0,0.0,1.0,6352.0,Hl.m. Praha,Prague,1204953,0,0,0,1,1,100.0,12541,0.29,0.43,167,85677,99107
470,0,64,POPLATEK MESICNE,1379,341,2478.558064516129,2909.81593067041,25489.66070381232,600.0,34573.5,68.2,0.0,0.0,3.0,5276.0,Zlin,south Moravia,197099,29,41,10,2,10,74.7,9624,1.60,2.31,145,4484,4265
1273,0,37,POPLATEK MESICNE,1377,254,7704.737401574804,9053.636134793791,45735.84803149606,500.0,71054.7,50.8,0.0,0.0,1.0,3863.0,Litomerice,north Bohemia,114006,71,26,6,2,9,62.3,9065,4.46,5.39,123,4147,4166
237,0,50,POPLATEK MESICNE,1377,246,1033.7939024390244,1180.678948016436,13957.935365853658,900.0,14310.3,49.2,0.0,0.0,2.0,1940.0,Svitavy,east Bohemia,102609,75,33,2,3,6,52.0,8187,4.83,5.45,94,2123,2134
59,0,43,POPLATEK MESICNE,1375,301,4749.712292358804,5660.634521348445,40694.5488372093,600.0,42190.4,60.2,0.0,0.0,2.0,6885.0,Hradec Kralove,east Bohemia,161854,73,21,6,1,6,76.3,9425,1.72,2.50,125,4085,3891
572,0,32,POPLATEK MESICNE,1375,342,5557.577192982456,7679.851090557945,42982.78157894737,700.0,69134.2,68.4,0.0,0.0,4.0,8094.0,Ceska Lipa,north Bohemia,105058,32,19,7,2,10,81.0,9272,2.80,3.22,118,4340,4505
1269,0,52,POPLATEK MESICNE,1374,295,4040.799661016949,4760.000478066191,27087.73627118644,400.0,41333.2,59.0,0.0,0.0,2.0,7439.0,Usti nad Orlici,east Bohemia,139012,59,41,8,3,10,61.9,8363,2.52,3.49,108,2564,2799
855,0,1,POPLATEK MESICNE,1374,257,5409.177431906615,6067.312164734268,35629.32295719844,800.0,69240.9,51.4,0.0,0.0,1.0,6608.0,Hl.m. Praha,Prague,1204953,0,0,0,1,1,100.0,12541,0.29,0.43,167,85677,99107
3183,0,45,POPLATEK MESICNE,1370,251,2417.764143426295,2548.2814867100456,28366.496015936256,600.0,23441.0,50.2,0.0,1.0,1.0,3024.0,Jicin,east Bohemia,77917,85,19,6,1,5,53.5,8390,2.28,2.89,132,2080,2122
1969,0,5,POPLATEK MESICNE,1369,236,4386.126694915254,4526.550264366622,21299.029237288138,800.0,33503.2,47.2,0.0,0.0,1.0,5403.0,Kolin,central Bohemia,95616,65,30,4,1,6,51.4,9307,3.85,4.43,118,2616,3040
2799,1,54,POPLATEK TYDNE,1368,353,10799.197733711047,14020.15054553767,53880.087818696884,200.0,38938.8,70.6,0.0,0.0,3.0,8406.0,Brno - mesto,south Moravia,387570,0,0,0,1,1,100.0,9897,1.60,1.96,140,18721,18696
1042,0,43,POPLATEK MESICNE,1368,219,5320.711415525115,6043.369401374914,42956.0899543379,900.0,44838.1,43.8,0.0,0.0,0.0,0.0,Hradec Kralove,east Bohemia,161854,73,21,6,1,6,76.3,9425,1.72,2.50,125,4085,3891
1158,0,50,POPLATEK MESICNE,1368,242,2197.2004132231405,2340.866104786698,29643.579338842977,200.0,50179.4,48.4,0.0,0.0,1.0,2171.0,Svitavy,east Bohemia,102609,75,33,2,3,6,52.0,8187,4.83,5.45,94,2123,2134
2713,0,26,POPLATEK MESICNE,1368,221,2457.6027149321267,2595.752993097458,28686.273755656108,500.0,45959.1,44.2,0.0,1.0,1.0,3387.0,Plzen - mesto,west Bohemia,170449,0,0,0,1,1,100.0,10787,2.64,3.09,131,6041,6261
740,0,28,POPLATEK MESICNE,1367,83,1073.7277108433734,1905.1473480120583,21128.998795180723,400.0,21517.9,16.6,0.0,0.0,0.0,0.0,Plzen - sever,west Bohemia,72541,66,26,10,0,8,36.9,8594,1.62,2.01,112,1580,1525
493,0,26,POPLATEK MESICNE,1366,222,7499.405405405405,8276.377266352307,49090.19144144144,800.0,43390.8,44.4,0.0,1.0,0.0,0.0,Plzen - mesto,west Bohemia,170449,0,0,0,1,1,100.0,10787,2.64,3.09,131,6041,6261
2067,0,76,POPLATEK MESICNE,1364,227,2565.22422907489,5234.195146197852,36524.17973568282,400.0,63408.5,45.4,0.0,0.0,0.0,0.0,Sumperk,north Moravia,127369,31,32,13,2,7,51.2,8369,4.73,5.88,107,3736,2807
3804,0,7,POPLATEK MESICNE,1364,353,8773.049291784702,11620.105422145185,46095.765722379605,13097.7,37093.0,70.6,1.0,0.0,3.0,10371.7,Melnik,central Bohemia,94725,38,28,1,3,6,63.4,9920,2.26,2.87,130,4289,4846
4259,0,66,POPLATEK MESICNE,1363,357,12060.868907563026,16495.51591543137,53099.520168067225,900.0,39527.4,71.4,1.0,0.0,3.0,15089.0,Zdar nad Sazavou,south Moravia,125832,151,41,2,3,5,48.3,8512,3.51,4.12,102,2247,2103
2886,0,1,POPLATEK MESICNE,1363,262,2481.58893129771,2534.721208832515,27951.85419847328,900.0,24862.9,52.4,0.0,0.0,1.0,3472.0,Hl.m. Praha,Prague,1204953,0,0,0,1,1,100.0,12541,0.29,0.43,167,85677,99107
761,0,43,POPLATEK MESICNE,1362,72,1577.322222222222,2025.0603719897936,33748.83888888889,300.0,59766.2,14.4,0.0,0.0,0.0,0.0,Hradec Kralove,east Bohemia,161854,73,21,6,1,6,76.3,9425,1.72,2.50,125,4085,3891
1918,0,24,POPLATEK MESICNE,1361,242,2751.5760330578514,2763.5983686114137,20063.003719008266,800.0,16396.5,48.4,0.0,0.0,1.0,4231.0,Karlovy Vary,west Bohemia,122603,25,21,6,2,8,80.0,8991,1.39,2.01,128,5198,5273
3036,0,10,POPLATEK MESICNE,1361,180,7214.695000000001,11152.442427384241,34628.26055555556,900.0,54830.2,36.0,0.0,1.0,0.0,0.0,Praha - vychod,central Bohemia,92084,55,29,4,3,5,46.7,10124,0.56,0.54,141,3810,4316
3259,0,1,POPLATEK MESICNE,1360,297,1266.8734006734007,1308.948477631621,34633.75218855219,700.0,50973.1,59.4,0.0,1.0,2.0,2262.0,Hl.m. Praha,Prague,1204953,0,0,0,1,1,100.0,12541,0.29,0.43,167,85677,99107
4408,0,71,POPLATEK TYDNE,1360,243,11814.640329218108,13940.243737963168,59062.845679012345,800.0,71365.2,48.6,0.0,0.0,2.0,8935.9,Novy Jicin,north Moravia,161227,5,35,11,4,10,69.7,8678,5.93,5.57,102,4980,4595
2009,0,17,POPLATEK MESICNE,1357,283,7728.045583038869,9950.815782560077,53962.99964664311,1100.0,58314.8,56.6,0.0,0.0,2.0,4263.0,Pelhrimov,south Bohemia,74062,99,15,4,2,7,61.4,8114,2.38,2.62,119,1003,1181
1194,0,1,POPLATEK MESICNE,1356,259,8142.930888030888,9963.94579661877,47806.705019305016,500.0,40127.4,51.8,0.0,1.0,1.0,3171.0,Hl.m. Praha,Prague,1204953,0,0,0,1,1,100.0,12541,0.29,0.43,167,85677,99107
3718,0,63,POPLATEK MESICNE,1355,263,1424.536121673004,1482.6983803095923,25434.469201520915,900.0,34064.8,52.6,0.0,0.0,1.0,2107.0,Vyskov,south Moravia,86513,38,36,5,1,5,50.5,8288,3.79,4.52,110,1562,1460
3201,0,4,POPLATEK MESICNE,1354,289,3305.3754325259515,3507.680701033275,29887.219723183392,300.0,34125.6,57.8,0.0,1.0,2.0,6250.0,Kladno,central Bohemia,149893,63,29,6,2,6,67.4,9753,4.64,5.05,109,5244,5892
460,0,1,POPLATEK MESICNE,1353,205,2450.850243902439,2394.976503049509,20191.32731707317,1100.0,27470.7,41.0,0.0,0.0,1.0,3554.0,Hl.m. Praha,Prague,1204953,0,0,0,1,1,100.0,12541,0.29,0.43,167,85677,99107
784,0,59,POPLATEK MESICNE,1352,371,5940.626684636119,9337.070811029438,36559.56010781672,1000.0,30224.6,74.2,0.0,0.0,4.0,3510.0,Kromeriz,south Moravia,108871,41,29,7,2,6,62.1,8444,3.24,3.47,106,2595,2305
3714,0,2,POPLATEK TYDNE,1350,369,7491.654471544715,12154.833944465929,55409.02384823848,800.0,68910.4,73.8,0.0,0.0,4.0,4233.0,Benesov,central Bohemia,88884,80,26,6,2,5,46.7,8507,1.67,1.85,132,2159,2674
2154,0,63,POPLATEK MESICNE,1350,207,1278.2951690821255,1268.1171129708641,18113.564734299518,200.0,22585.6,41.4,0.0,1.0,1.0,2126.0,Vyskov,south Moravia,86513,38,36,5,1,5,50.5,8288,3.79,4.52,110,1562,1460
1256,0,38,POPLATEK MESICNE,1350,325,4502.448,5679.50880870177,32625.61630769231,700.0,36314.0,65.0,1.0,0.0,3.0,8602.0,Louny,north Bohemia,85852,41,23,4,2,4,59.8,8965,7.08,8.23,104,2653,2822
1353,0,51,POPLATEK MESICNE,1350,273,5647.619413919414,6612.990090730491,35368.56007326007,700.0,26680.5,54.6,0.0,1.0,2.0,7297.0,Trutnov,east Bohemia,121947,37,28,7,3,11,70.5,8541,2.51,2.97,131,3496,3839
1820,1,10,POPLATEK MESICNE,1349,233,6833.495278969956,7011.138237569832,34707.49785407725,500.0,40544.4,46.6,0.0,0.0,1.0,7794.0,Praha - vychod,central Bohemia,92084,55,29,4,3,5,46.7,10124,0.56,0.54,141,3810,4316
2494,0,74,POPLATEK MESICNE,1348,337,11248.078338278932,15796.470157941922,52767.02670623145,200.0,83419.3,67.4,0.0,0.0,3.0,7146.0,Ostrava - mesto,north Moravia,323870,0,0,0,1,1,100.0,10673,4.75,5.44,100,18782,18347
2399,0,1,POPLATEK MESICNE,1345,258,2285.813178294574,4936.029509571304,31850.397286821706,300.0,46584.0,51.6,0.0,0.0,0.0,0.0,Hl.m. Praha,Prague,1204953,0,0,0,1,1,100.0,12541,0.29,0.43,167,85677,99107
343,0,18,POPLATEK MESICNE,1345,243,1577.1283950617285,1667.5348342032607,19171.74403292181,900.0,25144.3,48.6,0.0,0.0,1.0,2505.0,Pisek,south Bohemia,70699,60,13,2,1,4,65.3,8968,2.83,3.35,131,1740,1910
575,0,38,POPLATEK MESICNE,1345,274,3266.508394160584,3690.7631607113544,21549.48905109489,200.0,17055.3,54.8,0.0,1.0,2.0,6085.0,Louny,north Bohemia,85852,41,23,4,2,4,59.8,8965,7.08,8.23,104,2653,2822
900,0,48,POPLATEK MESICNE,1345,237,3705.96835443038,3809.1057576797793,20599.808016877636,1100.0,17426.2,47.4,0.0,1.0,1.0,5950.0,Rychnov nad Kneznou,east Bohemia,78955,50,24,8,1,9,59.0,9060,1.78,2.44,124,1655,1717
1467,0,37,POPLATEK MESICNE,1344,234,7839.883333333333,8347.608197012896,54120.599145299144,800.0,69044.4,46.8,0.0,0.0,1.0,6814.0,Litomerice,north Bohemia,114006,71,26,6,2,9,62.3,9065,4.46,5.39,123,4147,4166
31,0,68,POPLATEK MESICNE,1344,327,15487.668501529051,14517.723478453041,60286.04923547401,800.0,15814.2,65.4,0.0,0.0,1.0,10202.0,Frydek - Mistek,north Moravia,228848,15,40,18,2,6,57.2,9893,4.09,4.72,96,5623,5887
1375,0,19,POPLATEK MESICNE,1344,278,6940.526618705036,8096.456741145374,47647.05935251799,800.0,42226.0,55.6,1.0,0.0,2.0,7819.0,Prachatice,south Bohemia,51428,50,11,3,1,4,52.7,8402,3.13,3.98,120,999,1099
1371,0,1,POPLATEK MESICNE,1344,199,1956.841206030151,1909.849423624739,20904.252261306534,400.0,23863.1,39.8,0.0,0.0,1.0,3074.0,Hl.m. Praha,Prague,1204953,0,0,0,1,1,100.0,12541,0.29,0.43,167,85677,99107
844,0,53,POPLATEK MESICNE,1343,295,15152.66,18514.778174275056,57252.08372881356,700.0,39652.4,59.0,0.0,0.0,2.0,14171.0,Blansko,south Moravia,107911,88,33,6,2,7,50.9,8240,2.53,3.56,99,1850,1903
908,0,62,POPLATEK MESICNE,1342,219,2300.661187214612,6829.965356044719,29466.569406392697,900.0,76547.5,43.8,0.0,0.0,0.0,0.0,Uherske Hradiste,south Moravia,145688,22,41,13,2,5,40.7,8544,1.29,1.86,109,2719,2906
3134,0,48,POPLATEK MESICNE,1342,252,7453.902777777777,8710.489105887058,46387.56468253968,600.0,54309.6,50.4,0.0,1.0,1.0,3268.0,Rychnov nad Kneznou,east Bohemia,78955,50,24,8,1,9,59.0,9060,1.78,2.44,124,1655,1717
2092,0,1,POPLATEK MESICNE,1342,209,7991.798086124402,10720.473054075987,37192.483732057415,200.0,17165.4,41.8,0.0,0.0,1.0,7598.0,Hl.m. Praha,Prague,1204953,0,0,0,1,1,100.0,12541,0.29,0.43,167,85677,99107
3747,0,1,POPLATEK MESICNE,1340,338,3099.7707100591715,3181.841334731607,17921.27573964497,1100.0,19994.3,67.6,1.0,0.0,4.0,12081.0,Hl.m. Praha,Prague,1204953,0,0,0,1,1,100.0,12541,0.29,0.43,167,85677,99107
277,0,32,POPLATEK PO OBRATU,1340,212,9641.519811320755,13235.844451916937,52092.214622641506,500.0,103902.0,42.4,0.0,0.0,1.0,2682.3,Ceska Lipa,north Bohemia,105058,32,19,7,2,10,81.0,9272,2.80,3.22,118,4340,4505
3595,0,30,POPLATEK MESICNE,1340,250,4687.4108,4944.370803482753,23234.513199999998,700.0,17780.8,50.0,0.0,0.0,1.0,7868.0,Sokolov,west Bohemia,94812,15,13,8,2,10,81.8,9650,3.38,3.67,100,2985,2804
2511,0,40,POPLATEK MESICNE,1340,280,4640.268214285715,5238.600962084609,40404.298214285714,700.0,20426.4,56.0,0.0,0.0,2.0,5755.0,Teplice,north Bohemia,128118,9,16,6,3,8,85.3,9317,6.49,7.07,97,6949,6872
1388,0,29,POPLATEK MESICNE,1339,195,10432.099487179486,11193.87340482034,45512.02512820513,700.0,21490.9,39.0,0.0,1.0,0.0,0.0,Rokycany,west Bohemia,45714,52,10,5,1,6,55.6,8843,2.82,3.60,113,818,888
4245,0,52,POPLATEK MESICNE,1339,230,6271.416956521739,7026.2487206835885,48902.80695652174,500.0,55992.4,46.0,0.0,0.0,2.0,6197.0,Usti nad Orlici,east Bohemia,139012,59,41,8,3,10,61.9,8363,2.52,3.49,108,2564,2799
3838,0,3,POPLATEK MESICNE,1339,194,6195.525773195876,6479.017470517433,30110.165979381443,800.0,27778.4,38.8,0.0,0.0,0.0,0.0,Beroun,central Bohemia,75232,55,26,4,1,5,41.7,8980,1.95,2.21,111,2824,2813
543,0,64,POPLATEK MESICNE,1338,330,1182.688787878788,1336.0676496583437,18151.684545454547,600.0,13883.1,66.0,0.0,0.0,3.0,2388.0,Zlin,south Moravia,197099,29,41,10,2,10,74.7,9624,1.60,2.31,145,4484,4265
3653,0,31,POPLATEK MESICNE,1338,290,7206.89448275862,9162.156344625453,46230.8524137931,900.0,46927.5,58.0,0.0,0.0,2.0,5336.0,Tachov,west Bohemia,51313,34,12,3,1,4,59.2,8930,3.52,4.20,108,1328,1452
524,0,61,POPLATEK MESICNE,1338,248,7424.373387096774,8580.64896601611,33356.8810483871,1000.0,39172.5,49.6,0.0,0.0,1.0,5768.0,Trebic,south Moravia,117897,139,28,5,1,6,53.8,8814,4.76,5.74,107,2112,2059
82,0,26,POPLATEK MESICNE,1338,248,14002.194758064516,15725.493346326437,59840.481451612904,300.0,36370.5,49.6,0.0,0.0,0.0,0.0,Plzen - mesto,west Bohemia,170449,0,0,0,1,1,100.0,10787,2.64,3.09,131,6041,6261
3912,0,2,POPLATEK MESICNE,1337,270,1975.328148148148,2212.702286424841,30511.324444444443,700.0,27786.5,54.0,0.0,0.0,2.0,2728.0,Benesov,central Bohemia,88884,80,26,6,2,5,46.7,8507,1.67,1.85,132,2159,2674
1949,0,41,POPLATEK MESICNE,1337,374,3155.5842245989306,4501.918898310171,32362.960962566845,500.0,38094.6,74.8,0.0,0.0,4.0,7525.0,Usti nad Labem,north Bohemia,118650,8,8,5,1,3,85.6,9832,3.32,4.48,114,6445,5471
1865,0,1,POPLATEK MESICNE,1337,244,2152.5331967213115,2336.074943993701,29332.730327868852,800.0,37249.8,48.8,0.0,0.0,1.0,1915.0,Hl.m. Praha,Prague,1204953,0,0,0,1,1,100.0,12541,0.29,0.43,167,85677,99107
451,0,11,POPLATEK MESICNE,1336,81,1175.2345679012346,1846.7915251971795,23563.156790123456,700.0,21194.3,16.2,0.0,1.0,1.0,7208.0,Praha - zapad,central Bohemia,75637,35,36,9,0,7,36.5,9622,0.45,0.59,154,3475,3529
50,0,1,POPLATEK MESICNE,1335,296,5174.173310810811,6432.602868575885,33293.292905405404,900.0,41947.7,59.2,0.0,0.0,2.0,7293.0,Hl.m. Praha,Prague,1204953,0,0,0,1,1,100.0,12541,0.29,0.43,167,85677,99107
1184,0,14,POPLATEK MESICNE,1335,240,14729.518333333333,16000.324872245663,59044.70958333334,700.0,39301.3,48.0,0.0,0.0,0.0,0.0,Ceske Budejovice,south Bohemia,177686,69,27,10,1,9,74.8,10045,1.42,1.71,135,6604,6295
363,0,1,POPLATEK MESICNE,1335,246,13068.983333333334,14636.84416257259,60511.69918699187,1000.0,63012.3,49.2,0.0,0.0,0.0,0.0,Hl.m. Praha,Prague,1204953,0,0,0,1,1,100.0,12541,0.29,0.43,167,85677,99107
2454,0,8,POPLATEK MESICNE,1334,269,2899.8799256505577,7045.755835308912,32806.58178438662,400.0,26512.3,53.8,0.0,0.0,0.0,0.0,Mlada Boleslav,central Bohemia,112065,95,19,7,1,8,69.4,11277,1.25,1.44,127,5179,4987
2847,0,75,POPLATEK MESICNE,1333,252,3278.751984126984,3271.6983630464756,34903.5376984127,1100.0,48491.1,50.4,0.0,0.0,1.0,5185.0,Prerov,north Moravia,138032,67,30,4,2,5,64.6,8819,5.38,5.66,99,4063,4505
2740,0,14,POPLATEK MESICNE,1333,207,10182.284541062802,11308.732834327924,40435.62463768116,400.0,31979.2,41.4,0.0,1.0,0.0,0.0,Ceske Budejovice,south Bohemia,177686,69,27,10,1,9,74.8,10045,1.42,1.71,135,6604,6295
1871,0,48,POPLATEK MESICNE,1331,226,9726.396017699115,10188.296599911188,41066.1796460177,200.0,30507.4,45.2,0.0,0.0,0.0,0.0,Rychnov nad Kneznou,east Bohemia,78955,50,24,8,1,9,59.0,9060,1.78,2.44,124,1655,1717
8405,0,20,POPLATEK MESICNE,1331,412,5069.4184466019415,7594.5700704347955,36186.93859223301,900.0,36554.9,82.4,1.0,0.0,4.0,12286.0,Strakonice,south Bohemia,70646,94,14,3,1,4,58.4,8547,2.65,3.64,120,1563,1542
266,0,47,POPLATEK MESICNE,1330,261,18197.631034482758,20830.1547140381,70199.4643678161,400.0,56946.2,52.2,0.0,0.0,1.0,4975.2,Pardubice,east Bohemia,162580,83,26,5,1,6,72.8,9538,1.51,1.81,111,6079,5410
1879,0,10,POPLATEK MESICNE,1328,250,1041.1468,1099.2300681571276,13932.947199999999,1000.0,14110.5,50.0,0.0,0.0,2.0,2026.0,Praha - vychod,central Bohemia,92084,55,29,4,3,5,46.7,10124,0.56,0.54,141,3810,4316
2259,0,64,POPLATEK MESICNE,1327,202,1812.9282178217823,1791.3689843955988,17208.643564356436,600.0,22332.5,40.4,0.0,1.0,1.0,2520.0,Zlin,south Moravia,197099,29,41,10,2,10,74.7,9624,1.60,2.31,145,4484,4265
609,0,63,POPLATEK MESICNE,1326,274,855.0500000000001,1001.6394318916097,19059.248540145985,700.0,27639.4,54.8,0.0,0.0,3.0,1970.0,Vyskov,south Moravia,86513,38,36,5,1,5,50.5,8288,3.79,4.52,110,1562,1460
9750,0,74,POPLATEK MESICNE,1325,331,10024.270090634442,13329.629414132361,45166.82084592145,-669.7,52704.8,66.2,1.0,0.0,1.0,3160.7,Ostrava - mesto,north Moravia,323870,0,0,0,1,1,100.0,10673,4.75,5.44,100,18782,18347
2375,0,29,POPLATEK MESICNE,1325,280,7754.178214285714,9692.667231128624,52391.58964285714,1000.0,57531.3,56.0,0.0,0.0,2.0,7301.0,Rokycany,west Bohemia,45714,52,10,5,1,6,55.6,8843,2.82,3.60,113,818,888
216,1,38,POPLATEK MESICNE,1325,263,2065.6326996197718,2260.8080316110168,27875.64866920152,500.0,22787.1,52.6,0.0,0.0,2.0,2999.0,Louny,north Bohemia,85852,41,23,4,2,4,59.8,8965,7.08,8.23,104,2653,2822
56,0,50,POPLATEK MESICNE,1325,225,6089.654222222222,6393.866234189416,32137.354666666666,900.0,33688.0,45.0,0.0,1.0,1.0,8080.0,Svitavy,east Bohemia,102609,75,33,2,3,6,52.0,8187,4.83,5.45,94,2123,2134
7824,0,60,POPLATEK MESICNE,1324,239,9592.963179916318,13422.100659171838,35212.766945606694,-2631.0,35607.3,47.8,1.0,0.0,3.0,11584.8,Prostejov,south Moravia,110643,49,41,4,1,4,51.9,8441,3.45,4.48,115,1879,2252
649,0,69,POPLATEK TYDNE,1324,252,12740.010714285714,15147.913822738756,51816.70277777778,-1594.8,68917.5,50.4,0.0,1.0,1.0,3430.1,Jesenik,north Moravia,42821,4,13,5,1,3,48.4,8173,?,7.01,124,?,1358
2996,0,54,POPLATEK MESICNE,1324,361,3512.9110803324097,5214.489438519597,40452.15096952909,400.0,49971.9,72.2,0.0,0.0,4.0,7798.0,Brno - mesto,south Moravia,387570,0,0,0,1,1,100.0,9897,1.60,1.96,140,18721,18696
1509,0,51,POPLATEK MESICNE,1322,272,4904.414338235294,5622.117442597099,24507.246691176468,600.0,15987.7,54.4,0.0,0.0,2.0,7263.0,Trutnov,east Bohemia,121947,37,28,7,3,11,70.5,8541,2.51,2.97,131,3496,3839
2170,0,1,POPLATEK PO OBRATU,1322,336,14030.610714285714,19008.305209567316,68991.61339285715,600.0,58533.0,67.2,0.0,0.0,3.0,12317.0,Hl.m. Praha,Prague,1204953,0,0,0,1,1,100.0,12541,0.29,0.43,167,85677,99107
2001,0,75,POPLATEK MESICNE,1322,264,13759.316287878788,15240.75904723309,57420.28295454545,1000.0,67996.8,52.8,0.0,0.0,1.0,12524.0,Prerov,north Moravia,138032,67,30,4,2,5,64.6,8819,5.38,5.66,99,4063,4505
2903,1,38,POPLATEK MESICNE,1322,234,8717.452991452992,9243.072126195673,46596.15854700855,300.0,62423.5,46.8,0.0,0.0,1.0,7826.0,Louny,north Bohemia,85852,41,23,4,2,4,59.8,8965,7.08,8.23,104,2653,2822
3717,0,56,POPLATEK MESICNE,1321,228,6531.205701754386,6665.981034489222,23713.0048245614,400.0,20041.8,45.6,0.0,0.0,2.0,12285.2,Breclav,south Moravia,124605,11,42,14,1,8,46.0,8772,4.69,4.98,126,2854,3158
4195,1,67,POPLATEK MESICNE,1320,290,15583.377241379312,16457.16182435191,65754.77862068966,700.0,114144.1,58.0,0.0,0.0,0.0,0.0,Bruntal,north Moravia,106054,38,25,6,2,6,63.1,8110,5.77,6.55,109,3244,3079
2496,0,51,POPLATEK MESICNE,1320,256,3169.731640625,3001.242694470508,21979.736328125,1100.0,17795.0,51.2,1.0,1.0,2.0,7734.0,Trutnov,east Bohemia,121947,37,28,7,3,11,70.5,8541,2.51,2.97,131,3496,3839
9583,0,31,POPLATEK TYDNE,1319,309,12897.036893203884,13826.244595369059,58814.568608414236,300.0,70500.2,61.8,1.0,0.0,2.0,17748.7,Tachov,west Bohemia,51313,34,12,3,1,4,59.2,8930,3.52,4.20,108,1328,1452
3636,0,21,POPLATEK MESICNE,1319,330,3257.697878787879,4462.780549926693,40810.166666666664,700.0,63666.0,66.0,0.0,1.0,3.0,6515.0,Tabor,south Bohemia,103347,87,16,7,1,7,67.0,9104,1.51,2.07,123,2299,2354
1826,0,5,POPLATEK MESICNE,1319,235,7739.257872340426,8174.476961200672,43194.340000000004,600.0,52748.7,47.0,0.0,1.0,1.0,9921.0,Kolin,central Bohemia,95616,65,30,4,1,6,51.4,9307,3.85,4.43,118,2616,3040
2227,0,31,POPLATEK TYDNE,1319,308,12827.840259740258,13462.82543546732,54096.71785714286,300.0,65007.9,61.6,1.0,0.0,2.0,17259.7,Tachov,west Bohemia,51313,34,12,3,1,4,59.2,8930,3.52,4.20,108,1328,1452
2749,0,1,POPLATEK MESICNE,1318,269,12100.12342007435,12629.309381226098,46981.45055762082,400.0,43243.1,53.8,0.0,0.0,1.0,14520.0,Hl.m. Praha,Prague,1204953,0,0,0,1,1,100.0,12541,0.29,0.43,167,85677,99107
535,1,35,POPLATEK MESICNE,1317,321,5937.842679127726,8137.023506987458,40034.026791277254,800.0,52618.9,64.2,0.0,0.0,3.0,7848.0,Jablonec n. Nisou,north Bohemia,88768,10,18,5,1,7,80.5,8867,1.02,1.21,130,3384,3620
4066,0,72,POPLATEK MESICNE,1317,290,10392.354137931035,12064.68678145447,40853.94379310345,400.0,42888.2,58.0,0.0,0.0,3.0,17363.5,Olomouc,north Moravia,226122,32,50,7,4,4,62.6,8994,3.80,4.79,110,9672,9208
2662,0,71,POPLATEK MESICNE,1317,198,2289.079797979798,2243.3519446148134,20694.25505050505,600.0,27919.0,39.6,0.0,1.0,1.0,3625.0,Novy Jicin,north Moravia,161227,5,35,11,4,10,69.7,8678,5.93,5.57,102,4980,4595
1053,0,57,POPLATEK MESICNE,1316,281,3322.9690391459076,4195.986935905306,25504.638790035588,700.0,37623.3,56.2,0.0,0.0,2.0,3482.0,Hodonin,south Moravia,161954,21,37,20,3,8,48.0,8720,3.73,4.50,116,3729,3651
11333,0,8,POPLATEK MESICNE,1315,297,9670.374074074074,13197.074107214781,43231.82693602693,-1291.0,88695.3,59.4,0.0,0.0,1.0,3286.7,Mlada Boleslav,central Bohemia,112065,95,19,7,1,8,69.4,11277,1.25,1.44,127,5179,4987
1838,0,68,POPLATEK MESICNE,1315,173,8743.115028901733,11198.594411353835,45003.723699421964,400.0,18135.1,34.6,0.0,0.0,2.0,11012.1,Frydek - Mistek,north Moravia,228848,15,40,18,2,6,57.2,9893,4.09,4.72,96,5623,5887
3037,1,44,POPLATEK MESICNE,1315,235,9253.80085106383,12095.805663071917,36090.94170212766,-2507.3,55950.0,47.0,1.0,1.0,1.0,7718.7,Chrudim,east Bohemia,105606,77,26,7,2,7,53.0,8254,2.79,3.76,97,2166,2325
3372,0,23,POPLATEK MESICNE,1315,233,9371.361373390559,9871.30185402762,52847.185407725316,1100.0,89344.2,46.6,0.0,0.0,1.0,9838.0,Cheb,west Bohemia,87419,21,11,4,3,9,85.5,8624,1.79,2.66,102,2879,3198
985,0,32,POPLATEK MESICNE,1312,199,1360.0763819095478,1418.4638722091586,17856.67688442211,900.0,24110.4,39.8,0.0,0.0,1.0,2227.0,Ceska Lipa,north Bohemia,105058,32,19,7,2,10,81.0,9272,2.80,3.22,118,4340,4505
6924,0,74,POPLATEK MESICNE,1309,291,7867.019931271477,9303.47742414638,36886.96116838488,300.0,30584.7,58.2,1.0,0.0,2.0,8644.5,Ostrava - mesto,north Moravia,323870,0,0,0,1,1,100.0,10673,4.75,5.44,100,18782,18347
3484,0,22,POPLATEK MESICNE,1309,243,9209.780658436215,10625.078346896185,32587.705761316873,300.0,62853.5,48.6,0.0,0.0,1.0,6634.0,Domazlice,west Bohemia,58400,65,16,4,1,6,52.4,8620,1.10,1.25,100,1089,1117
700,0,20,POPLATEK MESICNE,1309,276,1685.6641304347825,1708.2777464983321,20955.606884057972,300.0,28100.1,55.2,0.0,0.0,2.0,2762.0,Strakonice,south Bohemia,70646,94,14,3,1,4,58.4,8547,2.65,3.64,120,1563,1542
3289,0,1,POPLATEK MESICNE,1308,289,4134.073010380624,4683.502328019138,32323.97716262976,800.0,43302.8,57.8,0.0,0.0,2.0,7260.0,Hl.m. Praha,Prague,1204953,0,0,0,1,1,100.0,12541,0.29,0.43,167,85677,99107
2638,0,5,POPLATEK MESICNE,1308,324,5750.75,7913.113469521149,43567.639814814815,1100.0,42960.0,64.8,0.0,0.0,3.0,6284.0,Kolin,central Bohemia,95616,65,30,4,1,6,51.4,9307,3.85,4.43,118,2616,3040
8316,0,70,POPLATEK MESICNE,1306,315,9855.891746031746,13286.496705754817,58105.56126984127,900.0,49258.9,63.0,1.0,0.0,1.0,5616.2,Karvina,north Moravia,285387,0,2,8,5,7,89.9,10177,6.63,7.75,81,9878,10108
1634,0,77,POPLATEK MESICNE,1306,215,6276.127906976744,7106.389673514561,51767.56279069767,500.0,68428.3,43.0,0.0,0.0,0.0,0.0,Vsetin,north Moravia,148545,8,35,12,3,4,53.5,8909,4.01,5.56,113,3460,3590
4825,0,15,POPLATEK MESICNE,1306,245,4385.544489795918,4929.02666676293,30641.1106122449,1000.0,17137.4,49.0,1.0,0.0,1.0,1783.2,Cesky Krumlov,south Bohemia,58796,22,16,7,1,5,51.9,9045,3.13,3.60,124,1845,1879
3650,0,8,POPLATEK MESICNE,1305,250,4583.7256,5339.956053869138,42864.1756,1100.0,46268.5,50.0,0.0,0.0,1.0,7858.0,Mlada Boleslav,central Bohemia,112065,95,19,7,1,8,69.4,11277,1.25,1.44,127,5179,4987
10942,0,44,POPLATEK TYDNE,1305,344,14000.215697674419,14764.987025899198,57840.42180232559,500.0,103291.8,68.8,1.0,0.0,2.0,15714.0,Chrudim,east Bohemia,105606,77,26,7,2,7,53.0,8254,2.79,3.76,97,2166,2325
2922,1,16,POPLATEK MESICNE,1304,233,13009.845922746781,15308.519235227783,53247.10042918455,200.0,32435.4,46.6,0.0,0.0,0.0,0.0,Jindrichuv Hradec,south Bohemia,93931,74,21,10,1,8,56.9,8427,1.12,1.54,107,1874,1913
693,0,2,POPLATEK MESICNE,1304,249,6544.314859437751,7412.188220167483,38895.0702811245,200.0,22540.3,49.8,0.0,0.0,1.0,6329.0,Benesov,central Bohemia,88884,80,26,6,2,5,46.7,8507,1.67,1.85,132,2159,2674
538,0,70,POPLATEK MESICNE,1303,192,1719.5791666666667,1682.1720679720222,16102.641666666668,800.0,24368.4,38.4,0.0,0.0,1.0,2692.0,Karvina,north Moravia,285387,0,2,8,5,7,89.9,10177,6.63,7.75,81,9878,10108
548,1,16,POPLATEK MESICNE,1303,274,1970.6295620437957,2410.847052432357,25232.478467153283,200.0,23289.8,54.8,0.0,1.0,2.0,1813.0,Jindrichuv Hradec,south Bohemia,93931,74,21,10,1,8,56.9,8427,1.12,1.54,107,1874,1913
941,0,8,POPLATEK MESICNE,1302,221,2674.029411764706,2612.874971819028,18867.021266968328,200.0,18905.5,44.2,0.0,0.0,1.0,3871.0,Mlada Boleslav,central Bohemia,112065,95,19,7,1,8,69.4,11277,1.25,1.44,127,5179,4987
2155,0,58,POPLATEK MESICNE,1302,280,1232.287142857143,1305.685872679057,19987.124642857143,600.0,19344.0,56.0,0.0,1.0,2.0,2269.0,Jihlava,south Moravia,109164,98,16,6,1,4,63.6,8757,3.38,3.95,96,2212,2471
4519,0,8,POPLATEK MESICNE,1302,71,1382.794366197183,2018.5163954100633,40696.30985915493,200.0,45977.3,14.2,0.0,0.0,0.0,0.0,Mlada Boleslav,central Bohemia,112065,95,19,7,1,8,69.4,11277,1.25,1.44,127,5179,4987
3539,0,42,POPLATEK MESICNE,1302,237,2374.559915611814,5335.19622131691,37882.9223628692,900.0,34388.1,47.4,0.0,0.0,0.0,0.0,Havlickuv Brod,east Bohemia,95907,87,25,5,2,7,59.1,8388,2.41,2.94,87,1658,1668
6511,1,72,POPLATEK MESICNE,1300,228,12232.818859649124,14121.421350356786,51570.92587719298,-585.3,80879.5,45.6,0.0,0.0,1.0,1924.7,Olomouc,north Moravia,226122,32,50,7,4,4,62.6,8994,3.80,4.79,110,9672,9208
2569,0,2,POPLATEK MESICNE,1300,271,2028.3081180811807,2492.934289935027,25932.69704797048,1000.0,30340.3,54.2,0.0,1.0,2.0,2334.0,Benesov,central Bohemia,88884,80,26,6,2,5,46.7,8507,1.67,1.85,132,2159,2674
43,0,36,POPLATEK MESICNE,1298,249,8827.126506024097,10223.812974376071,61173.820481927716,1100.0,76906.1,49.8,0.0,0.0,1.0,6589.0,Liberec,north Bohemia,159617,29,19,8,1,9,85.2,9198,3.33,4.28,131,5796,6132
1047,0,46,POPLATEK MESICNE,1297,229,2815.3109170305675,2799.661215299178,24561.766375545852,800.0,21363.1,45.8,0.0,0.0,1.0,4339.0,Nachod,east Bohemia,112709,48,20,7,3,10,73.5,8369,1.79,2.31,117,2854,2618
3479,0,22,POPLATEK MESICNE,1296,277,4703.795667870036,5504.9811146179245,34528.07075812274,1100.0,49705.4,55.4,0.0,0.0,2.0,9156.0,Domazlice,west Bohemia,58400,65,16,4,1,6,52.4,8620,1.10,1.25,100,1089,1117
2868,0,1,POPLATEK MESICNE,1295,194,2076.8896907216495,2034.1002958487388,19880.380412371134,800.0,21385.6,38.8,0.0,0.0,1.0,3306.0,Hl.m. Praha,Prague,1204953,0,0,0,1,1,100.0,12541,0.29,0.43,167,85677,99107
4328,1,72,POPLATEK MESICNE,1293,211,2869.6521327014216,3201.2889503973083,28094.08246445498,300.0,27001.4,42.2,0.0,1.0,0.0,0.0,Olomouc,north Moravia,226122,32,50,7,4,4,62.6,8994,3.80,4.79,110,9672,9208
5628,0,61,POPLATEK MESICNE,1293,245,5268.135510204082,5861.366188119784,33974.50163265306,200.0,32230.0,49.0,1.0,0.0,1.0,3757.0,Trebic,south Moravia,117897,139,28,5,1,6,53.8,8814,4.76,5.74,107,2112,2059
3160,0,22,POPLATEK MESICNE,1291,246,8365.322764227642,9356.99104526195,44157.891463414635,400.0,56695.6,49.2,0.0,0.0,1.0,8364.0,Domazlice,west Bohemia,58400,65,16,4,1,6,52.4,8620,1.10,1.25,100,1089,1117
1856,0,26,POPLATEK MESICNE,1291,220,1155.3368181818182,1190.0236963447308,22238.822272727273,800.0,28450.4,44.0,0.0,0.0,2.0,2174.0,Plzen - mesto,west Bohemia,170449,0,0,0,1,1,100.0,10787,2.64,3.09,131,6041,6261
154,0,46,POPLATEK MESICNE,1289,245,4996.114285714286,5714.641953422777,46739.18,900.0,88218.6,49.0,0.0,0.0,1.0,3891.0,Nachod,east Bohemia,112709,48,20,7,3,10,73.5,8369,1.79,2.31,117,2854,2618
3030,0,65,POPLATEK MESICNE,1288,237,1049.493670886076,1187.786771654492,19121.642616033754,800.0,21852.0,47.4,0.0,0.0,2.0,2088.0,Znojmo,south Moravia,114200,101,41,4,1,4,43.7,8403,5.74,5.72,105,2157,2718
1938,0,1,POPLATEK MESICNE,1285,243,8935.895061728395,10058.126631630237,46696.364197530864,600.0,41831.5,48.6,0.0,1.0,2.0,7232.0,Hl.m. Praha,Prague,1204953,0,0,0,1,1,100.0,12541,0.29,0.43,167,85677,99107
1870,0,10,POPLATEK MESICNE,1285,185,10286.689729729731,11024.97654371716,50147.310270270274,700.0,70528.1,37.0,0.0,0.0,0.0,0.0,Praha - vychod,central Bohemia,92084,55,29,4,3,5,46.7,10124,0.56,0.54,141,3810,4316
3275,1,74,POPLATEK MESICNE,1281,272,2412.6698529411765,2784.984697668278,25009.288602941175,1000.0,24654.9,54.4,0.0,0.0,2.0,3176.0,Ostrava - mesto,north Moravia,323870,0,0,0,1,1,100.0,10673,4.75,5.44,100,18782,18347
8492,0,2,POPLATEK MESICNE,1281,324,3269.6268518518523,4191.957632478715,36607.945679012344,1000.0,59570.8,64.8,1.0,0.0,2.0,5834.0,Benesov,central Bohemia,88884,80,26,6,2,5,46.7,8507,1.67,1.85,132,2159,2674
10093,0,1,POPLATEK TYDNE,1279,366,9994.506010928962,14017.824177046661,46399.90846994535,800.0,38692.8,73.2,1.0,0.0,4.0,16611.0,Hl.m. Praha,Prague,1204953,0,0,0,1,1,100.0,12541,0.29,0.43,167,85677,99107
3805,0,9,POPLATEK MESICNE,1278,240,4616.6849999999995,4838.085752717981,36037.53333333333,1000.0,40646.7,48.0,0.0,0.0,1.0,5908.0,Nymburk,central Bohemia,81344,61,23,4,2,6,55.3,8899,3.39,3.97,149,2987,2487
200,0,17,POPLATEK MESICNE,1277,185,3931.2772972972975,4099.652114817215,56386.708648648644,900.0,92776.5,37.0,0.0,0.0,0.0,0.0,Pelhrimov,south Bohemia,74062,99,15,4,2,7,61.4,8114,2.38,2.62,119,1003,1181
2471,0,6,POPLATEK MESICNE,1277,357,11119.835574229692,17421.921277616835,77780.53865546218,600.0,34129.4,71.4,0.0,0.0,4.0,5192.0,Kutna Hora,central Bohemia,77963,60,23,4,2,4,51.5,8546,2.95,4.02,126,2640,3120
352,0,39,POPLATEK MESICNE,1276,208,1666.7625000000003,1776.9067523394865,20815.494711538464,200.0,26128.9,41.6,0.0,0.0,1.0,1992.0,Most,north Bohemia,119895,17,4,3,2,4,89.9,10446,7.34,9.40,90,4947,4743
1291,0,1,POPLATEK MESICNE,1276,255,1553.235294117647,1877.4815425268368,20387.29725490196,600.0,16857.7,51.0,0.0,0.0,2.0,1668.0,Hl.m. Praha,Prague,1204953,0,0,0,1,1,100.0,12541,0.29,0.43,167,85677,99107
161,0,28,POPLATEK MESICNE,1276,233,1537.3763948497854,1929.108620603554,19947.733476394853,900.0,21355.1,46.6,0.0,1.0,2.0,2281.0,Plzen - sever,west Bohemia,72541,66,26,10,0,8,36.9,8594,1.62,2.01,112,1580,1525
711,0,70,POPLATEK MESICNE,1274,241,4031.8585062240663,4489.338485700066,31773.126556016596,300.0,45146.1,48.2,0.0,0.0,1.0,3243.0,Karvina,north Moravia,285387,0,2,8,5,7,89.9,10177,6.63,7.75,81,9878,10108
964,0,26,POPLATEK MESICNE,1272,196,2552.4280612244897,6335.266467306062,37478.808673469386,400.0,47136.6,39.2,0.0,0.0,0.0,0.0,Plzen - mesto,west Bohemia,170449,0,0,0,1,1,100.0,10787,2.64,3.09,131,6041,6261
1012,0,65,POPLATEK MESICNE,1271,327,7512.73486238532,9323.655982967173,38873.75565749235,500.0,21342.0,65.4,1.0,0.0,1.0,4090.8,Znojmo,south Moravia,114200,101,41,4,1,4,43.7,8403,5.74,5.72,105,2157,2718
4276,0,43,POPLATEK MESICNE,1271,224,11087.168303571429,14453.11479491221,54224.98348214286,900.0,84226.4,44.8,0.0,0.0,1.0,2895.2,Hradec Kralove,east Bohemia,161854,73,21,6,1,6,76.3,9425,1.72,2.50,125,4085,3891
901,0,60,POPLATEK MESICNE,1270,212,1743.831603773585,1746.821249205022,26381.850000000002,900.0,28542.1,42.4,0.0,0.0,1.0,1910.0,Prostejov,south Moravia,110643,49,41,4,1,4,51.9,8441,3.45,4.48,115,1879,2252
7765,0,52,POPLATEK TYDNE,1270,225,7289.507111111112,10671.211750213546,32595.072,500.0,32657.5,45.0,1.0,0.0,2.0,10549.0,Usti nad Orlici,east Bohemia,139012,59,41,8,3,10,61.9,8363,2.52,3.49,108,2564,2799
90,0,1,POPLATEK MESICNE,1267,355,6224.638028169014,8827.899685299968,34409.9076056338,500.0,19983.3,71.0,0.0,0.0,4.0,9882.0,Hl.m. Praha,Prague,1204953,0,0,0,1,1,100.0,12541,0.29,0.43,167,85677,99107
5574,0,13,POPLATEK TYDNE,1266,300,14067.481666666667,17717.941657174913,56238.32066666667,900.0,49286.3,60.0,1.0,0.0,2.0,15597.0,Rakovnik,central Bohemia,53921,61,22,1,1,2,41.3,8598,2.77,3.26,123,1597,1875
741,0,54,POPLATEK MESICNE,1266,240,3297.26625,7321.393999423718,42852.845,800.0,62276.0,48.0,0.0,0.0,0.0,0.0,Brno - mesto,south Moravia,387570,0,0,0,1,1,100.0,9897,1.60,1.96,140,18721,18696
2819,0,35,POPLATEK MESICNE,1264,285,5568.997192982456,7181.758991483401,45943.33403508772,900.0,69704.3,57.0,0.0,0.0,2.0,9461.0,Jablonec n. Nisou,north Bohemia,88768,10,18,5,1,7,80.5,8867,1.02,1.21,130,3384,3620
478,0,58,POPLATEK MESICNE,1264,217,9577.271428571428,10142.650453225207,46581.920276497694,400.0,50378.0,43.4,0.0,0.0,1.0,8137.0,Jihlava,south Moravia,109164,98,16,6,1,4,63.6,8757,3.38,3.95,96,2212,2471
2615,0,68,POPLATEK MESICNE,1263,183,4968.801639344262,6087.943565900615,27136.94590163934,400.0,41024.7,36.6,0.0,0.0,0.0,0.0,Frydek - Mistek,north Moravia,228848,15,40,18,2,6,57.2,9893,4.09,4.72,96,5623,5887
3503,0,1,POPLATEK MESICNE,1263,201,8671.859203980099,10019.019513117406,46046.17064676617,800.0,61723.2,40.2,0.0,0.0,0.0,0.0,Hl.m. Praha,Prague,1204953,0,0,0,1,1,100.0,12541,0.29,0.43,167,85677,99107
3921,1,18,POPLATEK MESICNE,1263,219,13532.299543378997,15377.737409947922,60514.65479452055,800.0,44376.7,43.8,0.0,0.0,0.0,0.0,Pisek,south Bohemia,70699,60,13,2,1,4,65.3,8968,2.83,3.35,131,1740,1910
662,0,21,POPLATEK MESICNE,1262,205,2310.5634146341463,2268.4587405173274,24178.56536585366,200.0,24564.7,41.0,0.0,1.0,1.0,3330.0,Tabor,south Bohemia,103347,87,16,7,1,7,67.0,9104,1.51,2.07,123,2299,2354
2654,0,56,POPLATEK MESICNE,1259,209,2382.1033492822967,2442.779442332639,22707.625837320575,900.0,17704.9,41.8,0.0,0.0,1.0,3861.0,Breclav,south Moravia,124605,11,42,14,1,8,46.0,8772,4.69,4.98,126,2854,3158
9627,0,65,POPLATEK PO OBRATU,1258,270,12128.244814814816,14668.4477756389,58000.363703703704,200.0,37303.8,54.0,1.0,0.0,1.0,5091.3,Znojmo,south Moravia,114200,101,41,4,1,4,43.7,8403,5.74,5.72,105,2157,2718
2470,0,16,POPLATEK MESICNE,1257,309,5347.853398058252,7214.608132838445,34600.345307443364,700.0,42798.3,61.8,0.0,0.0,3.0,7658.0,Jindrichuv Hradec,south Bohemia,93931,74,21,10,1,8,56.9,8427,1.12,1.54,107,1874,1913
427,0,8,POPLATEK MESICNE,1256,238,8463.136974789917,9450.437304898485,48950.57857142857,700.0,56996.7,47.6,0.0,0.0,1.0,8166.0,Mlada Boleslav,central Bohemia,112065,95,19,7,1,8,69.4,11277,1.25,1.44,127,5179,4987
709,0,19,POPLATEK MESICNE,1255,220,10995.925454545455,14418.97320745621,46907.02909090909,900.0,95604.5,44.0,0.0,0.0,0.0,0.0,Prachatice,south Bohemia,51428,50,11,3,1,4,52.7,8402,3.13,3.98,120,999,1099
629,0,31,POPLATEK MESICNE,1255,229,1616.7781659388647,1747.3046612340693,15593.904366812227,500.0,22777.6,45.8,0.0,1.0,2.0,2707.0,Tachov,west Bohemia,51313,34,12,3,1,4,59.2,8930,3.52,4.20,108,1328,1452
2606,0,1,POPLATEK MESICNE,1253,228,1553.798245614035,1735.2096611622296,22020.43201754386,1100.0,23464.1,45.6,0.0,1.0,2.0,2474.0,Hl.m. Praha,Prague,1204953,0,0,0,1,1,100.0,12541,0.29,0.43,167,85677,99107
6738,0,62,POPLATEK MESICNE,1252,222,7549.422522522523,8507.983073376794,38518.63738738739,800.0,28411.1,44.4,1.0,0.0,1.0,3159.0,Uherske Hradiste,south Moravia,145688,22,41,13,2,5,40.7,8544,1.29,1.86,109,2719,2906
2912,0,74,POPLATEK MESICNE,1250,275,15161.459636363636,16018.581839926277,65136.501818181816,1100.0,41044.7,55.0,1.0,0.0,1.0,6336.0,Ostrava - mesto,north Moravia,323870,0,0,0,1,1,100.0,10673,4.75,5.44,100,18782,18347
4995,0,20,POPLATEK TYDNE,1248,229,10392.189082969431,12983.487784493793,44866.21179039301,-36.1,34974.7,45.8,1.0,0.0,1.0,3583.0,Strakonice,south Bohemia,70646,94,14,3,1,4,58.4,8547,2.65,3.64,120,1563,1542
1022,0,33,POPLATEK TYDNE,1248,205,10411.33512195122,13235.76666327058,60010.89121951219,700.0,53795.4,41.0,0.0,0.0,0.0,0.0,Decin,north Bohemia,133777,24,17,7,3,11,84.7,8705,5.75,7.61,116,4650,4859
1797,0,24,POPLATEK MESICNE,1248,256,5319.400390625,6640.61914848719,46783.608984375,500.0,56066.0,51.2,0.0,0.0,2.0,7850.0,Karlovy Vary,west Bohemia,122603,25,21,6,2,8,80.0,8991,1.39,2.01,128,5198,5273
3497,0,76,POPLATEK MESICNE,1247,312,5484.5608974358975,7617.032180116846,43202.09262820513,900.0,47278.5,62.4,0.0,0.0,3.0,7379.0,Sumperk,north Moravia,127369,31,32,13,2,7,51.2,8369,4.73,5.88,107,3736,2807
1848,0,1,POPLATEK MESICNE,1245,210,2354.502380952381,2276.8984962538634,18240.946666666667,1000.0,16602.6,42.0,0.0,0.0,1.0,3473.0,Hl.m. Praha,Prague,1204953,0,0,0,1,1,100.0,12541,0.29,0.43,167,85677,99107
582,0,12,POPLATEK MESICNE,1244,185,1793.9578378378378,1781.2933792294311,16075.059459459459,1100.0,21188.1,37.0,0.0,0.0,1.0,2812.0,Pribram,central Bohemia,107870,84,29,6,1,6,58.0,8754,3.83,4.31,137,3804,3868
3167,0,18,POPLATEK MESICNE,1241,198,9178.838383838383,10285.539351285572,53302.90909090909,200.0,55358.6,39.6,0.0,1.0,0.0,0.0,Pisek,south Bohemia,70699,60,13,2,1,4,65.3,8968,2.83,3.35,131,1740,1910
1579,0,57,POPLATEK MESICNE,1240,241,4271.317012448133,4687.063602263969,40190.371369294604,600.0,48283.0,48.2,0.0,1.0,1.0,3377.0,Hodonin,south Moravia,161954,21,37,20,3,8,48.0,8720,3.73,4.50,116,3729,3651
610,0,74,POPLATEK MESICNE,1238,198,11274.834848484848,11868.054892573798,63710.54393939394,800.0,73054.4,39.6,0.0,0.0,0.0,0.0,Ostrava - mesto,north Moravia,323870,0,0,0,1,1,100.0,10673,4.75,5.44,100,18782,18347
3536,0,24,POPLATEK MESICNE,1238,217,2332.2751152073733,2333.033660662719,24403.209216589865,600.0,16551.9,43.4,0.0,0.0,1.0,2589.0,Karlovy Vary,west Bohemia,122603,25,21,6,2,8,80.0,8991,1.39,2.01,128,5198,5273
1017,0,14,POPLATEK MESICNE,1238,268,6768.632835820896,8788.339089904444,47950.52611940299,800.0,46728.0,53.6,0.0,0.0,2.0,4969.0,Ceske Budejovice,south Bohemia,177686,69,27,10,1,9,74.8,10045,1.42,1.71,135,6604,6295
3017,0,75,POPLATEK MESICNE,1237,330,5042.021212121213,7369.086112840213,29579.124545454546,700.0,25225.8,66.0,0.0,0.0,4.0,6948.0,Prerov,north Moravia,138032,67,30,4,2,5,64.6,8819,5.38,5.66,99,4063,4505
3112,1,38,POPLATEK MESICNE,1237,348,12586.220114942527,15729.690153874153,76963.85804597702,700.0,75932.9,69.6,1.0,0.0,3.0,5619.3,Louny,north Bohemia,85852,41,23,4,2,4,59.8,8965,7.08,8.23,104,2653,2822
1360,0,71,POPLATEK MESICNE,1235,217,2569.692165898617,6286.460615045772,35960.22995391705,700.0,61442.8,43.4,0.0,0.0,0.0,0.0,Novy Jicin,north Moravia,161227,5,35,11,4,10,69.7,8678,5.93,5.57,102,4980,4595
2747,0,1,POPLATEK MESICNE,1235,194,2710.8721649484532,2591.9085916781437,23047.654639175256,200.0,18960.4,38.8,0.0,0.0,1.0,3826.0,Hl.m. Praha,Prague,1204953,0,0,0,1,1,100.0,12541,0.29,0.43,167,85677,99107
9192,1,1,POPLATEK MESICNE,1233,220,9243.696363636363,11759.315337227421,51023.01545454546,500.0,20961.2,44.0,0.0,0.0,0.0,0.0,Hl.m. Praha,Prague,1204953,0,0,0,1,1,100.0,12541,0.29,0.43,167,85677,99107
1398,0,62,POPLATEK MESICNE,1231,44,1769.7931818181817,2268.701397982609,31996.409090909092,1000.0,48270.9,8.8,0.0,0.0,0.0,0.0,Uherske Hradiste,south Moravia,145688,22,41,13,2,5,40.7,8544,1.29,1.86,109,2719,2906
1246,0,58,POPLATEK MESICNE,1231,187,2500.751336898396,2493.6662143384683,19633.10320855615,1100.0,32055.7,37.4,0.0,1.0,1.0,3239.0,Jihlava,south Moravia,109164,98,16,6,1,4,63.6,8757,3.38,3.95,96,2212,2471
1592,0,38,POPLATEK MESICNE,1231,222,1402.6896396396396,1658.052965910763,41198.19684684684,400.0,70355.9,44.4,0.0,0.0,2.0,1837.0,Louny,north Bohemia,85852,41,23,4,2,4,59.8,8965,7.08,8.23,104,2653,2822
3728,0,10,POPLATEK MESICNE,1231,188,5286.994680851064,5443.804292638476,30666.9835106383,1000.0,22555.4,37.6,0.0,0.0,0.0,0.0,Praha - vychod,central Bohemia,92084,55,29,4,3,5,46.7,10124,0.56,0.54,141,3810,4316
4131,0,5,POPLATEK MESICNE,1230,320,11759.2653125,14619.245368476266,60555.2334375,700.0,69908.4,64.0,0.0,0.0,3.0,8190.1,Kolin,central Bohemia,95616,65,30,4,1,6,51.4,9307,3.85,4.43,118,2616,3040
377,0,70,POPLATEK MESICNE,1230,252,13236.427777777777,14647.897759902748,50993.55753968254,-1109.4,18238.5,50.4,0.0,0.0,0.0,0.0,Karvina,north Moravia,285387,0,2,8,5,7,89.9,10177,6.63,7.75,81,9878,10108
1911,1,68,POPLATEK MESICNE,1228,200,7037.2965,8636.752023010305,36555.4585,-2019.6,44086.5,40.0,0.0,0.0,0.0,0.0,Frydek - Mistek,north Moravia,228848,15,40,18,2,6,57.2,9893,4.09,4.72,96,5623,5887
635,0,21,POPLATEK MESICNE,1228,308,7475.492207792208,12557.657237663247,38690.31331168831,-1625.6,42580.7,61.6,0.0,0.0,4.0,8097.0,Tabor,south Bohemia,103347,87,16,7,1,7,67.0,9104,1.51,2.07,123,2299,2354
3625,0,3,POPLATEK MESICNE,1227,241,2260.7510373443984,2678.851783089041,21916.385477178424,300.0,20340.2,48.2,0.0,0.0,2.0,2011.0,Beroun,central Bohemia,75232,55,26,4,1,5,41.7,8980,1.95,2.21,111,2824,2813
3425,0,70,POPLATEK MESICNE,1225,226,1623.8991150442478,1639.957869810919,31583.419026548672,500.0,46032.4,45.2,0.0,1.0,1.0,2646.0,Karvina,north Moravia,285387,0,2,8,5,7,89.9,10177,6.63,7.75,81,9878,10108
1327,1,65,POPLATEK MESICNE,1225,211,2647.875355450237,6813.200544772958,30668.742654028436,400.0,28921.0,42.2,0.0,0.0,0.0,0.0,Znojmo,south Moravia,114200,101,41,4,1,4,43.7,8403,5.74,5.72,105,2157,2718
8776,0,64,POPLATEK MESICNE,1225,273,4140.523443223443,5879.163320910017,47278.07582417582,600.0,77188.8,54.6,1.0,0.0,1.0,708.0,Zlin,south Moravia,197099,29,41,10,2,10,74.7,9624,1.60,2.31,145,4484,4265
2798,0,70,POPLATEK MESICNE,1225,241,7246.719087136929,7926.938901222684,35523.619087136925,200.0,22624.4,48.2,0.0,0.0,1.0,6094.0,Karvina,north Moravia,285387,0,2,8,5,7,89.9,10177,6.63,7.75,81,9878,10108
2401,0,16,POPLATEK MESICNE,1223,204,2541.556862745098,2614.9203552945833,33452.189215686274,1100.0,41796.9,40.8,0.0,1.0,1.0,2782.0,Jindrichuv Hradec,south Bohemia,93931,74,21,10,1,8,56.9,8427,1.12,1.54,107,1874,1913
3612,0,70,POPLATEK MESICNE,1222,300,4029.467,5253.067760722312,39303.316333333336,700.0,60424.5,60.0,0.0,0.0,4.0,8167.0,Karvina,north Moravia,285387,0,2,8,5,7,89.9,10177,6.63,7.75,81,9878,10108
4580,0,9,POPLATEK MESICNE,1222,261,9412.614942528735,12534.207092904375,47611.196934865904,500.0,55287.5,52.2,1.0,0.0,2.0,10407.8,Nymburk,central Bohemia,81344,61,23,4,2,6,55.3,8899,3.39,3.97,149,2987,2487
3226,0,65,POPLATEK MESICNE,1221,259,1790.9339768339769,1869.9985580778387,21776.269498069498,1000.0,21158.8,51.8,0.0,0.0,2.0,2798.0,Znojmo,south Moravia,114200,101,41,4,1,4,43.7,8403,5.74,5.72,105,2157,2718
7523,1,63,POPLATEK MESICNE,1220,306,5912.070261437909,7476.394929674127,36837.583986928104,600.0,23920.5,61.2,1.0,0.0,1.0,8013.0,Vyskov,south Moravia,86513,38,36,5,1,5,50.5,8288,3.79,4.52,110,1562,1460
3533,0,74,POPLATEK MESICNE,1220,214,1469.031308411215,1494.1701638991933,29865.17523364486,800.0,30411.9,42.8,0.0,0.0,1.0,2127.0,Ostrava - mesto,north Moravia,323870,0,0,0,1,1,100.0,10673,4.75,5.44,100,18782,18347
422,0,53,POPLATEK TYDNE,1220,187,11573.689839572193,12262.193702997944,43404.302139037434,400.0,41915.8,37.4,0.0,0.0,0.0,0.0,Blansko,south Moravia,107911,88,33,6,2,7,50.9,8240,2.53,3.56,99,1850,1903
3608,0,72,POPLATEK TYDNE,1219,256,6469.19765625,9559.963568795665,39160.254296875,500.0,102716.8,51.2,1.0,0.0,2.0,7610.0,Olomouc,north Moravia,226122,32,50,7,4,4,62.6,8994,3.80,4.79,110,9672,9208
1105,0,55,POPLATEK MESICNE,1217,238,3164.2840336134454,3445.8389914408176,21571.076890756303,500.0,30160.3,47.6,0.0,0.0,2.0,5854.0,Brno - venkov,south Moravia,157042,49,70,18,0,9,33.9,8743,1.88,2.43,111,3659,3894
2596,0,1,POPLATEK MESICNE,1216,186,1356.3596774193547,1488.5824902971806,21106.005913978493,200.0,29061.6,37.2,0.0,0.0,1.0,2285.0,Hl.m. Praha,Prague,1204953,0,0,0,1,1,100.0,12541,0.29,0.43,167,85677,99107
9006,0,40,POPLATEK TYDNE,1216,339,10610.104424778761,14094.410059840075,55039.413274336286,700.0,111093.4,67.8,1.0,0.0,2.0,8424.0,Teplice,north Bohemia,128118,9,16,6,3,8,85.3,9317,6.49,7.07,97,6949,6872
3579,0,53,POPLATEK MESICNE,1216,231,8885.447186147187,10664.268235315716,59530.3632034632,1000.0,66646.9,46.2,0.0,0.0,1.0,3460.0,Blansko,south Moravia,107911,88,33,6,2,7,50.9,8240,2.53,3.56,99,1850,1903
710,0,25,POPLATEK MESICNE,1216,193,1954.8253886010361,1905.3119913011128,18060.997409326425,200.0,12969.9,38.6,0.0,0.0,1.0,3200.0,Klatovy,west Bohemia,88757,60,33,3,2,10,61.7,8554,2.47,2.68,113,1822,2218
7546,0,43,POPLATEK MESICNE,1215,329,5565.86291793313,7873.114368360163,36194.42066869301,500.0,14066.6,65.8,1.0,0.0,4.0,7603.8,Hradec Kralove,east Bohemia,161854,73,21,6,1,6,76.3,9425,1.72,2.50,125,4085,3891
1766,0,28,POPLATEK MESICNE,1215,368,4596.959239130435,7065.3040865016765,30312.401902173915,500.0,29343.5,73.6,1.0,0.0,5.0,7336.0,Plzen - sever,west Bohemia,72541,66,26,10,0,8,36.9,8594,1.62,2.01,112,1580,1525
1292,0,3,POPLATEK MESICNE,1215,304,3323.965460526316,4533.013161434721,41257.87631578947,1100.0,56878.7,60.8,0.0,1.0,3.0,3331.0,Beroun,central Bohemia,75232,55,26,4,1,5,41.7,8980,1.95,2.21,111,2824,2813
3797,0,64,POPLATEK MESICNE,1215,72,1282.1041666666667,1753.3020052266206,27570.254166666666,1000.0,26911.4,14.4,0.0,0.0,0.0,0.0,Zlin,south Moravia,197099,29,41,10,2,10,74.7,9624,1.60,2.31,145,4484,4265
3478,0,30,POPLATEK MESICNE,1214,228,3078.967105263158,3054.324505926553,24779.68245614035,400.0,36693.1,45.6,0.0,0.0,1.0,4906.0,Sokolov,west Bohemia,94812,15,13,8,2,10,81.8,9650,3.38,3.67,100,2985,2804
8899,0,1,POPLATEK TYDNE,1213,351,8901.951282051281,12572.42721076528,57614.32877492877,500.0,68713.8,70.2,1.0,0.0,2.0,5801.8,Hl.m. Praha,Prague,1204953,0,0,0,1,1,100.0,12541,0.29,0.43,167,85677,99107
1975,0,19,POPLATEK MESICNE,1211,337,3670.2433234421364,5172.998572483381,34243.63353115727,200.0,33155.2,67.4,0.0,0.0,4.0,6581.0,Prachatice,south Bohemia,51428,50,11,3,1,4,52.7,8402,3.13,3.98,120,999,1099
3049,0,61,POPLATEK MESICNE,1210,234,1344.627777777778,1399.2706065143814,27758.33290598291,1100.0,41176.0,46.8,0.0,0.0,1.0,1961.0,Trebic,south Moravia,117897,139,28,5,1,6,53.8,8814,4.76,5.74,107,2112,2059
3730,0,17,POPLATEK MESICNE,1210,195,1928.3994871794873,2169.9175078029666,30574.25076923077,800.0,47366.4,39.0,0.0,0.0,1.0,1944.0,Pelhrimov,south Bohemia,74062,99,15,4,2,7,61.4,8114,2.38,2.62,119,1003,1181
1714,0,72,POPLATEK MESICNE,1210,187,1973.9807486631016,1943.2033558554897,21065.6128342246,900.0,24866.7,37.4,0.0,0.0,1.0,3028.0,Olomouc,north Moravia,226122,32,50,7,4,4,62.6,8994,3.80,4.79,110,9672,9208
518,0,74,POPLATEK MESICNE,1209,220,2020.0486363636364,2086.849462017186,22382.005454545455,200.0,17883.1,44.0,0.0,0.0,2.0,3353.0,Ostrava - mesto,north Moravia,323870,0,0,0,1,1,100.0,10673,4.75,5.44,100,18782,18347
6321,0,1,POPLATEK MESICNE,1208,207,11721.654106280193,13393.835465524566,42550.747342995164,-2564.4,49339.1,41.4,0.0,0.0,0.0,0.0,Hl.m. Praha,Prague,1204953,0,0,0,1,1,100.0,12541,0.29,0.43,167,85677,99107
3926,0,72,POPLATEK MESICNE,1207,193,2020.4139896373058,2127.07283788493,34614.208808290154,400.0,44157.4,38.6,0.0,0.0,1.0,2232.0,Olomouc,north Moravia,226122,32,50,7,4,4,62.6,8994,3.80,4.79,110,9672,9208
1878,1,52,POPLATEK TYDNE,1205,202,10039.791584158414,12720.586998833973,35350.7702970297,800.0,55185.8,40.4,0.0,0.0,0.0,0.0,Usti nad Orlici,east Bohemia,139012,59,41,8,3,10,61.9,8363,2.52,3.49,108,2564,2799
3712,0,3,POPLATEK MESICNE,1205,191,2432.7497382198953,2431.303624306458,20558.130890052355,900.0,16763.3,38.2,0.0,0.0,1.0,2499.0,Beroun,central Bohemia,75232,55,26,4,1,5,41.7,8980,1.95,2.21,111,2824,2813
2030,0,51,POPLATEK MESICNE,1205,209,9006.707177033493,10080.276317684042,61991.930143540674,1100.0,57444.2,41.8,0.0,0.0,1.0,4325.0,Trutnov,east Bohemia,121947,37,28,7,3,11,70.5,8541,2.51,2.97,131,3496,3839
3869,0,72,POPLATEK MESICNE,1205,293,13887.621160409557,14946.524203730492,70051.87372013651,700.0,82942.0,58.6,0.0,0.0,2.0,7608.5,Olomouc,north Moravia,226122,32,50,7,4,4,62.6,8994,3.80,4.79,110,9672,9208
1908,0,20,POPLATEK MESICNE,1205,211,2391.436018957346,2428.064745220393,23984.602369668246,700.0,15021.6,42.2,0.0,0.0,1.0,3594.0,Strakonice,south Bohemia,70646,94,14,3,1,4,58.4,8547,2.65,3.64,120,1563,1542
3142,0,2,POPLATEK MESICNE,1204,233,1972.3030042918454,2080.956972193382,20592.885836909874,200.0,16924.3,46.6,0.0,0.0,2.0,3228.0,Benesov,central Bohemia,88884,80,26,6,2,5,46.7,8507,1.67,1.85,132,2159,2674
1301,1,18,POPLATEK MESICNE,1203,104,3970.0673076923076,8622.816533588695,24171.968269230772,600.0,14360.9,20.8,0.0,0.0,0.0,0.0,Pisek,south Bohemia,70699,60,13,2,1,4,65.3,8968,2.83,3.35,131,1740,1910
3288,0,54,POPLATEK MESICNE,1203,198,2134.079797979798,2135.859395193538,22924.78181818182,700.0,12992.4,39.6,0.0,0.0,1.0,2471.0,Brno - mesto,south Moravia,387570,0,0,0,1,1,100.0,9897,1.60,1.96,140,18721,18696
318,0,36,POPLATEK MESICNE,1202,220,2421.048636363636,2801.0484627271408,30450.787727272727,200.0,34348.2,44.0,0.0,0.0,1.0,2858.0,Liberec,north Bohemia,159617,29,19,8,1,9,85.2,9198,3.33,4.28,131,5796,6132
3336,0,51,POPLATEK MESICNE,1199,182,2358.1554945054945,2311.4600951419716,18817.070879120878,900.0,21816.8,36.4,0.0,0.0,1.0,2974.0,Trutnov,east Bohemia,121947,37,28,7,3,11,70.5,8541,2.51,2.97,131,3496,3839
1653,0,1,POPLATEK MESICNE,1199,212,9375.519339622642,10607.723625197894,54228.4783018868,700.0,90859.6,42.4,0.0,0.0,1.0,4656.0,Hl.m. Praha,Prague,1204953,0,0,0,1,1,100.0,12541,0.29,0.43,167,85677,99107
577,0,29,POPLATEK MESICNE,1198,222,4400.763063063063,4737.377137373212,31881.38693693694,400.0,53961.8,44.4,0.0,0.0,1.0,5120.0,Rokycany,west Bohemia,45714,52,10,5,1,6,55.6,8843,2.82,3.60,113,818,888
2960,0,19,POPLATEK MESICNE,1198,214,5398.142523364486,5601.214629199784,31908.12476635514,1100.0,27083.1,42.8,0.0,0.0,1.0,8884.0,Prachatice,south Bohemia,51428,50,11,3,1,4,52.7,8402,3.13,3.98,120,999,1099
2267,0,54,POPLATEK TYDNE,1198,211,10628.123222748814,13430.857292542743,50288.66208530805,900.0,74080.0,42.2,0.0,1.0,1.0,3143.0,Brno - mesto,south Moravia,387570,0,0,0,1,1,100.0,9897,1.60,1.96,140,18721,18696
1989,0,48,POPLATEK MESICNE,1197,175,1745.1074285714285,1849.5269615178042,20264.33314285714,200.0,29931.6,35.0,0.0,0.0,1.0,1982.0,Rychnov nad Kneznou,east Bohemia,78955,50,24,8,1,9,59.0,9060,1.78,2.44,124,1655,1717
1352,0,1,POPLATEK MESICNE,1195,325,6338.458153846153,9651.769540593314,52460.271384615386,500.0,67197.1,65.0,0.0,0.0,4.0,7004.0,Hl.m. Praha,Prague,1204953,0,0,0,1,1,100.0,12541,0.29,0.43,167,85677,99107
851,1,15,POPLATEK MESICNE,1195,299,10949.971237458194,14198.296887819795,56702.05384615385,200.0,48189.7,59.8,0.0,0.0,3.0,6225.0,Cesky Krumlov,south Bohemia,58796,22,16,7,1,5,51.9,9045,3.13,3.60,124,1845,1879
716,0,47,POPLATEK MESICNE,1193,187,8683.0,9595.093221649833,44591.10802139038,1000.0,62498.8,37.4,0.0,1.0,0.0,0.0,Pardubice,east Bohemia,162580,83,26,5,1,6,72.8,9538,1.51,1.81,111,6079,5410
3555,0,32,POPLATEK MESICNE,1192,209,8522.108612440192,8718.100316909336,31875.335406698563,700.0,25220.2,41.8,0.0,0.0,2.0,14632.8,Ceska Lipa,north Bohemia,105058,32,19,7,2,10,81.0,9272,2.80,3.22,118,4340,4505
6,0,51,POPLATEK MESICNE,1191,185,2622.2178378378376,2679.842674497986,32088.034054054053,900.0,46003.0,37.0,0.0,0.0,1.0,3954.0,Trutnov,east Bohemia,121947,37,28,7,3,11,70.5,8541,2.51,2.97,131,3496,3839
1828,0,1,POPLATEK MESICNE,1190,347,9463.220749279539,13879.566763797935,59048.88011527377,1000.0,33926.2,69.4,0.0,0.0,5.0,9694.5,Hl.m. Praha,Prague,1204953,0,0,0,1,1,100.0,12541,0.29,0.43,167,85677,99107
1333,0,21,POPLATEK MESICNE,1189,207,3991.7545893719803,4138.831560874046,23198.21497584541,300.0,36327.2,41.4,0.0,1.0,1.0,6508.0,Tabor,south Bohemia,103347,87,16,7,1,7,67.0,9104,1.51,2.07,123,2299,2354
11359,0,61,POPLATEK MESICNE,1187,283,8046.718727915194,10467.965839268623,32098.47067137809,1000.0,32204.2,56.6,1.0,0.0,3.0,9274.3,Trebic,south Moravia,117897,139,28,5,1,6,53.8,8814,4.76,5.74,107,2112,2059
3457,0,54,POPLATEK MESICNE,1187,175,1782.656,1723.3022649512789,18059.81542857143,200.0,20842.6,35.0,0.0,0.0,1.0,2796.0,Brno - mesto,south Moravia,387570,0,0,0,1,1,100.0,9897,1.60,1.96,140,18721,18696
2627,0,76,POPLATEK MESICNE,1186,218,1594.6807339449542,1878.5450186494193,20972.08669724771,600.0,36176.1,43.6,0.0,0.0,2.0,2140.0,Sumperk,north Moravia,127369,31,32,13,2,7,51.2,8369,4.73,5.88,107,3736,2807
2025,0,19,POPLATEK MESICNE,1186,214,6040.680373831776,6270.541442720177,28795.233177570095,800.0,17186.0,42.8,0.0,0.0,1.0,6704.0,Prachatice,south Bohemia,51428,50,11,3,1,4,52.7,8402,3.13,3.98,120,999,1099
3975,0,20,POPLATEK MESICNE,1186,183,1357.3617486338799,1428.7558248316373,17656.235519125683,400.0,23145.0,36.6,0.0,0.0,1.0,2269.0,Strakonice,south Bohemia,70646,94,14,3,1,4,58.4,8547,2.65,3.64,120,1563,1542
2905,0,74,POPLATEK MESICNE,1185,186,5654.617204301076,6451.685397293359,39397.331720430106,1000.0,60896.7,37.2,0.0,0.0,0.0,0.0,Ostrava - mesto,north Moravia,323870,0,0,0,1,1,100.0,10673,4.75,5.44,100,18782,18347
3827,0,1,POPLATEK MESICNE,1184,180,4291.405,4604.0180532759705,32671.901666666665,200.0,27231.0,36.0,0.0,0.0,0.0,0.0,Hl.m. Praha,Prague,1204953,0,0,0,1,1,100.0,12541,0.29,0.43,167,85677,99107
939,0,55,POPLATEK MESICNE,1184,184,1279.4722826086957,1357.3519178531706,18844.71847826087,1100.0,19040.5,36.8,0.0,0.0,1.0,2108.0,Brno - venkov,south Moravia,157042,49,70,18,0,9,33.9,8743,1.88,2.43,111,3659,3894
1421,0,71,POPLATEK MESICNE,1183,227,2391.737444933921,5888.779573680525,34386.88942731277,1100.0,46443.7,45.4,0.0,0.0,0.0,0.0,Novy Jicin,north Moravia,161227,5,35,11,4,10,69.7,8678,5.93,5.57,102,4980,4595
1934,0,46,POPLATEK MESICNE,1183,330,3117.5396969696967,4186.80620647861,44011.43575757576,300.0,76200.6,66.0,0.0,0.0,4.0,7322.0,Nachod,east Bohemia,112709,48,20,7,3,10,73.5,8369,1.79,2.31,117,2854,2618
3878,0,23,POPLATEK MESICNE,1181,272,1058.7051470588235,1319.1532968959355,19268.982720588236,500.0,21362.7,54.4,0.0,0.0,3.0,1934.0,Cheb,west Bohemia,87419,21,11,4,3,9,85.5,8624,1.79,2.66,102,2879,3198
2363,1,47,POPLATEK MESICNE,1181,233,2186.9115879828328,2631.212425056235,28371.55321888412,700.0,34431.0,46.6,0.0,1.0,2.0,2124.0,Pardubice,east Bohemia,162580,83,26,5,1,6,72.8,9538,1.51,1.81,111,6079,5410
1559,0,14,POPLATEK MESICNE,1180,223,8638.205381165919,9711.647922899043,50288.403139013455,22823.0,49497.6,44.6,0.0,0.0,1.0,8004.0,Ceske Budejovice,south Bohemia,177686,69,27,10,1,9,74.8,10045,1.42,1.71,135,6604,6295
2195,0,73,POPLATEK MESICNE,1180,186,7359.106451612904,8613.985513944437,59759.05,800.0,79826.4,37.2,0.0,0.0,0.0,0.0,Opava,north Moravia,182027,17,49,12,2,7,56.4,8746,3.33,3.74,90,4355,4433
1205,0,73,POPLATEK MESICNE,1180,196,1997.7994897959184,2037.5725639807088,24011.391836734692,1100.0,26709.1,39.2,0.0,0.0,1.0,2989.0,Opava,north Moravia,182027,17,49,12,2,7,56.4,8746,3.33,3.74,90,4355,4433
2059,1,37,POPLATEK MESICNE,1180,185,5043.77027027027,5704.014414573799,37014.00054054054,200.0,32904.7,37.0,0.0,0.0,0.0,0.0,Litomerice,north Bohemia,114006,71,26,6,2,9,62.3,9065,4.46,5.39,123,4147,4166
2333,1,45,POPLATEK MESICNE,1180,212,2968.283962264151,6485.034874935175,36457.640566037735,400.0,24380.9,42.4,0.0,0.0,0.0,0.0,Jicin,east Bohemia,77917,85,19,6,1,5,53.5,8390,2.28,2.89,132,2080,2122
3074,0,74,POPLATEK TYDNE,1180,217,12592.310138248848,15365.541801248506,48430.29585253456,-399.1,52702.5,43.4,0.0,0.0,0.0,0.0,Ostrava - mesto,north Moravia,323870,0,0,0,1,1,100.0,10673,4.75,5.44,100,18782,18347
2840,0,15,POPLATEK MESICNE,1179,229,10612.97729257642,12926.87405079758,50800.865938864634,400.0,124490.8,45.8,0.0,0.0,2.0,14839.0,Cesky Krumlov,south Bohemia,58796,22,16,7,1,5,51.9,9045,3.13,3.60,124,1845,1879
2430,0,3,POPLATEK MESICNE,1179,171,4563.116959064328,5373.517848968336,33211.69824561404,900.0,46260.1,34.2,0.0,1.0,0.0,0.0,Beroun,central Bohemia,75232,55,26,4,1,5,41.7,8980,1.95,2.21,111,2824,2813
2463,0,56,POPLATEK MESICNE,1177,204,6230.133333333333,6817.556733670389,32011.282352941176,600.0,34812.4,40.8,0.0,0.0,1.0,3077.0,Breclav,south Moravia,124605,11,42,14,1,8,46.0,8772,4.69,4.98,126,2854,3158
3860,0,4,POPLATEK MESICNE,1177,193,5384.444041450777,5373.661638625534,24507.63212435233,1100.0,22138.8,38.6,0.0,0.0,2.0,9571.5,Kladno,central Bohemia,149893,63,29,6,2,6,67.4,9753,4.64,5.05,109,5244,5892
2788,0,54,POPLATEK MESICNE,1176,211,5606.577725118483,6088.004999820122,31548.65260663507,300.0,14296.3,42.2,0.0,0.0,1.0,3803.0,Brno - mesto,south Moravia,387570,0,0,0,1,1,100.0,9897,1.60,1.96,140,18721,18696
8127,0,37,POPLATEK MESICNE,1175,294,12296.059523809523,13390.299537378209,67299.33639455782,1000.0,57035.3,58.8,1.0,0.0,2.0,14799.8,Litomerice,north Bohemia,114006,71,26,6,2,9,62.3,9065,4.46,5.39,123,4147,4166
596,0,31,POPLATEK MESICNE,1175,184,7568.3510869565225,9151.181256384993,64775.702173913036,700.0,65143.6,36.8,0.0,0.0,0.0,0.0,Tachov,west Bohemia,51313,34,12,3,1,4,59.2,8930,3.52,4.20,108,1328,1452
3622,0,53,POPLATEK MESICNE,1173,236,9632.564830508474,12376.8135834091,38306.31313559322,500.0,27371.7,47.2,0.0,0.0,2.0,11984.0,Blansko,south Moravia,107911,88,33,6,2,7,50.9,8240,2.53,3.56,99,1850,1903
1312,0,23,POPLATEK MESICNE,1173,197,2165.5862944162436,2268.5899813619226,25028.267512690356,400.0,17422.0,39.4,0.0,0.0,1.0,1690.0,Cheb,west Bohemia,87419,21,11,4,3,9,85.5,8624,1.79,2.66,102,2879,3198
2742,0,23,POPLATEK MESICNE,1173,252,5052.388095238095,6337.345519565719,41915.275,700.0,49575.4,50.4,0.0,0.0,2.0,5006.0,Cheb,west Bohemia,87419,21,11,4,3,9,85.5,8624,1.79,2.66,102,2879,3198
654,0,63,POPLATEK MESICNE,1172,179,2438.254748603352,2592.732264766462,27918.067597765363,200.0,35264.6,35.8,0.0,0.0,1.0,2885.0,Vyskov,south Moravia,86513,38,36,5,1,5,50.5,8288,3.79,4.52,110,1562,1460
4283,0,39,POPLATEK MESICNE,1172,177,9707.318079096045,10850.706038167134,55430.0209039548,600.0,62696.9,35.4,0.0,0.0,0.0,0.0,Most,north Bohemia,119895,17,4,3,2,4,89.9,10446,7.34,9.40,90,4947,4743
2924,0,56,POPLATEK MESICNE,1172,186,4688.898387096774,5233.446569626228,40662.694623655916,700.0,37356.5,37.2,0.0,1.0,0.0,0.0,Breclav,south Moravia,124605,11,42,14,1,8,46.0,8772,4.69,4.98,126,2854,3158
3756,0,39,POPLATEK TYDNE,1171,212,10596.069811320755,12845.10254835874,46059.18066037736,400.0,49672.7,42.4,0.0,1.0,1.0,9023.0,Most,north Bohemia,119895,17,4,3,2,4,89.9,10446,7.34,9.40,90,4947,4743
2790,0,1,POPLATEK MESICNE,1170,219,6004.502739726028,6762.264195226881,54950.563470319634,200.0,68092.1,43.8,0.0,0.0,1.0,8862.0,Hl.m. Praha,Prague,1204953,0,0,0,1,1,100.0,12541,0.29,0.43,167,85677,99107
67,0,16,POPLATEK MESICNE,1169,288,11851.419097222222,15627.195325652,49251.50173611111,700.0,57978.1,57.6,1.0,0.0,3.0,13753.0,Jindrichuv Hradec,south Bohemia,93931,74,21,10,1,8,56.9,8427,1.12,1.54,107,1874,1913
2949,0,1,POPLATEK MESICNE,1167,233,1983.3854077253218,2448.7461392396963,23414.408154506436,400.0,32428.6,46.6,0.0,0.0,2.0,2051.0,Hl.m. Praha,Prague,1204953,0,0,0,1,1,100.0,12541,0.29,0.43,167,85677,99107
3849,0,75,POPLATEK MESICNE,1167,213,6351.661502347418,7066.067942961534,41022.75680751173,900.0,70288.4,42.6,0.0,0.0,1.0,4447.0,Prerov,north Moravia,138032,67,30,4,2,5,64.6,8819,5.38,5.66,99,4063,4505
5422,1,66,POPLATEK MESICNE,1166,387,11018.906459948319,14406.603060500898,56376.62480620155,1100.0,15211.7,77.4,1.0,0.0,4.0,10735.0,Zdar nad Sazavou,south Moravia,125832,151,41,2,3,5,48.3,8512,3.51,4.12,102,2247,2103
988,0,10,POPLATEK MESICNE,1166,197,2469.7345177664974,2555.525911293454,30242.298984771576,400.0,42552.6,39.4,0.0,0.0,1.0,2512.0,Praha - vychod,central Bohemia,92084,55,29,4,3,5,46.7,10124,0.56,0.54,141,3810,4316
3058,0,44,POPLATEK MESICNE,1165,182,8639.094505494506,9569.163517440045,48037.86263736264,700.0,70896.6,36.4,0.0,0.0,0.0,0.0,Chrudim,east Bohemia,105606,77,26,7,2,7,53.0,8254,2.79,3.76,97,2166,2325
1958,0,40,POPLATEK MESICNE,1164,164,2319.842682926829,2480.7907201506123,29569.41280487805,600.0,35011.8,32.8,0.0,0.0,1.0,2934.0,Teplice,north Bohemia,128118,9,16,6,3,8,85.3,9317,6.49,7.07,97,6949,6872
1441,0,50,POPLATEK MESICNE,1163,205,2280.828292682927,2330.0087621184043,24481.311707317076,500.0,23417.0,41.0,0.0,0.0,1.0,2425.0,Svitavy,east Bohemia,102609,75,33,2,3,6,52.0,8187,4.83,5.45,94,2123,2134
1109,0,66,POPLATEK MESICNE,1161,178,8191.0634831460675,8898.58314311816,48514.11966292135,600.0,46056.6,35.6,0.0,0.0,0.0,0.0,Zdar nad Sazavou,south Moravia,125832,151,41,2,3,5,48.3,8512,3.51,4.12,102,2247,2103
2536,0,41,POPLATEK MESICNE,1160,185,2452.83027027027,2756.731918916742,27364.256756756757,500.0,28687.1,37.0,0.0,1.0,1.0,3136.0,Usti nad Labem,north Bohemia,118650,8,8,5,1,3,85.6,9832,3.32,4.48,114,6445,5471
1295,0,15,POPLATEK MESICNE,1160,204,2399.005392156863,2436.988038991478,19993.87843137255,600.0,17206.4,40.8,0.0,0.0,1.0,3282.0,Cesky Krumlov,south Bohemia,58796,22,16,7,1,5,51.9,9045,3.13,3.60,124,1845,1879
3419,0,1,POPLATEK MESICNE,1159,279,3583.5559139784946,4404.431804945601,24946.909677419353,800.0,27281.4,55.8,0.0,0.0,3.0,7898.0,Hl.m. Praha,Prague,1204953,0,0,0,1,1,100.0,12541,0.29,0.43,167,85677,99107
1993,1,68,POPLATEK MESICNE,1158,187,9063.39090909091,13051.975675203339,34674.29037433155,800.0,26112.6,37.4,1.0,0.0,1.0,5700.3,Frydek - Mistek,north Moravia,228848,15,40,18,2,6,57.2,9893,4.09,4.72,96,5623,5887
1076,0,1,POPLATEK MESICNE,1158,251,3954.075298804781,4559.253146912047,36177.8,200.0,60257.9,50.2,0.0,0.0,2.0,7087.0,Hl.m. Praha,Prague,1204953,0,0,0,1,1,100.0,12541,0.29,0.43,167,85677,99107
960,0,4,POPLATEK PO OBRATU,1155,270,12132.028888888888,15270.479519241158,53228.50037037037,200.0,62939.8,54.0,1.0,0.0,2.0,9091.0,Kladno,central Bohemia,149893,63,29,6,2,6,67.4,9753,4.64,5.05,109,5244,5892
201,0,63,POPLATEK MESICNE,1155,213,6071.611267605634,6562.645306198317,32992.949765258214,600.0,40762.7,42.6,0.0,0.0,1.0,9584.0,Vyskov,south Moravia,86513,38,36,5,1,5,50.5,8288,3.79,4.52,110,1562,1460
1168,0,29,POPLATEK MESICNE,1154,312,2615.7310897435896,3593.9678440339358,23682.44198717949,400.0,17305.8,62.4,0.0,1.0,4.0,4358.0,Rokycany,west Bohemia,45714,52,10,5,1,6,55.6,8843,2.82,3.60,113,818,888
2365,0,42,POPLATEK MESICNE,1153,182,2034.6967032967032,2015.3292214469077,22745.146703296705,500.0,25808.6,36.4,0.0,0.0,1.0,3061.0,Havlickuv Brod,east Bohemia,95907,87,25,5,2,7,59.1,8388,2.41,2.94,87,1658,1668
973,0,54,POPLATEK MESICNE,1152,180,2324.748888888889,2458.7481950242636,31971.72611111111,600.0,29909.6,36.0,0.0,0.0,1.0,2909.0,Brno - mesto,south Moravia,387570,0,0,0,1,1,100.0,9897,1.60,1.96,140,18721,18696
3663,0,67,POPLATEK MESICNE,1151,218,9236.219266055046,10241.798987383423,61482.97247706422,400.0,56687.2,43.6,0.0,0.0,1.0,7862.0,Bruntal,north Moravia,106054,38,25,6,2,6,63.1,8110,5.77,6.55,109,3244,3079
3576,0,58,POPLATEK MESICNE,1150,210,1340.7214285714285,1491.982454476878,23033.500476190475,900.0,27274.4,42.0,0.0,0.0,2.0,1668.0,Jihlava,south Moravia,109164,98,16,6,1,4,63.6,8757,3.38,3.95,96,2212,2471
4082,1,49,POPLATEK MESICNE,1149,164,10154.79512195122,14280.095279995263,41275.748780487804,-1387.9,58563.1,32.8,0.0,0.0,0.0,0.0,Semily,east Bohemia,75685,31,28,5,1,9,60.8,8208,1.89,2.26,155,1660,2123
2541,0,57,POPLATEK MESICNE,1149,282,3989.322695035461,5137.502951662832,36646.382624113474,400.0,50692.5,56.4,0.0,0.0,3.0,5957.0,Hodonin,south Moravia,161954,21,37,20,3,8,48.0,8720,3.73,4.50,116,3729,3651
4476,0,24,POPLATEK MESICNE,1147,305,3819.74131147541,5130.5812241079775,28473.092459016392,500.0,24221.7,61.0,1.0,0.0,4.0,7843.0,Karlovy Vary,west Bohemia,122603,25,21,6,2,8,80.0,8991,1.39,2.01,128,5198,5273
2572,0,64,POPLATEK PO OBRATU,1144,282,14173.897517730496,19099.91699455314,56906.59219858156,600.0,61479.9,56.4,1.0,1.0,1.0,7500.0,Zlin,south Moravia,197099,29,41,10,2,10,74.7,9624,1.60,2.31,145,4484,4265
2377,0,77,POPLATEK MESICNE,1144,209,1483.655980861244,1703.1525082958772,19373.55167464115,300.0,21067.1,41.8,0.0,0.0,2.0,1957.0,Vsetin,north Moravia,148545,8,35,12,3,4,53.5,8909,4.01,5.56,113,3460,3590
1554,0,47,POPLATEK MESICNE,1142,213,6682.923474178404,7505.77667964049,44798.86854460094,300.0,35515.0,42.6,0.0,0.0,1.0,6551.0,Pardubice,east Bohemia,162580,83,26,5,1,6,72.8,9538,1.51,1.81,111,6079,5410
5632,1,5,POPLATEK TYDNE,1142,257,14162.503501945524,15681.134980365694,60995.777821011674,1100.0,44599.4,51.4,1.0,0.0,1.0,4760.0,Kolin,central Bohemia,95616,65,30,4,1,6,51.4,9307,3.85,4.43,118,2616,3040
940,0,37,POPLATEK MESICNE,1142,224,13644.22544642857,16544.555705440558,70462.74776785714,300.0,61010.6,44.8,1.0,0.0,1.0,4738.0,Litomerice,north Bohemia,114006,71,26,6,2,9,62.3,9065,4.46,5.39,123,4147,4166
1583,0,69,POPLATEK PO OBRATU,1140,239,9155.225523012552,10888.581305857146,27943.245188284516,-2838.8,25103.1,47.8,1.0,1.0,1.0,8094.2,Jesenik,north Moravia,42821,4,13,5,1,3,48.4,8173,?,7.01,124,?,1358
2218,0,19,POPLATEK MESICNE,1136,226,14533.790265486727,17897.126348441594,63900.728761061946,600.0,58333.1,45.2,1.0,0.0,1.0,3034.0,Prachatice,south Bohemia,51428,50,11,3,1,4,52.7,8402,3.13,3.98,120,999,1099
1708,0,22,POPLATEK MESICNE,1136,225,5095.012444444445,5847.934117705413,28154.64088888889,700.0,33400.7,45.0,0.0,0.0,2.0,7858.0,Domazlice,west Bohemia,58400,65,16,4,1,6,52.4,8620,1.10,1.25,100,1089,1117
449,0,19,POPLATEK MESICNE,1135,206,1551.6203883495145,1848.4616747438727,17350.956796116505,900.0,16634.4,41.2,0.0,0.0,2.0,1953.0,Prachatice,south Bohemia,51428,50,11,3,1,4,52.7,8402,3.13,3.98,120,999,1099
2044,0,6,POPLATEK MESICNE,1134,198,7223.830808080808,7709.083746718485,41968.5702020202,300.0,85481.3,39.6,0.0,0.0,2.0,9278.0,Kutna Hora,central Bohemia,77963,60,23,4,2,4,51.5,8546,2.95,4.02,126,2640,3120
11186,0,12,POPLATEK MESICNE,1133,249,12565.708032128514,14883.031173627818,62065.40763052209,900.0,77546.7,49.8,1.0,0.0,2.0,16351.2,Pribram,central Bohemia,107870,84,29,6,1,6,58.0,8754,3.83,4.31,137,3804,3868
29,0,7,POPLATEK MESICNE,1133,270,5205.33,6916.789568853672,32982.41333333333,700.0,45903.7,54.0,0.0,0.0,3.0,7708.0,Melnik,central Bohemia,94725,38,28,1,3,6,63.4,9920,2.26,2.87,130,4289,4846
3752,0,1,POPLATEK MESICNE,1132,237,5664.441350210971,6950.007116212298,53658.22405063291,200.0,55552.7,47.4,1.0,0.0,2.0,4765.0,Hl.m. Praha,Prague,1204953,0,0,0,1,1,100.0,12541,0.29,0.43,167,85677,99107
2028,0,7,POPLATEK TYDNE,1131,162,12592.953086419753,15962.588971620984,47613.666666666664,500.0,10040.4,32.4,0.0,0.0,0.0,0.0,Melnik,central Bohemia,94725,38,28,1,3,6,63.4,9920,2.26,2.87,130,4289,4846
1294,0,71,POPLATEK MESICNE,1130,231,4938.247619047619,6287.146562000156,26727.316450216447,300.0,41162.2,46.2,0.0,0.0,2.0,3581.0,Novy Jicin,north Moravia,161227,5,35,11,4,10,69.7,8678,5.93,5.57,102,4980,4595
106,0,63,POPLATEK MESICNE,1130,210,6580.079523809523,7575.968842428323,41452.352857142854,500.0,69957.3,42.0,0.0,0.0,1.0,3735.0,Vyskov,south Moravia,86513,38,36,5,1,5,50.5,8288,3.79,4.52,110,1562,1460
2707,0,61,POPLATEK MESICNE,1130,304,10349.86907894737,13724.368839746472,58721.653947368424,400.0,91890.9,60.8,0.0,0.0,2.0,5578.0,Trebic,south Moravia,117897,139,28,5,1,6,53.8,8814,4.76,5.74,107,2112,2059
2027,0,19,POPLATEK MESICNE,1129,167,2175.31497005988,2235.5697434943863,21257.310179640717,800.0,30264.7,33.4,0.0,0.0,1.0,3476.0,Prachatice,south Bohemia,51428,50,11,3,1,4,52.7,8402,3.13,3.98,120,999,1099
3369,0,8,POPLATEK MESICNE,1126,229,1884.5078602620088,2120.1685563431897,25724.982969432313,300.0,38876.5,45.8,0.0,0.0,2.0,3033.0,Mlada Boleslav,central Bohemia,112065,95,19,7,1,8,69.4,11277,1.25,1.44,127,5179,4987
9731,0,54,POPLATEK PO OBRATU,1126,261,5874.478160919541,7274.3705340698925,33061.63409961686,500.0,22028.6,52.2,1.0,0.0,3.0,9447.7,Brno - mesto,south Moravia,387570,0,0,0,1,1,100.0,9897,1.60,1.96,140,18721,18696
1578,0,48,POPLATEK MESICNE,1126,169,1612.4124260355031,1607.721030393913,27740.89349112426,600.0,42253.6,33.8,0.0,1.0,1.0,1825.0,Rychnov nad Kneznou,east Bohemia,78955,50,24,8,1,9,59.0,9060,1.78,2.44,124,1655,1717
8411,0,20,POPLATEK MESICNE,1125,292,6114.165753424657,8058.534043196216,31452.543493150682,1100.0,30157.7,58.4,1.0,0.0,3.0,12996.3,Strakonice,south Bohemia,70646,94,14,3,1,4,58.4,8547,2.65,3.64,120,1563,1542
1919,0,18,POPLATEK MESICNE,1123,239,7894.194142259414,10452.353613901974,71226.0740585774,800.0,82311.0,47.8,0.0,0.0,2.0,4887.0,Pisek,south Bohemia,70699,60,13,2,1,4,65.3,8968,2.83,3.35,131,1740,1910
1307,0,56,POPLATEK MESICNE,1122,208,2554.3687499999996,2582.8118012938494,22638.655288461538,500.0,15751.2,41.6,0.0,0.0,1.0,3297.0,Breclav,south Moravia,124605,11,42,14,1,8,46.0,8772,4.69,4.98,126,2854,3158
2121,0,64,POPLATEK MESICNE,1122,231,7661.464502164502,9351.62858443219,48121.8012987013,1000.0,40022.7,46.2,0.0,1.0,2.0,6007.0,Zlin,south Moravia,197099,29,41,10,2,10,74.7,9624,1.60,2.31,145,4484,4265
1436,0,3,POPLATEK MESICNE,1120,204,2182.93431372549,2065.1857101333367,33844.62254901961,500.0,38099.1,40.8,0.0,0.0,1.0,3104.0,Beroun,central Bohemia,75232,55,26,4,1,5,41.7,8980,1.95,2.21,111,2824,2813
3489,0,9,POPLATEK MESICNE,1119,224,5573.0794642857145,6662.025382607016,42261.07232142857,1000.0,38827.5,44.8,1.0,0.0,2.0,5210.0,Nymburk,central Bohemia,81344,61,23,4,2,6,55.3,8899,3.39,3.97,149,2987,2487
3348,0,4,POPLATEK MESICNE,1119,205,6912.580487804878,7752.007357592379,47449.928780487804,1100.0,63161.7,41.0,0.0,1.0,1.0,5787.0,Kladno,central Bohemia,149893,63,29,6,2,6,67.4,9753,4.64,5.05,109,5244,5892
2809,0,73,POPLATEK MESICNE,1119,230,5087.837826086957,5926.17415903679,32358.536521739134,700.0,30733.7,46.0,0.0,0.0,2.0,8103.0,Opava,north Moravia,182027,17,49,12,2,7,56.4,8746,3.33,3.74,90,4355,4433
3364,0,21,POPLATEK TYDNE,1119,254,10594.243307086614,13688.875857090834,50018.035433070865,500.0,72917.8,50.8,0.0,0.0,3.0,9841.7,Tabor,south Bohemia,103347,87,16,7,1,7,67.0,9104,1.51,2.07,123,2299,2354
2546,0,1,POPLATEK MESICNE,1119,262,6246.8988549618325,10940.885979833409,42460.15534351145,300.0,26735.7,52.4,0.0,0.0,4.0,9513.5,Hl.m. Praha,Prague,1204953,0,0,0,1,1,100.0,12541,0.29,0.43,167,85677,99107
2343,0,68,POPLATEK MESICNE,1118,226,4100.877433628319,4310.383839023008,39111.30884955753,300.0,44334.3,45.2,1.0,1.0,2.0,8862.0,Frydek - Mistek,north Moravia,228848,15,40,18,2,6,57.2,9893,4.09,4.72,96,5623,5887
594,0,54,POPLATEK MESICNE,1118,172,1218.4151162790697,1251.7754159328676,17847.86104651163,500.0,24414.5,34.4,0.0,0.0,1.0,2054.0,Brno - mesto,south Moravia,387570,0,0,0,1,1,100.0,9897,1.60,1.96,140,18721,18696
4434,0,41,POPLATEK MESICNE,1118,257,12827.187548638132,14843.255146359324,65396.923346303505,1100.0,37391.1,51.4,0.0,0.0,2.0,6809.0,Usti nad Labem,north Bohemia,118650,8,8,5,1,3,85.6,9832,3.32,4.48,114,6445,5471
359,0,11,POPLATEK MESICNE,1116,155,2388.34,2347.2304972223988,18136.370322580646,400.0,17922.1,31.0,0.0,0.0,1.0,3544.0,Praha - zapad,central Bohemia,75637,35,36,9,0,7,36.5,9622,0.45,0.59,154,3475,3529
3279,0,46,POPLATEK TYDNE,1110,212,12136.159905660377,14114.12133588625,54191.71839622642,1100.0,23403.5,42.4,0.0,1.0,1.0,11462.0,Nachod,east Bohemia,112709,48,20,7,3,10,73.5,8369,1.79,2.31,117,2854,2618
1011,0,45,POPLATEK MESICNE,1110,237,6756.4438818565395,7653.307866931288,53950.176793248946,400.0,63009.1,47.4,1.0,1.0,2.0,10485.5,Jicin,east Bohemia,77917,85,19,6,1,5,53.5,8390,2.28,2.89,132,2080,2122
8856,0,15,POPLATEK MESICNE,1109,292,11076.81815068493,14530.089438548286,69361.45,-8408.2,108181.7,58.4,0.0,0.0,0.0,0.0,Cesky Krumlov,south Bohemia,58796,22,16,7,1,5,51.9,9045,3.13,3.60,124,1845,1879
2808,0,1,POPLATEK MESICNE,1109,94,4181.358510638298,8740.010411602882,45209.00319148936,700.0,38770.3,18.8,0.0,1.0,0.0,0.0,Hl.m. Praha,Prague,1204953,0,0,0,1,1,100.0,12541,0.29,0.43,167,85677,99107
5357,0,70,POPLATEK MESICNE,1109,170,4631.012352941177,6290.094259067428,40450.84588235294,-133.6,71656.5,34.0,0.0,0.0,0.0,0.0,Karvina,north Moravia,285387,0,2,8,5,7,89.9,10177,6.63,7.75,81,9878,10108
775,0,1,POPLATEK MESICNE,1109,236,6488.722881355932,8620.811915279395,53380.32457627118,300.0,71756.3,47.2,0.0,0.0,2.0,3607.0,Hl.m. Praha,Prague,1204953,0,0,0,1,1,100.0,12541,0.29,0.43,167,85677,99107
2524,0,1,POPLATEK MESICNE,1108,181,2434.0602209944755,2509.0719573552724,19519.707182320442,300.0,16430.6,36.2,0.0,0.0,1.0,2550.0,Hl.m. Praha,Prague,1204953,0,0,0,1,1,100.0,12541,0.29,0.43,167,85677,99107
3903,0,58,POPLATEK MESICNE,1108,201,6620.358208955224,7162.214745087219,34713.22587064677,500.0,45651.2,40.2,0.0,0.0,1.0,6583.0,Jihlava,south Moravia,109164,98,16,6,1,4,63.6,8757,3.38,3.95,96,2212,2471
802,0,15,POPLATEK MESICNE,1107,171,2041.017543859649,2318.3978902623157,31882.17485380117,300.0,47401.9,34.2,0.0,0.0,1.0,1876.0,Cesky Krumlov,south Bohemia,58796,22,16,7,1,5,51.9,9045,3.13,3.60,124,1845,1879
3567,1,5,POPLATEK MESICNE,1107,249,9644.568273092369,12844.473836832636,54817.57831325301,1000.0,56949.6,49.8,0.0,1.0,3.0,12473.3,Kolin,central Bohemia,95616,65,30,4,1,6,51.4,9307,3.85,4.43,118,2616,3040
68,0,37,POPLATEK PO OBRATU,1107,311,8801.370418006432,13784.591446135217,63187.59839228296,200.0,55450.1,62.2,0.0,0.0,4.0,3089.0,Litomerice,north Bohemia,114006,71,26,6,2,9,62.3,9065,4.46,5.39,123,4147,4166
1417,0,75,POPLATEK MESICNE,1107,206,8888.322330097088,10007.755522202857,57016.525242718446,200.0,93844.1,41.2,0.0,0.0,1.0,7394.0,Prerov,north Moravia,138032,67,30,4,2,5,64.6,8819,5.38,5.66,99,4063,4505
3643,0,1,POPLATEK MESICNE,1105,36,2091.6666666666665,2000.7677097982732,24125.0,300.0,34500.0,7.2,0.0,0.0,0.0,0.0,Hl.m. Praha,Prague,1204953,0,0,0,1,1,100.0,12541,0.29,0.43,167,85677,99107
10728,0,71,POPLATEK MESICNE,1104,244,6419.198360655737,7428.335832201205,38962.95860655738,1000.0,47273.3,48.8,1.0,0.0,2.0,7088.5,Novy Jicin,north Moravia,161227,5,35,11,4,10,69.7,8678,5.93,5.57,102,4980,4595
2384,0,40,POPLATEK MESICNE,1104,174,21224.39195402299,22842.528135669156,57822.28850574712,500.0,60566.5,34.8,0.0,0.0,1.0,4282.0,Teplice,north Bohemia,128118,9,16,6,3,8,85.3,9317,6.49,7.07,97,6949,6872
1835,0,74,POPLATEK MESICNE,1103,225,5434.181333333334,6386.065801890751,48782.95111111111,800.0,50140.3,45.0,0.0,0.0,2.0,7369.0,Ostrava - mesto,north Moravia,323870,0,0,0,1,1,100.0,10673,4.75,5.44,100,18782,18347
3621,1,32,POPLATEK MESICNE,1102,196,3617.294387755102,3539.726014823693,26765.075510204082,400.0,25211.2,39.2,0.0,0.0,1.0,5319.0,Ceska Lipa,north Bohemia,105058,32,19,7,2,10,81.0,9272,2.80,3.22,118,4340,4505
1394,0,32,POPLATEK MESICNE,1100,201,2090.2970149253733,2645.207611075366,34195.879104477615,600.0,46702.9,40.2,0.0,0.0,2.0,2100.0,Ceska Lipa,north Bohemia,105058,32,19,7,2,10,81.0,9272,2.80,3.22,118,4340,4505
3006,0,64,POPLATEK MESICNE,1095,174,2557.156896551724,2669.8170724142283,23224.305172413795,200.0,24084.7,34.8,0.0,0.0,1.0,3783.0,Zlin,south Moravia,197099,29,41,10,2,10,74.7,9624,1.60,2.31,145,4484,4265
2322,1,33,POPLATEK MESICNE,1094,367,7898.515803814714,12852.477208016791,50321.44604904632,900.0,109037.7,73.4,1.0,0.0,5.0,8610.0,Decin,north Bohemia,133777,24,17,7,3,11,84.7,8705,5.75,7.61,116,4650,4859
1331,0,59,POPLATEK MESICNE,1093,214,3970.5317757009348,4469.830772664953,25644.418691588784,600.0,18845.8,42.8,0.0,0.0,2.0,4416.0,Kromeriz,south Moravia,108871,41,29,7,2,6,62.1,8444,3.24,3.47,106,2595,2305
2355,0,1,POPLATEK MESICNE,1093,191,17262.285340314134,19212.07458684839,58346.3219895288,600.0,44222.4,38.2,0.0,0.0,0.0,0.0,Hl.m. Praha,Prague,1204953,0,0,0,1,1,100.0,12541,0.29,0.43,167,85677,99107
3482,0,70,POPLATEK MESICNE,1093,167,1958.0862275449103,1985.7299735111876,15805.340718562873,600.0,15233.6,33.4,0.0,0.0,1.0,3026.0,Karvina,north Moravia,285387,0,2,8,5,7,89.9,10177,6.63,7.75,81,9878,10108
4503,0,50,POPLATEK MESICNE,1093,226,12991.172123893804,15257.260685969137,58704.39380530974,200.0,22074.5,45.2,1.0,0.0,1.0,2819.8,Svitavy,east Bohemia,102609,75,33,2,3,6,52.0,8187,4.83,5.45,94,2123,2134
2077,0,29,POPLATEK MESICNE,1092,176,2149.602840909091,2387.3877740547664,27107.16818181818,700.0,34995.8,35.2,0.0,0.0,0.0,0.0,Rokycany,west Bohemia,45714,52,10,5,1,6,55.6,8843,2.82,3.60,113,818,888
685,0,37,POPLATEK TYDNE,1092,157,13051.468152866242,15350.55327088612,58530.43566878981,200.0,44470.2,31.4,0.0,0.0,1.0,3847.2,Litomerice,north Bohemia,114006,71,26,6,2,9,62.3,9065,4.46,5.39,123,4147,4166
2163,0,17,POPLATEK MESICNE,1091,235,6151.18,7587.9724975554645,42024.72085106383,1000.0,48813.5,47.0,0.0,0.0,2.0,5194.0,Pelhrimov,south Bohemia,74062,99,15,4,2,7,61.4,8114,2.38,2.62,119,1003,1181
2239,0,25,POPLATEK MESICNE,1091,237,4829.5970464135025,5981.921688965426,32453.772573839662,900.0,43054.5,47.4,0.0,0.0,2.0,7760.0,Klatovy,west Bohemia,88757,60,33,3,2,10,61.7,8554,2.47,2.68,113,1822,2218
1706,0,1,POPLATEK MESICNE,1091,205,1415.520975609756,1432.250123536944,38167.730731707314,700.0,63385.6,41.0,0.0,0.0,1.0,2058.0,Hl.m. Praha,Prague,1204953,0,0,0,1,1,100.0,12541,0.29,0.43,167,85677,99107
7795,0,64,POPLATEK MESICNE,1091,261,13561.72643678161,14701.505379082208,60843.25593869732,500.0,68221.1,52.2,1.0,0.0,1.0,6202.0,Zlin,south Moravia,197099,29,41,10,2,10,74.7,9624,1.60,2.31,145,4484,4265
3128,0,1,POPLATEK MESICNE,1090,167,3149.2760479041913,3266.584060138811,37649.55449101796,200.0,47329.1,33.4,0.0,1.0,0.0,0.0,Hl.m. Praha,Prague,1204953,0,0,0,1,1,100.0,12541,0.29,0.43,167,85677,99107
2978,0,74,POPLATEK MESICNE,1090,192,2272.359895833333,2363.266145985297,18497.8625,600.0,16790.4,38.4,0.0,1.0,1.0,3212.0,Ostrava - mesto,north Moravia,323870,0,0,0,1,1,100.0,10673,4.75,5.44,100,18782,18347
3141,0,1,POPLATEK TYDNE,1090,201,5729.017412935324,5255.120235660196,34692.57910447761,1100.0,49462.4,40.2,0.0,0.0,2.0,10992.0,Hl.m. Praha,Prague,1204953,0,0,0,1,1,100.0,12541,0.29,0.43,167,85677,99107
3250,0,1,POPLATEK MESICNE,1090,195,2073.977948717949,2165.1486018084984,19683.35641025641,800.0,12705.8,39.0,0.0,0.0,1.0,1880.0,Hl.m. Praha,Prague,1204953,0,0,0,1,1,100.0,12541,0.29,0.43,167,85677,99107
1955,0,49,POPLATEK MESICNE,1089,162,1216.5407407407408,1194.997498713854,14209.363580246913,600.0,13940.7,32.4,0.0,0.0,1.0,1964.0,Semily,east Bohemia,75685,31,28,5,1,9,60.8,8208,1.89,2.26,155,1660,2123
5650,0,10,POPLATEK PO OBRATU,1088,240,8095.857916666666,9284.228719730669,44169.97041666667,900.0,44370.6,48.0,1.0,0.0,2.0,14638.3,Praha - vychod,central Bohemia,92084,55,29,4,3,5,46.7,10124,0.56,0.54,141,3810,4316
3641,0,7,POPLATEK MESICNE,1087,164,1342.604268292683,1440.888281426503,19586.490243902437,600.0,22136.7,32.8,0.0,0.0,1.0,2163.0,Melnik,central Bohemia,94725,38,28,1,3,6,63.4,9920,2.26,2.87,130,4289,4846
2923,0,43,POPLATEK MESICNE,1086,153,1800.8418300653593,1691.7268721095854,17488.622222222224,500.0,22365.9,30.6,0.0,0.0,1.0,2786.0,Hradec Kralove,east Bohemia,161854,73,21,6,1,6,76.3,9425,1.72,2.50,125,4085,3891
8092,0,54,POPLATEK MESICNE,1085,203,3559.906896551724,3935.5884684908992,18519.059113300493,1000.0,13278.2,40.6,1.0,0.0,2.0,7151.0,Brno - mesto,south Moravia,387570,0,0,0,1,1,100.0,9897,1.60,1.96,140,18721,18696
2421,0,18,POPLATEK MESICNE,1085,202,1023.9376237623762,1269.869761751669,29443.550495049505,900.0,44964.5,40.4,0.0,0.0,3.0,2127.0,Pisek,south Bohemia,70699,60,13,2,1,4,65.3,8968,2.83,3.35,131,1740,1910
1437,0,50,POPLATEK MESICNE,1083,266,1004.7394736842106,1409.4815576718552,21492.02781954887,1000.0,18613.2,53.2,0.0,0.0,4.0,2161.0,Svitavy,east Bohemia,102609,75,33,2,3,6,52.0,8187,4.83,5.45,94,2123,2134
756,0,65,POPLATEK MESICNE,1083,43,2015.7953488372093,2292.9271541554835,45082.637209302324,300.0,69079.2,8.6,0.0,0.0,0.0,0.0,Znojmo,south Moravia,114200,101,41,4,1,4,43.7,8403,5.74,5.72,105,2157,2718
3244,0,56,POPLATEK MESICNE,1082,200,1070.143,1238.5683437995303,18736.25,1100.0,17674.5,40.0,0.0,0.0,2.0,2077.0,Breclav,south Moravia,124605,11,42,14,1,8,46.0,8772,4.69,4.98,126,2854,3158
10630,0,41,POPLATEK MESICNE,1081,227,5310.125991189428,5053.282320807982,27270.337885462555,300.0,25681.6,45.4,1.0,0.0,2.0,15563.0,Usti nad Labem,north Bohemia,118650,8,8,5,1,3,85.6,9832,3.32,4.48,114,6445,5471
3981,0,23,POPLATEK MESICNE,1081,219,1012.3872146118721,1261.7317912847147,16951.37899543379,500.0,21527.7,43.8,0.0,1.0,3.0,2264.0,Cheb,west Bohemia,87419,21,11,4,3,9,85.5,8624,1.79,2.66,102,2879,3198
3812,0,72,POPLATEK MESICNE,1080,167,1920.8131736526946,2065.671564143183,27475.79101796407,400.0,35480.5,33.4,0.0,0.0,1.0,2125.0,Olomouc,north Moravia,226122,32,50,7,4,4,62.6,8994,3.80,4.79,110,9672,9208
4368,0,1,POPLATEK MESICNE,1080,166,5684.160240963855,5864.090790781707,39245.415060240965,500.0,65843.6,33.2,0.0,0.0,0.0,0.0,Hl.m. Praha,Prague,1204953,0,0,0,1,1,100.0,12541,0.29,0.43,167,85677,99107
2729,0,40,POPLATEK MESICNE,1080,202,4982.120792079208,5784.8426427222785,40484.85346534654,700.0,71037.6,40.4,0.0,0.0,1.0,8733.0,Teplice,north Bohemia,128118,9,16,6,3,8,85.3,9317,6.49,7.07,97,6949,6872
2446,0,3,POPLATEK MESICNE,1080,199,4546.11608040201,4773.213653468627,34242.661809045225,700.0,50422.1,39.8,0.0,0.0,1.0,6372.0,Beroun,central Bohemia,75232,55,26,4,1,5,41.7,8980,1.95,2.21,111,2824,2813
839,0,16,POPLATEK MESICNE,1079,187,9702.32513368984,11040.246903121857,61790.99411764706,500.0,75096.2,37.4,0.0,0.0,1.0,4254.0,Jindrichuv Hradec,south Bohemia,93931,74,21,10,1,8,56.9,8427,1.12,1.54,107,1874,1913
1625,0,1,POPLATEK MESICNE,1079,287,3218.92787456446,4543.874600795203,24055.131010452962,800.0,29456.8,57.4,0.0,0.0,4.0,4113.0,Hl.m. Praha,Prague,1204953,0,0,0,1,1,100.0,12541,0.29,0.43,167,85677,99107
2563,0,48,POPLATEK MESICNE,1079,200,2495.137,2463.579186992763,33622.2605,300.0,47968.7,40.0,0.0,0.0,1.0,2984.0,Rychnov nad Kneznou,east Bohemia,78955,50,24,8,1,9,59.0,9060,1.78,2.44,124,1655,1717
1414,0,58,POPLATEK MESICNE,1079,253,4710.61185770751,5750.798962816545,26247.49446640316,600.0,36891.6,50.6,0.0,0.0,3.0,9134.0,Jihlava,south Moravia,109164,98,16,6,1,4,63.6,8757,3.38,3.95,96,2212,2471
7562,0,72,POPLATEK TYDNE,1079,214,13567.028504672897,15930.730074472714,63679.16728971963,400.0,70477.7,42.8,1.0,0.0,1.0,6450.2,Olomouc,north Moravia,226122,32,50,7,4,4,62.6,8994,3.80,4.79,110,9672,9208
2185,0,67,POPLATEK MESICNE,1078,170,1984.3676470588234,2079.6082715333523,26063.975882352945,900.0,39931.6,34.0,0.0,0.0,1.0,2004.0,Bruntal,north Moravia,106054,38,25,6,2,6,63.1,8110,5.77,6.55,109,3244,3079
1446,0,57,POPLATEK MESICNE,1078,200,6461.977,7411.683247981735,52316.165499999996,1100.0,83715.7,40.0,0.0,0.0,1.0,4877.0,Hodonin,south Moravia,161954,21,37,20,3,8,48.0,8720,3.73,4.50,116,3729,3651
915,0,72,POPLATEK MESICNE,1078,236,12203.081355932205,14484.383125368491,47926.63516949153,700.0,85277.6,47.2,1.0,0.0,2.0,20740.0,Olomouc,north Moravia,226122,32,50,7,4,4,62.6,8994,3.80,4.79,110,9672,9208
3777,0,70,POPLATEK MESICNE,1077,208,984.4173076923076,1168.673721875106,20421.386538461542,200.0,26457.4,41.6,0.0,0.0,3.0,2148.0,Karvina,north Moravia,285387,0,2,8,5,7,89.9,10177,6.63,7.75,81,9878,10108
2414,0,1,POPLATEK MESICNE,1077,191,1034.7560209424084,1133.1110114022038,14903.078534031414,400.0,13487.5,38.2,0.0,0.0,2.0,1966.0,Hl.m. Praha,Prague,1204953,0,0,0,1,1,100.0,12541,0.29,0.43,167,85677,99107
9814,0,64,POPLATEK TYDNE,1077,291,8207.735738831616,12154.432184020765,50784.03711340207,600.0,53417.0,58.2,1.0,0.0,1.0,8013.7,Zlin,south Moravia,197099,29,41,10,2,10,74.7,9624,1.60,2.31,145,4484,4265
2681,0,28,POPLATEK MESICNE,1077,204,8575.994117647058,10172.19901231647,56293.92696078431,1100.0,86753.3,40.8,0.0,0.0,2.0,6222.0,Plzen - sever,west Bohemia,72541,66,26,10,0,8,36.9,8594,1.62,2.01,112,1580,1525
484,0,1,POPLATEK MESICNE,1076,289,2487.4508650519033,3356.330404872945,27113.930449826992,600.0,27828.6,57.8,0.0,0.0,4.0,5167.0,Hl.m. Praha,Prague,1204953,0,0,0,1,1,100.0,12541,0.29,0.43,167,85677,99107
217,0,77,POPLATEK MESICNE,1076,185,4507.561621621622,4774.350736076418,26913.912972972976,800.0,27268.0,37.0,0.0,0.0,2.0,4112.0,Vsetin,north Moravia,148545,8,35,12,3,4,53.5,8909,4.01,5.56,113,3460,3590
9030,0,72,POPLATEK MESICNE,1075,281,4728.800355871886,6869.017037832678,44632.172241992885,200.0,39310.6,56.2,1.0,0.0,3.0,6660.0,Olomouc,north Moravia,226122,32,50,7,4,4,62.6,8994,3.80,4.79,110,9672,9208
2352,0,70,POPLATEK MESICNE,1075,292,5104.097260273972,7718.345880719876,51948.760273972606,300.0,77375.6,58.4,1.0,0.0,4.0,6443.0,Karvina,north Moravia,285387,0,2,8,5,7,89.9,10177,6.63,7.75,81,9878,10108
1526,0,52,POPLATEK MESICNE,1074,182,2955.002747252747,2841.869836161223,38700.13956043956,200.0,61005.1,36.4,0.0,0.0,1.0,4433.0,Usti nad Orlici,east Bohemia,139012,59,41,8,3,10,61.9,8363,2.52,3.49,108,2564,2799
3841,0,8,POPLATEK MESICNE,1074,183,1576.48087431694,2096.2366705140957,18239.781420765026,800.0,36250.6,36.6,0.0,0.0,2.0,1663.0,Mlada Boleslav,central Bohemia,112065,95,19,7,1,8,69.4,11277,1.25,1.44,127,5179,4987
270,0,27,POPLATEK MESICNE,1073,187,9326.36203208556,10479.82598075901,59550.14545454545,1100.0,86658.9,37.4,0.0,0.0,1.0,5462.0,Plzen - jih,west Bohemia,67298,71,19,10,0,7,43.8,8561,0.65,1.29,110,1029,1127
1914,0,27,POPLATEK MESICNE,1072,227,2198.622026431718,2136.504356336638,33725.738766519826,700.0,62681.9,45.4,0.0,1.0,2.0,3335.0,Plzen - jih,west Bohemia,67298,71,19,10,0,7,43.8,8561,0.65,1.29,110,1029,1127
2054,0,1,POPLATEK MESICNE,1072,243,6070.313580246913,7696.917357071706,41112.450617283954,600.0,69335.2,48.6,0.0,0.0,3.0,8738.0,Hl.m. Praha,Prague,1204953,0,0,0,1,1,100.0,12541,0.29,0.43,167,85677,99107
2111,0,42,POPLATEK TYDNE,1071,221,13501.396832579187,15117.48610566702,64968.41085972851,300.0,55614.4,44.2,0.0,0.0,1.0,4619.9,Havlickuv Brod,east Bohemia,95907,87,25,5,2,7,59.1,8388,2.41,2.94,87,1658,1668
1769,1,39,POPLATEK MESICNE,1071,155,2737.529677419355,3535.3895049867806,25434.41677419355,200.0,16171.9,31.0,0.0,0.0,0.0,0.0,Most,north Bohemia,119895,17,4,3,2,4,89.9,10446,7.34,9.40,90,4947,4743
2663,0,64,POPLATEK MESICNE,1071,173,2471.1965317919075,2531.5169382852473,21096.010404624278,700.0,24931.9,34.6,0.0,0.0,1.0,3877.0,Zlin,south Moravia,197099,29,41,10,2,10,74.7,9624,1.60,2.31,145,4484,4265
4103,0,38,POPLATEK MESICNE,1071,208,14110.284134615385,17436.85925691596,58288.869711538464,300.0,6856.1,41.6,0.0,0.0,0.0,0.0,Louny,north Bohemia,85852,41,23,4,2,4,59.8,8965,7.08,8.23,104,2653,2822
5735,0,52,POPLATEK MESICNE,1071,243,10781.141563786008,12841.146250091559,49056.648148148146,-2825.2,60325.5,48.6,1.0,0.0,1.0,4845.0,Usti nad Orlici,east Bohemia,139012,59,41,8,3,10,61.9,8363,2.52,3.49,108,2564,2799
3362,0,73,POPLATEK MESICNE,1071,204,4278.810294117648,4543.538057152164,35648.23431372549,1100.0,31543.9,40.8,0.0,0.0,1.0,7294.0,Opava,north Moravia,182027,17,49,12,2,7,56.4,8746,3.33,3.74,90,4355,4433
2755,0,20,POPLATEK MESICNE,1070,199,1937.2065326633165,2083.700331434378,24152.810050251257,400.0,16739.4,39.8,0.0,0.0,2.0,3767.0,Strakonice,south Bohemia,70646,94,14,3,1,4,58.4,8547,2.65,3.64,120,1563,1542
3235,0,8,POPLATEK MESICNE,1070,191,7341.632460732984,8190.329965314602,32732.957068062828,400.0,42261.3,38.2,0.0,0.0,1.0,6149.0,Mlada Boleslav,central Bohemia,112065,95,19,7,1,8,69.4,11277,1.25,1.44,127,5179,4987
795,0,25,POPLATEK MESICNE,1069,195,2539.0764102564103,2826.6148638455898,36113.93384615385,900.0,55854.3,39.0,0.0,0.0,1.0,2976.0,Klatovy,west Bohemia,88757,60,33,3,2,10,61.7,8554,2.47,2.68,113,1822,2218
1548,0,47,POPLATEK MESICNE,1069,151,1399.4615894039737,1364.7439783276045,16031.264238410595,800.0,15381.3,30.2,0.0,0.0,1.0,2106.0,Pardubice,east Bohemia,162580,83,26,5,1,6,72.8,9538,1.51,1.81,111,6079,5410
650,0,3,POPLATEK MESICNE,1068,188,2457.8202127659574,2658.055242545475,24811.518617021276,1100.0,30905.0,37.6,0.0,0.0,1.0,1697.0,Beroun,central Bohemia,75232,55,26,4,1,5,41.7,8980,1.95,2.21,111,2824,2813
11042,0,72,POPLATEK MESICNE,1067,237,11536.937974683544,13506.192940706966,55958.1,400.0,39312.8,47.4,1.0,0.0,2.0,14467.8,Olomouc,north Moravia,226122,32,50,7,4,4,62.6,8994,3.80,4.79,110,9672,9208
3421,0,31,POPLATEK MESICNE,1064,200,6742.994000000001,7691.817485426285,42993.3025,500.0,70628.0,40.0,0.0,0.0,1.0,8640.0,Tachov,west Bohemia,51313,34,12,3,1,4,59.2,8930,3.52,4.20,108,1328,1452
1112,0,48,POPLATEK MESICNE,1062,168,8254.416071428572,9749.656976789978,52189.99642857143,900.0,61876.5,33.6,0.0,0.0,0.0,0.0,Rychnov nad Kneznou,east Bohemia,78955,50,24,8,1,9,59.0,9060,1.78,2.44,124,1655,1717
3583,0,40,POPLATEK MESICNE,1062,167,2152.5293413173654,2286.7989987667056,26534.774850299404,500.0,22039.0,33.4,0.0,1.0,1.0,3084.0,Teplice,north Bohemia,128118,9,16,6,3,8,85.3,9317,6.49,7.07,97,6949,6872
4001,0,54,POPLATEK MESICNE,1061,61,1446.8344262295082,2055.227590064358,18431.937704918033,400.0,21656.7,12.2,0.0,0.0,0.0,0.0,Brno - mesto,south Moravia,387570,0,0,0,1,1,100.0,9897,1.60,1.96,140,18721,18696
393,0,46,POPLATEK MESICNE,1061,217,8565.000921658986,10720.502833921963,42280.16589861751,500.0,39994.5,43.4,0.0,0.0,2.0,6222.0,Nachod,east Bohemia,112709,48,20,7,3,10,73.5,8369,1.79,2.31,117,2854,2618
2718,0,29,POPLATEK MESICNE,1060,165,2635.421212121212,6013.85064184447,25725.40787878788,1100.0,20339.2,33.0,0.0,0.0,0.0,0.0,Rokycany,west Bohemia,45714,52,10,5,1,6,55.6,8843,2.82,3.60,113,818,888
1496,1,57,POPLATEK MESICNE,1060,246,4460.593089430894,5891.95386732506,36820.081300813006,400.0,39712.3,49.2,0.0,0.0,3.0,7125.0,Hodonin,south Moravia,161954,21,37,20,3,8,48.0,8720,3.73,4.50,116,3729,3651
2968,0,15,POPLATEK MESICNE,1060,225,11868.324444444444,15429.431724165821,58529.13333333333,1100.0,50340.2,45.0,0.0,0.0,2.0,3678.0,Cesky Krumlov,south Bohemia,58796,22,16,7,1,5,51.9,9045,3.13,3.60,124,1845,1879
1889,0,59,POPLATEK MESICNE,1059,163,2279.063803680982,2324.088939083046,28104.259509202453,800.0,34191.2,32.6,0.0,0.0,1.0,3298.0,Kromeriz,south Moravia,108871,41,29,7,2,6,62.1,8444,3.24,3.47,106,2595,2305
789,0,39,POPLATEK MESICNE,1059,220,2031.1572727272726,2170.8817691246204,17677.151363636363,500.0,18489.3,44.0,1.0,0.0,3.0,5316.0,Most,north Bohemia,119895,17,4,3,2,4,89.9,10446,7.34,9.40,90,4947,4743
7614,0,62,POPLATEK MESICNE,1057,207,14112.592753623188,16317.019358677368,64007.26666666666,500.0,63135.5,41.4,1.0,0.0,1.0,6678.7,Uherske Hradiste,south Moravia,145688,22,41,13,2,5,40.7,8544,1.29,1.86,109,2719,2906
8159,0,26,POPLATEK MESICNE,1057,239,3506.824267782427,4268.816630218943,33785.04979079498,200.0,43821.5,47.8,1.0,0.0,3.0,5827.0,Plzen - mesto,west Bohemia,170449,0,0,0,1,1,100.0,10787,2.64,3.09,131,6041,6261
2151,0,38,POPLATEK MESICNE,1057,243,3173.501646090535,3904.9239296298238,21373.11440329218,400.0,24138.2,48.6,0.0,0.0,3.0,6736.0,Louny,north Bohemia,85852,41,23,4,2,4,59.8,8965,7.08,8.23,104,2653,2822
3865,0,50,POPLATEK MESICNE,1056,187,7646.520855614973,8242.121367487298,51682.76951871658,500.0,61973.9,37.4,0.0,0.0,1.0,5947.0,Svitavy,east Bohemia,102609,75,33,2,3,6,52.0,8187,4.83,5.45,94,2123,2134
4109,0,54,POPLATEK MESICNE,1056,186,2286.830107526882,4907.68407346342,37191.81451612903,900.0,49744.9,37.2,0.0,0.0,0.0,0.0,Brno - mesto,south Moravia,387570,0,0,0,1,1,100.0,9897,1.60,1.96,140,18721,18696
515,0,57,POPLATEK MESICNE,1056,155,1766.515483870968,1741.9516847021373,15095.883870967742,200.0,19679.4,31.0,0.0,0.0,1.0,2750.0,Hodonin,south Moravia,161954,21,37,20,3,8,48.0,8720,3.73,4.50,116,3729,3651
3817,0,70,POPLATEK MESICNE,1055,196,3897.0076530612246,4063.7197611071692,25000.348469387754,700.0,26030.2,39.2,0.0,0.0,1.0,6529.0,Karvina,north Moravia,285387,0,2,8,5,7,89.9,10177,6.63,7.75,81,9878,10108
2268,0,1,POPLATEK MESICNE,1054,208,8297.80721153846,10244.180647803265,56245.73509615385,200.0,39873.5,41.6,1.0,1.0,2.0,6303.0,Hl.m. Praha,Prague,1204953,0,0,0,1,1,100.0,12541,0.29,0.43,167,85677,99107
388,0,59,POPLATEK MESICNE,1054,193,4334.807253886011,4499.172682705263,29782.947668393783,400.0,49116.4,38.6,0.0,0.0,1.0,6524.0,Kromeriz,south Moravia,108871,41,29,7,2,6,62.1,8444,3.24,3.47,106,2595,2305
3623,1,59,POPLATEK MESICNE,1053,207,1563.095652173913,1752.684617211034,25196.85797101449,600.0,17879.1,41.4,0.0,0.0,2.0,2595.0,Kromeriz,south Moravia,108871,41,29,7,2,6,62.1,8444,3.24,3.47,106,2595,2305
1967,0,26,POPLATEK TYDNE,1052,204,11116.5,13217.488298145967,41239.96617647059,900.0,67127.6,40.8,1.0,0.0,2.0,19358.0,Plzen - mesto,west Bohemia,170449,0,0,0,1,1,100.0,10787,2.64,3.09,131,6041,6261
4727,0,2,POPLATEK MESICNE,1052,250,10509.7336,14082.26147904975,54622.8308,600.0,37797.5,50.0,1.0,0.0,3.0,9926.0,Benesov,central Bohemia,88884,80,26,6,2,5,46.7,8507,1.67,1.85,132,2159,2674
3466,0,64,POPLATEK MESICNE,1049,255,6711.901960784314,10012.912798247626,53976.763529411764,600.0,87180.9,51.0,0.0,0.0,3.0,3346.0,Zlin,south Moravia,197099,29,41,10,2,10,74.7,9624,1.60,2.31,145,4484,4265
3297,0,53,POPLATEK MESICNE,1048,157,7218.298726114649,7573.238738631317,37511.501273885355,1100.0,53411.4,31.4,0.0,1.0,0.0,0.0,Blansko,south Moravia,107911,88,33,6,2,7,50.9,8240,2.53,3.56,99,1850,1903
607,0,16,POPLATEK MESICNE,1048,158,1289.7101265822785,1265.368979604953,16907.488607594936,600.0,14136.7,31.6,0.0,0.0,1.0,2082.0,Jindrichuv Hradec,south Bohemia,93931,74,21,10,1,8,56.9,8427,1.12,1.54,107,1874,1913
1858,0,72,POPLATEK MESICNE,1047,169,2576.914201183432,2704.17933984768,24176.572781065086,900.0,24362.3,33.8,0.0,0.0,1.0,3764.0,Olomouc,north Moravia,226122,32,50,7,4,4,62.6,8994,3.80,4.79,110,9672,9208
3978,1,59,POPLATEK MESICNE,1047,252,6417.8388888888885,8907.714066736575,44064.342460317464,700.0,55729.3,50.4,0.0,0.0,3.0,6305.0,Kromeriz,south Moravia,108871,41,29,7,2,6,62.1,8444,3.24,3.47,106,2595,2305
70,0,8,POPLATEK MESICNE,1047,178,3712.3039325842697,3812.4323573936326,35297.67303370786,500.0,48768.5,35.6,0.0,0.0,1.0,4150.0,Mlada Boleslav,central Bohemia,112065,95,19,7,1,8,69.4,11277,1.25,1.44,127,5179,4987
781,0,33,POPLATEK MESICNE,1046,159,1239.3685534591195,1228.3884154173054,15538.71572327044,700.0,17643.3,31.8,0.0,0.0,1.0,2054.0,Decin,north Bohemia,133777,24,17,7,3,11,84.7,8705,5.75,7.61,116,4650,4859
10884,0,65,POPLATEK MESICNE,1045,253,5676.737549407115,7358.561803311021,40512.51660079051,700.0,60272.7,50.6,1.0,0.0,3.0,8888.0,Znojmo,south Moravia,114200,101,41,4,1,4,43.7,8403,5.74,5.72,105,2157,2718
2688,0,72,POPLATEK MESICNE,1045,147,1871.1006802721088,1791.4669050004416,14941.402040816327,200.0,14735.6,29.4,0.0,1.0,1.0,2802.0,Olomouc,north Moravia,226122,32,50,7,4,4,62.6,8994,3.80,4.79,110,9672,9208
1772,0,31,POPLATEK TYDNE,1045,238,14734.574789915965,18177.034711776203,62748.29285714286,1100.0,104802.8,47.6,1.0,0.0,2.0,17627.0,Tachov,west Bohemia,51313,34,12,3,1,4,59.2,8930,3.52,4.20,108,1328,1452
2490,0,22,POPLATEK MESICNE,1044,226,4561.112389380531,5765.381592044906,37593.683628318584,700.0,57449.9,45.2,0.0,1.0,2.0,4175.0,Domazlice,west Bohemia,58400,65,16,4,1,6,52.4,8620,1.10,1.25,100,1089,1117
2047,0,20,POPLATEK MESICNE,1044,152,1898.7769736842104,1876.8008982975218,33048.23947368421,600.0,42332.7,30.4,0.0,0.0,1.0,2670.0,Strakonice,south Bohemia,70646,94,14,3,1,4,58.4,8547,2.65,3.64,120,1563,1542
3839,0,1,POPLATEK MESICNE,1044,168,13099.863690476192,14251.6841899346,46923.963690476194,600.0,86459.0,33.6,0.0,0.0,1.0,3072.1,Hl.m. Praha,Prague,1204953,0,0,0,1,1,100.0,12541,0.29,0.43,167,85677,99107
1633,0,51,POPLATEK MESICNE,1043,161,1988.3639751552794,2193.0773653576607,30388.313664596273,200.0,38360.4,32.2,0.0,0.0,1.0,2145.0,Trutnov,east Bohemia,121947,37,28,7,3,11,70.5,8541,2.51,2.97,131,3496,3839
763,0,1,POPLATEK MESICNE,1042,190,4401.774736842105,4712.243781489216,28039.22947368421,600.0,45194.9,38.0,0.0,0.0,1.0,7417.0,Hl.m. Praha,Prague,1204953,0,0,0,1,1,100.0,12541,0.29,0.43,167,85677,99107
4161,0,1,POPLATEK MESICNE,1042,159,5019.420125786164,5747.6399456347,37313.32264150943,500.0,59026.2,31.8,0.0,0.0,0.0,0.0,Hl.m. Praha,Prague,1204953,0,0,0,1,1,100.0,12541,0.29,0.43,167,85677,99107
2431,0,74,POPLATEK MESICNE,1042,249,2047.2911646586344,2367.411210227053,28505.041767068276,400.0,40545.1,49.8,0.0,1.0,4.0,5286.0,Ostrava - mesto,north Moravia,323870,0,0,0,1,1,100.0,10673,4.75,5.44,100,18782,18347
3753,0,28,POPLATEK MESICNE,1041,177,2060.4785310734464,2270.5181038426845,29483.22768361582,900.0,48508.6,35.4,0.0,1.0,1.0,1540.0,Plzen - sever,west Bohemia,72541,66,26,10,0,8,36.9,8594,1.62,2.01,112,1580,1525
1778,0,15,POPLATEK MESICNE,1040,194,5789.49793814433,6574.014510955601,40444.705154639174,900.0,52670.3,38.8,0.0,0.0,1.0,3432.0,Cesky Krumlov,south Bohemia,58796,22,16,7,1,5,51.9,9045,3.13,3.60,124,1845,1879
2911,0,33,POPLATEK MESICNE,1040,245,3545.8363265306125,4286.364323149063,26305.565306122448,900.0,24547.9,49.0,0.0,1.0,4.0,8629.0,Decin,north Bohemia,133777,24,17,7,3,11,84.7,8705,5.75,7.61,116,4650,4859
3710,0,1,POPLATEK MESICNE,1040,192,4425.423958333334,4728.284588482887,31906.79375,600.0,44105.5,38.4,0.0,0.0,1.0,4633.0,Hl.m. Praha,Prague,1204953,0,0,0,1,1,100.0,12541,0.29,0.43,167,85677,99107
1702,0,56,POPLATEK MESICNE,1038,191,3307.942408376963,3317.0041876165524,25314.431937172776,500.0,33593.7,38.2,0.0,0.0,1.0,4689.0,Breclav,south Moravia,124605,11,42,14,1,8,46.0,8772,4.69,4.98,126,2854,3158
3737,0,34,POPLATEK MESICNE,1036,197,2239.503045685279,2653.9965924133544,27129.74467005076,1100.0,33886.0,39.4,0.0,0.0,2.0,3834.0,Chomutov,north Bohemia,125236,28,11,1,4,5,87.7,9675,6.43,7.68,100,5323,5190
190,0,74,POPLATEK MESICNE,1035,278,4638.273021582733,6431.466624039087,31896.54028776978,500.0,29598.2,55.6,0.0,0.0,4.0,9110.0,Ostrava - mesto,north Moravia,323870,0,0,0,1,1,100.0,10673,4.75,5.44,100,18782,18347
2865,0,1,POPLATEK MESICNE,1034,281,3205.7725978647686,4726.342635302921,33157.071886121,200.0,14940.8,56.2,0.0,1.0,4.0,3493.0,Hl.m. Praha,Prague,1204953,0,0,0,1,1,100.0,12541,0.29,0.43,167,85677,99107
3014,0,75,POPLATEK TYDNE,1034,178,11049.173595505617,13983.165507542732,52921.88988764045,900.0,31550.6,35.6,0.0,0.0,1.0,4187.0,Prerov,north Moravia,138032,67,30,4,2,5,64.6,8819,5.38,5.66,99,4063,4505
2680,0,46,POPLATEK MESICNE,1034,182,7639.97032967033,7751.320746094728,33244.818681318684,-1903.8,22606.0,36.4,0.0,0.0,0.0,0.0,Nachod,east Bohemia,112709,48,20,7,3,10,73.5,8369,1.79,2.31,117,2854,2618
1129,0,35,POPLATEK MESICNE,1034,225,7937.900888888888,10158.808306842775,43434.75288888889,600.0,47716.2,45.0,0.0,0.0,2.0,6689.0,Jablonec n. Nisou,north Bohemia,88768,10,18,5,1,7,80.5,8867,1.02,1.21,130,3384,3620
3233,0,31,POPLATEK MESICNE,1034,219,11746.265296803653,14219.462945912068,52272.37168949772,700.0,48085.6,43.8,0.0,1.0,1.0,9044.0,Tachov,west Bohemia,51313,34,12,3,1,4,59.2,8930,3.52,4.20,108,1328,1452
1287,0,35,POPLATEK MESICNE,1033,260,6089.679615384615,7829.4010348090205,43823.63846153846,600.0,49927.5,52.0,0.0,0.0,3.0,9767.0,Jablonec n. Nisou,north Bohemia,88768,10,18,5,1,7,80.5,8867,1.02,1.21,130,3384,3620
9897,0,1,POPLATEK MESICNE,1033,272,5143.9639705882355,6242.153887221927,30296.410294117646,300.0,28434.0,54.4,1.0,0.0,4.0,15812.5,Hl.m. Praha,Prague,1204953,0,0,0,1,1,100.0,12541,0.29,0.43,167,85677,99107
30,0,36,POPLATEK MESICNE,1033,213,16084.41924882629,17293.78693002461,55948.08873239437,400.0,27045.1,42.6,0.0,0.0,1.0,2480.2,Liberec,north Bohemia,159617,29,19,8,1,9,85.2,9198,3.33,4.28,131,5796,6132
2367,0,28,POPLATEK MESICNE,1033,212,6810.728773584906,7752.54376807979,38406.78962264151,800.0,35875.1,42.4,0.0,0.0,2.0,9279.0,Plzen - sever,west Bohemia,72541,66,26,10,0,8,36.9,8594,1.62,2.01,112,1580,1525
3826,0,34,POPLATEK MESICNE,1032,186,3151.9419354838706,3105.6867674089312,30000.484408602148,900.0,41381.3,37.2,0.0,0.0,1.0,4518.0,Chomutov,north Bohemia,125236,28,11,1,4,5,87.7,9675,6.43,7.68,100,5323,5190
376,0,25,POPLATEK MESICNE,1032,193,9259.17409326425,10346.68716670604,39775.37720207254,700.0,41093.1,38.6,0.0,0.0,1.0,7097.0,Klatovy,west Bohemia,88757,60,33,3,2,10,61.7,8554,2.47,2.68,113,1822,2218
1108,0,26,POPLATEK MESICNE,1028,170,1611.629411764706,1918.3540175485393,33120.06941176471,1000.0,48392.0,34.0,0.0,0.0,2.0,2366.0,Plzen - mesto,west Bohemia,170449,0,0,0,1,1,100.0,10787,2.64,3.09,131,6041,6261
108,0,53,POPLATEK MESICNE,1027,175,6400.104571428572,6980.424083787404,48766.70171428572,800.0,55137.8,35.0,0.0,0.0,1.0,4803.0,Blansko,south Moravia,107911,88,33,6,2,7,50.9,8240,2.53,3.56,99,1850,1903
1802,0,75,POPLATEK MESICNE,1027,192,1593.8666666666668,1694.540296071098,29443.485416666666,800.0,31542.1,38.4,0.0,0.0,2.0,2508.0,Prerov,north Moravia,138032,67,30,4,2,5,64.6,8819,5.38,5.66,99,4063,4505
3230,1,1,POPLATEK MESICNE,1026,194,13412.455670103092,16464.56586046751,52212.341237113396,200.0,44100.0,38.8,1.0,1.0,1.0,2144.0,Hl.m. Praha,Prague,1204953,0,0,0,1,1,100.0,12541,0.29,0.43,167,85677,99107
3989,0,19,POPLATEK MESICNE,1026,136,1817.0889705882353,1921.3093102697703,23265.622794117648,900.0,25231.3,27.2,0.0,0.0,1.0,2097.0,Prachatice,south Bohemia,51428,50,11,3,1,4,52.7,8402,3.13,3.98,120,999,1099
2723,0,75,POPLATEK MESICNE,1025,187,3582.697326203209,3635.6117741306075,28603.353475935826,800.0,28140.4,37.4,0.0,0.0,1.0,5546.0,Prerov,north Moravia,138032,67,30,4,2,5,64.6,8819,5.38,5.66,99,4063,4505
7859,0,52,POPLATEK MESICNE,1023,189,13586.186772486772,15766.57470466397,73935.97407407407,1000.0,70560.6,37.8,1.0,0.0,1.0,6010.2,Usti nad Orlici,east Bohemia,139012,59,41,8,3,10,61.9,8363,2.52,3.49,108,2564,2799
7606,1,21,POPLATEK MESICNE,1022,321,11416.679750778816,13942.272950647966,61863.43520249221,400.0,46928.1,64.2,1.0,0.0,3.0,13321.8,Tabor,south Bohemia,103347,87,16,7,1,7,67.0,9104,1.51,2.07,123,2299,2354
158,0,37,POPLATEK MESICNE,1022,191,9130.24607329843,10897.603749268766,47082.05706806283,700.0,37084.5,38.2,0.0,1.0,1.0,3420.0,Litomerice,north Bohemia,114006,71,26,6,2,9,62.3,9065,4.46,5.39,123,4147,4166
6397,0,48,POPLATEK MESICNE,1022,192,6809.064062500001,7791.928079871851,38003.43072916667,500.0,35953.1,38.4,1.0,0.0,1.0,3016.7,Rychnov nad Kneznou,east Bohemia,78955,50,24,8,1,9,59.0,9060,1.78,2.44,124,1655,1717
150,1,73,POPLATEK MESICNE,1021,170,2387.695882352941,5744.415184064084,43588.68823529412,1900.0,41017.6,34.0,0.0,0.0,0.0,0.0,Opava,north Moravia,182027,17,49,12,2,7,56.4,8746,3.33,3.74,90,4355,4433
3402,0,76,POPLATEK TYDNE,1021,271,10980.413653136531,13581.57966762873,62646.5258302583,400.0,71675.9,54.2,0.0,0.0,3.0,9177.0,Sumperk,north Moravia,127369,31,32,13,2,7,51.2,8369,4.73,5.88,107,3736,2807
2810,0,66,POPLATEK MESICNE,1021,263,3195.800380228137,4264.858616706541,26834.607604562738,1000.0,29431.2,52.6,0.0,0.0,4.0,7608.0,Zdar nad Sazavou,south Moravia,125832,151,41,2,3,5,48.3,8512,3.51,4.12,102,2247,2103
586,0,54,POPLATEK MESICNE,1021,158,2669.196835443038,6618.925906893455,27265.57088607595,900.0,50627.9,31.6,0.0,0.0,0.0,0.0,Brno - mesto,south Moravia,387570,0,0,0,1,1,100.0,9897,1.60,1.96,140,18721,18696
1261,0,52,POPLATEK MESICNE,1019,189,8461.261375661375,9572.573005491697,43535.58095238095,1000.0,66750.3,37.8,0.0,0.0,1.0,9222.0,Usti nad Orlici,east Bohemia,139012,59,41,8,3,10,61.9,8363,2.52,3.49,108,2564,2799
2856,0,25,POPLATEK MESICNE,1019,186,5477.116666666667,5827.505096174257,30001.69516129032,600.0,36009.4,37.2,0.0,0.0,1.0,6599.0,Klatovy,west Bohemia,88757,60,33,3,2,10,61.7,8554,2.47,2.68,113,1822,2218
288,0,25,POPLATEK MESICNE,1019,179,1811.8966480446927,2048.8142206865855,23044.890502793296,900.0,33690.4,35.8,0.0,0.0,2.0,3464.0,Klatovy,west Bohemia,88757,60,33,3,2,10,61.7,8554,2.47,2.68,113,1822,2218
3750,0,77,POPLATEK MESICNE,1019,192,7405.582291666667,8247.082980650626,37692.61927083333,1000.0,72812.8,38.4,0.0,0.0,1.0,7774.0,Vsetin,north Moravia,148545,8,35,12,3,4,53.5,8909,4.01,5.56,113,3460,3590
1174,0,70,POPLATEK MESICNE,1016,245,6098.4506122448975,8693.49466128016,56002.84857142857,900.0,100592.0,49.0,0.0,0.0,3.0,4731.0,Karvina,north Moravia,285387,0,2,8,5,7,89.9,10177,6.63,7.75,81,9878,10108
1306,0,1,POPLATEK MESICNE,1015,247,4907.608097165992,6383.365447756299,31733.66275303644,600.0,33872.7,49.4,0.0,0.0,3.0,7853.0,Hl.m. Praha,Prague,1204953,0,0,0,1,1,100.0,12541,0.29,0.43,167,85677,99107
5541,0,43,POPLATEK MESICNE,1013,244,2532.2307377049183,3348.504272489208,30942.162704918035,300.0,46640.1,48.8,1.0,0.0,3.0,4442.0,Hradec Kralove,east Bohemia,161854,73,21,6,1,6,76.3,9425,1.72,2.50,125,4085,3891
1,0,18,POPLATEK MESICNE,1013,177,1598.9525423728812,1766.368635437604,16308.022033898305,1000.0,14810.3,35.4,0.0,0.0,1.0,2452.0,Pisek,south Bohemia,70699,60,13,2,1,4,65.3,8968,2.83,3.35,131,1740,1910
981,0,66,POPLATEK MESICNE,1012,216,7394.581944444444,9883.41740891691,52939.128703703704,600.0,85916.6,43.2,0.0,0.0,2.0,3838.0,Zdar nad Sazavou,south Moravia,125832,151,41,2,3,5,48.3,8512,3.51,4.12,102,2247,2103
767,0,25,POPLATEK MESICNE,1011,279,4750.44229390681,7267.717449385611,37316.85161290322,600.0,37944.6,55.8,0.0,0.0,4.0,4199.0,Klatovy,west Bohemia,88757,60,33,3,2,10,61.7,8554,2.47,2.68,113,1822,2218
608,0,32,POPLATEK MESICNE,1010,152,1909.6065789473685,1881.590708098898,17804.56907894737,600.0,21187.7,30.4,0.0,1.0,1.0,2895.0,Ceska Lipa,north Bohemia,105058,32,19,7,2,10,81.0,9272,2.80,3.22,118,4340,4505
1757,0,75,POPLATEK MESICNE,1010,172,18268.163372093022,19876.513159967424,59624.87325581395,200.0,48261.2,34.4,0.0,0.0,0.0,0.0,Prerov,north Moravia,138032,67,30,4,2,5,64.6,8819,5.38,5.66,99,4063,4505
6609,0,16,POPLATEK MESICNE,1010,191,6964.909424083769,11984.679236395072,35356.941884816755,-1448.7,12460.0,38.2,1.0,0.0,3.0,7176.0,Jindrichuv Hradec,south Bohemia,93931,74,21,10,1,8,56.9,8427,1.12,1.54,107,1874,1913
870,0,70,POPLATEK MESICNE,1010,178,2916.678651685393,2887.477366789645,23609.638764044947,300.0,22325.8,35.6,0.0,0.0,1.0,4562.0,Karvina,north Moravia,285387,0,2,8,5,7,89.9,10177,6.63,7.75,81,9878,10108
227,0,27,POPLATEK MESICNE,1009,188,17033.042021276597,19142.48311050944,47758.41170212766,700.0,30277.5,37.6,0.0,0.0,1.0,9381.0,Plzen - jih,west Bohemia,67298,71,19,10,0,7,43.8,8561,0.65,1.29,110,1029,1127
568,0,18,POPLATEK MESICNE,1009,157,5517.633121019108,6251.78317694946,33786.66305732484,200.0,38821.1,31.4,0.0,0.0,1.0,1408.0,Pisek,south Bohemia,70699,60,13,2,1,4,65.3,8968,2.83,3.35,131,1740,1910
1254,0,74,POPLATEK MESICNE,1009,200,13619.954,15577.246465022125,63558.928,800.0,26966.3,40.0,0.0,0.0,0.0,0.0,Ostrava - mesto,north Moravia,323870,0,0,0,1,1,100.0,10673,4.75,5.44,100,18782,18347
1540,0,1,POPLATEK MESICNE,1008,213,7574.1253521126755,9421.232573239622,44788.86384976526,500.0,80129.9,42.6,0.0,0.0,3.0,8761.0,Hl.m. Praha,Prague,1204953,0,0,0,1,1,100.0,12541,0.29,0.43,167,85677,99107
1692,1,56,POPLATEK MESICNE,1008,153,9668.87908496732,12350.284963464208,33825.94901960785,500.0,73037.7,30.6,0.0,0.0,0.0,0.0,Breclav,south Moravia,124605,11,42,14,1,8,46.0,8772,4.69,4.98,126,2854,3158
1249,0,67,POPLATEK MESICNE,1007,243,1263.1399176954733,1514.0837774494282,29939.55020576132,400.0,43436.7,48.6,0.0,0.0,3.0,2457.0,Bruntal,north Moravia,106054,38,25,6,2,6,63.1,8110,5.77,6.55,109,3244,3079
95,0,1,POPLATEK MESICNE,1007,156,10781.872435897436,11992.508519526378,57178.04743589744,200.0,55579.6,31.2,0.0,0.0,0.0,0.0,Hl.m. Praha,Prague,1204953,0,0,0,1,1,100.0,12541,0.29,0.43,167,85677,99107
1561,0,66,POPLATEK MESICNE,1005,196,1619.817857142857,1969.6512965725042,38722.397448979595,600.0,45075.3,39.2,0.0,0.0,2.0,1975.0,Zdar nad Sazavou,south Moravia,125832,151,41,2,3,5,48.3,8512,3.51,4.12,102,2247,2103
2540,0,54,POPLATEK MESICNE,1005,198,2074.829797979798,4802.793450249274,33500.12323232323,500.0,46125.3,39.6,0.0,1.0,0.0,0.0,Brno - mesto,south Moravia,387570,0,0,0,1,1,100.0,9897,1.60,1.96,140,18721,18696
248,0,1,POPLATEK MESICNE,1004,152,11623.320394736842,11839.395697093785,39750.978289473685,700.0,33968.7,30.4,0.0,0.0,1.0,2484.9,Hl.m. Praha,Prague,1204953,0,0,0,1,1,100.0,12541,0.29,0.43,167,85677,99107
9493,0,64,POPLATEK MESICNE,1004,220,7681.196818181818,8986.618639906907,44428.332727272726,400.0,39038.6,44.0,1.0,0.0,2.0,10733.8,Zlin,south Moravia,197099,29,41,10,2,10,74.7,9624,1.60,2.31,145,4484,4265
5126,0,58,POPLATEK MESICNE,1003,213,2915.398122065728,3336.56274542341,26991.991549295777,400.0,30307.5,42.6,1.0,1.0,2.0,4632.0,Jihlava,south Moravia,109164,98,16,6,1,4,63.6,8757,3.38,3.95,96,2212,2471
231,0,22,POPLATEK MESICNE,1003,162,1181.9611111111112,1236.8972678485393,16724.78148148148,900.0,19731.3,32.4,0.0,1.0,1.0,2073.0,Domazlice,west Bohemia,58400,65,16,4,1,6,52.4,8620,1.10,1.25,100,1089,1117
2203,0,47,POPLATEK MESICNE,1002,177,2395.5248587570622,2477.4202985879906,23510.498870056497,800.0,24855.1,35.4,0.0,1.0,1.0,2320.0,Pardubice,east Bohemia,162580,83,26,5,1,6,72.8,9538,1.51,1.81,111,6079,5410
6910,0,76,POPLATEK MESICNE,1002,145,10727.315862068966,13632.975591428409,50137.724137931036,-1239.2,96893.4,29.0,0.0,0.0,1.0,2391.5,Sumperk,north Moravia,127369,31,32,13,2,7,51.2,8369,4.73,5.88,107,3736,2807
1986,0,46,POPLATEK MESICNE,1002,187,4750.974331550802,5018.822678546476,24075.47754010695,1100.0,17929.2,37.4,0.0,0.0,1.0,5451.0,Nachod,east Bohemia,112709,48,20,7,3,10,73.5,8369,1.79,2.31,117,2854,2618
2839,0,70,POPLATEK MESICNE,1002,274,5268.019708029196,7508.589970637364,40928.40510948905,800.0,21390.8,54.8,0.0,0.0,4.0,8577.0,Karvina,north Moravia,285387,0,2,8,5,7,89.9,10177,6.63,7.75,81,9878,10108
1479,0,54,POPLATEK MESICNE,1002,184,1452.4016304347826,1431.6514359060145,24988.258695652174,700.0,15839.0,36.8,0.0,0.0,1.0,2162.0,Brno - mesto,south Moravia,387570,0,0,0,1,1,100.0,9897,1.60,1.96,140,18721,18696
3147,0,54,POPLATEK MESICNE,1001,274,3283.5474452554745,4863.337045068043,38717.60182481752,300.0,49935.3,54.8,0.0,0.0,4.0,7827.0,Brno - mesto,south Moravia,387570,0,0,0,1,1,100.0,9897,1.60,1.96,140,18721,18696
6289,0,64,POPLATEK MESICNE,1001,185,11721.826486486487,15258.559992822602,57148.45621621622,800.0,29288.4,37.0,1.0,0.0,1.0,1784.5,Zlin,south Moravia,197099,29,41,10,2,10,74.7,9624,1.60,2.31,145,4484,4265
1590,1,77,POPLATEK MESICNE,999,272,3201.932720588235,4379.808387179603,35308.44926470588,500.0,28962.5,54.4,0.0,0.0,4.0,7550.0,Vsetin,north Moravia,148545,8,35,12,3,4,53.5,8909,4.01,5.56,113,3460,3590
7418,0,21,POPLATEK MESICNE,999,281,4289.460142348755,6600.6765125612,17416.061921708188,-9860.9,-9650.4,56.2,1.0,0.0,1.0,2523.2,Tabor,south Bohemia,103347,87,16,7,1,7,67.0,9104,1.51,2.07,123,2299,2354
19,0,21,POPLATEK MESICNE,999,222,5315.280630630631,6954.174136993708,18344.563063063062,-10604.7,11182.4,44.4,1.0,1.0,1.0,2523.2,Tabor,south Bohemia,103347,87,16,7,1,7,67.0,9104,1.51,2.07,123,2299,2354
842,0,62,POPLATEK MESICNE,999,149,2119.7973154362417,2078.407128813037,16759.53154362416,700.0,14253.4,29.8,0.0,0.0,1.0,3278.0,Uherske Hradiste,south Moravia,145688,22,41,13,2,5,40.7,8544,1.29,1.86,109,2719,2906
1821,0,70,POPLATEK MESICNE,999,177,8232.965536723163,8505.654869168382,36156.65649717514,500.0,21097.8,35.4,0.0,0.0,1.0,9385.0,Karvina,north Moravia,285387,0,2,8,5,7,89.9,10177,6.63,7.75,81,9878,10108
206,0,61,POPLATEK MESICNE,998,186,2217.4483870967742,2111.6313629763818,28409.302150537635,1100.0,24621.2,37.2,0.0,0.0,1.0,2902.0,Trebic,south Moravia,117897,139,28,5,1,6,53.8,8814,4.76,5.74,107,2112,2059
3109,1,18,POPLATEK MESICNE,998,174,7209.019540229884,8006.739402092863,31846.202298850574,-999.9,26924.1,34.8,0.0,0.0,0.0,0.0,Pisek,south Bohemia,70699,60,13,2,1,4,65.3,8968,2.83,3.35,131,1740,1910
7815,1,19,POPLATEK TYDNE,997,322,8508.528881987577,12549.253491508876,50978.59751552795,700.0,32759.0,64.4,1.0,0.0,4.0,11843.8,Prachatice,south Bohemia,51428,50,11,3,1,4,52.7,8402,3.13,3.98,120,999,1099
7136,0,12,POPLATEK TYDNE,997,271,9095.033210332103,13873.475656451494,55151.5815498155,400.0,94955.4,54.2,1.0,0.0,4.0,5921.0,Pribram,central Bohemia,107870,84,29,6,1,6,58.0,8754,3.83,4.31,137,3804,3868
1228,0,62,POPLATEK MESICNE,997,163,1851.749079754601,1916.2425659739383,33608.16380368098,400.0,43823.0,32.6,0.0,1.0,1.0,1980.0,Uherske Hradiste,south Moravia,145688,22,41,13,2,5,40.7,8544,1.29,1.86,109,2719,2906
893,0,53,POPLATEK MESICNE,994,155,9692.844516129031,11063.21580789674,65052.3735483871,900.0,71493.4,31.0,0.0,0.0,0.0,0.0,Blansko,south Moravia,107911,88,33,6,2,7,50.9,8240,2.53,3.56,99,1850,1903
3702,0,53,POPLATEK MESICNE,993,181,6415.921546961326,7115.732514243027,42842.67955801105,800.0,58624.3,36.2,0.0,0.0,2.0,10068.0,Blansko,south Moravia,107911,88,33,6,2,7,50.9,8240,2.53,3.56,99,1850,1903
4852,0,47,POPLATEK MESICNE,993,197,3690.0345177664976,3141.4246229797814,24964.332487309646,400.0,27797.5,39.4,1.0,0.0,2.0,10719.0,Pardubice,east Bohemia,162580,83,26,5,1,6,72.8,9538,1.51,1.81,111,6079,5410
2750,0,13,POPLATEK MESICNE,993,211,2262.936018957346,2410.915639501245,31064.266350710903,500.0,38252.3,42.2,0.0,0.0,2.0,3979.0,Rakovnik,central Bohemia,53921,61,22,1,1,2,41.3,8598,2.77,3.26,123,1597,1875
1046,0,1,POPLATEK MESICNE,992,186,4484.851075268817,4626.015635771698,30503.956989247312,700.0,23460.9,37.2,0.0,0.0,1.0,7399.0,Hl.m. Praha,Prague,1204953,0,0,0,1,1,100.0,12541,0.29,0.43,167,85677,99107
3729,0,31,POPLATEK MESICNE,992,145,1875.548275862069,1781.8433047418218,16875.397931034484,300.0,14860.7,29.0,0.0,0.0,1.0,2941.0,Tachov,west Bohemia,51313,34,12,3,1,4,59.2,8930,3.52,4.20,108,1328,1452
1862,0,19,POPLATEK TYDNE,991,201,13835.760199004973,16261.387239759337,57700.96119402985,500.0,50190.5,40.2,1.0,0.0,1.0,6601.7,Prachatice,south Bohemia,51428,50,11,3,1,4,52.7,8402,3.13,3.98,120,999,1099
1309,0,1,POPLATEK MESICNE,991,188,14658.152659574469,16511.21842069108,56370.58404255319,1000.0,28453.6,37.6,0.0,0.0,2.0,12799.0,Hl.m. Praha,Prague,1204953,0,0,0,1,1,100.0,12541,0.29,0.43,167,85677,99107
1315,0,13,POPLATEK MESICNE,989,235,2901.1225531914897,3458.438273706238,33332.43191489362,900.0,44808.7,47.0,0.0,0.0,3.0,6272.0,Rakovnik,central Bohemia,53921,61,22,1,1,2,41.3,8598,2.77,3.26,123,1597,1875
3321,0,17,POPLATEK MESICNE,988,195,2873.93641025641,6595.11488580498,37725.81692307692,1100.0,40626.9,39.0,0.0,0.0,0.0,0.0,Pelhrimov,south Bohemia,74062,99,15,4,2,7,61.4,8114,2.38,2.62,119,1003,1181
3231,0,73,POPLATEK MESICNE,988,151,2227.9059602649004,2242.7431339390846,21631.53642384106,800.0,27366.6,30.2,0.0,0.0,1.0,2636.0,Opava,north Moravia,182027,17,49,12,2,7,56.4,8746,3.33,3.74,90,4355,4433
5724,0,14,POPLATEK PO OBRATU,987,301,6818.209966777408,10253.146059815019,35731.3707641196,200.0,23389.2,60.2,1.0,0.0,5.0,9599.0,Ceske Budejovice,south Bohemia,177686,69,27,10,1,9,74.8,10045,1.42,1.71,135,6604,6295
3823,1,74,POPLATEK MESICNE,987,64,4762.8703125,9235.397357040898,25892.1078125,1000.0,16131.6,12.8,0.0,0.0,0.0,0.0,Ostrava - mesto,north Moravia,323870,0,0,0,1,1,100.0,10673,4.75,5.44,100,18782,18347
2726,0,18,POPLATEK MESICNE,986,182,8392.714835164836,9786.676769968135,53632.230769230766,200.0,82039.0,36.4,0.0,0.0,1.0,5297.0,Pisek,south Bohemia,70699,60,13,2,1,4,65.3,8968,2.83,3.35,131,1740,1910
1038,0,64,POPLATEK MESICNE,986,175,1085.2388571428571,1282.9076259642804,16920.977142857144,400.0,20927.1,35.0,0.0,0.0,2.0,2147.0,Zlin,south Moravia,197099,29,41,10,2,10,74.7,9624,1.60,2.31,145,4484,4265
7861,0,34,POPLATEK MESICNE,984,293,4240.736177474402,6731.724008343528,51809.264163822525,700.0,83356.5,58.6,1.0,0.0,5.0,9564.0,Chomutov,north Bohemia,125236,28,11,1,4,5,87.7,9675,6.43,7.68,100,5323,5190
819,0,20,POPLATEK MESICNE,984,151,8647.153642384106,9620.108064221697,41947.30397350994,600.0,59877.1,30.2,0.0,1.0,0.0,0.0,Strakonice,south Bohemia,70646,94,14,3,1,4,58.4,8547,2.65,3.64,120,1563,1542
455,0,54,POPLATEK MESICNE,983,170,5251.8117647058825,5511.041144290427,27010.511764705883,500.0,28138.9,34.0,0.0,0.0,1.0,8339.0,Brno - mesto,south Moravia,387570,0,0,0,1,1,100.0,9897,1.60,1.96,140,18721,18696
3930,0,37,POPLATEK MESICNE,981,175,7577.234857142857,8023.683448262146,25352.399428571433,800.0,32104.4,35.0,0.0,0.0,1.0,9101.0,Litomerice,north Bohemia,114006,71,26,6,2,9,62.3,9065,4.46,5.39,123,4147,4166
4423,0,39,POPLATEK MESICNE,980,207,5493.8169082125605,9286.202906089346,33576.48985507247,900.0,53929.4,41.4,1.0,0.0,3.0,7343.0,Most,north Bohemia,119895,17,4,3,2,4,89.9,10446,7.34,9.40,90,4947,4743
267,0,38,POPLATEK MESICNE,980,152,1958.596710526316,1904.1179972555665,20418.667105263157,500.0,18139.4,30.4,0.0,1.0,1.0,3074.0,Louny,north Bohemia,85852,41,23,4,2,4,59.8,8965,7.08,8.23,104,2653,2822
922,0,61,POPLATEK MESICNE,979,238,1893.1768907563023,2612.910869928296,28497.10042016807,400.0,51452.2,47.6,0.0,0.0,3.0,2805.0,Trebic,south Moravia,117897,139,28,5,1,6,53.8,8814,4.76,5.74,107,2112,2059
3735,1,1,POPLATEK MESICNE,979,268,14372.544776119403,15973.297544475741,62499.81007462686,300.0,87783.7,53.6,0.0,1.0,2.0,7475.0,Hl.m. Praha,Prague,1204953,0,0,0,1,1,100.0,12541,0.29,0.43,167,85677,99107
3449,0,1,POPLATEK MESICNE,979,161,1934.495652173913,4965.046615608808,40485.69627329192,1000.0,54336.1,32.2,0.0,0.0,0.0,0.0,Hl.m. Praha,Prague,1204953,0,0,0,1,1,100.0,12541,0.29,0.43,167,85677,99107
2751,0,31,POPLATEK MESICNE,978,205,2373.247317073171,2558.252016601608,36344.2556097561,600.0,35064.5,41.0,0.0,0.0,2.0,3783.0,Tachov,west Bohemia,51313,34,12,3,1,4,59.2,8930,3.52,4.20,108,1328,1452
404,0,41,POPLATEK MESICNE,978,218,10306.245412844037,12944.47395295071,54123.11467889908,300.0,60224.5,43.6,0.0,0.0,2.0,5013.0,Usti nad Labem,north Bohemia,118650,8,8,5,1,3,85.6,9832,3.32,4.48,114,6445,5471
2547,0,74,POPLATEK MESICNE,978,177,9403.409604519775,10808.260964055371,61509.13559322034,800.0,75912.4,35.4,0.0,0.0,1.0,5492.0,Ostrava - mesto,north Moravia,323870,0,0,0,1,1,100.0,10673,4.75,5.44,100,18782,18347
1248,0,22,POPLATEK MESICNE,977,156,2512.824358974359,2493.2262503436814,23888.778846153848,600.0,22713.6,31.2,0.0,0.0,1.0,3176.0,Domazlice,west Bohemia,58400,65,16,4,1,6,52.4,8620,1.10,1.25,100,1089,1117
2331,0,8,POPLATEK MESICNE,977,162,1124.0185185185185,1196.6268677096048,17077.840740740743,300.0,21648.0,32.4,0.0,0.0,2.0,2075.0,Mlada Boleslav,central Bohemia,112065,95,19,7,1,8,69.4,11277,1.25,1.44,127,5179,4987
1010,0,61,POPLATEK MESICNE,975,196,10860.17806122449,13277.796923454229,45750.06836734694,800.0,1255.8,39.2,0.0,0.0,0.0,0.0,Trebic,south Moravia,117897,139,28,5,1,6,53.8,8814,4.76,5.74,107,2112,2059
54,0,4,POPLATEK MESICNE,974,149,1359.4436241610738,1486.2959693216935,16687.640939597317,1000.0,22534.0,29.8,0.0,0.0,1.0,2280.0,Kladno,central Bohemia,149893,63,29,6,2,6,67.4,9753,4.64,5.05,109,5244,5892
2364,0,33,POPLATEK MESICNE,973,170,2122.2552941176473,2225.6759156313647,22951.261764705883,1100.0,24798.1,34.0,0.0,0.0,1.0,2033.0,Decin,north Bohemia,133777,24,17,7,3,11,84.7,8705,5.75,7.61,116,4650,4859
1280,0,70,POPLATEK MESICNE,973,152,1965.146052631579,2057.4474011730126,23978.22105263158,600.0,36265.2,30.4,0.0,1.0,1.0,2491.0,Karvina,north Moravia,285387,0,2,8,5,7,89.9,10177,6.63,7.75,81,9878,10108
2931,0,36,POPLATEK MESICNE,972,147,1811.1034013605442,1755.671409422921,17769.04829931973,500.0,16072.9,29.4,0.0,0.0,1.0,2884.0,Liberec,north Bohemia,159617,29,19,8,1,9,85.2,9198,3.33,4.28,131,5796,6132
10351,0,23,POPLATEK MESICNE,972,194,2694.914432989691,2733.250447281154,18318.486082474225,800.0,13555.7,38.8,1.0,0.0,2.0,6258.0,Cheb,west Bohemia,87419,21,11,4,3,9,85.5,8624,1.79,2.66,102,2879,3198
3936,0,39,POPLATEK MESICNE,972,230,1229.552608695652,1596.4743752956695,29450.339130434782,800.0,33742.2,46.0,0.0,0.0,3.0,2418.0,Most,north Bohemia,119895,17,4,3,2,4,89.9,10446,7.34,9.40,90,4947,4743
5194,0,1,POPLATEK PO OBRATU,971,243,11620.848971193414,13548.325437284688,47406.97160493827,-1348.9,85094.7,48.6,0.0,0.0,0.0,0.0,Hl.m. Praha,Prague,1204953,0,0,0,1,1,100.0,12541,0.29,0.43,167,85677,99107
3464,0,25,POPLATEK MESICNE,971,205,2716.186829268293,2861.937537354343,28635.800487804878,800.0,30536.5,41.0,0.0,0.0,2.0,4654.0,Klatovy,west Bohemia,88757,60,33,3,2,10,61.7,8554,2.47,2.68,113,1822,2218
533,0,40,POPLATEK MESICNE,969,187,2892.2085561497324,3270.35611421713,18800.064705882352,400.0,31301.6,37.4,0.0,0.0,2.0,4746.0,Teplice,north Bohemia,128118,9,16,6,3,8,85.3,9317,6.49,7.07,97,6949,6872
3940,0,35,POPLATEK TYDNE,969,166,7707.709036144578,8196.032343110403,42989.99277108433,700.0,30141.8,33.2,0.0,0.0,0.0,0.0,Jablonec n. Nisou,north Bohemia,88768,10,18,5,1,7,80.5,8867,1.02,1.21,130,3384,3620
4538,0,70,POPLATEK MESICNE,969,50,1452.088,2244.2087668576683,33213.276,300.0,41804.0,10.0,0.0,0.0,0.0,0.0,Karvina,north Moravia,285387,0,2,8,5,7,89.9,10177,6.63,7.75,81,9878,10108
454,0,7,POPLATEK MESICNE,969,183,3602.6852459016395,3604.5517143127186,29280.042076502734,700.0,29139.5,36.6,0.0,0.0,1.0,5687.0,Melnik,central Bohemia,94725,38,28,1,3,6,63.4,9920,2.26,2.87,130,4289,4846
1183,0,12,POPLATEK MESICNE,968,193,1895.3160621761658,1886.18870289209,29181.374611398962,700.0,34390.1,38.6,0.0,0.0,2.0,2928.0,Pribram,central Bohemia,107870,84,29,6,1,6,58.0,8754,3.83,4.31,137,3804,3868
2323,0,72,POPLATEK MESICNE,968,185,8244.174594594595,9408.171839448998,53246.727027027024,300.0,62084.9,37.0,0.0,0.0,1.0,6446.0,Olomouc,north Moravia,226122,32,50,7,4,4,62.6,8994,3.80,4.79,110,9672,9208
463,0,51,POPLATEK MESICNE,968,181,8455.793370165746,9525.040979571237,58621.62099447514,700.0,82865.1,36.2,0.0,0.0,1.0,6385.0,Trutnov,east Bohemia,121947,37,28,7,3,11,70.5,8541,2.51,2.97,131,3496,3839
285,0,17,POPLATEK MESICNE,968,147,9045.967346938774,10046.377343355705,62426.01564625851,600.0,75859.6,29.4,0.0,0.0,1.0,667.0,Pelhrimov,south Bohemia,74062,99,15,4,2,7,61.4,8114,2.38,2.62,119,1003,1181
4105,0,58,POPLATEK MESICNE,968,194,2287.9469072164948,5845.025925951244,29513.51649484536,800.0,36585.8,38.8,0.0,0.0,0.0,0.0,Jihlava,south Moravia,109164,98,16,6,1,4,63.6,8757,3.38,3.95,96,2212,2471
2525,0,45,POPLATEK MESICNE,968,201,3112.7199004975123,3277.013523576306,21356.970646766167,500.0,13041.1,40.2,0.0,0.0,2.0,5337.0,Jicin,east Bohemia,77917,85,19,6,1,5,53.5,8390,2.28,2.89,132,2080,2122
6434,0,1,POPLATEK MESICNE,968,167,10928.920958083832,13768.180088705985,51338.69401197605,400.0,24682.5,33.4,1.0,0.0,2.0,9480.2,Hl.m. Praha,Prague,1204953,0,0,0,1,1,100.0,12541,0.29,0.43,167,85677,99107
2919,0,77,POPLATEK MESICNE,966,172,5663.520930232558,5861.115818105249,23629.163372093022,200.0,21088.5,34.4,0.0,0.0,1.0,7331.0,Vsetin,north Moravia,148545,8,35,12,3,4,53.5,8909,4.01,5.56,113,3460,3590
1741,0,21,POPLATEK MESICNE,966,139,1986.2294964028779,2135.4108151901123,22279.056834532374,1100.0,27673.3,27.8,0.0,0.0,1.0,2366.0,Tabor,south Bohemia,103347,87,16,7,1,7,67.0,9104,1.51,2.07,123,2299,2354
746,0,75,POPLATEK MESICNE,966,141,2161.2432624113476,2067.721909331446,22874.087234042552,500.0,22353.3,28.2,0.0,0.0,1.0,3452.0,Prerov,north Moravia,138032,67,30,4,2,5,64.6,8819,5.38,5.66,99,4063,4505
256,1,37,POPLATEK MESICNE,962,150,8523.484666666667,9498.917111123325,51967.731999999996,1100.0,27134.2,30.0,0.0,1.0,0.0,0.0,Litomerice,north Bohemia,114006,71,26,6,2,9,62.3,9065,4.46,5.39,123,4147,4166
3845,0,48,POPLATEK MESICNE,962,179,9282.53966480447,10371.302390430767,35015.132960893854,500.0,18821.9,35.8,0.0,0.0,1.0,8866.0,Rychnov nad Kneznou,east Bohemia,78955,50,24,8,1,9,59.0,9060,1.78,2.44,124,1655,1717
4014,0,56,POPLATEK PO OBRATU,961,197,14312.229949238577,15053.502213020558,52975.167005076146,-2864.7,40329.1,39.4,0.0,0.0,0.0,0.0,Breclav,south Moravia,124605,11,42,14,1,8,46.0,8772,4.69,4.98,126,2854,3158
2178,0,64,POPLATEK MESICNE,961,180,8335.986111111111,9280.489427475964,49237.50277777778,1100.0,61357.5,36.0,0.0,0.0,1.0,7959.0,Zlin,south Moravia,197099,29,41,10,2,10,74.7,9624,1.60,2.31,145,4484,4265
2935,0,68,POPLATEK MESICNE,961,142,1271.4514084507043,1295.1388784337478,15864.309154929577,200.0,18792.3,28.4,0.0,0.0,1.0,2100.0,Frydek - Mistek,north Moravia,228848,15,40,18,2,6,57.2,9893,4.09,4.72,96,5623,5887
544,0,32,POPLATEK MESICNE,961,179,8695.204469273744,9729.473850508704,52431.91005586593,400.0,36837.6,35.8,1.0,0.0,1.0,3798.2,Ceska Lipa,north Bohemia,105058,32,19,7,2,10,81.0,9272,2.80,3.22,118,4340,4505
875,0,63,POPLATEK MESICNE,959,146,2654.102054794521,2577.9651774879685,30432.34383561644,300.0,29652.7,29.2,0.0,0.0,1.0,3837.0,Vyskov,south Moravia,86513,38,36,5,1,5,50.5,8288,3.79,4.52,110,1562,1460
733,0,49,POPLATEK TYDNE,959,183,12062.254644808743,14237.768639060516,55901.959562841526,700.0,41138.5,36.6,0.0,0.0,0.0,0.0,Semily,east Bohemia,75685,31,28,5,1,9,60.8,8208,1.89,2.26,155,1660,2123
3251,0,59,POPLATEK MESICNE,958,134,1245.0328358208956,1231.4307787380808,20281.925373134327,600.0,26846.4,26.8,0.0,0.0,1.0,2021.0,Kromeriz,south Moravia,108871,41,29,7,2,6,62.1,8444,3.24,3.47,106,2595,2305
5358,0,4,POPLATEK MESICNE,958,190,8434.38947368421,10183.18360056675,47015.93105263158,500.0,70395.5,38.0,1.0,0.0,2.0,10330.0,Kladno,central Bohemia,149893,63,29,6,2,6,67.4,9753,4.64,5.05,109,5244,5892
2521,0,63,POPLATEK MESICNE,957,175,8994.985714285714,10440.822214054046,49494.84685714285,1000.0,75229.6,35.0,0.0,0.0,1.0,6002.0,Vyskov,south Moravia,86513,38,36,5,1,5,50.5,8288,3.79,4.52,110,1562,1460
10963,0,16,POPLATEK MESICNE,956,203,11913.756157635467,14279.956329304045,55649.49359605911,1100.0,58294.5,40.6,1.0,0.0,1.0,3216.7,Jindrichuv Hradec,south Bohemia,93931,74,21,10,1,8,56.9,8427,1.12,1.54,107,1874,1913
57,0,1,POPLATEK MESICNE,955,182,7819.161538461538,9257.138349818684,41960.78846153846,700.0,36735.3,36.4,0.0,0.0,1.0,4107.0,Hl.m. Praha,Prague,1204953,0,0,0,1,1,100.0,12541,0.29,0.43,167,85677,99107
4589,1,4,POPLATEK MESICNE,954,149,2481.606040268456,2818.290336313944,22943.946979865774,-2461.1,23378.2,29.8,0.0,0.0,0.0,0.0,Kladno,central Bohemia,149893,63,29,6,2,6,67.4,9753,4.64,5.05,109,5244,5892
490,0,45,POPLATEK MESICNE,953,143,1264.4125874125873,1234.6094183003527,15068.116083916084,500.0,13408.9,28.6,0.0,1.0,1.0,2042.0,Jicin,east Bohemia,77917,85,19,6,1,5,53.5,8390,2.28,2.89,132,2080,2122
3386,1,2,POPLATEK MESICNE,953,212,13911.699999999999,13937.46278854872,55847.06226415094,-2166.8,102838.5,42.4,0.0,0.0,0.0,0.0,Benesov,central Bohemia,88884,80,26,6,2,5,46.7,8507,1.67,1.85,132,2159,2674
8998,1,61,POPLATEK MESICNE,952,150,10337.697333333334,13232.816573034002,35990.016,-3743.1,-1778.4,30.0,0.0,0.0,1.0,3798.1,Trebic,south Moravia,117897,139,28,5,1,6,53.8,8814,4.76,5.74,107,2112,2059
11349,0,1,POPLATEK TYDNE,950,216,13213.6125,16437.060746458697,52761.02175925925,200.0,28332.0,43.2,1.0,0.0,2.0,17884.0,Hl.m. Praha,Prague,1204953,0,0,0,1,1,100.0,12541,0.29,0.43,167,85677,99107
2969,0,29,POPLATEK MESICNE,950,31,2009.6774193548388,2105.7627024761805,25390.322580645163,300.0,27900.0,6.2,0.0,0.0,0.0,0.0,Rokycany,west Bohemia,45714,52,10,5,1,6,55.6,8843,2.82,3.60,113,818,888
1530,0,70,POPLATEK MESICNE,949,140,2404.17,2297.712264224019,19502.024285714284,900.0,13415.4,28.0,0.0,0.0,1.0,3700.0,Karvina,north Moravia,285387,0,2,8,5,7,89.9,10177,6.63,7.75,81,9878,10108
1642,0,64,POPLATEK MESICNE,949,157,2493.4019108280254,2489.745596788374,18331.56560509554,1000.0,13871.6,31.4,0.0,0.0,1.0,3597.0,Zlin,south Moravia,197099,29,41,10,2,10,74.7,9624,1.60,2.31,145,4484,4265
6358,0,3,POPLATEK MESICNE,949,204,11252.749019607842,12766.625083911242,47614.24705882353,700.0,46198.6,40.8,1.0,0.0,2.0,18708.8,Beroun,central Bohemia,75232,55,26,4,1,5,41.7,8980,1.95,2.21,111,2824,2813
10001,0,24,POPLATEK MESICNE,948,175,5949.0617142857145,7379.693368047167,49521.06285714286,600.0,67253.4,35.0,1.0,0.0,1.0,529.0,Karlovy Vary,west Bohemia,122603,25,21,6,2,8,80.0,8991,1.39,2.01,128,5198,5273
3186,0,10,POPLATEK MESICNE,948,179,7691.148044692737,8582.536310820664,40292.12122905028,700.0,51814.8,35.8,0.0,1.0,1.0,7456.0,Praha - vychod,central Bohemia,92084,55,29,4,3,5,46.7,10124,0.56,0.54,141,3810,4316
1059,0,8,POPLATEK MESICNE,946,165,1124.9218181818183,1274.505209831218,14990.102424242423,1100.0,19519.7,33.0,0.0,1.0,2.0,2146.0,Mlada Boleslav,central Bohemia,112065,95,19,7,1,8,69.4,11277,1.25,1.44,127,5179,4987
3624,0,32,POPLATEK TYDNE,946,136,10934.683823529413,14181.736477383814,39048.618382352935,800.0,9152.8,27.2,0.0,0.0,1.0,11953.0,Ceska Lipa,north Bohemia,105058,32,19,7,2,10,81.0,9272,2.80,3.22,118,4340,4505
1974,1,42,POPLATEK MESICNE,944,54,1204.8685185185186,2256.2787550103317,22949.320370370373,300.0,11463.4,10.8,0.0,0.0,0.0,0.0,Havlickuv Brod,east Bohemia,95907,87,25,5,2,7,59.1,8388,2.41,2.94,87,1658,1668
2559,0,32,POPLATEK MESICNE,944,167,4684.8,5671.377754381343,35527.691017964076,1000.0,54545.5,33.4,0.0,0.0,1.0,5123.0,Ceska Lipa,north Bohemia,105058,32,19,7,2,10,81.0,9272,2.80,3.22,118,4340,4505
11069,0,37,POPLATEK MESICNE,943,171,6157.459649122808,9937.172974677274,43205.6298245614,1100.0,47191.1,34.2,1.0,0.0,1.0,2482.0,Litomerice,north Bohemia,114006,71,26,6,2,9,62.3,9065,4.46,5.39,123,4147,4166
3874,0,51,POPLATEK MESICNE,943,175,3699.4514285714286,3703.534635478718,32091.17314285714,200.0,31841.5,35.0,0.0,1.0,1.0,5861.0,Trutnov,east Bohemia,121947,37,28,7,3,11,70.5,8541,2.51,2.97,131,3496,3839
3520,0,72,POPLATEK MESICNE,941,146,7675.759589041095,8175.099628089145,34081.36575342466,800.0,25274.4,29.2,0.0,0.0,0.0,0.0,Olomouc,north Moravia,226122,32,50,7,4,4,62.6,8994,3.80,4.79,110,9672,9208
2018,0,42,POPLATEK MESICNE,941,178,2289.8752808988766,2037.5997290087917,18124.846067415732,900.0,9939.2,35.6,1.0,0.0,2.0,6325.0,Havlickuv Brod,east Bohemia,95907,87,25,5,2,7,59.1,8388,2.41,2.94,87,1658,1668
2877,0,37,POPLATEK MESICNE,941,193,15433.373056994818,18643.64544803625,66904.85751295337,800.0,60897.0,38.6,0.0,0.0,1.0,5305.0,Litomerice,north Bohemia,114006,71,26,6,2,9,62.3,9065,4.46,5.39,123,4147,4166
2642,1,68,POPLATEK MESICNE,940,229,3794.6733624454146,5074.7861145956285,32863.22096069869,900.0,29037.9,45.8,0.0,0.0,3.0,3899.0,Frydek - Mistek,north Moravia,228848,15,40,18,2,6,57.2,9893,4.09,4.72,96,5623,5887
553,0,26,POPLATEK MESICNE,939,193,1974.6694300518136,5105.017016392245,28690.009326424868,300.0,34535.2,38.6,0.0,0.0,0.0,0.0,Plzen - mesto,west Bohemia,170449,0,0,0,1,1,100.0,10787,2.64,3.09,131,6041,6261
1092,0,41,POPLATEK MESICNE,939,169,4611.41301775148,4918.813944505611,27127.036094674553,900.0,23456.2,33.8,0.0,0.0,1.0,5664.0,Usti nad Labem,north Bohemia,118650,8,8,5,1,3,85.6,9832,3.32,4.48,114,6445,5471
471,0,47,POPLATEK MESICNE,938,254,2684.3200787401574,3676.7469700603842,31381.940551181106,1100.0,46503.2,50.8,0.0,1.0,4.0,6081.0,Pardubice,east Bohemia,162580,83,26,5,1,6,72.8,9538,1.51,1.81,111,6079,5410
53,0,77,POPLATEK MESICNE,938,137,1802.151094890511,1753.1034212100415,18698.23868613139,700.0,23966.9,27.4,0.0,0.0,1.0,2851.0,Vsetin,north Moravia,148545,8,35,12,3,4,53.5,8909,4.01,5.56,113,3460,3590
1413,0,65,POPLATEK MESICNE,938,211,4340.8293838862555,5497.015391689001,29198.703317535546,1100.0,26079.7,42.2,0.0,0.0,3.0,6113.0,Znojmo,south Moravia,114200,101,41,4,1,4,43.7,8403,5.74,5.72,105,2157,2718
5774,0,1,POPLATEK MESICNE,937,215,6112.891162790698,7599.03738033478,35273.909302325585,700.0,31179.1,43.0,1.0,0.0,3.0,9855.0,Hl.m. Praha,Prague,1204953,0,0,0,1,1,100.0,12541,0.29,0.43,167,85677,99107
3392,0,1,POPLATEK MESICNE,937,162,3990.362962962963,4018.3962591454497,27507.004938271602,1000.0,21102.2,32.4,0.0,0.0,1.0,6139.0,Hl.m. Praha,Prague,1204953,0,0,0,1,1,100.0,12541,0.29,0.43,167,85677,99107
1465,0,30,POPLATEK MESICNE,937,196,1243.6188775510204,1487.2034495348905,18610.07448979592,300.0,27136.4,39.2,0.0,0.0,2.0,2122.0,Sokolov,west Bohemia,94812,15,13,8,2,10,81.8,9650,3.38,3.67,100,2985,2804
1420,0,68,POPLATEK MESICNE,937,156,1928.7185897435895,2061.049117218626,24059.43269230769,900.0,29203.8,31.2,0.0,0.0,1.0,1794.0,Frydek - Mistek,north Moravia,228848,15,40,18,2,6,57.2,9893,4.09,4.72,96,5623,5887
1620,0,17,POPLATEK MESICNE,937,148,2250.091891891892,2464.5980900292825,24712.97972972973,700.0,38696.8,29.6,0.0,0.0,1.0,1931.0,Pelhrimov,south Bohemia,74062,99,15,4,2,7,61.4,8114,2.38,2.62,119,1003,1181
4121,0,54,POPLATEK MESICNE,937,158,2774.855696202532,5852.32382836403,25368.219620253167,300.0,16624.0,31.6,0.0,0.0,0.0,0.0,Brno - mesto,south Moravia,387570,0,0,0,1,1,100.0,9897,1.60,1.96,140,18721,18696
754,0,1,POPLATEK MESICNE,937,173,2091.0531791907515,2226.0649709363724,27829.227167630055,800.0,21051.4,34.6,0.0,0.0,2.0,3083.0,Hl.m. Praha,Prague,1204953,0,0,0,1,1,100.0,12541,0.29,0.43,167,85677,99107
3045,0,1,POPLATEK MESICNE,937,158,2220.306329113924,2195.772343079958,25981.693670886078,300.0,20417.0,31.6,0.0,0.0,1.0,2366.0,Hl.m. Praha,Prague,1204953,0,0,0,1,1,100.0,12541,0.29,0.43,167,85677,99107
3453,0,13,POPLATEK MESICNE,937,161,9235.629192546585,9668.715191770825,40745.64472049689,700.0,21599.8,32.2,0.0,0.0,1.0,7062.0,Rakovnik,central Bohemia,53921,61,22,1,1,2,41.3,8598,2.77,3.26,123,1597,1875
1696,0,43,POPLATEK MESICNE,936,148,1239.493918918919,1311.3138306598373,16019.146621621623,600.0,22468.3,29.6,0.0,0.0,1.0,2159.0,Hradec Kralove,east Bohemia,161854,73,21,6,1,6,76.3,9425,1.72,2.50,125,4085,3891
2139,0,8,POPLATEK MESICNE,936,237,8071.45105485232,10421.78344759314,34983.59240506329,900.0,37019.2,47.4,0.0,0.0,3.0,13166.0,Mlada Boleslav,central Bohemia,112065,95,19,7,1,8,69.4,11277,1.25,1.44,127,5179,4987
1793,0,56,POPLATEK MESICNE,935,176,4633.073295454546,5149.273687038362,30830.739772727273,200.0,43168.3,35.2,0.0,1.0,2.0,6527.0,Breclav,south Moravia,124605,11,42,14,1,8,46.0,8772,4.69,4.98,126,2854,3158
3725,0,33,POPLATEK MESICNE,934,168,6362.0011904761905,6900.651646986137,42013.01190476191,800.0,58712.8,33.6,0.0,0.0,1.0,7642.0,Decin,north Bohemia,133777,24,17,7,3,11,84.7,8705,5.75,7.61,116,4650,4859
896,0,3,POPLATEK MESICNE,934,165,3924.9115151515152,4421.167922197599,21949.83818181818,600.0,11611.3,33.0,0.0,0.0,1.0,3220.0,Beroun,central Bohemia,75232,55,26,4,1,5,41.7,8980,1.95,2.21,111,2824,2813
3252,0,12,POPLATEK MESICNE,933,198,865.5777777777778,1053.2134114518487,17937.31818181818,900.0,24796.6,39.6,0.0,0.0,3.0,2044.0,Pribram,central Bohemia,107870,84,29,6,1,6,58.0,8754,3.83,4.31,137,3804,3868
808,0,69,POPLATEK MESICNE,932,207,4790.205797101449,6170.886476267079,16489.94154589372,-4384.8,21739.5,41.4,1.0,1.0,1.0,4492.0,Jesenik,north Moravia,42821,4,13,5,1,3,48.4,8173,?,7.01,124,?,1358
3601,0,54,POPLATEK MESICNE,932,149,2187.006711409396,2421.236697368596,35999.40067114094,700.0,33004.7,29.8,0.0,1.0,1.0,1794.0,Brno - mesto,south Moravia,387570,0,0,0,1,1,100.0,9897,1.60,1.96,140,18721,18696
131,0,52,POPLATEK MESICNE,932,155,4370.276129032259,4625.952100050209,23413.44451612903,5496.0,42410.7,31.0,0.0,1.0,1.0,6904.0,Usti nad Orlici,east Bohemia,139012,59,41,8,3,10,61.9,8363,2.52,3.49,108,2564,2799
3124,0,6,POPLATEK MESICNE,932,225,4295.743111111111,5741.536323943263,33365.16533333333,500.0,29133.2,45.0,0.0,1.0,3.0,5336.0,Kutna Hora,central Bohemia,77963,60,23,4,2,4,51.5,8546,2.95,4.02,126,2640,3120
7618,1,72,POPLATEK TYDNE,932,193,8239.026943005181,10455.934100627552,32222.312953367877,-1622.1,18930.2,38.6,0.0,0.0,1.0,2362.4,Olomouc,north Moravia,226122,32,50,7,4,4,62.6,8994,3.80,4.79,110,9672,9208
807,0,76,POPLATEK TYDNE,932,176,8247.832954545454,8196.258181385963,36794.63352272727,800.0,35284.5,35.2,0.0,0.0,1.0,12579.0,Sumperk,north Moravia,127369,31,32,13,2,7,51.2,8369,4.73,5.88,107,3736,2807
3847,0,33,POPLATEK MESICNE,932,225,5750.505777777778,7828.817880069559,49394.60311111111,1100.0,41958.2,45.0,0.0,0.0,3.0,6390.0,Decin,north Bohemia,133777,24,17,7,3,11,84.7,8705,5.75,7.61,116,4650,4859
223,0,39,POPLATEK MESICNE,932,82,6253.9951219512195,11378.005899111793,37899.608536585365,800.0,25193.9,16.4,0.0,0.0,0.0,0.0,Most,north Bohemia,119895,17,4,3,2,4,89.9,10446,7.34,9.40,90,4947,4743
2328,0,35,POPLATEK MESICNE,931,156,2270.3865384615383,2664.879022324291,45948.829487179486,1000.0,63715.7,31.2,0.0,0.0,1.0,1846.0,Jablonec n. Nisou,north Bohemia,88768,10,18,5,1,7,80.5,8867,1.02,1.21,130,3384,3620
1519,0,9,POPLATEK MESICNE,931,171,7656.702923976608,8836.32715558454,62726.594736842104,700.0,78226.9,34.2,0.0,0.0,1.0,3443.0,Nymburk,central Bohemia,81344,61,23,4,2,6,55.3,8899,3.39,3.97,149,2987,2487
10019,0,8,POPLATEK MESICNE,930,190,11220.32947368421,13879.445455070987,52563.35684210527,600.0,28151.3,38.0,1.0,0.0,1.0,5415.0,Mlada Boleslav,central Bohemia,112065,95,19,7,1,8,69.4,11277,1.25,1.44,127,5179,4987
458,0,7,POPLATEK MESICNE,929,169,6267.8946745562125,6884.057716117763,43121.65325443787,1100.0,56657.7,33.8,0.0,0.0,2.0,10617.0,Melnik,central Bohemia,94725,38,28,1,3,6,63.4,9920,2.26,2.87,130,4289,4846
120,0,65,POPLATEK TYDNE,929,192,10257.9546875,13639.53633976034,50104.709375,1100.0,28197.2,38.4,0.0,0.0,2.0,5864.0,Znojmo,south Moravia,114200,101,41,4,1,4,43.7,8403,5.74,5.72,105,2157,2718
1846,0,6,POPLATEK MESICNE,928,129,1339.179069767442,1371.0371300516913,17180.23875968992,1000.0,18510.6,25.8,0.0,0.0,1.0,2062.0,Kutna Hora,central Bohemia,77963,60,23,4,2,4,51.5,8546,2.95,4.02,126,2640,3120
2096,0,32,POPLATEK MESICNE,928,190,5010.340526315789,5676.6697437464045,38499.73052631579,700.0,54063.6,38.0,0.0,0.0,2.0,9172.0,Ceska Lipa,north Bohemia,105058,32,19,7,2,10,81.0,9272,2.80,3.22,118,4340,4505
2297,0,46,POPLATEK MESICNE,927,199,1633.6150753768845,1918.894329806491,17227.677386934673,200.0,15400.8,39.8,0.0,0.0,3.0,2960.0,Nachod,east Bohemia,112709,48,20,7,3,10,73.5,8369,1.79,2.31,117,2854,2618
7184,0,5,POPLATEK MESICNE,926,265,5602.906792452831,8180.643557139552,35892.696981132074,500.0,18081.1,53.0,1.0,0.0,5.0,12765.0,Kolin,central Bohemia,95616,65,30,4,1,6,51.4,9307,3.85,4.43,118,2616,3040
2781,0,16,POPLATEK MESICNE,925,193,2647.480310880829,6568.498485886215,39968.196373057,200.0,58031.2,38.6,0.0,0.0,0.0,0.0,Jindrichuv Hradec,south Bohemia,93931,74,21,10,1,8,56.9,8427,1.12,1.54,107,1874,1913
1031,0,74,POPLATEK MESICNE,925,221,4936.917647058824,6656.881658616408,38939.53031674208,900.0,61719.3,44.2,0.0,1.0,4.0,8166.0,Ostrava - mesto,north Moravia,323870,0,0,0,1,1,100.0,10673,4.75,5.44,100,18782,18347
3810,0,43,POPLATEK MESICNE,923,146,2433.0520547945202,2564.7838598783133,26392.398630136988,500.0,44322.0,29.2,0.0,0.0,1.0,2862.0,Hradec Kralove,east Bohemia,161854,73,21,6,1,6,76.3,9425,1.72,2.50,125,4085,3891
1151,0,40,POPLATEK MESICNE,922,175,8510.76,10423.676315104425,58250.36171428572,300.0,88488.3,35.0,0.0,0.0,1.0,3263.0,Teplice,north Bohemia,128118,9,16,6,3,8,85.3,9317,6.49,7.07,97,6949,6872
1728,0,74,POPLATEK MESICNE,922,157,3696.6828025477703,3863.266259586409,18526.478343949046,1000.0,9252.0,31.4,0.0,0.0,1.0,4954.0,Ostrava - mesto,north Moravia,323870,0,0,0,1,1,100.0,10673,4.75,5.44,100,18782,18347
9235,0,37,POPLATEK MESICNE,921,200,5089.0035,6857.401929891387,39765.566,700.0,31342.1,40.0,1.0,0.0,1.0,1735.0,Litomerice,north Bohemia,114006,71,26,6,2,9,62.3,9065,4.46,5.39,123,4147,4166
3363,0,30,POPLATEK MESICNE,921,133,1801.336842105263,1720.7748909207403,22821.94586466165,1100.0,32222.4,26.6,0.0,0.0,1.0,2463.0,Sokolov,west Bohemia,94812,15,13,8,2,10,81.8,9650,3.38,3.67,100,2985,2804
3436,0,5,POPLATEK MESICNE,921,124,1440.2629032258064,1426.7022498868341,22379.09677419355,200.0,28451.9,24.8,0.0,0.0,1.0,2243.0,Kolin,central Bohemia,95616,65,30,4,1,6,51.4,9307,3.85,4.43,118,2616,3040
2533,0,49,POPLATEK MESICNE,918,141,2253.5659574468086,2395.875439667984,21195.552482269504,411.5,34607.9,28.2,0.0,0.0,0.0,0.0,Semily,east Bohemia,75685,31,28,5,1,9,60.8,8208,1.89,2.26,155,1660,2123
99,1,1,POPLATEK MESICNE,918,185,11324.774054054054,14325.96074633456,52658.62378378378,600.0,19052.2,37.0,0.0,0.0,2.0,9185.0,Hl.m. Praha,Prague,1204953,0,0,0,1,1,100.0,12541,0.29,0.43,167,85677,99107
638,0,65,POPLATEK MESICNE,917,209,5371.02009569378,6673.240130052583,31208.48803827751,1000.0,16823.8,41.8,0.0,1.0,3.0,8028.0,Znojmo,south Moravia,114200,101,41,4,1,4,43.7,8403,5.74,5.72,105,2157,2718
2292,0,41,POPLATEK MESICNE,916,220,1130.8295454545455,1581.7419013116805,25694.602272727272,1100.0,28183.7,44.0,0.0,0.0,3.0,1996.0,Usti nad Labem,north Bohemia,118650,8,8,5,1,3,85.6,9832,3.32,4.48,114,6445,5471
1725,0,72,POPLATEK PO OBRATU,912,167,18482.284431137723,20405.457385154255,64458.79520958084,1100.0,43411.6,33.4,0.0,0.0,0.0,0.0,Olomouc,north Moravia,226122,32,50,7,4,4,62.6,8994,3.80,4.79,110,9672,9208
3410,0,39,POPLATEK MESICNE,912,227,4248.311894273128,5839.233055447551,37927.44140969163,1100.0,27067.6,45.4,0.0,0.0,3.0,3794.0,Most,north Bohemia,119895,17,4,3,2,4,89.9,10446,7.34,9.40,90,4947,4743
1597,0,68,POPLATEK MESICNE,911,160,2314.1237499999997,2497.6839639623954,22334.020624999997,900.0,38868.2,32.0,0.0,0.0,1.0,2376.0,Frydek - Mistek,north Moravia,228848,15,40,18,2,6,57.2,9893,4.09,4.72,96,5623,5887
2041,0,48,POPLATEK MESICNE,910,140,2351.3364285714283,2452.156629699066,28607.58357142857,600.0,37042.4,28.0,0.0,0.0,0.0,0.0,Rychnov nad Kneznou,east Bohemia,78955,50,24,8,1,9,59.0,9060,1.78,2.44,124,1655,1717
5742,0,74,POPLATEK PO OBRATU,910,182,11282.531868131868,14235.06748547387,51288.59230769231,600.0,53748.8,36.4,1.0,0.0,1.0,4845.0,Ostrava - mesto,north Moravia,323870,0,0,0,1,1,100.0,10673,4.75,5.44,100,18782,18347
4415,0,73,POPLATEK MESICNE,910,277,5613.2898916967515,8350.613996585515,47022.30036101083,600.0,55506.0,55.4,1.0,0.0,5.0,14653.0,Opava,north Moravia,182027,17,49,12,2,7,56.4,8746,3.33,3.74,90,4355,4433
4330,0,47,POPLATEK MESICNE,910,166,9677.145180722891,13524.012329243196,41981.53192771084,1100.0,24949.6,33.2,0.0,0.0,3.0,10535.6,Pardubice,east Bohemia,162580,83,26,5,1,6,72.8,9538,1.51,1.81,111,6079,5410
3458,0,63,POPLATEK MESICNE,908,165,1460.8127272727272,1523.5797147557057,17263.06181818182,600.0,20758.8,33.0,0.0,1.0,2.0,2678.0,Vyskov,south Moravia,86513,38,36,5,1,5,50.5,8288,3.79,4.52,110,1562,1460
3330,0,76,POPLATEK MESICNE,907,177,15157.237853107345,16219.784484468131,66407.13898305084,400.0,28682.3,35.4,0.0,0.0,2.0,9364.7,Sumperk,north Moravia,127369,31,32,13,2,7,51.2,8369,4.73,5.88,107,3736,2807
6649,1,1,POPLATEK MESICNE,907,117,12185.205128205129,15088.201817450323,55588.04358974359,1000.0,53646.2,23.4,1.0,0.0,1.0,1671.0,Hl.m. Praha,Prague,1204953,0,0,0,1,1,100.0,12541,0.29,0.43,167,85677,99107
3779,0,74,POPLATEK MESICNE,907,216,3300.374074074074,4411.8131118332,43189.27916666667,200.0,42715.1,43.2,0.0,1.0,3.0,3981.0,Ostrava - mesto,north Moravia,323870,0,0,0,1,1,100.0,10673,4.75,5.44,100,18782,18347
1103,1,66,POPLATEK MESICNE,906,134,10084.23880597015,10675.752962847442,48460.38731343284,20963.0,29928.4,26.8,0.0,0.0,0.0,0.0,Zdar nad Sazavou,south Moravia,125832,151,41,2,3,5,48.3,8512,3.51,4.12,102,2247,2103
731,0,5,POPLATEK MESICNE,904,133,1766.2541353383458,1716.6548732977344,14769.355639097745,600.0,13352.7,26.6,0.0,1.0,1.0,2706.0,Kolin,central Bohemia,95616,65,30,4,1,6,51.4,9307,3.85,4.43,118,2616,3040
2307,0,60,POPLATEK MESICNE,903,159,1835.4893081761006,2245.1007992535683,17840.70503144654,600.0,24808.0,31.8,0.0,0.0,2.0,3459.0,Prostejov,south Moravia,110643,49,41,4,1,4,51.9,8441,3.45,4.48,115,1879,2252
3474,0,23,POPLATEK MESICNE,903,193,928.2880829015544,1126.2044471979734,19040.5,3304.0,24259.9,38.6,0.0,0.0,3.0,2202.0,Cheb,west Bohemia,87419,21,11,4,3,9,85.5,8624,1.79,2.66,102,2879,3198
625,0,70,POPLATEK MESICNE,903,120,11156.150833333335,13873.904532780422,36786.879166666666,917.0,29399.7,24.0,0.0,0.0,2.0,14064.2,Karvina,north Moravia,285387,0,2,8,5,7,89.9,10177,6.63,7.75,81,9878,10108
1075,0,35,POPLATEK MESICNE,902,180,2503.3622222222225,2964.004571901335,31358.65666666667,800.0,48291.1,36.0,0.0,0.0,2.0,4076.0,Jablonec n. Nisou,north Bohemia,88768,10,18,5,1,7,80.5,8867,1.02,1.21,130,3384,3620
2281,0,1,POPLATEK MESICNE,902,166,5461.992168674698,6086.8178734047,33416.74879518072,400.0,24560.4,33.2,0.0,0.0,1.0,5720.0,Hl.m. Praha,Prague,1204953,0,0,0,1,1,100.0,12541,0.29,0.43,167,85677,99107
3895,0,27,POPLATEK MESICNE,901,164,4070.9500000000003,4280.9547942018735,27350.00792682927,1100.0,19553.5,32.8,0.0,0.0,1.0,4414.0,Plzen - jih,west Bohemia,67298,71,19,10,0,7,43.8,8561,0.65,1.29,110,1029,1127
5263,0,64,POPLATEK MESICNE,901,188,3232.8547872340423,2641.5289928025645,30156.175000000003,500.0,43306.6,37.6,1.0,1.0,2.0,8555.0,Zlin,south Moravia,197099,29,41,10,2,10,74.7,9624,1.60,2.31,145,4484,4265
5794,0,70,POPLATEK MESICNE,901,139,5271.31510791367,9447.06556016753,25967.702877697844,300.0,34166.5,27.8,1.0,0.0,1.0,2060.0,Karvina,north Moravia,285387,0,2,8,5,7,89.9,10177,6.63,7.75,81,9878,10108
1220,0,1,POPLATEK MESICNE,900,136,2206.296323529412,2168.2605985036535,31633.13676470588,900.0,42660.8,27.2,0.0,1.0,1.0,2770.0,Hl.m. Praha,Prague,1204953,0,0,0,1,1,100.0,12541,0.29,0.43,167,85677,99107
1568,0,23,POPLATEK MESICNE,900,211,4044.7521327014215,5359.59663887682,44500.820853080564,300.0,60726.4,42.2,0.0,0.0,4.0,7103.0,Cheb,west Bohemia,87419,21,11,4,3,9,85.5,8624,1.79,2.66,102,2879,3198
1344,1,12,POPLATEK PO OBRATU,899,180,16938.498888888887,16591.306364428412,60506.46888888889,200.0,79925.6,36.0,0.0,0.0,0.0,0.0,Pribram,central Bohemia,107870,84,29,6,1,6,58.0,8754,3.83,4.31,137,3804,3868
8547,1,14,POPLATEK TYDNE,898,265,11832.094339622641,14464.031717212212,63452.97849056604,300.0,68603.4,53.0,1.0,0.0,1.0,4806.5,Ceske Budejovice,south Bohemia,177686,69,27,10,1,9,74.8,10045,1.42,1.71,135,6604,6295
1135,0,1,POPLATEK MESICNE,898,144,1857.6680555555556,1919.0458281242131,24537.321527777778,500.0,34678.6,28.8,0.0,0.0,1.0,1735.0,Hl.m. Praha,Prague,1204953,0,0,0,1,1,100.0,12541,0.29,0.43,167,85677,99107
4263,0,5,POPLATEK MESICNE,898,78,4918.810256410256,10020.494888452558,32068.026923076923,800.0,24177.6,15.6,0.0,0.0,0.0,0.0,Kolin,central Bohemia,95616,65,30,4,1,6,51.4,9307,3.85,4.43,118,2616,3040
3532,1,73,POPLATEK MESICNE,897,141,5160.060283687943,5860.247566124531,29774.059574468087,200.0,42653.3,28.2,0.0,0.0,0.0,0.0,Opava,north Moravia,182027,17,49,12,2,7,56.4,8746,3.33,3.74,90,4355,4433
1251,0,34,POPLATEK TYDNE,897,126,6096.3912698412705,8477.058544783276,21314.652380952382,400.0,20525.0,25.2,0.0,1.0,1.0,7870.0,Chomutov,north Bohemia,125236,28,11,1,4,5,87.7,9675,6.43,7.68,100,5323,5190
1936,0,70,POPLATEK MESICNE,897,133,1286.6924812030077,1319.2119523587066,17283.290977443612,500.0,19704.5,26.6,0.0,0.0,1.0,2141.0,Karvina,north Moravia,285387,0,2,8,5,7,89.9,10177,6.63,7.75,81,9878,10108
2244,0,46,POPLATEK MESICNE,896,154,2480.3136363636363,2667.0114339645797,30783.174675324677,200.0,24358.2,30.8,0.0,0.0,1.0,1690.0,Nachod,east Bohemia,112709,48,20,7,3,10,73.5,8369,1.79,2.31,117,2854,2618
2310,0,15,POPLATEK MESICNE,896,161,3243.6614906832297,3345.180440967685,32295.216770186336,700.0,45404.0,32.2,0.0,0.0,1.0,5259.0,Cesky Krumlov,south Bohemia,58796,22,16,7,1,5,51.9,9045,3.13,3.60,124,1845,1879
1994,0,42,POPLATEK MESICNE,896,252,7960.113095238095,12029.091514001308,44575.33849206349,1100.0,21403.3,50.4,0.0,0.0,4.0,4729.0,Havlickuv Brod,east Bohemia,95907,87,25,5,2,7,59.1,8388,2.41,2.94,87,1658,1668
720,0,54,POPLATEK MESICNE,895,152,2659.508552631579,2598.981256807679,23840.649342105266,500.0,23635.2,30.4,0.0,0.0,1.0,3916.0,Brno - mesto,south Moravia,387570,0,0,0,1,1,100.0,9897,1.60,1.96,140,18721,18696
1472,0,2,POPLATEK MESICNE,895,176,3246.810227272727,3405.6308683469606,31786.17670454545,900.0,26248.4,35.2,0.0,0.0,2.0,5902.0,Benesov,central Bohemia,88884,80,26,6,2,5,46.7,8507,1.67,1.85,132,2159,2674
2144,0,55,POPLATEK PO OBRATU,894,147,7759.055782312925,11772.941928661421,26857.2925170068,-3994.8,-851.0,29.4,0.0,0.0,0.0,0.0,Brno - venkov,south Moravia,157042,49,70,18,0,9,33.9,8743,1.88,2.43,111,3659,3894
953,0,14,POPLATEK MESICNE,893,186,1189.4876344086022,1358.8937884266911,30603.222580645164,400.0,37290.5,37.2,0.0,0.0,2.0,1953.0,Ceske Budejovice,south Bohemia,177686,69,27,10,1,9,74.8,10045,1.42,1.71,135,6604,6295
4081,1,11,POPLATEK MESICNE,893,150,5099.363333333334,5164.425555825804,13600.814,-4598.3,11017.4,30.0,1.0,1.0,1.0,5746.0,Praha - zapad,central Bohemia,75637,35,36,9,0,7,36.5,9622,0.45,0.59,154,3475,3529
10018,0,8,POPLATEK MESICNE,892,225,5538.115555555555,7678.1614121456405,26406.545333333335,-4386.9,39499.0,45.0,0.0,0.0,0.0,0.0,Mlada Boleslav,central Bohemia,112065,95,19,7,1,8,69.4,11277,1.25,1.44,127,5179,4987
2553,0,41,POPLATEK MESICNE,891,159,6851.722012578617,7220.563881830905,26151.945283018867,1100.0,20798.3,31.8,0.0,0.0,1.0,9687.0,Usti nad Labem,north Bohemia,118650,8,8,5,1,3,85.6,9832,3.32,4.48,114,6445,5471
2520,0,18,POPLATEK MESICNE,890,139,1598.2237410071943,1742.3196539272765,17121.202877697844,400.0,19943.1,27.8,0.0,0.0,1.0,2355.0,Pisek,south Bohemia,70699,60,13,2,1,4,65.3,8968,2.83,3.35,131,1740,1910
1252,0,13,POPLATEK TYDNE,889,172,8956.298837209302,10184.502933711703,41005.0523255814,1000.0,29403.0,34.4,1.0,0.0,1.0,4114.7,Rakovnik,central Bohemia,53921,61,22,1,1,2,41.3,8598,2.77,3.26,123,1597,1875
3357,0,54,POPLATEK MESICNE,889,143,2594.5391608391606,2695.68473689138,25338.365034965038,400.0,26240.7,28.6,0.0,1.0,1.0,1841.0,Brno - mesto,south Moravia,387570,0,0,0,1,1,100.0,9897,1.60,1.96,140,18721,18696
6985,0,38,POPLATEK MESICNE,888,201,13021.37462686567,14761.266737827853,57920.832338308464,900.0,84888.9,40.2,1.0,0.0,2.0,15854.5,Louny,north Bohemia,85852,41,23,4,2,4,59.8,8965,7.08,8.23,104,2653,2822
2957,0,25,POPLATEK MESICNE,887,171,7735.6187134502925,9305.450356190722,46860.9918128655,500.0,49835.4,34.2,0.0,0.0,1.0,4640.0,Klatovy,west Bohemia,88757,60,33,3,2,10,61.7,8554,2.47,2.68,113,1822,2218
4948,0,43,POPLATEK MESICNE,886,152,8919.671052631578,11228.011098588091,43446.2677631579,900.0,27870.2,30.4,1.0,0.0,2.0,10706.2,Hradec Kralove,east Bohemia,161854,73,21,6,1,6,76.3,9425,1.72,2.50,125,4085,3891
1803,0,24,POPLATEK MESICNE,886,192,1367.0854166666668,1542.9126246568474,43220.56822916667,400.0,52920.4,38.4,0.0,0.0,2.0,2303.0,Karlovy Vary,west Bohemia,122603,25,21,6,2,8,80.0,8991,1.39,2.01,128,5198,5273
2577,0,7,POPLATEK MESICNE,885,134,2385.6746268656716,2330.4089323513467,23203.829104477612,1000.0,31520.3,26.8,0.0,0.0,1.0,3347.0,Melnik,central Bohemia,94725,38,28,1,3,6,63.4,9920,2.26,2.87,130,4289,4846
1009,0,1,POPLATEK TYDNE,883,179,15297.262011173183,18106.218959589376,55160.931843575425,400.0,66945.6,35.8,0.0,0.0,1.0,7521.0,Hl.m. Praha,Prague,1204953,0,0,0,1,1,100.0,12541,0.29,0.43,167,85677,99107
2265,0,65,POPLATEK MESICNE,881,157,13359.469426751593,15233.204457262156,45236.12038216561,700.0,22362.7,31.4,0.0,1.0,0.0,0.0,Znojmo,south Moravia,114200,101,41,4,1,4,43.7,8403,5.74,5.72,105,2157,2718
675,0,58,POPLATEK MESICNE,881,184,3650.9961956521743,3872.7426567338543,33002.6125,900.0,48637.3,36.8,1.0,0.0,2.0,8062.0,Jihlava,south Moravia,109164,98,16,6,1,4,63.6,8757,3.38,3.95,96,2212,2471
5033,0,54,POPLATEK MESICNE,881,223,2118.0784753363228,2527.156614733337,23888.793721973096,300.0,24409.2,44.6,1.0,0.0,4.0,5720.0,Brno - mesto,south Moravia,387570,0,0,0,1,1,100.0,9897,1.60,1.96,140,18721,18696
1971,0,41,POPLATEK MESICNE,880,168,4016.7690476190473,4643.1146768768285,40884.65178571428,800.0,56749.6,33.6,0.0,1.0,1.0,6624.0,Usti nad Labem,north Bohemia,118650,8,8,5,1,3,85.6,9832,3.32,4.48,114,6445,5471
2830,0,20,POPLATEK MESICNE,880,189,4480.179365079365,5228.981610741828,26816.656084656086,900.0,37288.2,37.8,0.0,0.0,2.0,9131.0,Strakonice,south Bohemia,70646,94,14,3,1,4,58.4,8547,2.65,3.64,120,1563,1542
1927,0,42,POPLATEK MESICNE,880,134,1317.9544776119403,1380.5256272925103,19640.07014925373,600.0,27726.1,26.8,0.0,0.0,1.0,2283.0,Havlickuv Brod,east Bohemia,95907,87,25,5,2,7,59.1,8388,2.41,2.94,87,1658,1668
5118,0,72,POPLATEK MESICNE,879,210,2658.888095238095,3251.4291559812236,33336.619523809524,1100.0,41374.3,42.0,1.0,0.0,3.0,4650.0,Olomouc,north Moravia,226122,32,50,7,4,4,62.6,8994,3.80,4.79,110,9672,9208
3203,0,23,POPLATEK MESICNE,877,132,1279.2515151515152,1287.1955858006029,15619.052272727273,1000.0,20343.0,26.4,0.0,0.0,1.0,2111.0,Cheb,west Bohemia,87419,21,11,4,3,9,85.5,8624,1.79,2.66,102,2879,3198
3270,0,30,POPLATEK MESICNE,876,151,7812.118543046357,7901.4332402200225,49417.266225165564,19130.0,43680.0,30.2,0.0,0.0,1.0,7806.0,Sokolov,west Bohemia,94812,15,13,8,2,10,81.8,9650,3.38,3.67,100,2985,2804
1520,0,48,POPLATEK MESICNE,876,142,2180.5704225352115,2241.573999986804,26702.173943661972,300.0,32796.0,28.4,0.0,0.0,1.0,2943.0,Rychnov nad Kneznou,east Bohemia,78955,50,24,8,1,9,59.0,9060,1.78,2.44,124,1655,1717
4681,0,70,POPLATEK MESICNE,876,203,6252.749753694581,7354.026381327766,35109.412315270936,14511.5,31640.7,40.6,1.0,0.0,3.0,12919.0,Karvina,north Moravia,285387,0,2,8,5,7,89.9,10177,6.63,7.75,81,9878,10108
3902,0,1,POPLATEK MESICNE,876,180,3507.1238888888893,3910.617242545515,28931.655000000002,800.0,15341.5,36.0,0.0,0.0,2.0,6435.0,Hl.m. Praha,Prague,1204953,0,0,0,1,1,100.0,12541,0.29,0.43,167,85677,99107
8327,0,1,POPLATEK TYDNE,876,232,7945.6590517241375,12131.71471772994,46752.77931034483,200.0,31322.6,46.4,1.0,0.0,3.0,11804.2,Hl.m. Praha,Prague,1204953,0,0,0,1,1,100.0,12541,0.29,0.43,167,85677,99107
1203,0,72,POPLATEK MESICNE,875,238,5235.175210084033,8177.2513697337945,54597.99663865546,1000.0,69198.1,47.6,0.0,0.0,4.0,4161.0,Olomouc,north Moravia,226122,32,50,7,4,4,62.6,8994,3.80,4.79,110,9672,9208
2608,0,19,POPLATEK MESICNE,875,163,3372.6251533742334,3501.590568978399,27221.7736196319,600.0,26182.4,32.6,0.0,0.0,1.0,4788.0,Prachatice,south Bohemia,51428,50,11,3,1,4,52.7,8402,3.13,3.98,120,999,1099
2206,0,45,POPLATEK MESICNE,874,155,2905.411612903226,3086.4237580749855,33777.4670967742,1000.0,41343.3,31.0,0.0,0.0,1.0,3930.0,Jicin,east Bohemia,77917,85,19,6,1,5,53.5,8390,2.28,2.89,132,2080,2122
3216,1,3,POPLATEK MESICNE,873,209,12775.256937799044,14180.587440797979,60796.91435406698,200.0,29451.9,41.8,0.0,0.0,3.0,11297.3,Beroun,central Bohemia,75232,55,26,4,1,5,41.7,8980,1.95,2.21,111,2824,2813
1122,0,13,POPLATEK MESICNE,872,137,4334.052554744525,4603.049254220132,24760.68394160584,500.0,13664.1,27.4,0.0,0.0,0.0,0.0,Rakovnik,central Bohemia,53921,61,22,1,1,2,41.3,8598,2.77,3.26,123,1597,1875
786,0,53,POPLATEK MESICNE,872,186,5500.332258064516,7183.138343485839,52703.97580645161,900.0,63577.0,37.2,0.0,1.0,2.0,5318.0,Blansko,south Moravia,107911,88,33,6,2,7,50.9,8240,2.53,3.56,99,1850,1903
3631,0,1,POPLATEK MESICNE,871,113,2237.4274336283183,2161.2842037385926,33012.20353982301,800.0,48087.4,22.6,0.0,0.0,1.0,3407.0,Hl.m. Praha,Prague,1204953,0,0,0,1,1,100.0,12541,0.29,0.43,167,85677,99107
2514,0,16,POPLATEK MESICNE,871,158,6067.614556962025,6919.889906314929,50862.97848101266,200.0,61534.1,31.6,0.0,0.0,1.0,4001.0,Jindrichuv Hradec,south Bohemia,93931,74,21,10,1,8,56.9,8427,1.12,1.54,107,1874,1913
75,0,1,POPLATEK MESICNE,871,150,5032.146,5565.270821158323,24567.552,700.0,27583.6,30.0,0.0,0.0,1.0,3369.0,Hl.m. Praha,Prague,1204953,0,0,0,1,1,100.0,12541,0.29,0.43,167,85677,99107
3679,0,64,POPLATEK MESICNE,869,201,5588.415422885572,6306.5939040746025,30741.803482587064,800.0,36131.2,40.2,1.0,0.0,3.0,18285.0,Zlin,south Moravia,197099,29,41,10,2,10,74.7,9624,1.60,2.31,145,4484,4265
2562,0,35,POPLATEK MESICNE,869,126,1380.8761904761905,1425.2807007984675,16112.807142857142,900.0,18953.8,25.2,0.0,1.0,1.0,2235.0,Jablonec n. Nisou,north Bohemia,88768,10,18,5,1,7,80.5,8867,1.02,1.21,130,3384,3620
2280,0,68,POPLATEK MESICNE,867,155,6751.942580645161,7367.569170039599,34766.55225806451,200.0,62764.4,31.0,0.0,0.0,1.0,6841.0,Frydek - Mistek,north Moravia,228848,15,40,18,2,6,57.2,9893,4.09,4.72,96,5623,5887
3896,0,45,POPLATEK MESICNE,867,180,11166.342777777778,14469.215525947362,58842.09333333334,400.0,72416.7,36.0,0.0,1.0,2.0,4244.0,Jicin,east Bohemia,77917,85,19,6,1,5,53.5,8390,2.28,2.89,132,2080,2122
11138,0,70,POPLATEK TYDNE,866,225,17176.823111111113,16957.792319719836,72546.85155555555,800.0,40933.6,45.0,1.0,0.0,1.0,3744.7,Karvina,north Moravia,285387,0,2,8,5,7,89.9,10177,6.63,7.75,81,9878,10108
5213,0,1,POPLATEK MESICNE,866,208,13747.614423076922,18618.951808105227,45282.08365384616,-2052.2,10659.7,41.6,1.0,0.0,1.0,6687.0,Hl.m. Praha,Prague,1204953,0,0,0,1,1,100.0,12541,0.29,0.43,167,85677,99107
531,0,31,POPLATEK MESICNE,866,124,1284.6282258064516,1300.1799686910447,18981.614516129033,1000.0,26581.0,24.8,0.0,1.0,1.0,2144.0,Tachov,west Bohemia,51313,34,12,3,1,4,59.2,8930,3.52,4.20,108,1328,1452
6856,0,43,POPLATEK MESICNE,865,220,5699.74,8957.706588639994,30555.81772727273,321.0,35757.0,44.0,1.0,0.0,4.0,13770.0,Hradec Kralove,east Bohemia,161854,73,21,6,1,6,76.3,9425,1.72,2.50,125,4085,3891
5024,1,70,POPLATEK MESICNE,864,130,4006.0315384615383,4339.159032783693,29810.41153846154,1000.0,30283.2,26.0,0.0,0.0,0.0,0.0,Karvina,north Moravia,285387,0,2,8,5,7,89.9,10177,6.63,7.75,81,9878,10108
560,0,36,POPLATEK MESICNE,864,158,3887.256962025316,4100.763204596694,31287.59240506329,800.0,26301.9,31.6,0.0,0.0,1.0,5683.0,Liberec,north Bohemia,159617,29,19,8,1,9,85.2,9198,3.33,4.28,131,5796,6132
11382,0,74,POPLATEK MESICNE,864,177,10319.971186440678,13370.241204393198,32206.522033898305,-1036.7,67275.0,35.4,0.0,0.0,0.0,0.0,Ostrava - mesto,north Moravia,323870,0,0,0,1,1,100.0,10673,4.75,5.44,100,18782,18347
2855,0,27,POPLATEK MESICNE,863,118,1690.7677966101696,1786.3377929658234,27189.53220338983,400.0,41470.3,23.6,0.0,0.0,1.0,1589.0,Plzen - jih,west Bohemia,67298,71,19,10,0,7,43.8,8561,0.65,1.29,110,1029,1127
2858,0,56,POPLATEK MESICNE,862,181,3418.4878453038677,3688.2498110841902,31461.16077348066,200.0,36707.9,36.2,0.0,0.0,3.0,6619.0,Breclav,south Moravia,124605,11,42,14,1,8,46.0,8772,4.69,4.98,126,2854,3158
3763,0,55,POPLATEK MESICNE,861,182,3573.5307692307692,3881.800380119027,26528.134615384617,800.0,36505.8,36.4,0.0,1.0,2.0,6855.0,Brno - venkov,south Moravia,157042,49,70,18,0,9,33.9,8743,1.88,2.43,111,3659,3894
995,0,64,POPLATEK MESICNE,861,146,1203.6321917808218,1377.5490780135033,18601.4404109589,1000.0,22973.3,29.2,0.0,0.0,2.0,2296.0,Zlin,south Moravia,197099,29,41,10,2,10,74.7,9624,1.60,2.31,145,4484,4265
3315,0,23,POPLATEK MESICNE,860,127,5369.43779527559,5683.48680421091,49098.790551181104,200.0,67632.0,25.4,0.0,0.0,0.0,0.0,Cheb,west Bohemia,87419,21,11,4,3,9,85.5,8624,1.79,2.66,102,2879,3198
3582,0,19,POPLATEK MESICNE,858,121,1200.2694214876033,1190.1709538159478,18305.739669421488,700.0,24685.6,24.2,0.0,0.0,1.0,1961.0,Prachatice,south Bohemia,51428,50,11,3,1,4,52.7,8402,3.13,3.98,120,999,1099
420,0,75,POPLATEK MESICNE,858,153,4517.5535947712415,4861.995417021188,35787.788235294116,500.0,54667.5,30.6,0.0,0.0,1.0,7192.0,Prerov,north Moravia,138032,67,30,4,2,5,64.6,8819,5.38,5.66,99,4063,4505
937,0,43,POPLATEK MESICNE,858,130,1747.8223076923077,1798.4922526902583,22419.51,900.0,27288.1,26.0,0.0,0.0,1.0,1751.0,Hradec Kralove,east Bohemia,161854,73,21,6,1,6,76.3,9425,1.72,2.50,125,4085,3891
4258,1,51,POPLATEK MESICNE,858,158,15578.444303797469,15944.487126234622,63361.2575949367,300.0,47701.2,31.6,0.0,1.0,0.0,0.0,Trutnov,east Bohemia,121947,37,28,7,3,11,70.5,8541,2.51,2.97,131,3496,3839
5066,1,13,POPLATEK TYDNE,857,225,7264.633333333333,11943.36569566373,49385.12488888889,400.0,49406.1,45.0,1.0,0.0,5.0,9207.8,Rakovnik,central Bohemia,53921,61,22,1,1,2,41.3,8598,2.77,3.26,123,1597,1875
2236,0,73,POPLATEK MESICNE,857,112,7599.714285714285,10953.982915058692,23099.530357142856,-3323.7,10912.0,22.4,1.0,0.0,1.0,3873.7,Opava,north Moravia,182027,17,49,12,2,7,56.4,8746,3.33,3.74,90,4355,4433
3995,0,12,POPLATEK MESICNE,857,202,2901.1881188118814,3811.0417609674964,26445.70792079208,200.0,40193.9,40.4,0.0,0.0,3.0,4999.0,Pribram,central Bohemia,107870,84,29,6,1,6,58.0,8754,3.83,4.31,137,3804,3868
894,0,46,POPLATEK MESICNE,857,135,2721.653333333333,2853.845877470998,17311.841481481482,800.0,11678.4,27.0,0.0,0.0,1.0,2914.0,Nachod,east Bohemia,112709,48,20,7,3,10,73.5,8369,1.79,2.31,117,2854,2618
418,0,36,POPLATEK MESICNE,857,154,8043.570779220779,8713.406556039945,46748.68311688312,700.0,52775.5,30.8,0.0,0.0,1.0,9316.0,Liberec,north Bohemia,159617,29,19,8,1,9,85.2,9198,3.33,4.28,131,5796,6132
3254,0,36,POPLATEK MESICNE,857,153,3339.864705882353,3285.125508266301,27674.01176470588,800.0,22201.1,30.6,0.0,0.0,1.0,5119.0,Liberec,north Bohemia,159617,29,19,8,1,9,85.2,9198,3.33,4.28,131,5796,6132
32,0,5,POPLATEK MESICNE,856,123,7883.916260162601,8226.95103285212,52175.54552845528,700.0,62620.7,24.6,0.0,0.0,0.0,0.0,Kolin,central Bohemia,95616,65,30,4,1,6,51.4,9307,3.85,4.43,118,2616,3040
213,0,73,POPLATEK MESICNE,855,161,8958.885714285714,10384.114659985806,54000.70559006211,1000.0,51294.3,32.2,0.0,0.0,1.0,5625.0,Opava,north Moravia,182027,17,49,12,2,7,56.4,8746,3.33,3.74,90,4355,4433
2833,0,64,POPLATEK MESICNE,854,121,1989.8561983471075,1887.2573202000726,18522.632231404958,400.0,13306.1,24.2,0.0,0.0,1.0,2970.0,Zlin,south Moravia,197099,29,41,10,2,10,74.7,9624,1.60,2.31,145,4484,4265
3553,0,70,POPLATEK MESICNE,854,124,7469.825000000001,7844.154218193368,33074.18951612903,1000.0,25157.1,24.8,0.0,0.0,0.0,0.0,Karvina,north Moravia,285387,0,2,8,5,7,89.9,10177,6.63,7.75,81,9878,10108
9052,1,43,POPLATEK PO OBRATU,854,219,11398.628767123288,14557.312998420592,51853.62009132421,-8245.1,38560.7,43.8,1.0,0.0,1.0,2999.3,Hradec Kralove,east Bohemia,161854,73,21,6,1,6,76.3,9425,1.72,2.50,125,4085,3891
3139,0,12,POPLATEK MESICNE,854,35,8087.005714285715,11626.14212041484,22916.808571428573,200.0,11045.4,7.0,0.0,0.0,0.0,0.0,Pribram,central Bohemia,107870,84,29,6,1,6,58.0,8754,3.83,4.31,137,3804,3868
1562,0,1,POPLATEK MESICNE,854,120,1221.9266666666667,1187.482822926335,18471.549166666668,600.0,20746.2,24.0,0.0,0.0,1.0,1933.0,Hl.m. Praha,Prague,1204953,0,0,0,1,1,100.0,12541,0.29,0.43,167,85677,99107
1961,0,13,POPLATEK MESICNE,854,139,2128.759712230216,2151.1215955403163,21370.908633093524,800.0,33013.3,27.8,0.0,0.0,1.0,2293.0,Rakovnik,central Bohemia,53921,61,22,1,1,2,41.3,8598,2.77,3.26,123,1597,1875
353,0,24,POPLATEK MESICNE,854,150,2236.3766666666666,2649.1361906920624,38111.91266666667,1000.0,47907.7,30.0,0.0,0.0,2.0,3566.0,Karlovy Vary,west Bohemia,122603,25,21,6,2,8,80.0,8991,1.39,2.01,128,5198,5273
1640,0,13,POPLATEK MESICNE,852,155,7738.456129032258,8673.563566011793,44628.912903225806,700.0,47935.6,31.0,0.0,0.0,1.0,4783.0,Rakovnik,central Bohemia,53921,61,22,1,1,2,41.3,8598,2.77,3.26,123,1597,1875
6872,0,15,POPLATEK MESICNE,851,151,8895.39536423841,9057.974474213961,44311.06158940397,-1423.6,11884.9,30.2,0.0,0.0,0.0,0.0,Cesky Krumlov,south Bohemia,58796,22,16,7,1,5,51.9,9045,3.13,3.60,124,1845,1879
532,0,26,POPLATEK MESICNE,851,112,13964.497321428571,15726.630114883263,59888.88035714285,900.0,99332.9,22.4,0.0,0.0,0.0,0.0,Plzen - mesto,west Bohemia,170449,0,0,0,1,1,100.0,10787,2.64,3.09,131,6041,6261
674,1,49,POPLATEK MESICNE,851,130,1841.3353846153846,1926.9174279771562,25593.854615384615,300.0,28428.6,26.0,0.0,0.0,1.0,2058.0,Semily,east Bohemia,75685,31,28,5,1,9,60.8,8208,1.89,2.26,155,1660,2123
10365,0,22,POPLATEK MESICNE,851,197,7249.457868020304,10151.300739510234,35697.99898477157,-1608.3,29561.9,39.4,1.0,0.0,5.0,20064.0,Domazlice,west Bohemia,58400,65,16,4,1,6,52.4,8620,1.10,1.25,100,1089,1117
430,0,54,POPLATEK MESICNE,851,52,1379.4576923076925,2187.8766180527687,35189.56153846154,900.0,46131.4,10.4,0.0,0.0,0.0,0.0,Brno - mesto,south Moravia,387570,0,0,0,1,1,100.0,9897,1.60,1.96,140,18721,18696
429,0,63,POPLATEK MESICNE,850,161,6756.2546583850935,7670.85994771732,39353.65590062112,700.0,46715.1,32.2,0.0,1.0,1.0,5286.0,Vyskov,south Moravia,86513,38,36,5,1,5,50.5,8288,3.79,4.52,110,1562,1460
3269,0,37,POPLATEK MESICNE,850,130,10748.206923076923,14505.396826710374,58548.79923076923,600.0,46588.6,26.0,0.0,0.0,1.0,1951.3,Litomerice,north Bohemia,114006,71,26,6,2,9,62.3,9065,4.46,5.39,123,4147,4166
1810,0,50,POPLATEK MESICNE,850,158,6655.571518987342,7332.687343574006,37700.38607594937,800.0,46679.5,31.6,0.0,0.0,1.0,5925.0,Svitavy,east Bohemia,102609,75,33,2,3,6,52.0,8187,4.83,5.45,94,2123,2134
665,0,8,POPLATEK MESICNE,850,160,3553.69625,4208.513411610936,45433.63125,1100.0,66138.4,32.0,0.0,0.0,1.0,4149.0,Mlada Boleslav,central Bohemia,112065,95,19,7,1,8,69.4,11277,1.25,1.44,127,5179,4987
3855,0,33,POPLATEK MESICNE,849,207,6348.010628019323,8495.353537268915,46165.44541062802,300.0,40033.1,41.4,0.0,0.0,3.0,7323.0,Decin,north Bohemia,133777,24,17,7,3,11,84.7,8705,5.75,7.61,116,4650,4859
3866,1,60,POPLATEK MESICNE,848,48,5854.379166666667,10106.16851159049,28362.78958333333,700.0,15010.3,9.6,0.0,0.0,0.0,0.0,Prostejov,south Moravia,110643,49,41,4,1,4,51.9,8441,3.45,4.48,115,1879,2252
3914,0,33,POPLATEK MESICNE,848,156,8233.620512820513,9498.91187800098,52876.64230769231,200.0,63799.6,31.2,0.0,0.0,1.0,6118.0,Decin,north Bohemia,133777,24,17,7,3,11,84.7,8705,5.75,7.61,116,4650,4859
3807,0,53,POPLATEK MESICNE,848,155,7386.4619354838715,8485.262281739164,53364.34774193549,1000.0,66232.7,31.0,0.0,0.0,1.0,4828.0,Blansko,south Moravia,107911,88,33,6,2,7,50.9,8240,2.53,3.56,99,1850,1903
3925,1,1,POPLATEK MESICNE,848,236,12894.413559322034,14692.174337296623,63802.55508474576,400.0,36539.3,47.2,0.0,0.0,2.0,6503.0,Hl.m. Praha,Prague,1204953,0,0,0,1,1,100.0,12541,0.29,0.43,167,85677,99107
219,0,28,POPLATEK MESICNE,847,170,5941.068235294118,7330.15888060027,52578.45764705883,500.0,58340.4,34.0,0.0,1.0,2.0,5324.0,Plzen - sever,west Bohemia,72541,66,26,10,0,8,36.9,8594,1.62,2.01,112,1580,1525
3552,0,62,POPLATEK MESICNE,847,205,3712.060975609756,4688.627331445261,48134.34975609756,300.0,68047.5,41.0,0.0,0.0,3.0,7648.0,Uherske Hradiste,south Moravia,145688,22,41,13,2,5,40.7,8544,1.29,1.86,109,2719,2906
7957,0,51,POPLATEK MESICNE,846,241,11364.5,13634.527770113635,53536.21742738589,500.0,45277.2,48.2,1.0,0.0,3.0,15794.0,Trutnov,east Bohemia,121947,37,28,7,3,11,70.5,8541,2.51,2.97,131,3496,3839
1149,0,18,POPLATEK MESICNE,846,57,3203.6263157894737,5844.589555506086,34356.91754385965,200.0,38007.0,11.4,0.0,0.0,0.0,0.0,Pisek,south Bohemia,70699,60,13,2,1,4,65.3,8968,2.83,3.35,131,1740,1910
1423,0,76,POPLATEK MESICNE,845,154,2175.8350649350646,2272.820121143804,19067.93831168831,900.0,13630.8,30.8,0.0,0.0,2.0,3607.0,Sumperk,north Moravia,127369,31,32,13,2,7,51.2,8369,4.73,5.88,107,3736,2807
2853,0,54,POPLATEK MESICNE,845,144,1767.9756944444443,1808.5263173241522,39446.46597222222,600.0,72750.3,28.8,0.0,0.0,1.0,2472.0,Brno - mesto,south Moravia,387570,0,0,0,1,1,100.0,9897,1.60,1.96,140,18721,18696
803,1,19,POPLATEK MESICNE,844,145,11642.870344827586,13870.167921073173,46712.10896551724,-2418.3,75649.5,29.0,0.0,0.0,0.0,0.0,Prachatice,south Bohemia,51428,50,11,3,1,4,52.7,8402,3.13,3.98,120,999,1099
2456,0,65,POPLATEK MESICNE,844,180,8945.509444444444,9996.438437767618,38835.46722222222,600.0,39208.6,36.0,1.0,0.0,2.0,13741.3,Znojmo,south Moravia,114200,101,41,4,1,4,43.7,8403,5.74,5.72,105,2157,2718
619,1,1,POPLATEK TYDNE,844,194,9652.497422680412,13066.234814756148,47141.35154639175,1100.0,38768.3,38.8,0.0,0.0,2.0,8267.0,Hl.m. Praha,Prague,1204953,0,0,0,1,1,100.0,12541,0.29,0.43,167,85677,99107
301,0,60,POPLATEK MESICNE,843,114,1245.4201754385965,1213.452733521996,16136.624561403509,300.0,19626.1,22.8,0.0,0.0,1.0,1950.0,Prostejov,south Moravia,110643,49,41,4,1,4,51.9,8441,3.45,4.48,115,1879,2252
372,0,55,POPLATEK MESICNE,843,175,7798.745142857142,9170.100190929545,35642.218857142856,400.0,24400.0,35.0,0.0,0.0,2.0,9933.0,Brno - venkov,south Moravia,157042,49,70,18,0,9,33.9,8743,1.88,2.43,111,3659,3894
3492,0,33,POPLATEK MESICNE,843,173,7170.426011560693,8419.929099116276,43305.273410404625,600.0,44453.9,34.6,0.0,0.0,2.0,9447.0,Decin,north Bohemia,133777,24,17,7,3,11,84.7,8705,5.75,7.61,116,4650,4859
6463,0,16,POPLATEK MESICNE,842,141,8773.117021276596,10788.5240519661,29993.73191489362,-12016.9,44429.4,28.2,0.0,0.0,0.0,0.0,Jindrichuv Hradec,south Bohemia,93931,74,21,10,1,8,56.9,8427,1.12,1.54,107,1874,1913
3628,0,70,POPLATEK MESICNE,841,189,4586.534391534392,6289.798348595267,54213.41746031746,400.0,56939.8,37.8,0.0,0.0,3.0,3323.0,Karvina,north Moravia,285387,0,2,8,5,7,89.9,10177,6.63,7.75,81,9878,10108
2358,0,7,POPLATEK MESICNE,840,138,4117.99347826087,4018.978647375394,30324.0884057971,300.0,18761.9,27.6,0.0,0.0,1.0,6114.0,Melnik,central Bohemia,94725,38,28,1,3,6,63.4,9920,2.26,2.87,130,4289,4846
1613,0,1,POPLATEK MESICNE,840,116,2769.6586206896554,2712.007703434903,16081.391379310344,600.0,26215.2,23.2,0.0,0.0,1.0,3628.0,Hl.m. Praha,Prague,1204953,0,0,0,1,1,100.0,12541,0.29,0.43,167,85677,99107
2866,0,43,POPLATEK MESICNE,840,151,6647.627814569537,7276.087702789724,39769.19536423841,900.0,56768.8,30.2,0.0,0.0,1.0,5711.0,Hradec Kralove,east Bohemia,161854,73,21,6,1,6,76.3,9425,1.72,2.50,125,4085,3891
3010,0,46,POPLATEK MESICNE,840,69,2798.255072463768,6209.839215322544,41288.302898550726,800.0,43504.0,13.8,0.0,0.0,0.0,0.0,Nachod,east Bohemia,112709,48,20,7,3,10,73.5,8369,1.79,2.31,117,2854,2618
3368,0,24,POPLATEK MESICNE,839,196,4523.769897959184,5987.758810804864,46372.36275510204,200.0,64499.4,39.2,0.0,0.0,3.0,7908.0,Karlovy Vary,west Bohemia,122603,25,21,6,2,8,80.0,8991,1.39,2.01,128,5198,5273
5125,1,1,POPLATEK MESICNE,839,162,11971.166666666666,13913.78247252684,42331.64938271605,-1138.8,46502.8,32.4,0.0,0.0,0.0,0.0,Hl.m. Praha,Prague,1204953,0,0,0,1,1,100.0,12541,0.29,0.43,167,85677,99107
994,0,72,POPLATEK MESICNE,838,165,3328.6969696969695,7519.8877310916305,37552.250303030305,700.0,50975.8,33.0,0.0,0.0,0.0,0.0,Olomouc,north Moravia,226122,32,50,7,4,4,62.6,8994,3.80,4.79,110,9672,9208
1674,0,1,POPLATEK MESICNE,838,149,2874.411409395973,2891.4012289594816,32181.575167785235,800.0,45391.8,29.8,0.0,0.0,1.0,3804.0,Hl.m. Praha,Prague,1204953,0,0,0,1,1,100.0,12541,0.29,0.43,167,85677,99107
3234,1,1,POPLATEK MESICNE,837,138,1870.1869565217391,1861.6796761572457,23396.41739130435,900.0,16852.5,27.6,0.0,0.0,1.0,2659.0,Hl.m. Praha,Prague,1204953,0,0,0,1,1,100.0,12541,0.29,0.43,167,85677,99107
1452,0,45,POPLATEK MESICNE,837,127,8839.672440944882,10102.19112566539,54119.60866141732,500.0,72366.5,25.4,0.0,1.0,0.0,0.0,Jicin,east Bohemia,77917,85,19,6,1,5,53.5,8390,2.28,2.89,132,2080,2122
9377,0,1,POPLATEK MESICNE,836,237,8624.903797468354,11653.171666776685,63387.47130801687,400.0,87918.9,47.4,1.0,0.0,3.0,10905.0,Hl.m. Praha,Prague,1204953,0,0,0,1,1,100.0,12541,0.29,0.43,167,85677,99107
3758,0,38,POPLATEK MESICNE,834,145,3000.7413793103447,3240.7131058865352,35036.822758620685,800.0,52821.9,29.0,0.0,0.0,1.0,4009.0,Louny,north Bohemia,85852,41,23,4,2,4,59.8,8965,7.08,8.23,104,2653,2822
1376,0,64,POPLATEK MESICNE,833,111,1875.2081081081083,1779.9781638668355,21436.607207207206,700.0,18490.5,22.2,0.0,0.0,1.0,2731.0,Zlin,south Moravia,197099,29,41,10,2,10,74.7,9624,1.60,2.31,145,4484,4265
3770,0,23,POPLATEK MESICNE,833,148,7162.941891891891,8097.3581859748965,47323.102027027024,200.0,59763.7,29.6,0.0,0.0,1.0,9060.0,Cheb,west Bohemia,87419,21,11,4,3,9,85.5,8624,1.79,2.66,102,2879,3198
11271,0,5,POPLATEK MESICNE,833,204,3516.371078431372,4224.553139081454,24869.397549019606,200.0,21573.7,40.8,1.0,0.0,4.0,10558.3,Kolin,central Bohemia,95616,65,30,4,1,6,51.4,9307,3.85,4.43,118,2616,3040
2353,0,51,POPLATEK MESICNE,832,164,5345.1298780487805,6275.829104135688,45767.69512195122,200.0,66544.1,32.8,0.0,0.0,2.0,9700.0,Trutnov,east Bohemia,121947,37,28,7,3,11,70.5,8541,2.51,2.97,131,3496,3839
1335,0,54,POPLATEK MESICNE,832,161,5320.995031055901,6370.195061424741,39550.7900621118,200.0,44950.5,32.2,0.0,0.0,2.0,6411.0,Brno - mesto,south Moravia,387570,0,0,0,1,1,100.0,9897,1.60,1.96,140,18721,18696
2119,0,74,POPLATEK MESICNE,832,143,3757.6636363636367,3691.305200357931,25159.030069930068,500.0,27226.3,28.6,0.0,0.0,1.0,5688.0,Ostrava - mesto,north Moravia,323870,0,0,0,1,1,100.0,10673,4.75,5.44,100,18782,18347
8,0,57,POPLATEK MESICNE,832,169,6973.847337278106,8003.421558368655,47321.74023668639,900.0,49403.2,33.8,0.0,0.0,2.0,9324.0,Hodonin,south Moravia,161954,21,37,20,3,8,48.0,8720,3.73,4.50,116,3729,3651
1704,0,70,POPLATEK MESICNE,831,137,2625.5051094890514,2609.6358022698123,19643.925547445255,300.0,18567.1,27.4,0.0,0.0,1.0,3285.0,Karvina,north Moravia,285387,0,2,8,5,7,89.9,10177,6.63,7.75,81,9878,10108
1660,0,1,POPLATEK MESICNE,831,129,10877.97519379845,13893.108311700082,45322.313953488374,600.0,55354.5,25.8,0.0,0.0,1.0,2372.6,Hl.m. Praha,Prague,1204953,0,0,0,1,1,100.0,12541,0.29,0.43,167,85677,99107
5429,1,71,POPLATEK MESICNE,831,120,4642.1033333333335,4966.646398244884,12954.641666666666,-10248.9,-10248.9,24.0,0.0,0.0,0.0,0.0,Novy Jicin,north Moravia,161227,5,35,11,4,10,69.7,8678,5.93,5.57,102,4980,4595
3440,0,22,POPLATEK MESICNE,831,207,4841.114009661836,6597.483616813547,35194.370531400964,500.0,40377.1,41.4,0.0,0.0,4.0,9714.0,Domazlice,west Bohemia,58400,65,16,4,1,6,52.4,8620,1.10,1.25,100,1089,1117
2148,0,1,POPLATEK MESICNE,831,152,1412.5986842105262,1701.812550435402,15629.392763157895,300.0,14477.8,30.4,0.0,0.0,2.0,2370.0,Hl.m. Praha,Prague,1204953,0,0,0,1,1,100.0,12541,0.29,0.43,167,85677,99107
676,0,39,POPLATEK MESICNE,831,144,2316.3229166666665,2202.1054139678226,24797.540277777778,500.0,24736.9,28.8,0.0,0.0,1.0,3017.0,Most,north Bohemia,119895,17,4,3,2,4,89.9,10446,7.34,9.40,90,4947,4743
2731,0,1,POPLATEK MESICNE,827,144,9131.555555555555,10328.55242474657,50414.15763888889,300.0,44063.0,28.8,0.0,0.0,1.0,5044.0,Hl.m. Praha,Prague,1204953,0,0,0,1,1,100.0,12541,0.29,0.43,167,85677,99107
80,0,43,POPLATEK MESICNE,826,117,1401.1717948717949,1423.7525633076834,17881.088888888888,900.0,23751.9,23.4,0.0,0.0,1.0,2252.0,Hradec Kralove,east Bohemia,161854,73,21,6,1,6,76.3,9425,1.72,2.50,125,4085,3891
3417,0,48,POPLATEK MESICNE,825,162,2431.2364197530865,5648.019841944676,25546.102469135803,1100.0,14844.8,32.4,0.0,0.0,0.0,0.0,Rychnov nad Kneznou,east Bohemia,78955,50,24,8,1,9,59.0,9060,1.78,2.44,124,1655,1717
169,0,4,POPLATEK MESICNE,825,141,5133.768085106383,5370.8434404173595,49912.89361702128,500.0,56904.2,28.2,0.0,0.0,2.0,5671.0,Kladno,central Bohemia,149893,63,29,6,2,6,67.4,9753,4.64,5.05,109,5244,5892
4047,0,45,POPLATEK TYDNE,824,165,12127.853333333334,13744.25386378832,58206.273939393934,200.0,32505.6,33.0,0.0,0.0,1.0,2988.0,Jicin,east Bohemia,77917,85,19,6,1,5,53.5,8390,2.28,2.89,132,2080,2122
7487,0,4,POPLATEK MESICNE,822,152,11148.67697368421,14204.914294066832,40023.81447368421,-2063.2,30032.4,30.4,0.0,0.0,3.0,14400.9,Kladno,central Bohemia,149893,63,29,6,2,6,67.4,9753,4.64,5.05,109,5244,5892
992,0,22,POPLATEK MESICNE,822,206,3074.590291262136,4047.752107191242,24150.38349514563,700.0,18171.8,41.2,0.0,1.0,4.0,7087.0,Domazlice,west Bohemia,58400,65,16,4,1,6,52.4,8620,1.10,1.25,100,1089,1117
331,0,65,POPLATEK MESICNE,821,136,2551.5573529411763,2565.977641299557,21698.280147058824,1100.0,20748.2,27.2,0.0,0.0,1.0,3528.0,Znojmo,south Moravia,114200,101,41,4,1,4,43.7,8403,5.74,5.72,105,2157,2718
2835,0,73,POPLATEK MESICNE,820,135,2232.645925925926,5701.454690268836,30048.341481481482,200.0,23221.1,27.0,0.0,0.0,0.0,0.0,Opava,north Moravia,182027,17,49,12,2,7,56.4,8746,3.33,3.74,90,4355,4433
3677,0,1,POPLATEK MESICNE,819,125,1392.44,1416.62831797558,14127.7272,400.0,14645.9,25.0,0.0,0.0,1.0,2283.0,Hl.m. Praha,Prague,1204953,0,0,0,1,1,100.0,12541,0.29,0.43,167,85677,99107
2565,0,74,POPLATEK MESICNE,819,129,2351.8705426356587,4659.540387363246,20945.08527131783,400.0,17934.3,25.8,0.0,0.0,0.0,0.0,Ostrava - mesto,north Moravia,323870,0,0,0,1,1,100.0,10673,4.75,5.44,100,18782,18347
4190,1,62,POPLATEK MESICNE,819,212,3590.6466981132075,4146.703473369587,35447.385849056605,700.0,35641.8,42.4,1.0,1.0,4.0,12006.0,Uherske Hradiste,south Moravia,145688,22,41,13,2,5,40.7,8544,1.29,1.86,109,2719,2906
3317,0,4,POPLATEK MESICNE,819,123,1345.7756097560975,1420.2288477762932,17715.341463414636,600.0,14697.1,24.6,0.0,0.0,1.0,2166.0,Kladno,central Bohemia,149893,63,29,6,2,6,67.4,9753,4.64,5.05,109,5244,5892
1690,0,16,POPLATEK MESICNE,816,141,2494.39219858156,2634.0841751945077,24275.970212765955,6736.0,17971.3,28.2,0.0,1.0,1.0,3311.0,Jindrichuv Hradec,south Bohemia,93931,74,21,10,1,8,56.9,8427,1.12,1.54,107,1874,1913
1448,0,1,POPLATEK MESICNE,816,41,1698.0073170731707,2199.4718689256115,16512.40243902439,1100.0,19218.3,8.2,0.0,0.0,1.0,7156.0,Hl.m. Praha,Prague,1204953,0,0,0,1,1,100.0,12541,0.29,0.43,167,85677,99107
521,0,9,POPLATEK MESICNE,815,225,15265.452000000001,15210.246019463208,71431.90444444444,800.0,71087.1,45.0,0.0,0.0,1.0,4234.0,Nymburk,central Bohemia,81344,61,23,4,2,6,55.3,8899,3.39,3.97,149,2987,2487
3132,0,56,POPLATEK MESICNE,815,189,2203.258201058201,2707.382823420445,20746.998412698413,400.0,14646.4,37.8,0.0,0.0,3.0,4388.0,Breclav,south Moravia,124605,11,42,14,1,8,46.0,8772,4.69,4.98,126,2854,3158
3944,0,22,POPLATEK MESICNE,815,168,5945.317857142857,7251.163522017174,44649.26964285714,800.0,42738.2,33.6,0.0,1.0,2.0,4503.0,Domazlice,west Bohemia,58400,65,16,4,1,6,52.4,8620,1.10,1.25,100,1089,1117
1427,0,17,POPLATEK MESICNE,815,140,4916.231428571428,5407.727473206537,41187.69142857143,1000.0,49005.8,28.0,0.0,0.0,1.0,6046.0,Pelhrimov,south Bohemia,74062,99,15,4,2,7,61.4,8114,2.38,2.62,119,1003,1181
1742,1,68,POPLATEK MESICNE,815,144,9138.369444444445,10975.721751467336,50808.788888888885,800.0,40054.7,28.8,0.0,0.0,1.0,3827.0,Frydek - Mistek,north Moravia,228848,15,40,18,2,6,57.2,9893,4.09,4.72,96,5623,5887
6400,0,31,POPLATEK PO OBRATU,814,171,6862.294152046784,9496.027747442658,34400.97777777778,-2334.3,48658.5,34.2,1.0,0.0,4.0,17875.7,Tachov,west Bohemia,51313,34,12,3,1,4,59.2,8930,3.52,4.20,108,1328,1452
3486,0,64,POPLATEK MESICNE,814,122,1655.1713114754098,1678.251000025777,27057.804918032787,1000.0,35695.3,24.4,0.0,0.0,1.0,2084.0,Zlin,south Moravia,197099,29,41,10,2,10,74.7,9624,1.60,2.31,145,4484,4265
4473,0,45,POPLATEK MESICNE,814,189,7152.76507936508,9311.552971720508,55500.288888888885,800.0,55210.2,37.8,1.0,1.0,3.0,10619.0,Jicin,east Bohemia,77917,85,19,6,1,5,53.5,8390,2.28,2.89,132,2080,2122
2965,0,6,POPLATEK MESICNE,813,118,2372.85,2285.640293717487,22721.198305084745,900.0,18016.3,23.6,0.0,0.0,1.0,2648.0,Kutna Hora,central Bohemia,77963,60,23,4,2,4,51.5,8546,2.95,4.02,126,2640,3120
2301,0,22,POPLATEK MESICNE,813,144,7920.497222222223,9167.070194645543,51204.98263888889,200.0,45575.8,28.8,0.0,0.0,1.0,6907.0,Domazlice,west Bohemia,58400,65,16,4,1,6,52.4,8620,1.10,1.25,100,1089,1117
2674,1,50,POPLATEK MESICNE,813,137,2721.284671532847,6316.805786549392,31423.905109489053,1000.0,26129.7,27.4,0.0,0.0,0.0,0.0,Svitavy,east Bohemia,102609,75,33,2,3,6,52.0,8187,4.83,5.45,94,2123,2134
11,0,76,POPLATEK MESICNE,813,119,1316.9596638655464,1413.6245411862212,26860.584033613446,300.0,37869.1,23.8,0.0,0.0,1.0,2132.0,Sumperk,north Moravia,127369,31,32,13,2,7,51.2,8369,4.73,5.88,107,3736,2807
8533,0,47,POPLATEK MESICNE,813,211,12022.129857819904,14416.046968695264,70714.13554502369,600.0,44730.8,42.2,1.0,0.0,1.0,3626.0,Pardubice,east Bohemia,162580,83,26,5,1,6,72.8,9538,1.51,1.81,111,6079,5410
1089,0,74,POPLATEK MESICNE,813,171,4364.1578947368425,5369.658914754731,30422.188304093568,500.0,30563.1,34.2,0.0,1.0,2.0,3718.0,Ostrava - mesto,north Moravia,323870,0,0,0,1,1,100.0,10673,4.75,5.44,100,18782,18347
5063,1,43,POPLATEK MESICNE,812,128,6696.81015625,9431.191247657745,28792.2296875,-2142.4,19874.9,25.6,0.0,0.0,0.0,0.0,Hradec Kralove,east Bohemia,161854,73,21,6,1,6,76.3,9425,1.72,2.50,125,4085,3891
1257,0,66,POPLATEK MESICNE,812,143,7249.651748251748,8272.418575032498,37095.91118881119,500.0,36818.1,28.6,0.0,0.0,1.0,4387.0,Zdar nad Sazavou,south Moravia,125832,151,41,2,3,5,48.3,8512,3.51,4.12,102,2247,2103
990,0,17,POPLATEK MESICNE,812,146,7351.565753424658,7952.2608857541245,56161.68082191781,700.0,66109.1,29.2,0.0,0.0,1.0,7538.0,Pelhrimov,south Bohemia,74062,99,15,4,2,7,61.4,8114,2.38,2.62,119,1003,1181
1581,0,39,POPLATEK MESICNE,811,146,3669.421917808219,3673.493760638139,46805.364383561646,900.0,67751.7,29.2,0.0,0.0,1.0,5758.0,Most,north Bohemia,119895,17,4,3,2,4,89.9,10446,7.34,9.40,90,4947,4743
2424,0,1,POPLATEK MESICNE,810,198,16695.13888888889,14910.874562085435,72649.0505050505,300.0,69047.4,39.6,0.0,0.0,1.0,14138.0,Hl.m. Praha,Prague,1204953,0,0,0,1,1,100.0,12541,0.29,0.43,167,85677,99107
917,0,56,POPLATEK MESICNE,810,144,3103.9437500000004,3048.1047198968026,33177.986805555556,300.0,45740.2,28.8,0.0,0.0,1.0,4669.0,Breclav,south Moravia,124605,11,42,14,1,8,46.0,8772,4.69,4.98,126,2854,3158
2255,0,52,POPLATEK MESICNE,809,109,1337.6422018348624,1364.535595351141,15653.785321100919,1100.0,21872.6,21.8,0.0,0.0,1.0,2084.0,Usti nad Orlici,east Bohemia,139012,59,41,8,3,10,61.9,8363,2.52,3.49,108,2564,2799
11362,0,67,POPLATEK MESICNE,809,227,4016.3823788546256,5783.982268325828,28454.630396475768,1000.0,27862.8,45.4,1.0,0.0,5.0,10687.0,Bruntal,north Moravia,106054,38,25,6,2,6,63.1,8110,5.77,6.55,109,3244,3079
1796,0,18,POPLATEK MESICNE,809,170,6401.011764705882,8258.376963146144,50665.35176470588,400.0,64141.3,34.0,0.0,0.0,2.0,3037.0,Pisek,south Bohemia,70699,60,13,2,1,4,65.3,8968,2.83,3.35,131,1740,1910
2834,0,70,POPLATEK MESICNE,809,203,5108.264039408867,7255.244436018244,53606.200492610835,1000.0,71601.7,40.6,0.0,0.0,4.0,7579.0,Karvina,north Moravia,285387,0,2,8,5,7,89.9,10177,6.63,7.75,81,9878,10108
8114,0,59,POPLATEK MESICNE,809,178,5849.091011235955,7452.805841242837,38071.77528089887,600.0,36262.2,35.6,1.0,0.0,3.0,8107.0,Kromeriz,south Moravia,108871,41,29,7,2,6,62.1,8444,3.24,3.47,106,2595,2305
260,0,24,POPLATEK MESICNE,809,140,3614.3764285714287,3689.575327020299,34652.25714285715,600.0,47476.9,28.0,0.0,0.0,1.0,5247.0,Karlovy Vary,west Bohemia,122603,25,21,6,2,8,80.0,8991,1.39,2.01,128,5198,5273
1749,0,64,POPLATEK MESICNE,809,147,17350.698639455783,19520.750482148465,61392.19795918367,1000.0,70046.7,29.4,0.0,0.0,2.0,14238.8,Zlin,south Moravia,197099,29,41,10,2,10,74.7,9624,1.60,2.31,145,4484,4265
4650,0,4,POPLATEK MESICNE,808,176,3027.9522727272724,2875.31398953137,18900.198295454546,200.0,20872.0,35.2,1.0,0.0,3.0,10082.0,Kladno,central Bohemia,149893,63,29,6,2,6,67.4,9753,4.64,5.05,109,5244,5892
336,0,62,POPLATEK MESICNE,807,144,7106.732638888889,7991.265267470547,31826.98611111111,500.0,38579.2,28.8,0.0,0.0,1.0,4067.0,Uherske Hradiste,south Moravia,145688,22,41,13,2,5,40.7,8544,1.29,1.86,109,2719,2906
308,0,61,POPLATEK MESICNE,807,27,2670.3703703703704,2669.170832763039,22288.88888888889,400.0,23300.0,5.4,0.0,0.0,1.0,1284.0,Trebic,south Moravia,117897,139,28,5,1,6,53.8,8814,4.76,5.74,107,2112,2059
319,0,47,POPLATEK TYDNE,806,226,6295.043805309734,9951.306158203291,53599.38628318584,700.0,66186.0,45.2,1.0,0.0,4.0,9818.5,Pardubice,east Bohemia,162580,83,26,5,1,6,72.8,9538,1.51,1.81,111,6079,5410
762,0,76,POPLATEK MESICNE,805,121,2448.0272727272727,2367.3972673944418,17540.0,900.0,20273.5,24.2,0.0,0.0,1.0,3895.0,Sumperk,north Moravia,127369,31,32,13,2,7,51.2,8369,4.73,5.88,107,3736,2807
1142,0,74,POPLATEK MESICNE,804,137,1467.4233576642337,1459.9814657497402,18112.30291970803,600.0,23935.1,27.4,0.0,0.0,1.0,2077.0,Ostrava - mesto,north Moravia,323870,0,0,0,1,1,100.0,10673,4.75,5.44,100,18782,18347
3200,0,17,POPLATEK PO OBRATU,803,86,7061.210465116279,10607.734348683613,40869.509302325576,1100.0,87454.4,17.2,0.0,0.0,0.0,0.0,Pelhrimov,south Bohemia,74062,99,15,4,2,7,61.4,8114,2.38,2.62,119,1003,1181
3646,0,63,POPLATEK TYDNE,803,224,12775.170089285715,15515.754334604288,68960.73482142857,1100.0,85470.2,44.8,0.0,0.0,2.0,6037.0,Vyskov,south Moravia,86513,38,36,5,1,5,50.5,8288,3.79,4.52,110,1562,1460
1206,0,70,POPLATEK MESICNE,802,117,2325.6700854700857,2158.132924953841,18486.258974358974,900.0,13099.4,23.4,0.0,0.0,1.0,3279.0,Karvina,north Moravia,285387,0,2,8,5,7,89.9,10177,6.63,7.75,81,9878,10108
501,0,13,POPLATEK MESICNE,802,133,6565.830827067669,9198.956568844202,44653.62781954887,900.0,65872.8,26.6,1.0,0.0,1.0,4382.7,Rakovnik,central Bohemia,53921,61,22,1,1,2,41.3,8598,2.77,3.26,123,1597,1875
2235,0,45,POPLATEK MESICNE,801,127,4191.052755905512,4297.15068818358,22773.910236220472,800.0,19915.8,25.4,0.0,1.0,1.0,3730.0,Jicin,east Bohemia,77917,85,19,6,1,5,53.5,8390,2.28,2.89,132,2080,2122
2487,0,42,POPLATEK MESICNE,801,204,1528.4127450980393,1995.0422589285301,24042.8,900.0,31528.2,40.8,0.0,0.0,5.0,4717.0,Havlickuv Brod,east Bohemia,95907,87,25,5,2,7,59.1,8388,2.41,2.94,87,1658,1668
10762,0,1,POPLATEK MESICNE,800,165,6483.7115151515145,7804.3730619473545,38852.634545454544,700.0,25754.6,33.0,1.0,0.0,2.0,7347.0,Hl.m. Praha,Prague,1204953,0,0,0,1,1,100.0,12541,0.29,0.43,167,85677,99107
3131,0,21,POPLATEK MESICNE,800,142,8259.228873239437,8775.244356627463,35841.34436619718,300.0,48022.5,28.4,0.0,0.0,1.0,9131.0,Tabor,south Bohemia,103347,87,16,7,1,7,67.0,9104,1.51,2.07,123,2299,2354
10520,1,55,POPLATEK PO OBRATU,799,139,14019.378417266187,16406.186108836868,64456.78992805756,200.0,61999.9,27.8,1.0,0.0,1.0,6959.8,Brno - venkov,south Moravia,157042,49,70,18,0,9,33.9,8743,1.88,2.43,111,3659,3894
2515,1,64,POPLATEK MESICNE,799,67,10235.446268656717,14345.49348788701,55662.655223880596,800.0,58770.8,13.4,0.0,0.0,0.0,0.0,Zlin,south Moravia,197099,29,41,10,2,10,74.7,9624,1.60,2.31,145,4484,4265
2727,0,1,POPLATEK MESICNE,798,122,6446.38606557377,6809.797261618708,36881.251639344264,300.0,42311.0,24.4,0.0,0.0,0.0,0.0,Hl.m. Praha,Prague,1204953,0,0,0,1,1,100.0,12541,0.29,0.43,167,85677,99107
1756,0,38,POPLATEK MESICNE,797,138,7394.18768115942,8038.964091737275,50147.06739130434,900.0,49475.9,27.6,0.0,0.0,1.0,6307.0,Louny,north Bohemia,85852,41,23,4,2,4,59.8,8965,7.08,8.23,104,2653,2822
2500,0,61,POPLATEK MESICNE,797,53,3015.9113207547166,5076.284328342636,24105.57358490566,700.0,29243.2,10.6,0.0,0.0,0.0,0.0,Trebic,south Moravia,117897,139,28,5,1,6,53.8,8814,4.76,5.74,107,2112,2059
1426,0,40,POPLATEK MESICNE,796,107,1759.1383177570092,1670.723850110849,17697.722429906542,200.0,24461.5,21.4,0.0,0.0,1.0,2681.0,Teplice,north Bohemia,128118,9,16,6,3,8,85.3,9317,6.49,7.07,97,6949,6872
602,0,43,POPLATEK MESICNE,796,124,2312.9806451612903,2326.0712039055484,15959.766129032258,700.0,12537.5,24.8,0.0,0.0,1.0,3191.0,Hradec Kralove,east Bohemia,161854,73,21,6,1,6,76.3,9425,1.72,2.50,125,4085,3891
3637,0,53,POPLATEK MESICNE,795,185,4767.959459459459,6310.796659988973,53788.89351351352,400.0,57668.6,37.0,1.0,0.0,3.0,6265.0,Blansko,south Moravia,107911,88,33,6,2,7,50.9,8240,2.53,3.56,99,1850,1903
2481,0,1,POPLATEK MESICNE,795,27,2440.740740740741,2986.026335508994,19122.222222222223,1100.0,12700.0,5.4,0.0,1.0,0.0,0.0,Hl.m. Praha,Prague,1204953,0,0,0,1,1,100.0,12541,0.29,0.43,167,85677,99107
3080,0,57,POPLATEK MESICNE,794,117,2365.617948717949,2275.518311120355,16406.789743589743,400.0,17656.8,23.4,0.0,0.0,1.0,3359.0,Hodonin,south Moravia,161954,21,37,20,3,8,48.0,8720,3.73,4.50,116,3729,3651
2621,0,55,POPLATEK MESICNE,794,126,2116.724603174603,2057.329645912351,17469.654761904763,200.0,14586.7,25.2,0.0,0.0,1.0,2819.0,Brno - venkov,south Moravia,157042,49,70,18,0,9,33.9,8743,1.88,2.43,111,3659,3894
1238,0,1,POPLATEK MESICNE,794,122,2402.9524590163937,2574.310306101683,25112.627049180326,600.0,31280.3,24.4,0.0,0.0,1.0,2256.0,Hl.m. Praha,Prague,1204953,0,0,0,1,1,100.0,12541,0.29,0.43,167,85677,99107
10710,0,19,POPLATEK MESICNE,793,126,8060.784126984127,12223.56154984242,37832.27142857143,-414.3,11801.8,25.2,0.0,0.0,0.0,0.0,Prachatice,south Bohemia,51428,50,11,3,1,4,52.7,8402,3.13,3.98,120,999,1099
2871,0,52,POPLATEK MESICNE,793,123,2662.988617886179,2659.35435666171,26149.17235772358,600.0,26081.9,24.6,0.0,0.0,1.0,3829.0,Usti nad Orlici,east Bohemia,139012,59,41,8,3,10,61.9,8363,2.52,3.49,108,2564,2799
1403,1,17,POPLATEK MESICNE,790,138,6355.25,6603.660414350947,33796.957246376805,1000.0,24301.8,27.6,0.0,0.0,1.0,9120.0,Pelhrimov,south Bohemia,74062,99,15,4,2,7,61.4,8114,2.38,2.62,119,1003,1181
1629,0,10,POPLATEK MESICNE,790,121,2144.1752066115705,2214.7787099497846,18638.03884297521,1000.0,19754.7,24.2,0.0,1.0,1.0,3137.0,Praha - vychod,central Bohemia,92084,55,29,4,3,5,46.7,10124,0.56,0.54,141,3810,4316
9353,0,59,POPLATEK MESICNE,789,127,10784.881102362204,14048.19890252406,56013.6874015748,900.0,51975.1,25.4,1.0,0.0,2.0,18099.0,Kromeriz,south Moravia,108871,41,29,7,2,6,62.1,8444,3.24,3.47,106,2595,2305
820,0,74,POPLATEK MESICNE,788,158,4235.619620253165,5519.832494059836,42080.927848101266,200.0,52846.0,31.6,0.0,0.0,2.0,5577.0,Ostrava - mesto,north Moravia,323870,0,0,0,1,1,100.0,10673,4.75,5.44,100,18782,18347
3384,0,14,POPLATEK MESICNE,787,124,2345.8185483870966,2497.3741110997717,36447.26129032258,1100.0,41218.9,24.8,0.0,1.0,1.0,2935.0,Ceske Budejovice,south Bohemia,177686,69,27,10,1,9,74.8,10045,1.42,1.71,135,6604,6295
257,1,11,POPLATEK MESICNE,787,118,11214.78220338983,14032.011321849699,44231.41186440678,900.0,59246.1,23.6,0.0,0.0,2.0,17982.7,Praha - zapad,central Bohemia,75637,35,36,9,0,7,36.5,9622,0.45,0.59,154,3475,3529
479,0,1,POPLATEK MESICNE,787,108,1352.0157407407407,1384.5690070092119,13630.060185185184,1100.0,13411.1,21.6,0.0,0.0,1.0,2064.0,Hl.m. Praha,Prague,1204953,0,0,0,1,1,100.0,12541,0.29,0.43,167,85677,99107
3764,0,69,POPLATEK MESICNE,787,141,1808.8361702127659,1950.1102042586722,34602.799999999996,900.0,38699.7,28.2,0.0,0.0,1.0,2506.0,Jesenik,north Moravia,42821,4,13,5,1,3,48.4,8173,?,7.01,124,?,1358
155,0,58,POPLATEK MESICNE,785,134,2192.097014925373,2427.3236737472566,25292.91343283582,300.0,38017.1,26.8,0.0,0.0,1.0,2988.0,Jihlava,south Moravia,109164,98,16,6,1,4,63.6,8757,3.38,3.95,96,2212,2471
3945,0,50,POPLATEK MESICNE,785,38,1643.1894736842105,2233.8309303283468,28743.05789473684,1000.0,35841.5,7.6,0.0,0.0,0.0,0.0,Svitavy,east Bohemia,102609,75,33,2,3,6,52.0,8187,4.83,5.45,94,2123,2134
2157,0,77,POPLATEK MESICNE,784,137,5654.537226277372,5936.97102342114,24428.795620437955,600.0,26295.8,27.4,0.0,1.0,1.0,9094.0,Vsetin,north Moravia,148545,8,35,12,3,4,53.5,8909,4.01,5.56,113,3460,3590
2051,0,64,POPLATEK TYDNE,784,130,9742.495384615384,12819.848484119944,42043.63923076923,-2804.8,12941.6,26.0,1.0,0.0,1.0,4898.2,Zlin,south Moravia,197099,29,41,10,2,10,74.7,9624,1.60,2.31,145,4484,4265
3061,0,76,POPLATEK MESICNE,784,109,1240.473394495413,1225.9650057420529,17362.277064220183,300.0,23071.4,21.8,0.0,0.0,1.0,1978.0,Sumperk,north Moravia,127369,31,32,13,2,7,51.2,8369,4.73,5.88,107,3736,2807
3111,0,60,POPLATEK MESICNE,784,142,7361.617605633803,8594.021431726746,48042.461267605635,200.0,45705.2,28.4,0.0,0.0,1.0,3641.0,Prostejov,south Moravia,110643,49,41,4,1,4,51.9,8441,3.45,4.48,115,1879,2252
1691,0,48,POPLATEK MESICNE,784,135,984.9851851851852,1037.534616183423,16231.165185185184,400.0,21882.4,27.0,0.0,1.0,2.0,1934.0,Rychnov nad Kneznou,east Bohemia,78955,50,24,8,1,9,59.0,9060,1.78,2.44,124,1655,1717
1044,1,14,POPLATEK MESICNE,783,159,5164.623270440252,6631.699003245318,42682.80251572327,500.0,27705.8,31.8,0.0,0.0,2.0,3068.0,Ceske Budejovice,south Bohemia,177686,69,27,10,1,9,74.8,10045,1.42,1.71,135,6604,6295
1945,0,56,POPLATEK MESICNE,783,111,8050.072072072072,9013.541991431772,46731.43243243243,700.0,40839.4,22.2,0.0,0.0,0.0,0.0,Breclav,south Moravia,124605,11,42,14,1,8,46.0,8772,4.69,4.98,126,2854,3158
9790,0,52,POPLATEK MESICNE,783,242,9121.427685950413,12594.04334566083,48872.42024793388,200.0,42985.4,48.4,1.0,0.0,4.0,15482.0,Usti nad Orlici,east Bohemia,139012,59,41,8,3,10,61.9,8363,2.52,3.49,108,2564,2799
9928,0,60,POPLATEK MESICNE,783,165,4053.7466666666664,4738.325692503185,48800.74787878788,500.0,67575.9,33.0,1.0,0.0,2.0,6505.0,Prostejov,south Moravia,110643,49,41,4,1,4,51.9,8441,3.45,4.48,115,1879,2252
2580,0,60,POPLATEK MESICNE,783,165,4057.6715151515155,4736.662394154333,48170.9,500.0,66823.4,33.0,1.0,0.0,2.0,6505.0,Prostejov,south Moravia,110643,49,41,4,1,4,51.9,8441,3.45,4.48,115,1879,2252
1599,0,57,POPLATEK MESICNE,782,157,8420.189808917197,10588.836562754004,50293.53248407643,1100.0,61642.4,31.4,0.0,0.0,2.0,5341.0,Hodonin,south Moravia,161954,21,37,20,3,8,48.0,8720,3.73,4.50,116,3729,3651
11079,0,16,POPLATEK MESICNE,782,168,16646.742857142857,20172.11984606825,71243.26071428572,300.0,47898.7,33.6,1.0,0.0,1.0,8191.5,Jindrichuv Hradec,south Bohemia,93931,74,21,10,1,8,56.9,8427,1.12,1.54,107,1874,1913
968,0,74,POPLATEK MESICNE,781,133,4448.844360902256,4684.95233670353,31829.89022556391,200.0,38678.8,26.6,0.0,0.0,1.0,7262.0,Ostrava - mesto,north Moravia,323870,0,0,0,1,1,100.0,10673,4.75,5.44,100,18782,18347
810,0,46,POPLATEK MESICNE,781,127,1860.503149606299,2000.096031779276,19317.092125984254,200.0,17424.2,25.4,0.0,1.0,1.0,2076.0,Nachod,east Bohemia,112709,48,20,7,3,10,73.5,8369,1.79,2.31,117,2854,2618
1760,0,53,POPLATEK MESICNE,781,132,1518.728787878788,1874.448030083935,34249.53106060606,600.0,50355.4,26.4,0.0,0.0,2.0,1709.0,Blansko,south Moravia,107911,88,33,6,2,7,50.9,8240,2.53,3.56,99,1850,1903
2550,0,67,POPLATEK MESICNE,781,203,4020.5655172413794,5867.846319283237,47970.38226600985,700.0,69818.1,40.6,0.0,0.0,4.0,7347.0,Bruntal,north Moravia,106054,38,25,6,2,6,63.1,8110,5.77,6.55,109,3244,3079
3572,0,65,POPLATEK MESICNE,780,126,2402.401587301587,2607.9861760671706,23211.17142857143,900.0,29646.8,25.2,0.0,0.0,1.0,2964.0,Znojmo,south Moravia,114200,101,41,4,1,4,43.7,8403,5.74,5.72,105,2157,2718
1030,0,57,POPLATEK MESICNE,780,145,2009.0524137931034,2403.791604542093,24680.997931034482,1100.0,33811.0,29.0,0.0,1.0,2.0,1714.0,Hodonin,south Moravia,161954,21,37,20,3,8,48.0,8720,3.73,4.50,116,3729,3651
487,0,40,POPLATEK MESICNE,778,104,8388.596153846154,12140.455737626438,26568.300961538458,785.4,3711.1,20.8,0.0,1.0,1.0,10684.0,Teplice,north Bohemia,128118,9,16,6,3,8,85.3,9317,6.49,7.07,97,6949,6872
3767,0,1,POPLATEK MESICNE,777,152,3992.709210526316,4802.72275185367,38258.03026315789,600.0,47288.5,30.4,0.0,0.0,2.0,4536.0,Hl.m. Praha,Prague,1204953,0,0,0,1,1,100.0,12541,0.29,0.43,167,85677,99107
348,0,25,POPLATEK MESICNE,777,116,8317.016379310346,9311.016764540567,37584.39051724138,700.0,50560.6,23.2,0.0,0.0,0.0,0.0,Klatovy,west Bohemia,88757,60,33,3,2,10,61.7,8554,2.47,2.68,113,1822,2218
1867,0,52,POPLATEK MESICNE,777,116,11179.906896551724,12254.885768553693,59059.979310344825,800.0,88055.8,23.2,0.0,0.0,0.0,0.0,Usti nad Orlici,east Bohemia,139012,59,41,8,3,10,61.9,8363,2.52,3.49,108,2564,2799
2516,0,6,POPLATEK MESICNE,776,138,6700.396376811594,7326.518235010611,39924.50507246377,300.0,65949.5,27.6,1.0,0.0,1.0,9721.0,Kutna Hora,central Bohemia,77963,60,23,4,2,4,51.5,8546,2.95,4.02,126,2640,3120
3303,0,1,POPLATEK MESICNE,775,117,9174.961538461539,10076.707060061031,49163.64273504274,800.0,60511.7,23.4,0.0,0.0,0.0,0.0,Hl.m. Praha,Prague,1204953,0,0,0,1,1,100.0,12541,0.29,0.43,167,85677,99107
933,0,21,POPLATEK MESICNE,774,125,2460.3064,2576.505459067353,28311.6312,800.0,28504.9,25.0,0.0,0.0,1.0,2584.0,Tabor,south Bohemia,103347,87,16,7,1,7,67.0,9104,1.51,2.07,123,2299,2354
3229,0,64,POPLATEK MESICNE,774,195,9439.629230769231,12366.09574500188,58604.822051282055,300.0,45277.8,39.0,1.0,0.0,3.0,16491.2,Zlin,south Moravia,197099,29,41,10,2,10,74.7,9624,1.60,2.31,145,4484,4265
1700,0,64,POPLATEK MESICNE,774,132,9106.881818181817,10039.545323026436,47155.86515151515,900.0,71349.8,26.4,0.0,0.0,1.0,6765.0,Zlin,south Moravia,197099,29,41,10,2,10,74.7,9624,1.60,2.31,145,4484,4265
2836,1,42,POPLATEK MESICNE,774,138,7526.614492753623,8398.009216540684,45409.13043478261,1100.0,42530.1,27.6,0.0,0.0,1.0,9472.0,Havlickuv Brod,east Bohemia,95907,87,25,5,2,7,59.1,8388,2.41,2.94,87,1658,1668
338,0,49,POPLATEK MESICNE,774,116,1632.544827586207,1694.078736445671,15723.845689655172,700.0,19061.9,23.2,0.0,0.0,1.0,2252.0,Semily,east Bohemia,75685,31,28,5,1,9,60.8,8208,1.89,2.26,155,1660,2123
3148,0,33,POPLATEK MESICNE,773,137,1646.5518248175183,1684.3296053842464,22493.801459854014,400.0,13788.4,27.4,0.0,0.0,1.0,2478.0,Decin,north Bohemia,133777,24,17,7,3,11,84.7,8705,5.75,7.61,116,4650,4859
1357,0,56,POPLATEK MESICNE,772,137,1549.4321167883213,1585.6355388452803,34656.73138686131,900.0,43678.8,27.4,0.0,0.0,1.0,2290.0,Breclav,south Moravia,124605,11,42,14,1,8,46.0,8772,4.69,4.98,126,2854,3158
3772,0,7,POPLATEK MESICNE,772,142,8750.842253521127,9921.535935159942,44200.08732394366,1100.0,64656.1,28.4,0.0,0.0,1.0,7775.0,Melnik,central Bohemia,94725,38,28,1,3,6,63.4,9920,2.26,2.87,130,4289,4846
486,0,33,POPLATEK MESICNE,771,121,2795.1347107438014,5937.405180094959,35484.122314049586,900.0,49868.6,24.2,0.0,0.0,0.0,0.0,Decin,north Bohemia,133777,24,17,7,3,11,84.7,8705,5.75,7.61,116,4650,4859
1395,0,1,POPLATEK MESICNE,771,137,2605.629197080292,2734.3001823555323,25249.49416058394,300.0,41277.7,27.4,0.0,0.0,1.0,3432.0,Hl.m. Praha,Prague,1204953,0,0,0,1,1,100.0,12541,0.29,0.43,167,85677,99107
1341,0,36,POPLATEK MESICNE,771,110,1298.3018181818184,1259.929451278324,17003.21,1100.0,19760.0,22.0,0.0,0.0,1.0,2098.0,Liberec,north Bohemia,159617,29,19,8,1,9,85.2,9198,3.33,4.28,131,5796,6132
9017,0,70,POPLATEK MESICNE,770,184,3820.4038043478263,5540.739310816076,17311.120652173915,-3769.8,8485.4,36.8,1.0,0.0,1.0,2088.0,Karvina,north Moravia,285387,0,2,8,5,7,89.9,10177,6.63,7.75,81,9878,10108
10411,0,39,POPLATEK PO OBRATU,769,198,7390.172222222222,10366.53753724711,50409.27373737373,700.0,96547.9,39.6,1.0,0.0,5.0,20024.0,Most,north Bohemia,119895,17,4,3,2,4,89.9,10446,7.34,9.40,90,4947,4743
2783,0,43,POPLATEK MESICNE,769,145,2330.458620689655,5808.465962505194,32707.213103448277,300.0,55730.2,29.0,0.0,0.0,0.0,0.0,Hradec Kralove,east Bohemia,161854,73,21,6,1,6,76.3,9425,1.72,2.50,125,4085,3891
2015,0,68,POPLATEK MESICNE,767,127,3085.4653543307086,3026.423989101002,27391.926771653543,1100.0,34810.9,25.4,0.0,1.0,1.0,4535.0,Frydek - Mistek,north Moravia,228848,15,40,18,2,6,57.2,9893,4.09,4.72,96,5623,5887
2341,0,33,POPLATEK MESICNE,767,132,1063.9924242424242,1126.5550800289866,14918.321212121211,200.0,16148.3,26.4,0.0,0.0,2.0,2047.0,Decin,north Bohemia,133777,24,17,7,3,11,84.7,8705,5.75,7.61,116,4650,4859
565,0,39,POPLATEK MESICNE,767,105,2248.750476190476,2146.6541632863405,30247.13047619048,700.0,33607.4,21.0,0.0,0.0,1.0,3509.0,Most,north Bohemia,119895,17,4,3,2,4,89.9,10446,7.34,9.40,90,4947,4743
337,0,17,POPLATEK MESICNE,767,108,8406.723148148149,12883.70627846064,34466.73333333334,200.0,61247.0,21.6,0.0,0.0,0.0,0.0,Pelhrimov,south Bohemia,74062,99,15,4,2,7,61.4,8114,2.38,2.62,119,1003,1181
3780,0,44,POPLATEK MESICNE,767,143,2136.7349650349647,2625.4437366667444,17330.725874125874,300.0,11672.5,28.6,0.0,0.0,2.0,1611.0,Chrudim,east Bohemia,105606,77,26,7,2,7,53.0,8254,2.79,3.76,97,2166,2325
557,0,1,POPLATEK MESICNE,766,107,1259.7560747663551,1253.397807710356,16480.402803738318,600.0,23120.8,21.4,0.0,0.0,1.0,2050.0,Hl.m. Praha,Prague,1204953,0,0,0,1,1,100.0,12541,0.29,0.43,167,85677,99107
3490,0,48,POPLATEK MESICNE,766,26,2550.0,2340.982699637056,17753.846153846152,400.0,19900.0,5.2,0.0,0.0,0.0,0.0,Rychnov nad Kneznou,east Bohemia,78955,50,24,8,1,9,59.0,9060,1.78,2.44,124,1655,1717
3973,0,20,POPLATEK MESICNE,765,126,4457.463492063493,4560.616518736969,23501.526984126984,200.0,28787.0,25.2,0.0,0.0,1.0,6941.0,Strakonice,south Bohemia,70646,94,14,3,1,4,58.4,8547,2.65,3.64,120,1563,1542
2043,0,46,POPLATEK MESICNE,765,136,2879.791911764706,2821.5357853758146,23451.736764705885,400.0,19400.9,27.2,0.0,0.0,1.0,4366.0,Nachod,east Bohemia,112709,48,20,7,3,10,73.5,8369,1.79,2.31,117,2854,2618
2003,0,32,POPLATEK MESICNE,765,137,18499.84233576642,20458.077314376063,68365.3788321168,1100.0,63891.0,27.4,0.0,0.0,1.0,2127.0,Ceska Lipa,north Bohemia,105058,32,19,7,2,10,81.0,9272,2.80,3.22,118,4340,4505
728,1,60,POPLATEK MESICNE,764,153,2932.5973856209152,3186.5710610257543,22742.51568627451,500.0,19794.0,30.6,0.0,0.0,3.0,7125.0,Prostejov,south Moravia,110643,49,41,4,1,4,51.9,8441,3.45,4.48,115,1879,2252
3970,0,24,POPLATEK MESICNE,764,150,13710.23,15453.181572888618,52034.158,200.0,61748.0,30.0,0.0,1.0,1.0,8957.0,Karlovy Vary,west Bohemia,122603,25,21,6,2,8,80.0,8991,1.39,2.01,128,5198,5273
8169,0,29,POPLATEK MESICNE,764,171,3613.8754385964908,4180.941602471332,22470.46081871345,700.0,22924.0,34.2,1.0,0.0,3.0,7356.0,Rokycany,west Bohemia,45714,52,10,5,1,6,55.6,8843,2.82,3.60,113,818,888
452,0,63,POPLATEK MESICNE,763,147,7404.108163265306,11860.062250324692,49718.651020408164,800.0,68122.2,29.4,0.0,0.0,2.0,5433.0,Vyskov,south Moravia,86513,38,36,5,1,5,50.5,8288,3.79,4.52,110,1562,1460
3783,0,40,POPLATEK MESICNE,763,130,3874.9376923076925,4365.89699625422,29506.324615384616,300.0,28383.3,26.0,0.0,0.0,1.0,3041.0,Teplice,north Bohemia,128118,9,16,6,3,8,85.3,9317,6.49,7.07,97,6949,6872
3189,0,29,POPLATEK MESICNE,763,124,7825.912096774194,11273.957744667647,38755.05080645161,-5967.9,31524.8,24.8,1.0,0.0,1.0,3702.8,Rokycany,west Bohemia,45714,52,10,5,1,6,55.6,8843,2.82,3.60,113,818,888
3689,0,8,POPLATEK MESICNE,763,107,8904.364485981308,10877.378826202883,33597.17196261682,-1483.8,8128.1,21.4,0.0,1.0,1.0,4609.9,Mlada Boleslav,central Bohemia,112065,95,19,7,1,8,69.4,11277,1.25,1.44,127,5179,4987
2803,0,58,POPLATEK MESICNE,761,129,11010.468992248061,14212.14641764879,52127.29534883721,300.0,23645.3,25.8,0.0,0.0,1.0,1904.0,Jihlava,south Moravia,109164,98,16,6,1,4,63.6,8757,3.38,3.95,96,2212,2471
1901,0,15,POPLATEK MESICNE,761,133,7363.060902255639,7643.744241880282,32152.16165413534,1100.0,23163.8,26.6,0.0,0.0,1.0,6355.0,Cesky Krumlov,south Bohemia,58796,22,16,7,1,5,51.9,9045,3.13,3.60,124,1845,1879
3525,0,70,POPLATEK MESICNE,761,120,2284.7833333333333,2287.743174872055,18400.608333333334,600.0,19407.4,24.0,0.0,0.0,1.0,3084.0,Karvina,north Moravia,285387,0,2,8,5,7,89.9,10177,6.63,7.75,81,9878,10108
3320,0,1,POPLATEK MESICNE,761,114,1231.2938596491229,1257.4366206364891,17395.258771929824,900.0,20358.8,22.8,0.0,0.0,1.0,2075.0,Hl.m. Praha,Prague,1204953,0,0,0,1,1,100.0,12541,0.29,0.43,167,85677,99107
2851,0,17,POPLATEK MESICNE,760,151,3295.7026490066223,7985.68453618471,36114.05960264901,700.0,31164.9,30.2,0.0,0.0,0.0,0.0,Pelhrimov,south Bohemia,74062,99,15,4,2,7,61.4,8114,2.38,2.62,119,1003,1181
2309,0,18,POPLATEK MESICNE,759,135,6696.834814814814,6956.987970243102,32313.58148148148,600.0,29585.8,27.0,0.0,0.0,1.0,8604.0,Pisek,south Bohemia,70699,60,13,2,1,4,65.3,8968,2.83,3.35,131,1740,1910
2437,0,1,POPLATEK MESICNE,758,133,1031.815037593985,1151.9422674990901,16432.7992481203,500.0,16378.5,26.6,0.0,0.0,2.0,1994.0,Hl.m. Praha,Prague,1204953,0,0,0,1,1,100.0,12541,0.29,0.43,167,85677,99107
1825,0,3,POPLATEK MESICNE,757,157,2952.729299363057,3730.687922870793,34500.88216560509,500.0,43019.4,31.4,0.0,0.0,2.0,4113.0,Beroun,central Bohemia,75232,55,26,4,1,5,41.7,8980,1.95,2.21,111,2824,2813
253,0,46,POPLATEK MESICNE,757,117,10075.618803418804,11486.882081200365,54816.340170940166,-1212.9,61631.0,23.4,0.0,0.0,0.0,0.0,Nachod,east Bohemia,112709,48,20,7,3,10,73.5,8369,1.79,2.31,117,2854,2618
474,0,61,POPLATEK MESICNE,756,155,1419.871612903226,1520.5283407957133,20218.11612903226,900.0,26861.3,31.0,0.0,1.0,2.0,2300.0,Trebic,south Moravia,117897,139,28,5,1,6,53.8,8814,4.76,5.74,107,2112,2059
633,0,57,POPLATEK MESICNE,756,116,2076.3896551724138,2195.265250225716,17801.709482758622,700.0,15748.0,23.2,0.0,0.0,1.0,3177.0,Hodonin,south Moravia,161954,21,37,20,3,8,48.0,8720,3.73,4.50,116,3729,3651
2374,0,1,POPLATEK MESICNE,755,108,1444.7805555555553,1486.6095445777264,15687.687962962964,200.0,22115.6,21.6,0.0,1.0,1.0,2331.0,Hl.m. Praha,Prague,1204953,0,0,0,1,1,100.0,12541,0.29,0.43,167,85677,99107
1104,0,39,POPLATEK MESICNE,755,131,6201.93893129771,6663.526016706084,39161.23740458015,800.0,40669.8,26.2,0.0,0.0,1.0,8840.0,Most,north Bohemia,119895,17,4,3,2,4,89.9,10446,7.34,9.40,90,4947,4743
2692,0,28,POPLATEK MESICNE,754,111,2257.016216216216,2292.397685137889,29294.393693693695,1100.0,42503.4,22.2,0.0,0.0,1.0,3386.0,Plzen - sever,west Bohemia,72541,66,26,10,0,8,36.9,8594,1.62,2.01,112,1580,1525
6927,0,74,POPLATEK TYDNE,754,118,9247.315254237288,12117.422002899235,32276.964406779658,309.0,846.9,23.6,0.0,0.0,0.0,0.0,Ostrava - mesto,north Moravia,323870,0,0,0,1,1,100.0,10673,4.75,5.44,100,18782,18347
924,0,11,POPLATEK MESICNE,753,138,1348.0644927536232,1610.2734715741863,15485.806521739129,400.0,16911.3,27.6,0.0,0.0,2.0,2212.0,Praha - zapad,central Bohemia,75637,35,36,9,0,7,36.5,9622,0.45,0.59,154,3475,3529
3305,0,13,POPLATEK MESICNE,753,144,2230.3881944444447,2672.097461988082,16665.184722222224,600.0,17656.9,28.8,0.0,0.0,2.0,2880.0,Rakovnik,central Bohemia,53921,61,22,1,1,2,41.3,8598,2.77,3.26,123,1597,1875
2237,0,26,POPLATEK MESICNE,749,163,5522.1987730061355,7225.207752166975,43260.12392638037,1100.0,64629.0,32.6,0.0,0.0,3.0,7087.0,Plzen - mesto,west Bohemia,170449,0,0,0,1,1,100.0,10787,2.64,3.09,131,6041,6261
1917,0,73,POPLATEK MESICNE,749,107,1883.3102803738318,1775.433990310516,16511.135514018693,1000.0,15084.7,21.4,0.0,0.0,1.0,2943.0,Opava,north Moravia,182027,17,49,12,2,7,56.4,8746,3.33,3.74,90,4355,4433
1685,0,28,POPLATEK MESICNE,749,101,9632.317821782179,12727.771320906077,32456.08811881188,1100.0,10567.0,20.2,0.0,0.0,1.0,7968.0,Plzen - sever,west Bohemia,72541,66,26,10,0,8,36.9,8594,1.62,2.01,112,1580,1525
791,0,49,POPLATEK MESICNE,748,104,2112.293269230769,2034.3810945630175,18358.643269230768,700.0,17674.3,20.8,0.0,1.0,1.0,3054.0,Semily,east Bohemia,75685,31,28,5,1,9,60.8,8208,1.89,2.26,155,1660,2123
3858,0,2,POPLATEK MESICNE,748,125,2646.2183999999997,5621.87206174334,26191.462399999997,300.0,22963.8,25.0,0.0,1.0,0.0,0.0,Benesov,central Bohemia,88884,80,26,6,2,5,46.7,8507,1.67,1.85,132,2159,2674
5001,1,53,POPLATEK MESICNE,747,188,14320.021276595744,15297.978891168112,65078.67872340426,700.0,66174.6,37.6,1.0,0.0,2.0,13880.5,Blansko,south Moravia,107911,88,33,6,2,7,50.9,8240,2.53,3.56,99,1850,1903
1469,0,67,POPLATEK MESICNE,747,110,2486.0227272727275,2458.6065599511235,22560.133636363636,1000.0,31338.3,22.0,0.0,0.0,1.0,3574.0,Bruntal,north Moravia,106054,38,25,6,2,6,63.1,8110,5.77,6.55,109,3244,3079
3476,0,3,POPLATEK MESICNE,746,145,4391.648965517241,5023.89074805072,37563.82068965517,900.0,39485.1,29.0,0.0,0.0,2.0,6307.0,Beroun,central Bohemia,75232,55,26,4,1,5,41.7,8980,1.95,2.21,111,2824,2813
8039,0,9,POPLATEK MESICNE,745,177,6275.4045197740115,10589.536598404895,47334.328813559325,900.0,47873.5,35.4,1.0,0.0,4.0,8815.5,Nymburk,central Bohemia,81344,61,23,4,2,6,55.3,8899,3.39,3.97,149,2987,2487
3205,0,1,POPLATEK MESICNE,745,108,1751.2351851851852,1801.4738583453923,18661.325925925925,700.0,24977.4,21.6,0.0,0.0,1.0,1564.0,Hl.m. Praha,Prague,1204953,0,0,0,1,1,100.0,12541,0.29,0.43,167,85677,99107
5477,0,57,POPLATEK MESICNE,745,172,12990.30523255814,14048.550399378952,64474.173255813956,900.0,63661.1,34.4,1.0,0.0,2.0,13621.3,Hodonin,south Moravia,161954,21,37,20,3,8,48.0,8720,3.73,4.50,116,3729,3651
1212,0,70,POPLATEK MESICNE,744,112,2896.9874999999997,2770.072414805391,17932.74642857143,900.0,11173.0,22.4,0.0,0.0,1.0,2805.0,Karvina,north Moravia,285387,0,2,8,5,7,89.9,10177,6.63,7.75,81,9878,10108
2095,0,56,POPLATEK MESICNE,743,110,8875.976363636364,10019.431349609013,46907.740000000005,800.0,77973.3,22.0,0.0,0.0,0.0,0.0,Breclav,south Moravia,124605,11,42,14,1,8,46.0,8772,4.69,4.98,126,2854,3158
1137,0,60,POPLATEK MESICNE,743,107,1310.3813084112148,1273.8730246201449,15403.366355140186,900.0,16963.3,21.4,0.0,0.0,1.0,2121.0,Prostejov,south Moravia,110643,49,41,4,1,4,51.9,8441,3.45,4.48,115,1879,2252
2570,0,1,POPLATEK MESICNE,743,105,1250.2790476190476,1288.115647855069,15666.411428571428,400.0,19891.7,21.0,0.0,0.0,1.0,2051.0,Hl.m. Praha,Prague,1204953,0,0,0,1,1,100.0,12541,0.29,0.43,167,85677,99107
3092,0,46,POPLATEK MESICNE,742,118,2192.987288135593,2180.4747958823214,19174.23813559322,1000.0,17528.3,23.6,0.0,1.0,1.0,2311.0,Nachod,east Bohemia,112709,48,20,7,3,10,73.5,8369,1.79,2.31,117,2854,2618
5661,1,53,POPLATEK MESICNE,742,135,12696.23925925926,15376.703790198564,38943.37111111111,-3591.2,85545.8,27.0,0.0,0.0,1.0,1653.6,Blansko,south Moravia,107911,88,33,6,2,7,50.9,8240,2.53,3.56,99,1850,1903
809,0,36,POPLATEK MESICNE,742,126,8010.537301587301,8254.838725632226,22711.5126984127,900.0,16994.2,25.2,0.0,0.0,1.0,8298.0,Liberec,north Bohemia,159617,29,19,8,1,9,85.2,9198,3.33,4.28,131,5796,6132
522,1,17,POPLATEK MESICNE,742,151,3803.0768211920526,4359.829332308681,27927.841059602648,400.0,15855.2,30.2,0.0,0.0,2.0,5007.0,Pelhrimov,south Bohemia,74062,99,15,4,2,7,61.4,8114,2.38,2.62,119,1003,1181
2630,0,64,POPLATEK MESICNE,741,116,8545.435344827587,9678.495223340153,32595.280172413793,400.0,45886.3,23.2,0.0,0.0,0.0,0.0,Zlin,south Moravia,197099,29,41,10,2,10,74.7,9624,1.60,2.31,145,4484,4265
957,0,70,POPLATEK MESICNE,740,133,1476.7203007518797,1671.1600279609536,20039.654887218046,500.0,19579.7,26.6,0.0,0.0,1.0,2126.0,Karvina,north Moravia,285387,0,2,8,5,7,89.9,10177,6.63,7.75,81,9878,10108
1682,0,49,POPLATEK MESICNE,740,119,2714.219327731092,5972.299577786321,34061.747899159665,900.0,40008.0,23.8,0.0,0.0,0.0,0.0,Semily,east Bohemia,75685,31,28,5,1,9,60.8,8208,1.89,2.26,155,1660,2123
3587,0,64,POPLATEK MESICNE,738,150,1211.7540000000001,1460.7253229398925,17572.355333333333,700.0,20535.3,30.0,0.0,0.0,2.0,2167.0,Zlin,south Moravia,197099,29,41,10,2,10,74.7,9624,1.60,2.31,145,4484,4265
4269,1,26,POPLATEK MESICNE,738,154,14680.727272727272,16516.519965761014,64365.506493506495,300.0,54484.0,30.8,0.0,0.0,0.0,0.0,Plzen - mesto,west Bohemia,170449,0,0,0,1,1,100.0,10787,2.64,3.09,131,6041,6261
3338,0,25,POPLATEK MESICNE,738,119,6091.028571428572,6050.479940539565,20652.046218487394,300.0,14964.7,23.8,0.0,0.0,1.0,7531.0,Klatovy,west Bohemia,88757,60,33,3,2,10,61.7,8554,2.47,2.68,113,1822,2218
3655,1,1,POPLATEK MESICNE,738,165,4780.007878787879,5839.616936327871,33444.06848484848,900.0,28419.4,33.0,0.0,0.0,3.0,6996.0,Hl.m. Praha,Prague,1204953,0,0,0,1,1,100.0,12541,0.29,0.43,167,85677,99107
84,0,44,POPLATEK PO OBRATU,737,129,11298.9992248062,13211.500019913385,44367.73720930232,1100.0,65690.8,25.8,0.0,0.0,2.0,14161.0,Chrudim,east Bohemia,105606,77,26,7,2,7,53.0,8254,2.79,3.76,97,2166,2325
4439,0,30,POPLATEK MESICNE,737,108,2281.1416666666664,2636.1179278190803,23443.58425925926,1100.0,25193.8,21.6,0.0,0.0,0.0,0.0,Sokolov,west Bohemia,94812,15,13,8,2,10,81.8,9650,3.38,3.67,100,2985,2804
4462,0,73,POPLATEK TYDNE,735,111,6251.693693693694,8580.154797027839,21176.72072072072,-1852.8,4632.0,22.2,1.0,0.0,1.0,2770.3,Opava,north Moravia,182027,17,49,12,2,7,56.4,8746,3.33,3.74,90,4355,4433
3814,0,74,POPLATEK MESICNE,735,23,2347.8260869565215,2395.8049634569384,19230.434782608696,900.0,10800.0,4.6,0.0,0.0,0.0,0.0,Ostrava - mesto,north Moravia,323870,0,0,0,1,1,100.0,10673,4.75,5.44,100,18782,18347
2780,0,63,POPLATEK MESICNE,733,108,6398.728703703703,6665.407788312392,42444.805555555555,600.0,53693.0,21.6,0.0,0.0,0.0,0.0,Vyskov,south Moravia,86513,38,36,5,1,5,50.5,8288,3.79,4.52,110,1562,1460
3273,1,74,POPLATEK MESICNE,733,163,16054.886503067484,20636.744014710894,45241.28036809816,-3530.1,-3302.7,32.6,1.0,0.0,1.0,7876.0,Ostrava - mesto,north Moravia,323870,0,0,0,1,1,100.0,10673,4.75,5.44,100,18782,18347
3559,0,18,POPLATEK MESICNE,732,127,5500.911811023622,6125.4496100949,39881.699212598425,600.0,53962.3,25.4,0.0,0.0,1.0,4418.0,Pisek,south Bohemia,70699,60,13,2,1,4,65.3,8968,2.83,3.35,131,1740,1910
3968,0,36,POPLATEK MESICNE,730,112,7618.502678571429,8329.495645314193,48372.95267857143,1100.0,69102.9,22.4,0.0,0.0,0.0,0.0,Liberec,north Bohemia,159617,29,19,8,1,9,85.2,9198,3.33,4.28,131,5796,6132
2159,0,1,POPLATEK MESICNE,730,153,7652.777777777777,9485.864725899037,39856.30915032679,600.0,32865.4,30.6,0.0,0.0,2.0,8719.0,Hl.m. Praha,Prague,1204953,0,0,0,1,1,100.0,12541,0.29,0.43,167,85677,99107
849,1,1,POPLATEK MESICNE,730,97,9658.805154639174,12939.510602715454,33989.9587628866,-1226.0,29477.5,19.4,0.0,0.0,0.0,0.0,Hl.m. Praha,Prague,1204953,0,0,0,1,1,100.0,12541,0.29,0.43,167,85677,99107
2288,0,69,POPLATEK MESICNE,730,127,8180.199212598425,9061.461267538178,56245.65354330709,900.0,79298.0,25.4,0.0,0.0,1.0,5411.0,Jesenik,north Moravia,42821,4,13,5,1,3,48.4,8173,?,7.01,124,?,1358
3051,0,9,POPLATEK MESICNE,730,219,11447.986757990868,14103.210019332866,67108.43242009133,800.0,51236.0,43.8,0.0,0.0,3.0,4911.0,Nymburk,central Bohemia,81344,61,23,4,2,6,55.3,8899,3.39,3.97,149,2987,2487
946,0,21,POPLATEK MESICNE,730,113,7885.748672566371,8860.105572010045,45335.45398230088,1100.0,33705.6,22.6,0.0,1.0,0.0,0.0,Tabor,south Bohemia,103347,87,16,7,1,7,67.0,9104,1.51,2.07,123,2299,2354
2075,0,33,POPLATEK MESICNE,730,148,971.8006756756756,1146.86948984365,17881.241216216218,800.0,19242.4,29.6,0.0,0.0,3.0,2200.0,Decin,north Bohemia,133777,24,17,7,3,11,84.7,8705,5.75,7.61,116,4650,4859
8931,0,63,POPLATEK TYDNE,730,228,10702.009649122809,14441.871466770706,58830.093859649125,200.0,32940.5,45.6,1.0,0.0,3.0,11147.7,Vyskov,south Moravia,86513,38,36,5,1,5,50.5,8288,3.79,4.52,110,1562,1460
9225,0,11,POPLATEK MESICNE,730,155,6450.997419354839,10429.627952024737,38503.11161290322,600.0,60430.3,31.0,1.0,0.0,1.0,3421.5,Praha - zapad,central Bohemia,75637,35,36,9,0,7,36.5,9622,0.45,0.59,154,3475,3529
3278,0,4,POPLATEK MESICNE,729,106,10260.096226415093,10884.644504262693,51437.56981132076,800.0,54200.9,21.2,0.0,0.0,0.0,0.0,Kladno,central Bohemia,149893,63,29,6,2,6,67.4,9753,4.64,5.05,109,5244,5892
2811,0,4,POPLATEK MESICNE,729,148,15614.370270270269,15097.183993133003,63784.1331081081,1746.9,55247.6,29.6,0.0,0.0,2.0,16564.9,Kladno,central Bohemia,149893,63,29,6,2,6,67.4,9753,4.64,5.05,109,5244,5892
1670,0,12,POPLATEK MESICNE,729,123,1493.3252032520325,1699.161110019357,17247.787804878048,500.0,16639.0,24.6,0.0,0.0,2.0,2554.0,Pribram,central Bohemia,107870,84,29,6,1,6,58.0,8754,3.83,4.31,137,3804,3868
275,0,29,POPLATEK MESICNE,729,135,1110.5562962962963,1275.7280575448185,18690.923703703706,800.0,17735.7,27.0,0.0,0.0,2.0,2260.0,Rokycany,west Bohemia,45714,52,10,5,1,6,55.6,8843,2.82,3.60,113,818,888
1455,1,66,POPLATEK MESICNE,728,114,3484.535087719298,4341.851097261783,25076.425438596492,-1179.3,17617.4,22.8,0.0,0.0,0.0,0.0,Zdar nad Sazavou,south Moravia,125832,151,41,2,3,5,48.3,8512,3.51,4.12,102,2247,2103
1311,0,60,POPLATEK MESICNE,728,126,5994.023809523809,6417.141722622975,21747.120634920637,500.0,13597.4,25.2,0.0,0.0,1.0,9327.0,Prostejov,south Moravia,110643,49,41,4,1,4,51.9,8441,3.45,4.48,115,1879,2252
6678,0,54,POPLATEK MESICNE,728,185,15498.40054054054,15286.290102264766,67231.49135135136,1100.0,66247.0,37.0,1.0,0.0,1.0,6133.0,Brno - mesto,south Moravia,387570,0,0,0,1,1,100.0,9897,1.60,1.96,140,18721,18696
145,0,31,POPLATEK MESICNE,728,132,3043.862121212121,3068.288577934863,38263.12272727273,1100.0,52420.1,26.4,0.0,0.0,1.0,4815.0,Tachov,west Bohemia,51313,34,12,3,1,4,59.2,8930,3.52,4.20,108,1328,1452
312,0,41,POPLATEK MESICNE,728,126,4829.346825396825,5031.389282616666,27457.853174603173,500.0,31953.4,25.2,0.0,0.0,1.0,7814.0,Usti nad Labem,north Bohemia,118650,8,8,5,1,3,85.6,9832,3.32,4.48,114,6445,5471
2233,0,43,POPLATEK MESICNE,728,114,2362.270175438596,2504.4424010121656,20739.528070175442,400.0,18105.4,22.8,0.0,0.0,1.0,2028.0,Hradec Kralove,east Bohemia,161854,73,21,6,1,6,76.3,9425,1.72,2.50,125,4085,3891
3530,0,34,POPLATEK MESICNE,728,121,2385.090082644628,2551.9685393307964,17403.79090909091,1100.0,12360.5,24.2,0.0,0.0,1.0,1977.0,Chomutov,north Bohemia,125236,28,11,1,4,5,87.7,9675,6.43,7.68,100,5323,5190
7828,0,36,POPLATEK MESICNE,726,151,2969.286754966887,4541.446713162015,29312.30463576159,-3193.3,33363.2,30.2,0.0,0.0,0.0,0.0,Liberec,north Bohemia,159617,29,19,8,1,9,85.2,9198,3.33,4.28,131,5796,6132
9024,0,1,POPLATEK MESICNE,726,172,4486.536046511627,5910.329320702943,24909.194186046512,600.0,21824.3,34.4,1.0,0.0,2.0,7742.0,Hl.m. Praha,Prague,1204953,0,0,0,1,1,100.0,12541,0.29,0.43,167,85677,99107
1711,0,63,POPLATEK MESICNE,726,167,1257.6592814371259,1531.7703624472467,21856.11856287425,200.0,21975.6,33.4,0.0,0.0,3.0,2529.0,Vyskov,south Moravia,86513,38,36,5,1,5,50.5,8288,3.79,4.52,110,1562,1460
2223,0,44,POPLATEK MESICNE,726,107,1882.2635514018693,1814.884979639025,15874.646728971962,700.0,13772.7,21.4,0.0,0.0,1.0,2930.0,Chrudim,east Bohemia,105606,77,26,7,2,7,53.0,8254,2.79,3.76,97,2166,2325
646,0,51,POPLATEK MESICNE,725,122,3962.863114754098,3911.3256984732593,26378.653278688525,400.0,28997.1,24.4,0.0,1.0,1.0,4876.0,Trutnov,east Bohemia,121947,37,28,7,3,11,70.5,8541,2.51,2.97,131,3496,3839
2548,1,57,POPLATEK MESICNE,725,108,2785.834259259259,3545.5000564797024,32914.06759259259,300.0,37620.6,21.6,0.0,1.0,0.0,0.0,Hodonin,south Moravia,161954,21,37,20,3,8,48.0,8720,3.73,4.50,116,3729,3651
2567,0,17,POPLATEK MESICNE,724,120,1697.4025,1744.62404061819,16651.370833333334,700.0,10786.8,24.0,0.0,0.0,1.0,2574.0,Pelhrimov,south Bohemia,74062,99,15,4,2,7,61.4,8114,2.38,2.62,119,1003,1181
2153,0,31,POPLATEK TYDNE,724,182,8729.664285714285,11272.853898464255,29945.3,200.0,18308.8,36.4,1.0,0.0,4.0,19392.5,Tachov,west Bohemia,51313,34,12,3,1,4,59.2,8930,3.52,4.20,108,1328,1452
1243,0,1,POPLATEK MESICNE,724,42,5028.95,8827.831058459791,38116.27857142857,200.0,50015.9,8.4,0.0,1.0,0.0,0.0,Hl.m. Praha,Prague,1204953,0,0,0,1,1,100.0,12541,0.29,0.43,167,85677,99107
3238,0,47,POPLATEK MESICNE,724,148,7455.974324324324,9123.228501226678,39761.84527027027,400.0,28427.9,29.6,0.0,0.0,2.0,8902.0,Pardubice,east Bohemia,162580,83,26,5,1,6,72.8,9538,1.51,1.81,111,6079,5410
954,0,74,POPLATEK MESICNE,723,166,1899.8,2132.355648316924,33541.74578313253,1000.0,39312.5,33.2,0.0,1.0,3.0,3505.0,Ostrava - mesto,north Moravia,323870,0,0,0,1,1,100.0,10673,4.75,5.44,100,18782,18347
9633,0,70,POPLATEK MESICNE,723,172,9659.379651162792,12508.491191841133,44921.87093023256,-5525.0,56138.5,34.4,1.0,0.0,1.0,2476.8,Karvina,north Moravia,285387,0,2,8,5,7,89.9,10177,6.63,7.75,81,9878,10108
2716,0,66,POPLATEK MESICNE,723,149,7165.0852348993285,8343.462455892553,35467.311409395974,300.0,19173.4,29.8,0.0,0.0,2.0,8445.0,Zdar nad Sazavou,south Moravia,125832,151,41,2,3,5,48.3,8512,3.51,4.12,102,2247,2103
1580,0,69,POPLATEK MESICNE,723,146,13017.619863013699,14802.172082570061,51989.748630136986,400.0,49032.0,29.2,1.0,0.0,1.0,8094.2,Jesenik,north Moravia,42821,4,13,5,1,3,48.4,8173,?,7.01,124,?,1358
1483,0,10,POPLATEK MESICNE,722,145,2608.5793103448277,2738.6754216200266,26055.515862068965,400.0,40386.0,29.0,0.0,1.0,2.0,4663.0,Praha - vychod,central Bohemia,92084,55,29,4,3,5,46.7,10124,0.56,0.54,141,3810,4316
1263,0,30,POPLATEK TYDNE,722,127,12816.055905511812,15031.327330103184,63679.289763779525,200.0,35811.2,25.4,0.0,0.0,0.0,0.0,Sokolov,west Bohemia,94812,15,13,8,2,10,81.8,9650,3.38,3.67,100,2985,2804
3966,0,42,POPLATEK MESICNE,722,114,1700.071052631579,1790.68472831883,19198.06842105263,800.0,19286.8,22.8,0.0,0.0,1.0,1754.0,Havlickuv Brod,east Bohemia,95907,87,25,5,2,7,59.1,8388,2.41,2.94,87,1658,1668
3937,0,76,POPLATEK MESICNE,721,104,2216.9134615384614,2474.031689410097,17268.46923076923,800.0,26599.4,20.8,0.0,0.0,1.0,3385.0,Sumperk,north Moravia,127369,31,32,13,2,7,51.2,8369,4.73,5.88,107,3736,2807
1591,0,65,POPLATEK MESICNE,721,62,5381.066129032258,9020.807893701289,45254.35,600.0,35387.3,12.4,0.0,0.0,3.0,7859.0,Znojmo,south Moravia,114200,101,41,4,1,4,43.7,8403,5.74,5.72,105,2157,2718
658,0,4,POPLATEK MESICNE,721,107,1864.0289719626169,1870.324237958783,19851.680373831772,600.0,28733.3,21.4,0.0,0.0,1.0,2703.0,Kladno,central Bohemia,149893,63,29,6,2,6,67.4,9753,4.64,5.05,109,5244,5892
3638,0,52,POPLATEK PO OBRATU,721,133,12716.812781954888,14076.353886229406,47178.76691729324,500.0,44270.0,26.6,0.0,1.0,1.0,14417.0,Usti nad Orlici,east Bohemia,139012,59,41,8,3,10,61.9,8363,2.52,3.49,108,2564,2799
2605,0,21,POPLATEK MESICNE,721,123,2850.10243902439,2786.5744842852155,23352.517886178863,1000.0,17912.0,24.6,0.0,0.0,1.0,4245.0,Tabor,south Bohemia,103347,87,16,7,1,7,67.0,9104,1.51,2.07,123,2299,2354
3661,0,50,POPLATEK MESICNE,720,98,2184.691836734694,2016.399375465083,19164.319387755102,800.0,18885.0,19.6,0.0,0.0,1.0,3310.0,Svitavy,east Bohemia,102609,75,33,2,3,6,52.0,8187,4.83,5.45,94,2123,2134
2686,0,26,POPLATEK MESICNE,720,115,2386.110434782609,2533.7532645622064,17878.454782608696,5896.0,13598.7,23.0,0.0,1.0,1.0,1996.0,Plzen - mesto,west Bohemia,170449,0,0,0,1,1,100.0,10787,2.64,3.09,131,6041,6261
2944,0,22,POPLATEK MESICNE,720,148,2321.4297297297294,2575.9924771053447,22965.658108108106,1000.0,35839.9,29.6,0.0,0.0,2.0,3599.0,Domazlice,west Bohemia,58400,65,16,4,1,6,52.4,8620,1.10,1.25,100,1089,1117
4994,0,1,POPLATEK TYDNE,720,139,11577.294964028777,12979.771102754545,58296.89496402878,600.0,66155.9,27.8,1.0,0.0,1.0,7178.8,Hl.m. Praha,Prague,1204953,0,0,0,1,1,100.0,12541,0.29,0.43,167,85677,99107
3949,1,54,POPLATEK MESICNE,720,50,4498.856,8055.121259938313,38524.282,300.0,29742.6,10.0,0.0,0.0,0.0,0.0,Brno - mesto,south Moravia,387570,0,0,0,1,1,100.0,9897,1.60,1.96,140,18721,18696
332,0,36,POPLATEK MESICNE,719,127,1638.284251968504,1873.0117500383649,31363.665354330707,300.0,32107.3,25.4,0.0,0.0,1.0,2385.0,Liberec,north Bohemia,159617,29,19,8,1,9,85.2,9198,3.33,4.28,131,5796,6132
69,1,64,POPLATEK MESICNE,719,136,2979.4830882352944,6743.198965647127,32960.85220588236,600.0,30067.3,27.2,0.0,0.0,0.0,0.0,Zlin,south Moravia,197099,29,41,10,2,10,74.7,9624,1.60,2.31,145,4484,4265
3673,0,30,POPLATEK MESICNE,719,128,1345.109375,1433.990977109375,27395.978125,1100.0,29322.1,25.6,0.0,0.0,1.0,1939.0,Sokolov,west Bohemia,94812,15,13,8,2,10,81.8,9650,3.38,3.67,100,2985,2804
5267,0,4,POPLATEK MESICNE,719,163,12563.641717791412,14418.330621074656,46962.8754601227,-8657.3,56647.6,32.6,1.0,0.0,1.0,5388.5,Kladno,central Bohemia,149893,63,29,6,2,6,67.4,9753,4.64,5.05,109,5244,5892
3170,0,1,POPLATEK MESICNE,719,126,3143.3031746031747,3229.00278116787,30882.47619047619,900.0,40769.7,25.2,0.0,0.0,1.0,4187.0,Hl.m. Praha,Prague,1204953,0,0,0,1,1,100.0,12541,0.29,0.43,167,85677,99107
1632,0,18,POPLATEK TYDNE,718,152,17086.13552631579,16778.11176759811,76855.54078947369,1000.0,97466.4,30.4,0.0,0.0,1.0,1977.6,Pisek,south Bohemia,70699,60,13,2,1,4,65.3,8968,2.83,3.35,131,1740,1910
2143,0,1,POPLATEK MESICNE,718,144,7747.6819444444445,8999.720988423027,37277.84722222222,700.0,38599.3,28.8,1.0,0.0,2.0,9249.0,Hl.m. Praha,Prague,1204953,0,0,0,1,1,100.0,12541,0.29,0.43,167,85677,99107
1227,0,69,POPLATEK MESICNE,718,174,3958.431609195402,5329.549093224265,34459.300574712644,900.0,57000.8,34.8,0.0,0.0,4.0,8936.0,Jesenik,north Moravia,42821,4,13,5,1,3,48.4,8173,?,7.01,124,?,1358
204,0,67,POPLATEK MESICNE,718,100,1197.06,1186.7871037793468,15021.278999999999,600.0,18485.5,20.0,0.0,0.0,1.0,1950.0,Bruntal,north Moravia,106054,38,25,6,2,6,63.1,8110,5.77,6.55,109,3244,3079
1093,0,54,POPLATEK MESICNE,717,151,15669.382781456952,18353.164381184193,47881.82317880794,1000.0,50694.7,30.2,1.0,0.0,2.0,18283.8,Brno - mesto,south Moravia,387570,0,0,0,1,1,100.0,9897,1.60,1.96,140,18721,18696
1486,0,63,POPLATEK MESICNE,716,153,7299.062091503268,9419.594790536139,44970.58758169935,400.0,63483.4,30.6,0.0,0.0,3.0,8118.0,Vyskov,south Moravia,86513,38,36,5,1,5,50.5,8288,3.79,4.52,110,1562,1460
4253,0,43,POPLATEK MESICNE,715,134,15195.73880597015,17463.206155313925,61528.13432835821,1000.0,38576.8,26.8,0.0,0.0,2.0,11469.2,Hradec Kralove,east Bohemia,161854,73,21,6,1,6,76.3,9425,1.72,2.50,125,4085,3891
1196,0,29,POPLATEK MESICNE,715,109,11452.266055045871,12281.447165913098,52458.168807339454,800.0,105667.1,21.8,0.0,0.0,1.0,12445.0,Rokycany,west Bohemia,45714,52,10,5,1,6,55.6,8843,2.82,3.60,113,818,888
3442,0,4,POPLATEK MESICNE,715,100,1385.866,1370.8138828661554,15268.788999999999,900.0,19511.9,20.0,0.0,0.0,1.0,2230.0,Kladno,central Bohemia,149893,63,29,6,2,6,67.4,9753,4.64,5.05,109,5244,5892
9051,1,5,POPLATEK TYDNE,714,68,7350.130882352942,12790.304953621866,33218.230882352946,600.0,8007.0,13.6,0.0,0.0,0.0,0.0,Kolin,central Bohemia,95616,65,30,4,1,6,51.4,9307,3.85,4.43,118,2616,3040
3373,0,27,POPLATEK MESICNE,713,127,7362.596062992126,8490.990585305479,23620.51181102362,900.0,24836.7,25.4,0.0,0.0,2.0,9211.0,Plzen - jih,west Bohemia,67298,71,19,10,0,7,43.8,8561,0.65,1.29,110,1029,1127
1036,0,11,POPLATEK MESICNE,713,127,9108.21968503937,10734.394237380066,52882.16850393701,600.0,61578.9,25.4,0.0,0.0,1.0,4095.0,Praha - zapad,central Bohemia,75637,35,36,9,0,7,36.5,9622,0.45,0.59,154,3475,3529
3727,0,66,POPLATEK MESICNE,712,150,3947.488,5088.142136457534,40462.496666666666,600.0,75984.4,30.0,0.0,0.0,3.0,8464.0,Zdar nad Sazavou,south Moravia,125832,151,41,2,3,5,48.3,8512,3.51,4.12,102,2247,2103
2844,0,43,POPLATEK MESICNE,712,108,9145.533333333333,10176.45837261337,54289.41018518518,400.0,80857.3,21.6,0.0,0.0,0.0,0.0,Hradec Kralove,east Bohemia,161854,73,21,6,1,6,76.3,9425,1.72,2.50,125,4085,3891
10297,0,14,POPLATEK MESICNE,712,147,7342.070068027211,8062.459253718124,40510.06802721089,600.0,56087.2,29.4,1.0,0.0,2.0,18673.0,Ceske Budejovice,south Bohemia,177686,69,27,10,1,9,74.8,10045,1.42,1.71,135,6604,6295
3755,0,64,POPLATEK MESICNE,711,144,14493.784722222223,15156.219891642537,49426.66875,200.0,82854.9,28.8,0.0,0.0,2.0,16456.1,Zlin,south Moravia,197099,29,41,10,2,10,74.7,9624,1.60,2.31,145,4484,4265
1298,0,7,POPLATEK MESICNE,711,128,4705.74765625,5181.29644229961,29070.39921875,400.0,43603.3,25.6,0.0,0.0,1.0,5822.0,Melnik,central Bohemia,94725,38,28,1,3,6,63.4,9920,2.26,2.87,130,4289,4846
1139,0,34,POPLATEK PO OBRATU,711,140,11524.492857142857,14423.050084682933,74161.91428571429,900.0,60540.9,28.0,0.0,0.0,5.0,10247.8,Chomutov,north Bohemia,125236,28,11,1,4,5,87.7,9675,6.43,7.68,100,5323,5190
660,0,68,POPLATEK MESICNE,711,144,5457.690277777778,6442.769352405567,34821.45694444444,1100.0,52532.6,28.8,0.0,0.0,2.0,6572.0,Frydek - Mistek,north Moravia,228848,15,40,18,2,6,57.2,9893,4.09,4.72,96,5623,5887
335,0,74,POPLATEK MESICNE,711,109,2210.8330275229355,2191.0930752605286,22630.44403669725,1000.0,27679.9,21.8,0.0,1.0,1.0,2697.0,Ostrava - mesto,north Moravia,323870,0,0,0,1,1,100.0,10673,4.75,5.44,100,18782,18347
412,0,74,POPLATEK MESICNE,710,127,9099.403937007874,10560.358699801653,53563.07716535433,700.0,30513.0,25.4,0.0,0.0,1.0,8727.0,Ostrava - mesto,north Moravia,323870,0,0,0,1,1,100.0,10673,4.75,5.44,100,18782,18347
2863,0,14,POPLATEK MESICNE,710,140,3458.825714285714,3956.594732363748,34505.255000000005,200.0,47591.2,28.0,0.0,0.0,2.0,6168.0,Ceske Budejovice,south Bohemia,177686,69,27,10,1,9,74.8,10045,1.42,1.71,135,6604,6295
2274,0,66,POPLATEK MESICNE,710,120,1667.4625,3206.252261658252,28643.535,300.0,36553.0,24.0,0.0,0.0,0.0,0.0,Zdar nad Sazavou,south Moravia,125832,151,41,2,3,5,48.3,8512,3.51,4.12,102,2247,2103
2522,0,36,POPLATEK MESICNE,710,127,9253.74409448819,9957.126978221242,25590.080314960633,-2981.2,8117.2,25.4,0.0,1.0,0.0,0.0,Liberec,north Bohemia,159617,29,19,8,1,9,85.2,9198,3.33,4.28,131,5796,6132
4981,1,54,POPLATEK MESICNE,709,146,7898.770547945205,9360.609961654744,41471.45136986302,200.0,27709.7,29.2,1.0,0.0,2.0,8666.0,Brno - mesto,south Moravia,387570,0,0,0,1,1,100.0,9897,1.60,1.96,140,18721,18696
771,0,22,POPLATEK MESICNE,709,145,6741.539310344827,8523.045169741732,39550.59241379311,1100.0,33468.2,29.0,0.0,0.0,2.0,5030.0,Domazlice,west Bohemia,58400,65,16,4,1,6,52.4,8620,1.10,1.25,100,1089,1117
3832,0,45,POPLATEK MESICNE,709,139,2883.0791366906474,3252.961272161838,22522.2964028777,200.0,27505.2,27.8,0.0,0.0,2.0,4336.0,Jicin,east Bohemia,77917,85,19,6,1,5,53.5,8390,2.28,2.89,132,2080,2122
1508,0,69,POPLATEK MESICNE,709,100,12725.077,15128.116403657035,44000.172,500.0,14311.9,20.0,0.0,0.0,2.0,10624.7,Jesenik,north Moravia,42821,4,13,5,1,3,48.4,8173,?,7.01,124,?,1358
3784,0,25,POPLATEK MESICNE,709,145,2774.8758620689655,2905.3466456803553,24654.544137931032,400.0,20348.6,29.0,0.0,0.0,2.0,4943.0,Klatovy,west Bohemia,88757,60,33,3,2,10,61.7,8554,2.47,2.68,113,1822,2218
9645,0,38,POPLATEK MESICNE,708,147,11671.980952380953,13961.636654012871,48683.95646258503,1100.0,45150.1,29.4,1.0,0.0,2.0,10076.0,Louny,north Bohemia,85852,41,23,4,2,4,59.8,8965,7.08,8.23,104,2653,2822
3947,0,76,POPLATEK MESICNE,708,141,7041.268794326242,9140.828171311818,50861.79290780142,400.0,40654.5,28.2,0.0,1.0,2.0,3088.0,Sumperk,north Moravia,127369,31,32,13,2,7,51.2,8369,4.73,5.88,107,3736,2807
2416,1,5,POPLATEK MESICNE,708,119,7050.793277310924,7080.4722155523405,34751.71596638655,700.0,32834.0,23.8,0.0,0.0,1.0,9425.0,Kolin,central Bohemia,95616,65,30,4,1,6,51.4,9307,3.85,4.43,118,2616,3040
2243,0,25,POPLATEK MESICNE,707,147,4730.670068027211,5835.561175529266,36875.57346938775,200.0,46276.3,29.4,0.0,0.0,2.0,4437.0,Klatovy,west Bohemia,88757,60,33,3,2,10,61.7,8554,2.47,2.68,113,1822,2218
3993,0,54,POPLATEK MESICNE,707,123,7720.760975609756,8324.017358318,50377.07073170732,400.0,63745.2,24.6,0.0,0.0,1.0,7616.0,Brno - mesto,south Moravia,387570,0,0,0,1,1,100.0,9897,1.60,1.96,140,18721,18696
2225,0,15,POPLATEK MESICNE,707,108,1748.5472222222222,1704.844873007585,17722.29351851852,1000.0,12627.0,21.6,0.0,0.0,1.0,1946.0,Cesky Krumlov,south Bohemia,58796,22,16,7,1,5,51.9,9045,3.13,3.60,124,1845,1879
1759,0,39,POPLATEK MESICNE,706,136,3682.434558823529,4415.967494233871,17184.455147058823,300.0,15599.0,27.2,0.0,1.0,2.0,3722.0,Most,north Bohemia,119895,17,4,3,2,4,89.9,10446,7.34,9.40,90,4947,4743
2207,0,35,POPLATEK MESICNE,706,107,10127.51121495327,11029.534809878694,44510.06261682243,200.0,37023.4,21.4,0.0,0.0,0.0,0.0,Jablonec n. Nisou,north Bohemia,88768,10,18,5,1,7,80.5,8867,1.02,1.21,130,3384,3620
3803,0,61,POPLATEK MESICNE,705,116,3495.6155172413796,3800.734232992894,24702.703448275865,1100.0,28568.5,23.2,0.0,0.0,1.0,5188.0,Trebic,south Moravia,117897,139,28,5,1,6,53.8,8814,4.76,5.74,107,2112,2059
2754,0,57,POPLATEK TYDNE,705,155,13348.14,17722.649358057322,41614.62387096774,500.0,35428.7,31.0,1.0,0.0,3.0,10093.3,Hodonin,south Moravia,161954,21,37,20,3,8,48.0,8720,3.73,4.50,116,3729,3651
3009,0,1,POPLATEK MESICNE,705,91,1898.1857142857143,1882.1762832524735,18307.573626373625,900.0,20858.1,18.2,0.0,0.0,1.0,2739.0,Hl.m. Praha,Prague,1204953,0,0,0,1,1,100.0,12541,0.29,0.43,167,85677,99107
314,0,15,POPLATEK PO OBRATU,705,145,12623.402068965517,14886.642671813534,41285.21655172414,700.0,37953.2,29.0,1.0,0.0,2.0,16476.0,Cesky Krumlov,south Bohemia,58796,22,16,7,1,5,51.9,9045,3.13,3.60,124,1845,1879
554,0,26,POPLATEK MESICNE,705,135,1650.717037037037,3188.3332774102987,31710.066666666666,800.0,35604.3,27.0,0.0,0.0,0.0,0.0,Plzen - mesto,west Bohemia,170449,0,0,0,1,1,100.0,10787,2.64,3.09,131,6041,6261
2217,0,73,POPLATEK MESICNE,704,24,2679.1666666666665,2640.484008113181,18787.5,900.0,19500.0,4.8,0.0,0.0,0.0,0.0,Opava,north Moravia,182027,17,49,12,2,7,56.4,8746,3.33,3.74,90,4355,4433
262,0,75,POPLATEK MESICNE,704,17,2688.235294117647,2526.084507924561,13523.529411764706,200.0,9100.0,3.4,0.0,0.0,0.0,0.0,Prerov,north Moravia,138032,67,30,4,2,5,64.6,8819,5.38,5.66,99,4063,4505
2214,0,45,POPLATEK MESICNE,704,107,6209.041121495327,6540.452513338544,37986.134579439255,400.0,30187.3,21.4,0.0,1.0,1.0,948.0,Jicin,east Bohemia,77917,85,19,6,1,5,53.5,8390,2.28,2.89,132,2080,2122
976,0,77,POPLATEK MESICNE,704,124,8077.302419354839,8919.472886877913,43589.407258064515,900.0,56646.4,24.8,0.0,0.0,1.0,5244.0,Vsetin,north Moravia,148545,8,35,12,3,4,53.5,8909,4.01,5.56,113,3460,3590
1439,0,11,POPLATEK MESICNE,704,106,1295.1358490566038,1265.6539982451895,15254.102830188678,700.0,12893.5,21.2,0.0,0.0,1.0,2122.0,Praha - zapad,central Bohemia,75637,35,36,9,0,7,36.5,9622,0.45,0.59,154,3475,3529
417,1,73,POPLATEK MESICNE,704,140,15044.549285714285,16295.388369249624,59788.26142857142,-1427.7,75600.2,28.0,0.0,0.0,0.0,0.0,Opava,north Moravia,182027,17,49,12,2,7,56.4,8746,3.33,3.74,90,4355,4433
3084,0,59,POPLATEK TYDNE,703,114,7286.293859649123,8808.42696356392,22036.455263157895,-4976.4,24279.0,22.8,1.0,1.0,1.0,7042.0,Kromeriz,south Moravia,108871,41,29,7,2,6,62.1,8444,3.24,3.47,106,2595,2305
4204,0,21,POPLATEK MESICNE,702,40,3641.0875,7484.519735313768,23545.1225,600.0,23043.3,8.0,0.0,0.0,0.0,0.0,Tabor,south Bohemia,103347,87,16,7,1,7,67.0,9104,1.51,2.07,123,2299,2354
9504,0,9,POPLATEK MESICNE,702,132,13883.271969696969,16408.005931132477,45862.30606060606,700.0,30985.0,26.4,1.0,0.0,1.0,5688.0,Nymburk,central Bohemia,81344,61,23,4,2,6,55.3,8899,3.39,3.97,149,2987,2487
414,0,1,POPLATEK MESICNE,702,127,7023.018897637796,7370.059582265802,29764.92992125984,900.0,25183.0,25.4,0.0,1.0,1.0,7870.0,Hl.m. Praha,Prague,1204953,0,0,0,1,1,100.0,12541,0.29,0.43,167,85677,99107
4424,0,48,POPLATEK MESICNE,702,100,3963.929,4130.419563502556,34575.863,500.0,43038.1,20.0,0.0,0.0,1.0,720.0,Rychnov nad Kneznou,east Bohemia,78955,50,24,8,1,9,59.0,9060,1.78,2.44,124,1655,1717
3389,0,13,POPLATEK MESICNE,701,156,12282.712820512821,13009.581330337778,63545.48653846154,1100.0,69479.3,31.2,0.0,0.0,1.0,4882.0,Rakovnik,central Bohemia,53921,61,22,1,1,2,41.3,8598,2.77,3.26,123,1597,1875
2106,0,1,POPLATEK MESICNE,699,122,4974.225409836065,5189.421941542771,21605.62459016393,400.0,23316.4,24.4,1.0,0.0,2.0,11928.0,Hl.m. Praha,Prague,1204953,0,0,0,1,1,100.0,12541,0.29,0.43,167,85677,99107
355,0,62,POPLATEK TYDNE,699,147,4772.304081632653,5064.501969603745,32121.635374149664,600.0,33918.8,29.4,0.0,0.0,2.0,7939.0,Uherske Hradiste,south Moravia,145688,22,41,13,2,5,40.7,8544,1.29,1.86,109,2719,2906
2702,0,74,POPLATEK MESICNE,699,138,8797.44347826087,11435.416964805949,43966.98333333334,1000.0,22442.3,27.6,0.0,0.0,2.0,3566.0,Ostrava - mesto,north Moravia,323870,0,0,0,1,1,100.0,10673,4.75,5.44,100,18782,18347
11054,0,59,POPLATEK TYDNE,699,147,6320.85306122449,6273.922285745669,31565.22789115646,400.0,43633.2,29.4,1.0,0.0,2.0,13988.0,Kromeriz,south Moravia,108871,41,29,7,2,6,62.1,8444,3.24,3.47,106,2595,2305
10558,0,40,POPLATEK MESICNE,699,115,6309.689565217392,11532.66918009157,30211.16695652174,-4724.6,23374.6,23.0,0.0,0.0,0.0,0.0,Teplice,north Bohemia,128118,9,16,6,3,8,85.3,9317,6.49,7.07,97,6949,6872
1859,0,50,POPLATEK MESICNE,698,117,2576.35811965812,2781.369146017942,19023.893162393164,1100.0,19403.1,23.4,0.0,0.0,1.0,2826.0,Svitavy,east Bohemia,102609,75,33,2,3,6,52.0,8187,4.83,5.45,94,2123,2134
2109,0,34,POPLATEK MESICNE,698,49,3790.659183673469,6344.510867734354,41057.90408163265,600.0,58542.6,9.8,0.0,0.0,0.0,0.0,Chomutov,north Bohemia,125236,28,11,1,4,5,87.7,9675,6.43,7.68,100,5323,5190
6512,1,34,POPLATEK TYDNE,697,116,5618.3456896551725,5675.960546303916,29703.44051724138,-3333.5,20752.4,23.2,0.0,0.0,0.0,0.0,Chomutov,north Bohemia,125236,28,11,1,4,5,87.7,9675,6.43,7.68,100,5323,5190
1963,0,42,POPLATEK MESICNE,697,128,8475.28828125,10436.951501424632,59428.45234375,400.0,80846.9,25.6,0.0,0.0,1.0,3175.0,Havlickuv Brod,east Bohemia,95907,87,25,5,2,7,59.1,8388,2.41,2.94,87,1658,1668
1977,0,41,POPLATEK MESICNE,697,107,4142.216822429907,4702.973520169175,25722.805607476635,200.0,22262.0,21.4,0.0,0.0,0.0,0.0,Usti nad Labem,north Bohemia,118650,8,8,5,1,3,85.6,9832,3.32,4.48,114,6445,5471
5181,0,75,POPLATEK MESICNE,697,96,6661.679166666666,8542.83813373169,36849.973958333336,300.0,28901.9,19.2,1.0,0.0,1.0,6652.5,Prerov,north Moravia,138032,67,30,4,2,5,64.6,8819,5.38,5.66,99,4063,4505
1791,0,1,POPLATEK MESICNE,697,124,5060.225806451613,5356.770130152691,41347.087096774194,300.0,49025.1,24.8,0.0,1.0,1.0,6956.0,Hl.m. Praha,Prague,1204953,0,0,0,1,1,100.0,12541,0.29,0.43,167,85677,99107
2635,0,27,POPLATEK MESICNE,696,117,12443.276068376068,14198.262143132588,61870.606837606836,700.0,61527.0,23.4,0.0,0.0,0.0,0.0,Plzen - jih,west Bohemia,67298,71,19,10,0,7,43.8,8561,0.65,1.29,110,1029,1127
1623,0,1,POPLATEK MESICNE,696,128,9493.553125,10523.015882130974,42524.27421875,800.0,30434.4,25.6,0.0,0.0,1.0,9160.0,Hl.m. Praha,Prague,1204953,0,0,0,1,1,100.0,12541,0.29,0.43,167,85677,99107
4293,0,64,POPLATEK PO OBRATU,696,113,13265.391150442478,15358.129965495931,59122.98584070797,500.0,70009.1,22.6,1.0,1.0,2.0,9358.0,Zlin,south Moravia,197099,29,41,10,2,10,74.7,9624,1.60,2.31,145,4484,4265
4851,0,52,POPLATEK MESICNE,696,129,10266.253488372093,13639.478366652525,40753.64031007751,200.0,60656.9,25.8,1.0,0.0,2.0,10187.2,Usti nad Orlici,east Bohemia,139012,59,41,8,3,10,61.9,8363,2.52,3.49,108,2564,2799
2774,0,42,POPLATEK MESICNE,695,115,2667.7686956521743,2844.710119119075,19600.81304347826,300.0,17789.1,23.0,0.0,0.0,1.0,3628.0,Havlickuv Brod,east Bohemia,95907,87,25,5,2,7,59.1,8388,2.41,2.94,87,1658,1668
2469,0,11,POPLATEK MESICNE,695,92,1400.3836956521739,1384.7015568704248,18469.089130434782,200.0,20789.7,18.4,0.0,1.0,1.0,2220.0,Praha - zapad,central Bohemia,75637,35,36,9,0,7,36.5,9622,0.45,0.59,154,3475,3529
3931,0,28,POPLATEK MESICNE,695,107,8780.253271028037,9856.579096938798,58042.88037383178,1000.0,60066.6,21.4,0.0,0.0,0.0,0.0,Plzen - sever,west Bohemia,72541,66,26,10,0,8,36.9,8594,1.62,2.01,112,1580,1525
2348,0,65,POPLATEK MESICNE,695,136,5433.825735294118,6289.49040375788,26555.405147058824,600.0,13484.0,27.2,0.0,0.0,2.0,6406.0,Znojmo,south Moravia,114200,101,41,4,1,4,43.7,8403,5.74,5.72,105,2157,2718
218,0,68,POPLATEK MESICNE,694,131,16088.332824427482,17159.558057579827,49122.89923664122,-2171.7,49833.8,26.2,0.0,0.0,1.0,3182.0,Frydek - Mistek,north Moravia,228848,15,40,18,2,6,57.2,9893,4.09,4.72,96,5623,5887
804,0,64,POPLATEK MESICNE,694,134,2819.0529850746266,3330.281924002364,37605.249253731345,500.0,41697.9,26.8,0.0,0.0,2.0,3024.0,Zlin,south Moravia,197099,29,41,10,2,10,74.7,9624,1.60,2.31,145,4484,4265
923,0,13,POPLATEK MESICNE,693,116,2098.9077586206895,2230.8708524251574,20697.844827586207,5678.0,23766.4,23.2,0.0,0.0,1.0,2087.0,Rakovnik,central Bohemia,53921,61,22,1,1,2,41.3,8598,2.77,3.26,123,1597,1875
1744,0,76,POPLATEK MESICNE,693,104,2263.076923076923,2406.999288935918,19777.018269230768,600.0,29227.8,20.8,0.0,0.0,1.0,3317.0,Sumperk,north Moravia,127369,31,32,13,2,7,51.2,8369,4.73,5.88,107,3736,2807
2890,0,69,POPLATEK MESICNE,693,143,7982.927972027972,10047.230119483676,40124.16293706294,500.0,30404.4,28.6,0.0,0.0,2.0,5653.0,Jesenik,north Moravia,42821,4,13,5,1,3,48.4,8173,?,7.01,124,?,1358
1233,0,31,POPLATEK MESICNE,692,107,1357.926168224299,1365.1532113432686,16201.914953271027,3390.0,13997.8,21.4,0.0,0.0,1.0,2260.0,Tachov,west Bohemia,51313,34,12,3,1,4,59.2,8930,3.52,4.20,108,1328,1452
2719,0,10,POPLATEK MESICNE,692,115,2253.1165217391303,2455.997912841648,21474.071304347828,500.0,19489.7,23.0,0.0,0.0,1.0,2889.0,Praha - vychod,central Bohemia,92084,55,29,4,3,5,46.7,10124,0.56,0.54,141,3810,4316
516,0,6,POPLATEK MESICNE,692,106,2664.8698113207547,2645.96618677491,28942.507547169815,500.0,33767.9,21.2,0.0,0.0,1.0,3736.0,Kutna Hora,central Bohemia,77963,60,23,4,2,4,51.5,8546,2.95,4.02,126,2640,3120
2551,0,5,POPLATEK MESICNE,692,139,8921.354676258994,11178.410213658068,30696.115827338126,1100.0,31276.8,27.8,0.0,0.0,3.0,16809.0,Kolin,central Bohemia,95616,65,30,4,1,6,51.4,9307,3.85,4.43,118,2616,3040
2499,0,2,POPLATEK MESICNE,692,162,2332.8327160493827,3116.085535284408,28006.35185185185,400.0,29804.7,32.4,0.0,0.0,3.0,3903.0,Benesov,central Bohemia,88884,80,26,6,2,5,46.7,8507,1.67,1.85,132,2159,2674
2893,0,39,POPLATEK MESICNE,692,114,1144.0236842105262,1210.9401783856981,17765.47456140351,700.0,22463.6,22.8,0.0,0.0,2.0,2254.0,Most,north Bohemia,119895,17,4,3,2,4,89.9,10446,7.34,9.40,90,4947,4743
1922,0,60,POPLATEK MESICNE,691,102,7805.544117647059,10079.3170289958,65940.58725490197,800.0,83654.4,20.4,0.0,0.0,0.0,0.0,Prostejov,south Moravia,110643,49,41,4,1,4,51.9,8441,3.45,4.48,115,1879,2252
264,0,15,POPLATEK MESICNE,691,121,2495.2024793388427,2417.193325617641,31438.397520661158,900.0,32887.4,24.2,0.0,1.0,1.0,3307.0,Cesky Krumlov,south Bohemia,58796,22,16,7,1,5,51.9,9045,3.13,3.60,124,1845,1879
3890,0,50,POPLATEK MESICNE,690,121,3490.7338842975205,3437.0521363166654,26477.324793388427,400.0,39880.8,24.2,0.0,1.0,1.0,5467.0,Svitavy,east Bohemia,102609,75,33,2,3,6,52.0,8187,4.83,5.45,94,2123,2134
6686,0,61,POPLATEK MESICNE,690,122,11331.123770491804,12708.926459464426,41008.390163934426,600.0,24403.4,24.4,1.0,0.0,1.0,4853.8,Trebic,south Moravia,117897,139,28,5,1,6,53.8,8814,4.76,5.74,107,2112,2059
3519,0,52,POPLATEK MESICNE,690,119,1829.4571428571428,3481.6455926971807,24649.690756302523,900.0,28092.0,23.8,0.0,1.0,0.0,0.0,Usti nad Orlici,east Bohemia,139012,59,41,8,3,10,61.9,8363,2.52,3.49,108,2564,2799
3597,1,1,POPLATEK PO OBRATU,689,138,13802.134057971014,14769.500914203938,67455.13405797101,500.0,60086.5,27.6,0.0,0.0,2.0,6516.7,Hl.m. Praha,Prague,1204953,0,0,0,1,1,100.0,12541,0.29,0.43,167,85677,99107
1611,0,69,POPLATEK MESICNE,689,134,3994.517164179105,5194.942394848417,40562.752238805966,500.0,56744.2,26.8,0.0,0.0,2.0,3806.0,Jesenik,north Moravia,42821,4,13,5,1,3,48.4,8173,?,7.01,124,?,1358
2230,0,7,POPLATEK MESICNE,689,97,2109.314432989691,2185.3429902892094,24863.04948453608,200.0,32300.6,19.4,0.0,0.0,1.0,2612.0,Melnik,central Bohemia,94725,38,28,1,3,6,63.4,9920,2.26,2.87,130,4289,4846
3933,0,61,POPLATEK MESICNE,689,98,7951.332653061224,10106.494608778718,40544.40918367347,700.0,70959.6,19.6,0.0,0.0,1.0,1616.2,Trebic,south Moravia,117897,139,28,5,1,6,53.8,8814,4.76,5.74,107,2112,2059
2212,0,33,POPLATEK MESICNE,688,101,2181.8564356435645,2189.688527321447,19775.26732673267,800.0,27079.3,20.2,0.0,0.0,1.0,3206.0,Decin,north Bohemia,133777,24,17,7,3,11,84.7,8705,5.75,7.61,116,4650,4859
1964,0,25,POPLATEK MESICNE,688,106,2576.057547169811,2611.5035670571124,21002.48773584906,1100.0,20759.1,21.2,0.0,0.0,1.0,2438.0,Klatovy,west Bohemia,88757,60,33,3,2,10,61.7,8554,2.47,2.68,113,1822,2218
4999,0,1,POPLATEK MESICNE,688,152,8616.9,10235.151355018274,38600.01381578947,300.0,62269.9,30.4,1.0,0.0,3.0,17943.5,Hl.m. Praha,Prague,1204953,0,0,0,1,1,100.0,12541,0.29,0.43,167,85677,99107
8680,0,17,POPLATEK MESICNE,688,156,4474.601282051282,5592.86147153139,22991.21794871795,800.0,23590.4,31.2,1.0,0.0,3.0,14545.2,Pelhrimov,south Bohemia,74062,99,15,4,2,7,61.4,8114,2.38,2.62,119,1003,1181
1612,0,66,POPLATEK MESICNE,688,99,9786.226262626264,10884.544850238537,39533.472727272725,400.0,59325.2,19.8,0.0,0.0,0.0,0.0,Zdar nad Sazavou,south Moravia,125832,151,41,2,3,5,48.3,8512,3.51,4.12,102,2247,2103
2390,1,1,POPLATEK MESICNE,688,165,13716.461212121212,14870.352079670618,55892.77454545455,700.0,93418.6,33.0,0.0,0.0,3.0,16023.0,Hl.m. Praha,Prague,1204953,0,0,0,1,1,100.0,12541,0.29,0.43,167,85677,99107
2600,0,1,POPLATEK MESICNE,687,162,15992.014814814815,16511.546293232746,70955.51975308641,1000.0,32385.8,32.4,0.0,0.0,1.0,4379.0,Hl.m. Praha,Prague,1204953,0,0,0,1,1,100.0,12541,0.29,0.43,167,85677,99107
1737,0,77,POPLATEK MESICNE,687,131,4291.795419847328,4762.89257881841,37939.11832061069,600.0,42531.6,26.2,0.0,0.0,2.0,5432.0,Vsetin,north Moravia,148545,8,35,12,3,4,53.5,8909,4.01,5.56,113,3460,3590
2993,0,1,POPLATEK TYDNE,687,142,13612.48309859155,15228.66456830797,63344.607746478876,1100.0,62598.4,28.4,0.0,0.0,0.0,0.0,Hl.m. Praha,Prague,1204953,0,0,0,1,1,100.0,12541,0.29,0.43,167,85677,99107
2753,0,26,POPLATEK MESICNE,687,130,8010.493846153846,9012.090958191753,31781.23692307692,700.0,25299.1,26.0,1.0,0.0,2.0,9637.0,Plzen - mesto,west Bohemia,170449,0,0,0,1,1,100.0,10787,2.64,3.09,131,6041,6261
2409,0,76,POPLATEK MESICNE,687,119,4066.6042016806723,4193.0908284129955,41654.37731092437,1100.0,43446.9,23.8,0.0,0.0,1.0,5028.0,Sumperk,north Moravia,127369,31,32,13,2,7,51.2,8369,4.73,5.88,107,3736,2807
949,0,58,POPLATEK MESICNE,687,105,6082.247619047619,6908.966926881983,29814.61523809524,-501.6,58035.5,21.0,0.0,0.0,0.0,0.0,Jihlava,south Moravia,109164,98,16,6,1,4,63.6,8757,3.38,3.95,96,2212,2471
3468,0,32,POPLATEK MESICNE,686,132,3710.072727272727,4488.932945327595,36593.329545454544,300.0,57219.9,26.4,0.0,0.0,3.0,5685.0,Ceska Lipa,north Bohemia,105058,32,19,7,2,10,81.0,9272,2.80,3.22,118,4340,4505
3979,1,37,POPLATEK MESICNE,686,117,4330.923076923077,4473.073023841443,34473.42307692308,700.0,30336.3,23.4,0.0,0.0,1.0,6256.0,Litomerice,north Bohemia,114006,71,26,6,2,9,62.3,9065,4.46,5.39,123,4147,4166
296,0,49,POPLATEK MESICNE,686,108,1807.7824074074074,1942.0091143336324,16006.856481481482,300.0,13818.7,21.6,0.0,0.0,1.0,2646.0,Semily,east Bohemia,75685,31,28,5,1,9,60.8,8208,1.89,2.26,155,1660,2123
1836,0,42,POPLATEK MESICNE,685,140,5975.269285714286,7291.160636554558,34867.783571428576,900.0,35775.7,28.0,0.0,1.0,2.0,8351.0,Havlickuv Brod,east Bohemia,95907,87,25,5,2,7,59.1,8388,2.41,2.94,87,1658,1668
1111,0,5,POPLATEK MESICNE,684,114,8268.052631578947,9586.637893158922,46520.92105263158,400.0,60404.4,22.8,0.0,0.0,1.0,3962.0,Kolin,central Bohemia,95616,65,30,4,1,6,51.4,9307,3.85,4.43,118,2616,3040
3680,0,27,POPLATEK MESICNE,684,116,1975.2775862068966,2096.0134319220383,23008.762931034482,1000.0,31621.2,23.2,0.0,0.0,2.0,3500.0,Plzen - jih,west Bohemia,67298,71,19,10,0,7,43.8,8561,0.65,1.29,110,1029,1127
1916,0,72,POPLATEK MESICNE,684,111,2963.2126126126122,3009.7884784367125,24460.35675675676,300.0,29659.5,22.2,0.0,0.0,1.0,4269.0,Olomouc,north Moravia,226122,32,50,7,4,4,62.6,8994,3.80,4.79,110,9672,9208
2473,0,14,POPLATEK MESICNE,684,109,1064.0174311926605,1193.4855293110268,15758.077064220182,200.0,18568.3,21.8,0.0,0.0,2.0,1996.0,Ceske Budejovice,south Bohemia,177686,69,27,10,1,9,74.8,10045,1.42,1.71,135,6604,6295
390,0,44,POPLATEK MESICNE,684,178,17805.842696629214,18308.52885534754,74258.41629213483,400.0,47175.4,35.6,0.0,0.0,1.0,4977.0,Chrudim,east Bohemia,105606,77,26,7,2,7,53.0,8254,2.79,3.76,97,2166,2325
3439,0,16,POPLATEK MESICNE,684,115,7278.938260869565,7527.478328979772,30643.007826086956,700.0,28758.1,23.0,0.0,1.0,1.0,7541.0,Jindrichuv Hradec,south Bohemia,93931,74,21,10,1,8,56.9,8427,1.12,1.54,107,1874,1913
7594,0,16,POPLATEK MESICNE,684,196,8002.016836734694,12007.187997677107,52904.642857142855,1000.0,27835.3,39.2,1.0,0.0,5.0,8742.0,Jindrichuv Hradec,south Bohemia,93931,74,21,10,1,8,56.9,8427,1.12,1.54,107,1874,1913
3578,0,1,POPLATEK MESICNE,683,117,4952.726495726496,5365.934642779859,50338.54615384616,600.0,60147.2,23.4,0.0,0.0,1.0,4051.0,Hl.m. Praha,Prague,1204953,0,0,0,1,1,100.0,12541,0.29,0.43,167,85677,99107
2226,0,2,POPLATEK MESICNE,683,136,6694.886029411765,8100.856118846195,36340.46911764706,1100.0,36845.2,27.2,0.0,1.0,2.0,8082.0,Benesov,central Bohemia,88884,80,26,6,2,5,46.7,8507,1.67,1.85,132,2159,2674
466,0,71,POPLATEK MESICNE,682,22,3104.5454545454545,3052.94194924413,37663.63636363636,500.0,59500.0,4.4,0.0,1.0,0.0,0.0,Novy Jicin,north Moravia,161227,5,35,11,4,10,69.7,8678,5.93,5.57,102,4980,4595
3335,0,35,POPLATEK MESICNE,682,89,1371.1730337078652,1368.934001228365,20443.43595505618,1000.0,26323.3,17.8,0.0,0.0,1.0,2170.0,Jablonec n. Nisou,north Bohemia,88768,10,18,5,1,7,80.5,8867,1.02,1.21,130,3384,3620
620,0,26,POPLATEK MESICNE,682,23,2647.8260869565215,2609.400761097423,18973.91304347826,1000.0,13900.0,4.6,0.0,0.0,0.0,0.0,Plzen - mesto,west Bohemia,170449,0,0,0,1,1,100.0,10787,2.64,3.09,131,6041,6261
2074,0,12,POPLATEK MESICNE,682,134,8262.564179104478,10436.035458952392,39387.05597014925,900.0,18026.1,26.8,0.0,1.0,2.0,4922.0,Pribram,central Bohemia,107870,84,29,6,1,6,58.0,8754,3.83,4.31,137,3804,3868
1380,0,53,POPLATEK MESICNE,681,137,8095.313868613139,9705.950756397597,51444.020437956206,1100.0,45688.2,27.4,0.0,1.0,3.0,11129.0,Blansko,south Moravia,107911,88,33,6,2,7,50.9,8240,2.53,3.56,99,1850,1903
2304,0,49,POPLATEK MESICNE,681,80,12072.4125,15113.026397691166,42990.5675,500.0,30106.4,16.0,0.0,0.0,0.0,0.0,Semily,east Bohemia,75685,31,28,5,1,9,60.8,8208,1.89,2.26,155,1660,2123
3754,0,37,POPLATEK TYDNE,681,196,7074.908673469388,10757.16340737179,47673.20510204081,900.0,53377.9,39.2,1.0,0.0,5.0,9829.0,Litomerice,north Bohemia,114006,71,26,6,2,9,62.3,9065,4.46,5.39,123,4147,4166
1102,0,70,POPLATEK MESICNE,681,113,3041.673451327433,3090.5086680263526,22908.22743362832,700.0,29097.5,22.6,0.0,0.0,1.0,3559.0,Karvina,north Moravia,285387,0,2,8,5,7,89.9,10177,6.63,7.75,81,9878,10108
55,0,20,POPLATEK MESICNE,681,93,2038.774193548387,1915.3866690398272,16980.233333333334,300.0,17290.9,18.6,0.0,0.0,1.0,3086.0,Strakonice,south Bohemia,70646,94,14,3,1,4,58.4,8547,2.65,3.64,120,1563,1542
2403,0,25,POPLATEK MESICNE,680,118,2146.2186440677965,2056.586168351464,23128.987288135595,400.0,27827.1,23.6,0.0,0.0,1.0,3031.0,Klatovy,west Bohemia,88757,60,33,3,2,10,61.7,8554,2.47,2.68,113,1822,2218
1732,0,51,POPLATEK MESICNE,680,110,9225.232727272727,9733.23570045288,44666.528181818176,400.0,59749.9,22.0,0.0,0.0,1.0,8050.0,Trutnov,east Bohemia,121947,37,28,7,3,11,70.5,8541,2.51,2.97,131,3496,3839
3721,0,22,POPLATEK MESICNE,679,112,1135.8955357142856,1330.7299707397199,19657.743749999998,500.0,26030.5,22.4,0.0,1.0,2.0,2260.0,Domazlice,west Bohemia,58400,65,16,4,1,6,52.4,8620,1.10,1.25,100,1089,1117
184,0,77,POPLATEK MESICNE,679,102,8931.85,9874.522199051175,46495.615686274505,600.0,45937.7,20.4,0.0,0.0,1.0,1623.0,Vsetin,north Moravia,148545,8,35,12,3,4,53.5,8909,4.01,5.56,113,3460,3590
691,0,24,POPLATEK MESICNE,679,95,2578.174736842105,2510.954856943928,15819.315789473685,1100.0,21412.7,19.0,0.0,0.0,1.0,3342.0,Karlovy Vary,west Bohemia,122603,25,21,6,2,8,80.0,8991,1.39,2.01,128,5198,5273
10233,0,27,POPLATEK MESICNE,679,182,6208.575824175824,9119.200400058597,34868.652747252745,500.0,24892.2,36.4,1.0,0.0,5.0,9740.7,Plzen - jih,west Bohemia,67298,71,19,10,0,7,43.8,8561,0.65,1.29,110,1029,1127
3358,0,44,POPLATEK MESICNE,679,111,1124.2387387387387,1226.7202334363083,18591.984684684685,900.0,24128.9,22.2,0.0,0.0,2.0,2186.0,Chrudim,east Bohemia,105606,77,26,7,2,7,53.0,8254,2.79,3.76,97,2166,2325
4,0,12,POPLATEK MESICNE,679,117,1959.4367521367521,1986.7986701708874,21336.664102564104,800.0,19891.3,23.4,0.0,0.0,2.0,3363.0,Pribram,central Bohemia,107870,84,29,6,1,6,58.0,8754,3.83,4.31,137,3804,3868
3151,0,6,POPLATEK MESICNE,679,136,3783.705882352941,4688.833154788793,42112.56323529412,200.0,80562.4,27.2,0.0,1.0,2.0,4444.0,Kutna Hora,central Bohemia,77963,60,23,4,2,4,51.5,8546,2.95,4.02,126,2640,3120
2017,0,54,POPLATEK MESICNE,679,134,1747.9850746268658,1836.3471881467997,23572.738805970148,1100.0,28090.0,26.8,0.0,0.0,2.0,2671.0,Brno - mesto,south Moravia,387570,0,0,0,1,1,100.0,9897,1.60,1.96,140,18721,18696
2804,0,53,POPLATEK MESICNE,678,100,2918.6659999999997,3028.362720132928,34835.272000000004,900.0,40755.3,20.0,0.0,0.0,0.0,0.0,Blansko,south Moravia,107911,88,33,6,2,7,50.9,8240,2.53,3.56,99,1850,1903
1310,0,1,POPLATEK MESICNE,678,104,3148.458653846154,3279.8096487096695,22264.639423076922,1100.0,26314.0,20.8,0.0,1.0,0.0,0.0,Hl.m. Praha,Prague,1204953,0,0,0,1,1,100.0,12541,0.29,0.43,167,85677,99107
3016,0,26,POPLATEK MESICNE,677,121,5870.067768595041,6723.96345251091,32888.95041322314,700.0,41740.7,24.2,0.0,0.0,1.0,8517.0,Plzen - mesto,west Bohemia,170449,0,0,0,1,1,100.0,10787,2.64,3.09,131,6041,6261
827,0,36,POPLATEK MESICNE,677,91,1434.4868131868132,1393.8726199739574,17670.234065934066,1000.0,23287.2,18.2,0.0,0.0,1.0,2260.0,Liberec,north Bohemia,159617,29,19,8,1,9,85.2,9198,3.33,4.28,131,5796,6132
959,0,1,POPLATEK MESICNE,677,113,1762.3734513274337,1819.26378177595,17477.57610619469,1000.0,12536.5,22.6,0.0,0.0,2.0,2759.0,Hl.m. Praha,Prague,1204953,0,0,0,1,1,100.0,12541,0.29,0.43,167,85677,99107
1585,0,42,POPLATEK MESICNE,677,40,4571.135,7395.0581538792785,30636.265000000003,1000.0,43645.3,8.0,0.0,0.0,0.0,0.0,Havlickuv Brod,east Bohemia,95907,87,25,5,2,7,59.1,8388,2.41,2.94,87,1658,1668
590,0,50,POPLATEK MESICNE,676,93,6006.0021505376335,6206.977284177836,38374.99032258065,1100.0,42632.5,18.6,0.0,1.0,0.0,0.0,Svitavy,east Bohemia,102609,75,33,2,3,6,52.0,8187,4.83,5.45,94,2123,2134
3924,0,70,POPLATEK MESICNE,676,94,2053.674468085106,1981.480607592676,21080.894680851066,300.0,20231.8,18.8,0.0,0.0,1.0,3093.0,Karvina,north Moravia,285387,0,2,8,5,7,89.9,10177,6.63,7.75,81,9878,10108
2772,0,11,POPLATEK MESICNE,676,113,4854.089380530973,5095.293073310104,32534.03982300885,300.0,42804.8,22.6,0.0,0.0,1.0,7594.0,Praha - zapad,central Bohemia,75637,35,36,9,0,7,36.5,9622,0.45,0.59,154,3475,3529
1962,0,77,POPLATEK MESICNE,676,162,13518.9,19100.329407090834,51371.75617283951,200.0,50680.8,32.4,0.0,0.0,3.0,3733.0,Vsetin,north Moravia,148545,8,35,12,3,4,53.5,8909,4.01,5.56,113,3460,3590
10478,1,70,POPLATEK TYDNE,676,111,13130.98108108108,14921.700673963609,62918.76306306307,200.0,14892.7,22.2,1.0,0.0,1.0,5575.3,Karvina,north Moravia,285387,0,2,8,5,7,89.9,10177,6.63,7.75,81,9878,10108
5692,0,66,POPLATEK MESICNE,675,96,7331.141666666666,9972.687765699893,31825.589583333334,-2345.5,48362.3,19.2,0.0,0.0,1.0,1653.6,Zdar nad Sazavou,south Moravia,125832,151,41,2,3,5,48.3,8512,3.51,4.12,102,2247,2103
1265,0,49,POPLATEK MESICNE,675,104,2679.596153846154,2826.7986674669332,22341.636538461542,300.0,24326.9,20.8,0.0,0.0,1.0,1870.0,Semily,east Bohemia,75685,31,28,5,1,9,60.8,8208,1.89,2.26,155,1660,2123
167,0,29,POPLATEK TYDNE,674,95,15836.764210526317,15828.729278932238,69593.81157894737,1100.0,66960.3,19.0,0.0,1.0,0.0,0.0,Rokycany,west Bohemia,45714,52,10,5,1,6,55.6,8843,2.82,3.60,113,818,888
2187,0,9,POPLATEK TYDNE,674,149,14722.106040268454,16107.492997088244,64696.66174496644,300.0,73163.7,29.8,1.0,0.0,1.0,4456.0,Nymburk,central Bohemia,81344,61,23,4,2,6,55.3,8899,3.39,3.97,149,2987,2487
3079,0,18,POPLATEK MESICNE,674,107,1283.0588785046727,1482.3771722290853,17536.43644859813,1000.0,19017.5,21.4,0.0,1.0,2.0,2299.0,Pisek,south Bohemia,70699,60,13,2,1,4,65.3,8968,2.83,3.35,131,1740,1910
3286,0,8,POPLATEK MESICNE,674,136,11972.421323529412,13557.881937821712,49918.169117647056,300.0,24281.4,27.2,0.0,0.0,1.0,11785.0,Mlada Boleslav,central Bohemia,112065,95,19,7,1,8,69.4,11277,1.25,1.44,127,5179,4987
230,0,1,POPLATEK MESICNE,674,156,5181.476282051282,6772.10876408011,35188.653205128205,600.0,44279.3,31.2,0.0,0.0,3.0,8200.0,Hl.m. Praha,Prague,1204953,0,0,0,1,1,100.0,12541,0.29,0.43,167,85677,99107
3193,1,74,POPLATEK MESICNE,673,118,7484.541525423729,7855.747487502776,35899.72711864406,400.0,26774.2,23.6,0.0,0.0,1.0,9641.0,Ostrava - mesto,north Moravia,323870,0,0,0,1,1,100.0,10673,4.75,5.44,100,18782,18347
5593,0,15,POPLATEK MESICNE,673,181,11637.692817679557,13819.490830502295,55231.9044198895,800.0,39697.2,36.2,1.0,0.0,2.0,9746.8,Cesky Krumlov,south Bohemia,58796,22,16,7,1,5,51.9,9045,3.13,3.60,124,1845,1879
4088,1,45,POPLATEK MESICNE,670,169,9703.69171597633,13139.248698326652,47620.5550295858,700.0,43237.9,33.8,0.0,0.0,4.0,7890.7,Jicin,east Bohemia,77917,85,19,6,1,5,53.5,8390,2.28,2.89,132,2080,2122
3409,0,23,POPLATEK MESICNE,670,97,2115.719587628866,2056.527999223812,14887.362886597937,900.0,14347.0,19.4,0.0,0.0,1.0,3167.0,Cheb,west Bohemia,87419,21,11,4,3,9,85.5,8624,1.79,2.66,102,2879,3198
1216,0,77,POPLATEK MESICNE,670,112,1612.8196428571428,1710.4666637789146,20356.15803571429,500.0,24900.7,22.4,0.0,0.0,1.0,2349.0,Vsetin,north Moravia,148545,8,35,12,3,4,53.5,8909,4.01,5.56,113,3460,3590
2491,0,76,POPLATEK MESICNE,670,135,2486.742222222222,2933.0127305184137,21348.374814814815,500.0,29811.2,27.0,0.0,0.0,2.0,3233.0,Sumperk,north Moravia,127369,31,32,13,2,7,51.2,8369,4.73,5.88,107,3736,2807
2498,0,40,POPLATEK MESICNE,670,116,3976.8362068965516,4143.90813991683,27374.410344827586,400.0,24174.0,23.2,0.0,1.0,2.0,6021.0,Teplice,north Bohemia,128118,9,16,6,3,8,85.3,9317,6.49,7.07,97,6949,6872
3366,0,68,POPLATEK MESICNE,669,133,4869.668421052632,5624.375716688926,40916.76691729324,200.0,43396.1,26.6,0.0,0.0,2.0,5572.0,Frydek - Mistek,north Moravia,228848,15,40,18,2,6,57.2,9893,4.09,4.72,96,5623,5887
936,0,7,POPLATEK MESICNE,669,115,1611.6739130434783,1793.7545364493994,17568.071304347824,700.0,17252.8,23.0,0.0,0.0,2.0,3004.0,Melnik,central Bohemia,94725,38,28,1,3,6,63.4,9920,2.26,2.87,130,4289,4846
856,0,2,POPLATEK MESICNE,668,163,3608.906748466258,4894.985991469493,39046.82760736196,900.0,48636.0,32.6,0.0,0.0,4.0,5737.0,Benesov,central Bohemia,88884,80,26,6,2,5,46.7,8507,1.67,1.85,132,2159,2674
718,0,1,POPLATEK MESICNE,668,150,8240.645999999999,10413.13614710791,41617.55266666667,500.0,24860.8,30.0,1.0,0.0,4.0,20301.0,Hl.m. Praha,Prague,1204953,0,0,0,1,1,100.0,12541,0.29,0.43,167,85677,99107
3698,0,1,POPLATEK MESICNE,668,41,1196.7682926829268,2117.1945884163583,18334.443902439023,900.0,19267.8,8.2,0.0,0.0,0.0,0.0,Hl.m. Praha,Prague,1204953,0,0,0,1,1,100.0,12541,0.29,0.43,167,85677,99107
3462,0,51,POPLATEK MESICNE,667,143,3233.2356643356643,3530.0690813853626,25112.37132867133,700.0,23403.1,28.6,0.0,0.0,2.0,6234.0,Trutnov,east Bohemia,121947,37,28,7,3,11,70.5,8541,2.51,2.97,131,3496,3839
3881,0,21,POPLATEK MESICNE,667,133,2678.278195488722,3109.7315550454196,26677.742857142857,800.0,26287.3,26.6,0.0,0.0,2.0,4507.0,Tabor,south Bohemia,103347,87,16,7,1,7,67.0,9104,1.51,2.07,123,2299,2354
3709,0,74,POPLATEK MESICNE,666,172,3126.1511627906975,4254.326788113147,41653.85697674419,500.0,42820.3,34.4,0.0,0.0,4.0,7625.0,Ostrava - mesto,north Moravia,323870,0,0,0,1,1,100.0,10673,4.75,5.44,100,18782,18347
1349,0,75,POPLATEK MESICNE,666,125,2243.6912,2387.5872916998137,18548.192,700.0,11267.8,25.0,0.0,0.0,2.0,3813.0,Prerov,north Moravia,138032,67,30,4,2,5,64.6,8819,5.38,5.66,99,4063,4505
1886,0,32,POPLATEK MESICNE,666,133,9564.53909774436,11119.7888804002,32483.796240601507,700.0,36289.1,26.6,1.0,1.0,2.0,8710.7,Ceska Lipa,north Bohemia,105058,32,19,7,2,10,81.0,9272,2.80,3.22,118,4340,4505
1897,0,61,POPLATEK PO OBRATU,666,182,13514.70989010989,16321.64788795066,61730.819780219776,400.0,38475.2,36.4,0.0,0.0,4.0,12615.5,Trebic,south Moravia,117897,139,28,5,1,6,53.8,8814,4.76,5.74,107,2112,2059
1564,0,48,POPLATEK MESICNE,666,129,2376.5992248062016,3905.554105243425,32587.454263565887,1000.0,28097.2,25.8,0.0,0.0,0.0,0.0,Rychnov nad Kneznou,east Bohemia,78955,50,24,8,1,9,59.0,9060,1.78,2.44,124,1655,1717
2062,0,70,POPLATEK MESICNE,665,167,12231.166467065868,16710.15830085736,48707.35449101796,300.0,37172.6,33.4,1.0,0.0,3.0,10425.5,Karvina,north Moravia,285387,0,2,8,5,7,89.9,10177,6.63,7.75,81,9878,10108
141,0,38,POPLATEK MESICNE,665,151,9456.59536423841,11888.325823413696,37319.384105960264,900.0,29420.7,30.2,0.0,0.0,4.0,14985.5,Louny,north Bohemia,85852,41,23,4,2,4,59.8,8965,7.08,8.23,104,2653,2822
1763,0,73,POPLATEK MESICNE,665,136,7854.088970588236,9682.282481703734,45447.05147058824,600.0,41900.2,27.2,0.0,0.0,2.0,6685.0,Opava,north Moravia,182027,17,49,12,2,7,56.4,8746,3.33,3.74,90,4355,4433
2611,0,1,POPLATEK MESICNE,665,94,7440.4808510638295,7903.2957193012935,59993.40531914893,300.0,66494.0,18.8,0.0,0.0,0.0,0.0,Hl.m. Praha,Prague,1204953,0,0,0,1,1,100.0,12541,0.29,0.43,167,85677,99107
825,0,19,POPLATEK MESICNE,665,134,5700.354477611941,6322.543648414587,31793.70074626866,500.0,39920.2,26.8,1.0,0.0,2.0,13658.0,Prachatice,south Bohemia,51428,50,11,3,1,4,52.7,8402,3.13,3.98,120,999,1099
3943,0,71,POPLATEK MESICNE,665,93,1176.3010752688172,1241.503862213137,16992.086021505376,300.0,22156.8,18.6,0.0,1.0,1.0,1942.0,Novy Jicin,north Moravia,161227,5,35,11,4,10,69.7,8678,5.93,5.57,102,4980,4595
9422,0,70,POPLATEK MESICNE,665,167,12198.65748502994,16719.796803437588,51323.146107784436,300.0,42944.0,33.4,1.0,0.0,3.0,10425.5,Karvina,north Moravia,285387,0,2,8,5,7,89.9,10177,6.63,7.75,81,9878,10108
1606,0,23,POPLATEK MESICNE,664,119,2323.081512605042,5601.575899312355,39008.85042016807,300.0,49306.5,23.8,0.0,0.0,0.0,0.0,Cheb,west Bohemia,87419,21,11,4,3,9,85.5,8624,1.79,2.66,102,2879,3198
3263,0,44,POPLATEK MESICNE,664,34,2269.038235294118,2706.07957362617,27469.54705882353,900.0,35547.6,6.8,0.0,0.0,0.0,0.0,Chrudim,east Bohemia,105606,77,26,7,2,7,53.0,8254,2.79,3.76,97,2166,2325
2289,0,1,POPLATEK MESICNE,664,117,6158.7555555555555,6835.596513919699,33233.388034188036,300.0,27066.5,23.4,0.0,0.0,1.0,5309.0,Hl.m. Praha,Prague,1204953,0,0,0,1,1,100.0,12541,0.29,0.43,167,85677,99107
3121,0,46,POPLATEK MESICNE,663,100,1848.184,1796.742167453937,16817.082,1000.0,11484.8,20.0,0.0,0.0,1.0,2902.0,Nachod,east Bohemia,112709,48,20,7,3,10,73.5,8369,1.79,2.31,117,2854,2618
3088,0,18,POPLATEK MESICNE,663,113,9112.133628318585,10030.755585186585,43971.07433628319,600.0,26850.6,22.6,0.0,0.0,1.0,5866.0,Pisek,south Bohemia,70699,60,13,2,1,4,65.3,8968,2.83,3.35,131,1740,1910
3952,0,26,POPLATEK MESICNE,663,114,2271.172807017544,3638.999415459444,20759.369298245616,500.0,23141.8,22.8,0.0,0.0,2.0,1505.0,Plzen - mesto,west Bohemia,170449,0,0,0,1,1,100.0,10787,2.64,3.09,131,6041,6261
3974,0,55,POPLATEK MESICNE,663,116,6076.672413793103,6626.465445687056,37437.41465517241,900.0,39388.3,23.2,0.0,0.0,1.0,4670.0,Brno - venkov,south Moravia,157042,49,70,18,0,9,33.9,8743,1.88,2.43,111,3659,3894
3502,0,74,POPLATEK MESICNE,663,114,9150.013157894737,10181.051826309611,52514.186842105264,700.0,52618.3,22.8,0.0,0.0,1.0,5258.0,Ostrava - mesto,north Moravia,323870,0,0,0,1,1,100.0,10673,4.75,5.44,100,18782,18347
3351,0,70,POPLATEK MESICNE,663,102,2091.076470588235,2168.719242389888,31596.039215686276,300.0,36418.7,20.4,0.0,0.0,1.0,2700.0,Karvina,north Moravia,285387,0,2,8,5,7,89.9,10177,6.63,7.75,81,9878,10108
2105,0,70,POPLATEK MESICNE,662,105,1834.144761904762,1926.257593504773,21297.64285714286,4718.0,19575.6,21.0,0.0,0.0,1.0,1546.0,Karvina,north Moravia,285387,0,2,8,5,7,89.9,10177,6.63,7.75,81,9878,10108
3144,0,67,POPLATEK MESICNE,662,97,2488.8474226804124,2422.864782308881,17413.58556701031,800.0,18338.0,19.4,0.0,0.0,1.0,3786.0,Bruntal,north Moravia,106054,38,25,6,2,6,63.1,8110,5.77,6.55,109,3244,3079
846,0,72,POPLATEK MESICNE,662,139,11444.153237410072,13492.258600211133,56246.94100719424,300.0,86554.3,27.8,1.0,0.0,1.0,7795.5,Olomouc,north Moravia,226122,32,50,7,4,4,62.6,8994,3.80,4.79,110,9672,9208
357,0,20,POPLATEK MESICNE,661,105,1077.1228571428571,1197.7867788339672,18422.64761904762,1000.0,21829.4,21.0,0.0,0.0,2.0,2068.0,Strakonice,south Bohemia,70646,94,14,3,1,4,58.4,8547,2.65,3.64,120,1563,1542
103,0,44,POPLATEK MESICNE,661,89,8367.812359550562,11926.905017522551,44437.88426966292,379.0,23663.8,17.8,1.0,0.0,1.0,7370.2,Chrudim,east Bohemia,105606,77,26,7,2,7,53.0,8254,2.79,3.76,97,2166,2325
3118,0,48,POPLATEK MESICNE,661,117,6580.486324786325,6928.007157817961,34319.73931623931,500.0,28827.1,23.4,0.0,0.0,1.0,8886.0,Rychnov nad Kneznou,east Bohemia,78955,50,24,8,1,9,59.0,9060,1.78,2.44,124,1655,1717
4361,0,69,POPLATEK MESICNE,660,128,16464.5328125,18624.187114098753,72471.6203125,700.0,92102.3,25.6,1.0,0.0,1.0,7512.7,Jesenik,north Moravia,42821,4,13,5,1,3,48.4,8173,?,7.01,124,?,1358
1722,0,32,POPLATEK MESICNE,660,121,8124.0305785123965,9330.227543177809,49218.10578512397,800.0,43714.1,24.2,0.0,0.0,1.0,4472.0,Ceska Lipa,north Bohemia,105058,32,19,7,2,10,81.0,9272,2.80,3.22,118,4340,4505
4273,0,15,POPLATEK MESICNE,660,84,11587.95357142857,13633.32926227492,41516.57380952381,900.0,36077.5,16.8,0.0,0.0,2.0,12804.2,Cesky Krumlov,south Bohemia,58796,22,16,7,1,5,51.9,9045,3.13,3.60,124,1845,1879
1510,0,33,POPLATEK MESICNE,660,111,8834.075675675676,9318.316366424066,38954.72522522522,700.0,31246.6,22.2,0.0,0.0,1.0,9985.0,Decin,north Bohemia,133777,24,17,7,3,11,84.7,8705,5.75,7.61,116,4650,4859
895,0,24,POPLATEK MESICNE,659,110,1032.6454545454546,1110.1450169454772,16292.155454545455,600.0,20761.1,22.0,0.0,0.0,2.0,1977.0,Karlovy Vary,west Bohemia,122603,25,21,6,2,8,80.0,8991,1.39,2.01,128,5198,5273
840,0,70,POPLATEK MESICNE,659,117,9617.284615384615,10924.747655932186,50481.050427350434,500.0,58267.2,23.4,0.0,0.0,1.0,4606.0,Karvina,north Moravia,285387,0,2,8,5,7,89.9,10177,6.63,7.75,81,9878,10108
2263,0,36,POPLATEK MESICNE,659,114,6734.261403508773,7342.352992101444,45091.31228070175,400.0,63265.4,22.8,0.0,0.0,1.0,7927.0,Liberec,north Bohemia,159617,29,19,8,1,9,85.2,9198,3.33,4.28,131,5796,6132
356,0,70,POPLATEK MESICNE,659,111,7181.6072072072075,8101.1654723560005,54333.077477477476,1000.0,66269.9,22.2,0.0,0.0,1.0,4188.0,Karvina,north Moravia,285387,0,2,8,5,7,89.9,10177,6.63,7.75,81,9878,10108
4863,0,5,POPLATEK MESICNE,659,157,10734.850318471337,14178.903445520307,57610.20318471338,300.0,79337.9,31.4,1.0,1.0,3.0,15676.3,Kolin,central Bohemia,95616,65,30,4,1,6,51.4,9307,3.85,4.43,118,2616,3040
3455,0,34,POPLATEK MESICNE,658,118,12592.466101694916,14710.78003269932,42401.36101694915,600.0,74654.2,23.6,1.0,0.0,1.0,5622.5,Chomutov,north Bohemia,125236,28,11,1,4,5,87.7,9675,6.43,7.68,100,5323,5190
4092,0,74,POPLATEK MESICNE,658,89,5525.377528089887,5829.07673345353,40343.21797752809,700.0,62796.6,17.8,0.0,0.0,0.0,0.0,Ostrava - mesto,north Moravia,323870,0,0,0,1,1,100.0,10673,4.75,5.44,100,18782,18347
10807,0,34,POPLATEK MESICNE,658,118,12551.77966101695,14727.887123973553,46503.94661016949,600.0,80068.0,23.6,1.0,0.0,1.0,5622.5,Chomutov,north Bohemia,125236,28,11,1,4,5,87.7,9675,6.43,7.68,100,5323,5190
2598,0,1,POPLATEK MESICNE,657,120,10247.130000000001,13343.138665092974,39114.607500000006,-1165.2,4731.0,24.0,0.0,0.0,0.0,0.0,Hl.m. Praha,Prague,1204953,0,0,0,1,1,100.0,12541,0.29,0.43,167,85677,99107
2633,0,25,POPLATEK MESICNE,657,146,19548.32671232877,17561.44326038621,75879.00479452054,1100.0,51476.8,29.2,0.0,0.0,0.0,0.0,Klatovy,west Bohemia,88757,60,33,3,2,10,61.7,8554,2.47,2.68,113,1822,2218
1800,0,51,POPLATEK MESICNE,657,125,6836.7296,8084.723401447144,36292.174399999996,400.0,43810.7,25.0,0.0,1.0,2.0,6746.0,Trutnov,east Bohemia,121947,37,28,7,3,11,70.5,8541,2.51,2.97,131,3496,3839
1698,0,68,POPLATEK MESICNE,657,131,6461.907633587786,7584.923410643372,43308.08625954198,800.0,46483.2,26.2,1.0,0.0,2.0,13585.0,Frydek - Mistek,north Moravia,228848,15,40,18,2,6,57.2,9893,4.09,4.72,96,5623,5887
3994,1,15,POPLATEK MESICNE,657,89,17258.208988764047,17560.300689427273,58874.85730337079,200.0,56593.3,17.8,0.0,1.0,0.0,0.0,Cesky Krumlov,south Bohemia,58796,22,16,7,1,5,51.9,9045,3.13,3.60,124,1845,1879
1365,0,42,POPLATEK MESICNE,656,113,1569.3230088495575,1606.2341058696031,36200.4814159292,300.0,47549.0,22.6,0.0,0.0,1.0,2314.0,Havlickuv Brod,east Bohemia,95907,87,25,5,2,7,59.1,8388,2.41,2.94,87,1658,1668
666,0,27,POPLATEK MESICNE,656,165,4094.9466666666663,5497.929226286946,42817.46727272727,200.0,62663.8,33.0,1.0,1.0,4.0,8218.0,Plzen - jih,west Bohemia,67298,71,19,10,0,7,43.8,8561,0.65,1.29,110,1029,1127
9242,0,57,POPLATEK MESICNE,656,134,2688.1164179104476,3839.990955409031,38979.75895522388,200.0,47741.9,26.8,1.0,0.0,1.0,1932.0,Hodonin,south Moravia,161954,21,37,20,3,8,48.0,8720,3.73,4.50,116,3729,3651
4346,0,25,POPLATEK MESICNE,656,176,14361.577272727272,16183.554878436511,70591.23352272727,800.0,27426.4,35.2,0.0,0.0,3.0,10785.0,Klatovy,west Bohemia,88757,60,33,3,2,10,61.7,8554,2.47,2.68,113,1822,2218
3296,0,67,POPLATEK MESICNE,656,138,14783.583333333334,18298.383201956196,67211.54420289854,1000.0,101320.6,27.6,0.0,0.0,2.0,14339.0,Bruntal,north Moravia,106054,38,25,6,2,6,63.1,8110,5.77,6.55,109,3244,3079
2864,0,54,POPLATEK MESICNE,655,147,4516.802721088436,5840.381264106783,32494.18843537415,800.0,38194.0,29.4,0.0,1.0,3.0,7611.0,Brno - mesto,south Moravia,387570,0,0,0,1,1,100.0,9897,1.60,1.96,140,18721,18696
1980,0,49,POPLATEK MESICNE,655,112,4316.091964285714,4396.624611826922,27538.936607142856,700.0,23074.5,22.4,0.0,1.0,1.0,6879.0,Semily,east Bohemia,75685,31,28,5,1,9,60.8,8208,1.89,2.26,155,1660,2123
1445,0,60,POPLATEK MESICNE,655,161,2053.1,2481.8248559275903,26085.734782608695,900.0,27958.5,32.2,0.0,1.0,4.0,4524.0,Prostejov,south Moravia,110643,49,41,4,1,4,51.9,8441,3.45,4.48,115,1879,2252
821,0,60,POPLATEK MESICNE,655,135,1424.4155555555556,1681.789530768043,21750.12888888889,300.0,20716.3,27.0,0.0,0.0,2.0,2087.0,Prostejov,south Moravia,110643,49,41,4,1,4,51.9,8441,3.45,4.48,115,1879,2252
5591,0,9,POPLATEK MESICNE,655,181,5409.294475138122,8267.632522223328,45608.083977900555,1000.0,53196.4,36.2,1.0,0.0,5.0,7239.8,Nymburk,central Bohemia,81344,61,23,4,2,6,55.3,8899,3.39,3.97,149,2987,2487
236,1,72,POPLATEK MESICNE,655,22,2640.909090909091,2657.9009066248555,17527.272727272728,900.0,12300.0,4.4,0.0,1.0,0.0,0.0,Olomouc,north Moravia,226122,32,50,7,4,4,62.6,8994,3.80,4.79,110,9672,9208
210,0,48,POPLATEK MESICNE,654,113,6656.830088495575,7254.6418308000375,30511.27610619469,1000.0,37251.8,22.6,0.0,0.0,1.0,7534.0,Rychnov nad Kneznou,east Bohemia,78955,50,24,8,1,9,59.0,9060,1.78,2.44,124,1655,1717
3795,0,36,POPLATEK MESICNE,653,128,6491.375,7816.861876496253,35841.1625,900.0,63185.6,25.6,0.0,0.0,2.0,9098.0,Liberec,north Bohemia,159617,29,19,8,1,9,85.2,9198,3.33,4.28,131,5796,6132
865,0,17,POPLATEK MESICNE,653,97,1306.801030927835,1374.7545313084415,17056.23711340206,900.0,21987.1,19.4,0.0,0.0,2.0,2294.0,Pelhrimov,south Bohemia,74062,99,15,4,2,7,61.4,8114,2.38,2.62,119,1003,1181
739,0,66,POPLATEK MESICNE,653,108,9554.25462962963,10799.676303961716,52709.965740740736,1100.0,66689.7,21.6,0.0,0.0,1.0,5504.0,Zdar nad Sazavou,south Moravia,125832,151,41,2,3,5,48.3,8512,3.51,4.12,102,2247,2103
3672,0,26,POPLATEK MESICNE,652,130,6408.945384615385,8125.213363210331,52991.38538461538,1100.0,86640.9,26.0,0.0,0.0,2.0,5345.0,Plzen - mesto,west Bohemia,170449,0,0,0,1,1,100.0,10787,2.64,3.09,131,6041,6261
2334,0,50,POPLATEK MESICNE,652,130,5496.588461538461,5336.501702929525,32512.243846153848,600.0,29570.3,26.0,1.0,0.0,2.0,12720.0,Svitavy,east Bohemia,102609,75,33,2,3,6,52.0,8187,4.83,5.45,94,2123,2134
1028,0,23,POPLATEK MESICNE,652,20,2240.0,2812.640639758491,17160.0,400.0,17200.0,4.0,0.0,0.0,0.0,0.0,Cheb,west Bohemia,87419,21,11,4,3,9,85.5,8624,1.79,2.66,102,2879,3198
468,0,49,POPLATEK MESICNE,652,128,7639.06640625,9797.218294710847,59232.18046875,400.0,85310.6,25.6,0.0,1.0,2.0,4234.0,Semily,east Bohemia,75685,31,28,5,1,9,60.8,8208,1.89,2.26,155,1660,2123
853,0,1,POPLATEK MESICNE,651,130,5630.446153846154,7131.6383292623395,46532.25461538461,500.0,44767.4,26.0,0.0,0.0,2.0,6051.0,Hl.m. Praha,Prague,1204953,0,0,0,1,1,100.0,12541,0.29,0.43,167,85677,99107
525,0,70,POPLATEK MESICNE,651,92,7068.359782608695,10429.806886626466,41422.03152173913,300.0,86323.8,18.4,1.0,0.0,2.0,10836.7,Karvina,north Moravia,285387,0,2,8,5,7,89.9,10177,6.63,7.75,81,9878,10108
3322,0,65,POPLATEK TYDNE,651,106,8243.83396226415,11754.407619813956,46943.6462264151,400.0,56218.3,21.2,0.0,0.0,1.0,3421.0,Znojmo,south Moravia,114200,101,41,4,1,4,43.7,8403,5.74,5.72,105,2157,2718
2033,0,71,POPLATEK MESICNE,651,112,4534.819642857143,4768.051643955894,29353.526785714286,1100.0,31302.0,22.4,0.0,0.0,1.0,4274.0,Novy Jicin,north Moravia,161227,5,35,11,4,10,69.7,8678,5.93,5.57,102,4980,4595
3130,0,13,POPLATEK MESICNE,651,102,2185.7833333333333,2412.1268627903305,37391.56568627451,500.0,50604.0,20.4,0.0,1.0,1.0,1546.0,Rakovnik,central Bohemia,53921,61,22,1,1,2,41.3,8598,2.77,3.26,123,1597,1875
2904,0,13,POPLATEK MESICNE,651,107,7650.315887850467,8185.853236588818,31166.857009345797,-2364.0,59591.2,21.4,0.0,0.0,0.0,0.0,Rakovnik,central Bohemia,53921,61,22,1,1,2,41.3,8598,2.77,3.26,123,1597,1875
1014,1,74,POPLATEK MESICNE,651,105,2546.207619047619,6638.511937603986,28485.700952380954,800.0,17426.1,21.0,0.0,0.0,0.0,0.0,Ostrava - mesto,north Moravia,323870,0,0,0,1,1,100.0,10673,4.75,5.44,100,18782,18347
116,0,8,POPLATEK MESICNE,650,113,9233.549557522123,10332.081724260986,38761.76814159292,800.0,32683.1,22.6,0.0,1.0,2.0,6456.0,Mlada Boleslav,central Bohemia,112065,95,19,7,1,8,69.4,11277,1.25,1.44,127,5179,4987
10436,0,60,POPLATEK MESICNE,650,116,2885.8543103448274,3736.8416040099314,51117.964655172414,800.0,72547.3,23.2,1.0,0.0,1.0,1511.0,Prostejov,south Moravia,110643,49,41,4,1,4,51.9,8441,3.45,4.48,115,1879,2252
4214,1,1,POPLATEK MESICNE,650,143,14642.897202797203,15366.5457145304,64169.71748251748,-2263.9,77146.8,28.6,0.0,0.0,0.0,0.0,Hl.m. Praha,Prague,1204953,0,0,0,1,1,100.0,12541,0.29,0.43,167,85677,99107
824,0,32,POPLATEK MESICNE,650,110,3440.108181818182,3534.7394172056197,26555.664545454547,700.0,30857.9,22.0,0.0,0.0,1.0,5406.0,Ceska Lipa,north Bohemia,105058,32,19,7,2,10,81.0,9272,2.80,3.22,118,4340,4505
3743,0,1,POPLATEK MESICNE,649,140,6452.773571428572,9114.197675518848,28632.492142857143,600.0,66111.8,28.0,0.0,0.0,4.0,7510.0,Hl.m. Praha,Prague,1204953,0,0,0,1,1,100.0,12541,0.29,0.43,167,85677,99107
2192,0,59,POPLATEK MESICNE,649,140,6783.947142857142,9188.659573379537,26577.624285714286,800.0,55174.6,28.0,0.0,0.0,4.0,9030.0,Kromeriz,south Moravia,108871,41,29,7,2,6,62.1,8444,3.24,3.47,106,2595,2305
2406,0,5,POPLATEK MESICNE,649,87,2164.3896551724138,2212.9507481480355,18164.636781609195,400.0,15716.0,17.4,0.0,0.0,1.0,3186.0,Kolin,central Bohemia,95616,65,30,4,1,6,51.4,9307,3.85,4.43,118,2616,3040
2889,0,8,POPLATEK MESICNE,648,123,13748.347154471545,15743.278084663212,50453.07073170732,900.0,37104.7,24.6,0.0,0.0,2.0,8330.0,Mlada Boleslav,central Bohemia,112065,95,19,7,1,8,69.4,11277,1.25,1.44,127,5179,4987
1369,0,32,POPLATEK MESICNE,648,130,4136.62,4572.9169150384705,34289.25230769231,400.0,50048.3,26.0,0.0,0.0,2.0,7743.0,Ceska Lipa,north Bohemia,105058,32,19,7,2,10,81.0,9272,2.80,3.22,118,4340,4505
2767,0,54,POPLATEK MESICNE,648,138,6253.724637681159,7968.494492924501,38295.86304347826,600.0,41322.3,27.6,0.0,0.0,3.0,7272.0,Brno - mesto,south Moravia,387570,0,0,0,1,1,100.0,9897,1.60,1.96,140,18721,18696
4008,0,27,POPLATEK MESICNE,648,21,2614.285714285714,2485.213414233416,29214.285714285714,900.0,38100.0,4.2,0.0,0.0,0.0,0.0,Plzen - jih,west Bohemia,67298,71,19,10,0,7,43.8,8561,0.65,1.29,110,1029,1127
874,0,56,POPLATEK TYDNE,648,121,6055.147107438017,6854.938706364367,25045.061983471074,200.0,34734.8,24.2,0.0,0.0,3.0,9720.3,Breclav,south Moravia,124605,11,42,14,1,8,46.0,8772,4.69,4.98,126,2854,3158
3815,1,1,POPLATEK MESICNE,647,116,13205.812931034483,15807.886410856036,54404.87327586207,400.0,92501.3,23.2,0.0,0.0,1.0,3162.4,Hl.m. Praha,Prague,1204953,0,0,0,1,1,100.0,12541,0.29,0.43,167,85677,99107
3605,0,3,POPLATEK MESICNE,647,144,7818.279861111111,10942.583191038959,26204.76597222222,600.0,16391.8,28.8,0.0,0.0,3.0,5482.0,Beroun,central Bohemia,75232,55,26,4,1,5,41.7,8980,1.95,2.21,111,2824,2813
3138,1,37,POPLATEK MESICNE,647,102,1781.3813725490195,5131.738618949133,28677.203921568627,300.0,14189.9,20.4,0.0,0.0,0.0,0.0,Litomerice,north Bohemia,114006,71,26,6,2,9,62.3,9065,4.46,5.39,123,4147,4166
2578,0,54,POPLATEK MESICNE,646,90,1879.7977777777776,1800.6404741295967,15349.59111111111,1100.0,14513.2,18.0,0.0,0.0,1.0,2846.0,Brno - mesto,south Moravia,387570,0,0,0,1,1,100.0,9897,1.60,1.96,140,18721,18696
2708,0,1,POPLATEK MESICNE,646,96,9856.377083333333,10758.879859406998,49818.510416666664,400.0,50235.4,19.2,0.0,0.0,0.0,0.0,Hl.m. Praha,Prague,1204953,0,0,0,1,1,100.0,12541,0.29,0.43,167,85677,99107
631,0,68,POPLATEK MESICNE,646,114,1655.5421052631577,1769.2227434414733,21967.15350877193,500.0,32927.2,22.8,0.0,0.0,1.0,2394.0,Frydek - Mistek,north Moravia,228848,15,40,18,2,6,57.2,9893,4.09,4.72,96,5623,5887
1170,0,25,POPLATEK MESICNE,645,113,9316.567256637169,9746.655850290786,39476.40530973451,200.0,44128.2,22.6,0.0,0.0,2.0,15336.3,Klatovy,west Bohemia,88757,60,33,3,2,10,61.7,8554,2.47,2.68,113,1822,2218
2650,0,72,POPLATEK MESICNE,645,113,6617.286725663717,7401.300279746994,43200.23185840708,800.0,51400.9,22.6,0.0,1.0,1.0,4563.0,Olomouc,north Moravia,226122,32,50,7,4,4,62.6,8994,3.80,4.79,110,9672,9208
7890,0,23,POPLATEK MESICNE,645,125,2696.5752,2632.931532704992,24282.4888,300.0,24242.3,25.0,1.0,0.0,2.0,5957.0,Cheb,west Bohemia,87419,21,11,4,3,9,85.5,8624,1.79,2.66,102,2879,3198
3219,1,1,POPLATEK MESICNE,645,108,8387.910185185186,8743.911953355097,46541.5462962963,400.0,38245.9,21.6,0.0,0.0,1.0,8811.0,Hl.m. Praha,Prague,1204953,0,0,0,1,1,100.0,12541,0.29,0.43,167,85677,99107
3115,0,14,POPLATEK MESICNE,644,132,11064.65909090909,12700.338454250428,38731.518939393936,700.0,30428.3,26.4,1.0,1.0,2.0,20076.3,Ceske Budejovice,south Bohemia,177686,69,27,10,1,9,74.8,10045,1.42,1.71,135,6604,6295
208,0,54,POPLATEK MESICNE,644,164,4140.562804878049,5641.410646013247,37693.35243902439,700.0,28096.4,32.8,0.0,1.0,4.0,7446.0,Brno - mesto,south Moravia,387570,0,0,0,1,1,100.0,9897,1.60,1.96,140,18721,18696
286,0,71,POPLATEK MESICNE,644,108,9837.006481481481,10123.864711672015,41082.45740740741,300.0,23908.3,21.6,0.0,0.0,1.0,9848.0,Novy Jicin,north Moravia,161227,5,35,11,4,10,69.7,8678,5.93,5.57,102,4980,4595
898,0,71,POPLATEK MESICNE,644,132,6071.203787878788,7554.311205509089,39242.36666666667,200.0,35610.4,26.4,0.0,0.0,2.0,4464.0,Novy Jicin,north Moravia,161227,5,35,11,4,10,69.7,8678,5.93,5.57,102,4980,4595
2936,0,3,POPLATEK MESICNE,644,117,4139.2119658119655,3448.8196982036693,20821.08547008547,200.0,30687.7,23.4,1.0,0.0,2.0,12647.0,Beroun,central Bohemia,75232,55,26,4,1,5,41.7,8980,1.95,2.21,111,2824,2813
3422,0,21,POPLATEK MESICNE,643,110,9597.50090909091,10632.729097603618,36808.93636363636,700.0,44099.2,22.0,0.0,0.0,1.0,9212.0,Tabor,south Bohemia,103347,87,16,7,1,7,67.0,9104,1.51,2.07,123,2299,2354
10049,0,17,POPLATEK MESICNE,643,138,3168.13115942029,3088.4749705821664,16971.060144927535,300.0,23095.7,27.6,1.0,0.0,3.0,10526.0,Pelhrimov,south Bohemia,74062,99,15,4,2,7,61.4,8114,2.38,2.62,119,1003,1181
1250,0,62,POPLATEK MESICNE,643,139,7520.704316546763,9134.808522483927,29417.574100719426,600.0,12739.2,27.8,1.0,0.0,3.0,13935.2,Uherske Hradiste,south Moravia,145688,22,41,13,2,5,40.7,8544,1.29,1.86,109,2719,2906
1384,0,74,POPLATEK TYDNE,643,106,13477.702830188678,14373.061288001889,45630.44622641509,-2264.2,33525.7,21.2,0.0,1.0,0.0,0.0,Ostrava - mesto,north Moravia,323870,0,0,0,1,1,100.0,10673,4.75,5.44,100,18782,18347
2624,0,31,POPLATEK MESICNE,643,117,10155.010256410256,11073.935520357332,49150.60341880342,400.0,63079.7,23.4,0.0,0.0,1.0,10744.0,Tachov,west Bohemia,51313,34,12,3,1,4,59.2,8930,3.52,4.20,108,1328,1452
3349,0,47,POPLATEK MESICNE,643,109,7565.234862385321,7705.838877764682,39242.67247706422,500.0,30094.7,21.8,0.0,0.0,1.0,7601.0,Pardubice,east Bohemia,162580,83,26,5,1,6,72.8,9538,1.51,1.81,111,6079,5410
1351,0,40,POPLATEK MESICNE,642,82,1480.7317073170732,1446.9458147539892,18251.20731707317,300.0,22045.5,16.4,0.0,0.0,1.0,2227.0,Teplice,north Bohemia,128118,9,16,6,3,8,85.3,9317,6.49,7.07,97,6949,6872
2631,0,1,POPLATEK MESICNE,642,92,1342.9391304347826,1366.6431775396677,19671.692391304347,900.0,25304.1,18.4,0.0,0.0,1.0,2125.0,Hl.m. Praha,Prague,1204953,0,0,0,1,1,100.0,12541,0.29,0.43,167,85677,99107
7520,1,9,POPLATEK MESICNE,642,119,6348.30756302521,8150.465110635595,32024.21512605042,900.0,8126.1,23.8,0.0,0.0,0.0,0.0,Nymburk,central Bohemia,81344,61,23,4,2,6,55.3,8899,3.39,3.97,149,2987,2487
10065,0,76,POPLATEK MESICNE,641,162,16062.208641975307,15822.557053016106,73077.90679012345,1100.0,49896.7,32.4,1.0,0.0,1.0,6483.7,Sumperk,north Moravia,127369,31,32,13,2,7,51.2,8369,4.73,5.88,107,3736,2807
708,1,26,POPLATEK MESICNE,641,22,2740.909090909091,2865.66855673441,20563.636363636364,800.0,9700.0,4.4,0.0,0.0,0.0,0.0,Plzen - mesto,west Bohemia,170449,0,0,0,1,1,100.0,10787,2.64,3.09,131,6041,6261
3917,0,1,POPLATEK MESICNE,641,163,5713.799386503068,8466.099763555892,40769.02760736196,600.0,45126.8,32.6,0.0,0.0,4.0,6256.0,Hl.m. Praha,Prague,1204953,0,0,0,1,1,100.0,12541,0.29,0.43,167,85677,99107
514,0,70,POPLATEK MESICNE,641,111,5016.833333333333,5149.455948444428,23692.436936936938,900.0,17906.6,22.2,0.0,0.0,1.0,5760.0,Karvina,north Moravia,285387,0,2,8,5,7,89.9,10177,6.63,7.75,81,9878,10108
2659,0,14,POPLATEK MESICNE,641,99,3247.081818181818,3398.9476922671356,33716.3,600.0,39299.1,19.8,0.0,1.0,0.0,0.0,Ceske Budejovice,south Bohemia,177686,69,27,10,1,9,74.8,10045,1.42,1.71,135,6604,6295
3265,1,52,POPLATEK PO OBRATU,641,156,14683.789743589745,14821.327803754484,59423.23333333334,900.0,89163.0,31.2,0.0,0.0,0.0,0.0,Usti nad Orlici,east Bohemia,139012,59,41,8,3,10,61.9,8363,2.52,3.49,108,2564,2799
1832,0,70,POPLATEK MESICNE,639,163,5751.260736196319,7812.35838234063,32781.188343558286,1100.0,43212.8,32.6,0.0,0.0,5.0,12000.1,Karvina,north Moravia,285387,0,2,8,5,7,89.9,10177,6.63,7.75,81,9878,10108
7565,0,59,POPLATEK MESICNE,638,143,6109.662937062937,7455.480027126642,31343.68951048951,300.0,18709.2,28.6,1.0,0.0,3.0,10074.8,Kromeriz,south Moravia,108871,41,29,7,2,6,62.1,8444,3.24,3.47,106,2595,2305
3308,0,40,POPLATEK MESICNE,638,95,7105.609473684211,7966.699996742741,31491.173684210527,400.0,24071.1,19.0,0.0,1.0,0.0,0.0,Teplice,north Bohemia,128118,9,16,6,3,8,85.3,9317,6.49,7.07,97,6949,6872
1932,0,35,POPLATEK MESICNE,637,112,5936.494642857143,6404.342716080713,15169.721428571429,-3399.8,16392.5,22.4,0.0,0.0,0.0,0.0,Jablonec n. Nisou,north Bohemia,88768,10,18,5,1,7,80.5,8867,1.02,1.21,130,3384,3620
1521,0,74,POPLATEK MESICNE,636,90,1921.0811111111109,1915.9175356332714,16120.06,900.0,21924.6,18.0,0.0,0.0,1.0,3024.0,Ostrava - mesto,north Moravia,323870,0,0,0,1,1,100.0,10673,4.75,5.44,100,18782,18347
2909,0,58,POPLATEK MESICNE,636,113,4464.662831858407,4843.948606549403,41265.997345132746,200.0,44201.0,22.6,0.0,0.0,1.0,7036.0,Jihlava,south Moravia,109164,98,16,6,1,4,63.6,8757,3.38,3.95,96,2212,2471
3706,0,8,POPLATEK MESICNE,636,114,3015.3394736842106,2805.33441653665,25136.25,1000.0,24200.3,22.8,0.0,0.0,1.0,4298.0,Mlada Boleslav,central Bohemia,112065,95,19,7,1,8,69.4,11277,1.25,1.44,127,5179,4987
1847,0,47,POPLATEK MESICNE,636,98,2023.9479591836734,2442.168365069515,32348.566326530614,1100.0,47340.5,19.6,0.0,0.0,1.0,1815.0,Pardubice,east Bohemia,162580,83,26,5,1,6,72.8,9538,1.51,1.81,111,6079,5410
2335,1,70,POPLATEK MESICNE,636,194,3432.6479381443296,5237.024422245196,10843.47525773196,-17030.4,1191.0,38.8,1.0,1.0,5.0,14286.0,Karvina,north Moravia,285387,0,2,8,5,7,89.9,10177,6.63,7.75,81,9878,10108
3041,1,70,POPLATEK MESICNE,636,144,1586.5604166666667,1814.6289648769675,27494.41597222222,500.0,18368.2,28.8,0.0,0.0,3.0,2700.0,Karvina,north Moravia,285387,0,2,8,5,7,89.9,10177,6.63,7.75,81,9878,10108
3116,0,54,POPLATEK MESICNE,635,103,7565.172815533981,7599.897150996478,51523.34951456311,1100.0,54818.5,20.6,0.0,1.0,1.0,9037.0,Brno - mesto,south Moravia,387570,0,0,0,1,1,100.0,9897,1.60,1.96,140,18721,18696
251,0,74,POPLATEK MESICNE,634,114,3751.3596491228072,3992.40888839842,42379.51403508772,900.0,42127.2,22.8,0.0,0.0,1.0,3059.0,Ostrava - mesto,north Moravia,323870,0,0,0,1,1,100.0,10673,4.75,5.44,100,18782,18347
3632,0,56,POPLATEK TYDNE,634,71,8589.488732394366,11308.445216569646,28508.311267605633,800.0,13813.7,14.2,0.0,0.0,1.0,2544.0,Breclav,south Moravia,124605,11,42,14,1,8,46.0,8772,4.69,4.98,126,2854,3158
2929,0,51,POPLATEK MESICNE,634,139,11301.928057553956,14343.650874041132,61438.487050359705,400.0,51923.3,27.8,0.0,1.0,3.0,15673.3,Trutnov,east Bohemia,121947,37,28,7,3,11,70.5,8541,2.51,2.97,131,3496,3839
10345,0,36,POPLATEK MESICNE,633,126,3849.211904761905,4108.566201946507,25448.821428571428,1000.0,17200.4,25.2,1.0,0.0,2.0,9347.0,Liberec,north Bohemia,159617,29,19,8,1,9,85.2,9198,3.33,4.28,131,5796,6132
1450,0,63,POPLATEK MESICNE,633,96,2470.320833333333,2599.6862835397196,33894.89791666667,400.0,41658.7,19.2,0.0,0.0,1.0,3103.0,Vyskov,south Moravia,86513,38,36,5,1,5,50.5,8288,3.79,4.52,110,1562,1460
1461,0,73,POPLATEK MESICNE,633,125,15435.868,17419.07817703096,66928.0696,800.0,53971.0,25.0,0.0,1.0,2.0,12922.1,Opava,north Moravia,182027,17,49,12,2,7,56.4,8746,3.33,3.74,90,4355,4433
1920,0,40,POPLATEK MESICNE,632,105,2813.037142857143,3094.2382269388136,36848.93142857143,700.0,47686.9,21.0,0.0,0.0,1.0,3570.0,Teplice,north Bohemia,128118,9,16,6,3,8,85.3,9317,6.49,7.07,97,6949,6872
734,0,5,POPLATEK MESICNE,632,95,1365.6842105263158,1414.9914868788185,17264.73894736842,300.0,16781.9,19.0,0.0,0.0,1.0,2228.0,Kolin,central Bohemia,95616,65,30,4,1,6,51.4,9307,3.85,4.43,118,2616,3040
8085,0,73,POPLATEK MESICNE,632,146,9281.490410958904,12180.420680104658,35508.67808219178,600.0,12234.2,29.2,1.0,0.0,3.0,16221.0,Opava,north Moravia,182027,17,49,12,2,7,56.4,8746,3.33,3.74,90,4355,4433
1948,0,64,POPLATEK MESICNE,632,155,10238.925161290323,13779.82588029493,47009.449677419354,800.0,39706.0,31.0,0.0,0.0,2.0,7300.0,Zlin,south Moravia,197099,29,41,10,2,10,74.7,9624,1.60,2.31,145,4484,4265
3534,0,59,POPLATEK MESICNE,632,126,4527.970634920635,5224.122840470999,40285.52380952381,600.0,52383.7,25.2,0.0,0.0,2.0,6264.0,Kromeriz,south Moravia,108871,41,29,7,2,6,62.1,8444,3.24,3.47,106,2595,2305
278,0,73,POPLATEK MESICNE,632,113,8043.2070796460175,9496.637908404336,53158.570796460175,700.0,57002.1,22.6,0.0,0.0,2.0,4038.0,Opava,north Moravia,182027,17,49,12,2,7,56.4,8746,3.33,3.74,90,4355,4433
2012,1,4,POPLATEK MESICNE,632,90,2659.237777777778,2656.543829848308,33766.368888888894,1000.0,37576.0,18.0,0.0,0.0,1.0,3844.0,Kladno,central Bohemia,149893,63,29,6,2,6,67.4,9753,4.64,5.05,109,5244,5892
1020,0,56,POPLATEK MESICNE,631,144,1058.2694444444444,1312.860054231559,19490.843055555553,1100.0,12496.0,28.8,0.0,1.0,3.0,1989.0,Breclav,south Moravia,124605,11,42,14,1,8,46.0,8772,4.69,4.98,126,2854,3158
2986,0,63,POPLATEK MESICNE,631,141,7033.297872340426,9775.15081368107,47496.46312056737,500.0,47889.7,28.2,1.0,0.0,3.0,5724.0,Vyskov,south Moravia,86513,38,36,5,1,5,50.5,8288,3.79,4.52,110,1562,1460
615,0,72,POPLATEK MESICNE,631,110,1031.5772727272727,1189.4783478991678,18157.26818181818,800.0,22867.7,22.0,0.0,1.0,2.0,2096.0,Olomouc,north Moravia,226122,32,50,7,4,4,62.6,8994,3.80,4.79,110,9672,9208
7894,0,27,POPLATEK MESICNE,631,190,11415.871578947368,14148.830779679007,57029.60263157895,300.0,45733.3,38.0,1.0,0.0,3.0,11738.7,Plzen - jih,west Bohemia,67298,71,19,10,0,7,43.8,8561,0.65,1.29,110,1029,1127
3294,0,75,POPLATEK MESICNE,631,112,4552.491071428572,5301.383218150271,39802.985714285714,900.0,62109.3,22.4,0.0,0.0,1.0,6369.0,Prerov,north Moravia,138032,67,30,4,2,5,64.6,8819,5.38,5.66,99,4063,4505
2450,0,48,POPLATEK MESICNE,630,129,8469.418604651162,10296.267654461368,63075.11085271318,900.0,81433.0,25.8,0.0,0.0,2.0,9370.0,Rychnov nad Kneznou,east Bohemia,78955,50,24,8,1,9,59.0,9060,1.78,2.44,124,1655,1717
1503,0,71,POPLATEK MESICNE,630,83,2076.756626506024,1970.0376906876538,19394.053012048196,300.0,21011.3,16.6,0.0,0.0,1.0,3171.0,Novy Jicin,north Moravia,161227,5,35,11,4,10,69.7,8678,5.93,5.57,102,4980,4595
3247,0,61,POPLATEK MESICNE,629,118,2421.4296610169495,2557.983086968182,26518.339830508474,800.0,36312.0,23.6,0.0,0.0,2.0,4006.0,Trebic,south Moravia,117897,139,28,5,1,6,53.8,8814,4.76,5.74,107,2112,2059
3568,0,40,POPLATEK MESICNE,629,103,2034.906796116505,2003.9348989593168,18527.632038834952,500.0,14561.4,20.6,0.0,1.0,1.0,2626.0,Teplice,north Bohemia,128118,9,16,6,3,8,85.3,9317,6.49,7.07,97,6949,6872
152,0,1,POPLATEK MESICNE,628,122,2134.3475409836065,2280.1519987833894,19487.41393442623,1100.0,13329.7,24.4,0.0,0.0,2.0,3419.0,Hl.m. Praha,Prague,1204953,0,0,0,1,1,100.0,12541,0.29,0.43,167,85677,99107
5072,0,6,POPLATEK MESICNE,628,176,6092.9375,9000.344566500138,46459.49090909091,1100.0,56074.6,35.2,1.0,0.0,5.0,14894.0,Kutna Hora,central Bohemia,77963,60,23,4,2,4,51.5,8546,2.95,4.02,126,2640,3120
1456,0,9,POPLATEK MESICNE,628,144,18420.92361111111,18417.67703004956,72718.68472222221,1100.0,40010.2,28.8,0.0,0.0,1.0,1250.8,Nymburk,central Bohemia,81344,61,23,4,2,6,55.3,8899,3.39,3.97,149,2987,2487
1622,0,19,POPLATEK MESICNE,628,124,2225.2443548387096,2298.63421524529,27926.559677419355,900.0,42077.7,24.8,0.0,0.0,2.0,3385.0,Prachatice,south Bohemia,51428,50,11,3,1,4,52.7,8402,3.13,3.98,120,999,1099
10215,0,38,POPLATEK MESICNE,628,140,4225.123571428572,5480.620011880065,51080.785,300.0,61962.1,28.0,1.0,0.0,3.0,6120.0,Louny,north Bohemia,85852,41,23,4,2,4,59.8,8965,7.08,8.23,104,2653,2822
2247,0,24,POPLATEK MESICNE,627,186,5087.148387096774,10539.400142006265,35655.888172043014,600.0,42241.8,37.2,1.0,0.0,5.0,6667.0,Karlovy Vary,west Bohemia,122603,25,21,6,2,8,80.0,8991,1.39,2.01,128,5198,5273
2205,0,51,POPLATEK MESICNE,627,87,2479.0103448275863,2348.7686517216516,21259.54367816092,1100.0,16021.2,17.4,0.0,0.0,1.0,3042.0,Trutnov,east Bohemia,121947,37,28,7,3,11,70.5,8541,2.51,2.97,131,3496,3839
1543,1,1,POPLATEK MESICNE,626,116,2817.881896551724,5351.101379628377,36759.24310344828,1100.0,44433.9,23.2,0.0,0.0,0.0,0.0,Hl.m. Praha,Prague,1204953,0,0,0,1,1,100.0,12541,0.29,0.43,167,85677,99107
1655,0,41,POPLATEK MESICNE,625,123,5835.991869918699,6823.264610087874,29895.611382113824,600.0,41151.7,24.6,0.0,0.0,2.0,8104.0,Usti nad Labem,north Bohemia,118650,8,8,5,1,3,85.6,9832,3.32,4.48,114,6445,5471
3976,0,74,POPLATEK MESICNE,625,113,2239.3433628318585,2525.6285283454017,20376.53185840708,600.0,8970.6,22.6,0.0,0.0,2.0,2414.0,Ostrava - mesto,north Moravia,323870,0,0,0,1,1,100.0,10673,4.75,5.44,100,18782,18347
1383,0,11,POPLATEK MESICNE,625,100,2425.288,2617.0128149074662,36403.835,1000.0,41025.5,20.0,0.0,0.0,1.0,2173.0,Praha - zapad,central Bohemia,75637,35,36,9,0,7,36.5,9622,0.45,0.59,154,3475,3529
439,0,69,POPLATEK MESICNE,625,92,3017.590217391304,7047.441664218483,30485.198913043478,300.0,20721.8,18.4,0.0,1.0,0.0,0.0,Jesenik,north Moravia,42821,4,13,5,1,3,48.4,8173,?,7.01,124,?,1358
1550,0,1,POPLATEK MESICNE,625,109,3344.8926605504585,3334.702237407091,22391.264220183486,500.0,19069.9,21.8,0.0,0.0,1.0,4708.0,Hl.m. Praha,Prague,1204953,0,0,0,1,1,100.0,12541,0.29,0.43,167,85677,99107
101,0,35,POPLATEK MESICNE,624,126,6048.855555555556,7142.78427678793,43040.41190476191,1000.0,55309.4,25.2,0.0,0.0,2.0,8892.0,Jablonec n. Nisou,north Bohemia,88768,10,18,5,1,7,80.5,8867,1.02,1.21,130,3384,3620
1473,0,39,POPLATEK MESICNE,624,82,1250.698780487805,1233.2871160002933,14843.680487804879,600.0,19770.1,16.4,0.0,1.0,1.0,1984.0,Most,north Bohemia,119895,17,4,3,2,4,89.9,10446,7.34,9.40,90,4947,4743
1121,0,32,POPLATEK MESICNE,623,93,8132.5053763440865,8939.671165523268,49407.508602150534,800.0,42855.3,18.6,0.0,0.0,0.0,0.0,Ceska Lipa,north Bohemia,105058,32,19,7,2,10,81.0,9272,2.80,3.22,118,4340,4505
2254,0,1,POPLATEK MESICNE,623,140,10230.118571428573,12753.613207072885,49341.24571428572,200.0,25137.6,28.0,0.0,0.0,3.0,14716.3,Hl.m. Praha,Prague,1204953,0,0,0,1,1,100.0,12541,0.29,0.43,167,85677,99107
3806,0,36,POPLATEK MESICNE,622,133,7312.569172932331,9814.532631366024,40255.76616541354,200.0,32468.4,26.6,0.0,0.0,3.0,5712.0,Liberec,north Bohemia,159617,29,19,8,1,9,85.2,9198,3.33,4.28,131,5796,6132
283,0,44,POPLATEK MESICNE,622,87,1937.103448275862,1893.8637027926304,23286.241379310344,800.0,29740.7,17.4,0.0,0.0,1.0,2802.0,Chrudim,east Bohemia,105606,77,26,7,2,7,53.0,8254,2.79,3.76,97,2166,2325
2432,0,8,POPLATEK MESICNE,622,96,2183.80625,2212.6647901194187,25227.73125,1100.0,31378.1,19.2,0.0,0.0,1.0,2554.0,Mlada Boleslav,central Bohemia,112065,95,19,7,1,8,69.4,11277,1.25,1.44,127,5179,4987
3802,0,44,POPLATEK MESICNE,622,81,2138.5234567901234,2089.6537426851132,18545.97160493827,200.0,26193.1,16.2,0.0,0.0,1.0,3276.0,Chrudim,east Bohemia,105606,77,26,7,2,7,53.0,8254,2.79,3.76,97,2166,2325
3821,0,18,POPLATEK MESICNE,622,118,3364.523728813559,8739.140048040266,28160.204237288137,500.0,19758.7,23.6,0.0,1.0,0.0,0.0,Pisek,south Bohemia,70699,60,13,2,1,4,65.3,8968,2.83,3.35,131,1740,1910
3907,0,37,POPLATEK MESICNE,622,102,9504.733333333334,13146.597436684682,44244.85490196079,600.0,2814.8,20.4,1.0,0.0,1.0,5577.3,Litomerice,north Bohemia,114006,71,26,6,2,9,62.3,9065,4.46,5.39,123,4147,4166
3854,0,8,POPLATEK MESICNE,622,125,1326.456,1615.7326275138792,25139.844,300.0,21019.7,25.0,0.0,0.0,2.0,2220.0,Mlada Boleslav,central Bohemia,112065,95,19,7,1,8,69.4,11277,1.25,1.44,127,5179,4987
3606,0,1,POPLATEK MESICNE,622,88,3230.3863636363635,3384.049244607243,31529.88409090909,900.0,49086.9,17.6,0.0,1.0,0.0,0.0,Hl.m. Praha,Prague,1204953,0,0,0,1,1,100.0,12541,0.29,0.43,167,85677,99107
1939,0,6,POPLATEK TYDNE,621,132,15892.821212121211,20926.988684599317,48308.86818181819,400.0,97068.2,26.4,0.0,0.0,2.0,3983.0,Kutna Hora,central Bohemia,77963,60,23,4,2,4,51.5,8546,2.95,4.02,126,2640,3120
5726,0,17,POPLATEK PO OBRATU,621,108,11478.927777777777,12810.53472013782,38957.26296296297,-5883.5,24505.1,21.6,0.0,0.0,0.0,0.0,Pelhrimov,south Bohemia,74062,99,15,4,2,7,61.4,8114,2.38,2.62,119,1003,1181
3998,0,2,POPLATEK MESICNE,620,126,5765.361904761905,7517.679253906562,40046.30158730159,400.0,26446.8,25.2,0.0,0.0,2.0,3883.0,Benesov,central Bohemia,88884,80,26,6,2,5,46.7,8507,1.67,1.85,132,2159,2674
3021,0,10,POPLATEK MESICNE,620,112,7671.286607142857,8386.342268348644,33314.18392857143,300.0,19487.8,22.4,1.0,0.0,1.0,3241.8,Praha - vychod,central Bohemia,92084,55,29,4,3,5,46.7,10124,0.56,0.54,141,3810,4316
1607,1,71,POPLATEK MESICNE,620,103,9726.631067961165,10083.96862395105,44843.3932038835,800.0,31134.3,20.6,0.0,1.0,1.0,9958.0,Novy Jicin,north Moravia,161227,5,35,11,4,10,69.7,8678,5.93,5.57,102,4980,4595
1733,1,18,POPLATEK MESICNE,620,93,14127.875268817203,15289.59247026819,52537.813978494625,900.0,72060.1,18.6,0.0,0.0,2.0,8934.0,Pisek,south Bohemia,70699,60,13,2,1,4,65.3,8968,2.83,3.35,131,1740,1910
2474,0,33,POPLATEK MESICNE,620,122,1353.4860655737705,1587.0278191417585,16398.77131147541,200.0,13753.9,24.4,0.0,0.0,2.0,2372.0,Decin,north Bohemia,133777,24,17,7,3,11,84.7,8705,5.75,7.61,116,4650,4859
3816,0,25,POPLATEK MESICNE,619,21,3014.285714285714,2374.507467725826,28600.0,400.0,39700.0,4.2,0.0,0.0,0.0,0.0,Klatovy,west Bohemia,88757,60,33,3,2,10,61.7,8554,2.47,2.68,113,1822,2218
766,0,3,POPLATEK MESICNE,619,105,8093.873333333333,8818.243216842995,44273.6180952381,500.0,49789.2,21.0,0.0,0.0,1.0,7032.0,Beroun,central Bohemia,75232,55,26,4,1,5,41.7,8980,1.95,2.21,111,2824,2813
695,1,5,POPLATEK MESICNE,619,109,9239.023853211009,10040.189839699424,41684.85504587156,900.0,19274.4,21.8,0.0,0.0,1.0,9516.0,Kolin,central Bohemia,95616,65,30,4,1,6,51.4,9307,3.85,4.43,118,2616,3040
2287,0,1,POPLATEK MESICNE,619,106,9197.844339622641,10099.985878529309,60318.13867924528,900.0,70144.2,21.2,0.0,1.0,1.0,6275.0,Hl.m. Praha,Prague,1204953,0,0,0,1,1,100.0,12541,0.29,0.43,167,85677,99107
1358,0,39,POPLATEK MESICNE,619,109,2203.959633027523,2052.8514337613815,25928.41376146789,500.0,47604.3,21.8,0.0,0.0,1.0,2980.0,Most,north Bohemia,119895,17,4,3,2,4,89.9,10446,7.34,9.40,90,4947,4743
3019,0,33,POPLATEK MESICNE,619,87,8272.044827586207,8688.484332641021,32909.244827586204,300.0,33920.7,17.4,0.0,1.0,0.0,0.0,Decin,north Bohemia,133777,24,17,7,3,11,84.7,8705,5.75,7.61,116,4650,4859
1641,0,50,POPLATEK MESICNE,618,174,11529.127011494253,14888.300571988304,58395.268390804595,900.0,10281.2,34.8,0.0,0.0,4.0,11226.6,Svitavy,east Bohemia,102609,75,33,2,3,6,52.0,8187,4.83,5.45,94,2123,2134
1624,0,53,POPLATEK MESICNE,618,114,2014.8701754385966,2435.8151984964948,23474.23947368421,500.0,17883.9,22.8,0.0,0.0,2.0,2137.0,Blansko,south Moravia,107911,88,33,6,2,7,50.9,8240,2.53,3.56,99,1850,1903
798,0,1,POPLATEK MESICNE,618,109,1564.8761467889908,1711.2535156958224,29090.86972477064,600.0,40024.2,21.8,0.0,1.0,1.0,2182.0,Hl.m. Praha,Prague,1204953,0,0,0,1,1,100.0,12541,0.29,0.43,167,85677,99107
7240,1,17,POPLATEK MESICNE,617,117,5734.323076923078,6245.70932972754,28477.35982905983,500.0,18408.6,23.4,1.0,0.0,2.0,11671.7,Pelhrimov,south Bohemia,74062,99,15,4,2,7,61.4,8114,2.38,2.62,119,1003,1181
4458,0,60,POPLATEK MESICNE,617,43,3621.923255813954,5463.312945667989,29041.446511627906,900.0,17742.5,8.6,0.0,0.0,0.0,0.0,Prostejov,south Moravia,110643,49,41,4,1,4,51.9,8441,3.45,4.48,115,1879,2252
3596,0,59,POPLATEK MESICNE,617,93,8322.067741935485,9047.311529136843,49522.35806451613,500.0,58805.0,18.6,0.0,0.0,0.0,0.0,Kromeriz,south Moravia,108871,41,29,7,2,6,62.1,8444,3.24,3.47,106,2595,2305
1709,0,24,POPLATEK MESICNE,617,107,7044.145794392523,8322.779991337262,48165.09626168224,400.0,57900.6,21.4,0.0,0.0,1.0,3227.0,Karlovy Vary,west Bohemia,122603,25,21,6,2,8,80.0,8991,1.39,2.01,128,5198,5273
3859,0,53,POPLATEK MESICNE,617,102,9331.722549019607,14390.764527650315,31859.160784313724,-152.2,197.1,20.4,1.0,0.0,1.0,5120.2,Blansko,south Moravia,107911,88,33,6,2,7,50.9,8240,2.53,3.56,99,1850,1903
481,0,72,POPLATEK MESICNE,617,111,2032.7135135135136,2438.1529069615003,33667.5990990991,700.0,45848.5,22.2,0.0,0.0,2.0,1889.0,Olomouc,north Moravia,226122,32,50,7,4,4,62.6,8994,3.80,4.79,110,9672,9208
1070,0,62,POPLATEK MESICNE,617,107,6536.270093457944,7181.183922220454,32983.27570093458,200.0,32001.6,21.4,0.0,0.0,1.0,5116.0,Uherske Hradiste,south Moravia,145688,22,41,13,2,5,40.7,8544,1.29,1.86,109,2719,2906
3280,0,1,POPLATEK MESICNE,616,117,5292.347863247863,6227.413710106893,24906.31623931624,1100.0,24780.1,23.4,0.0,0.0,2.0,4397.0,Hl.m. Praha,Prague,1204953,0,0,0,1,1,100.0,12541,0.29,0.43,167,85677,99107
689,0,1,POPLATEK MESICNE,616,166,6677.09156626506,11086.812362236658,48931.00963855421,400.0,22418.7,33.2,0.0,0.0,5.0,10257.2,Hl.m. Praha,Prague,1204953,0,0,0,1,1,100.0,12541,0.29,0.43,167,85677,99107
4488,0,33,POPLATEK MESICNE,616,97,4031.682474226804,4366.313795125375,27232.0412371134,600.0,27220.7,19.4,0.0,0.0,0.0,0.0,Decin,north Bohemia,133777,24,17,7,3,11,84.7,8705,5.75,7.61,116,4650,4859
2246,0,1,POPLATEK MESICNE,615,110,11781.632727272729,13385.053278965832,43085.83454545454,700.0,63460.4,22.0,1.0,0.0,1.0,6930.0,Hl.m. Praha,Prague,1204953,0,0,0,1,1,100.0,12541,0.29,0.43,167,85677,99107
3301,0,14,POPLATEK MESICNE,615,108,6601.928703703704,7162.224970799644,31190.352777777778,900.0,17363.7,21.6,0.0,0.0,1.0,4956.0,Ceske Budejovice,south Bohemia,177686,69,27,10,1,9,74.8,10045,1.42,1.71,135,6604,6295
7997,0,10,POPLATEK MESICNE,615,130,11941.39,14559.834323014127,52756.25769230769,400.0,30537.8,26.0,1.0,0.0,1.0,6694.2,Praha - vychod,central Bohemia,92084,55,29,4,3,5,46.7,10124,0.56,0.54,141,3810,4316
1542,0,1,POPLATEK MESICNE,615,95,2771.1968421052634,2727.969258907276,19165.63052631579,1000.0,20986.3,19.0,0.0,0.0,1.0,2655.0,Hl.m. Praha,Prague,1204953,0,0,0,1,1,100.0,12541,0.29,0.43,167,85677,99107
5395,0,47,POPLATEK MESICNE,614,116,7654.794827586206,11777.21815071531,46094.40862068966,400.0,32501.4,23.2,1.0,0.0,1.0,4393.8,Pardubice,east Bohemia,162580,83,26,5,1,6,72.8,9538,1.51,1.81,111,6079,5410
780,0,3,POPLATEK MESICNE,614,108,8072.0888888888885,8929.073945110911,39664.4037037037,600.0,36078.1,21.6,0.0,0.0,1.0,6220.0,Beroun,central Bohemia,75232,55,26,4,1,5,41.7,8980,1.95,2.21,111,2824,2813
5505,0,1,POPLATEK MESICNE,614,104,11992.467307692308,15752.563715329728,42996.65192307692,-1879.2,50442.1,20.8,0.0,0.0,1.0,2908.2,Hl.m. Praha,Prague,1204953,0,0,0,1,1,100.0,12541,0.29,0.43,167,85677,99107
3178,0,4,POPLATEK MESICNE,613,97,1056.0690721649485,1170.3847443754719,14741.764948453609,600.0,17917.5,19.4,0.0,0.0,2.0,1952.0,Kladno,central Bohemia,149893,63,29,6,2,6,67.4,9753,4.64,5.05,109,5244,5892
500,0,56,POPLATEK MESICNE,613,140,12213.118571428573,16269.535655326506,51356.20857142857,400.0,16706.0,28.0,0.0,0.0,3.0,6435.6,Breclav,south Moravia,124605,11,42,14,1,8,46.0,8772,4.69,4.98,126,2854,3158
3451,0,52,POPLATEK MESICNE,613,102,7993.09705882353,8152.8944121419745,34165.09607843137,800.0,17284.8,20.4,0.0,0.0,1.0,7097.0,Usti nad Orlici,east Bohemia,139012,59,41,8,3,10,61.9,8363,2.52,3.49,108,2564,2799
1304,1,40,POPLATEK MESICNE,613,93,13950.862365591398,16012.37441314437,60012.041935483874,400.0,63375.5,18.6,0.0,0.0,1.0,2368.9,Teplice,north Bohemia,128118,9,16,6,3,8,85.3,9317,6.49,7.07,97,6949,6872
3664,0,1,POPLATEK MESICNE,612,114,13819.943859649124,14614.980678542326,65495.87280701754,800.0,96307.7,22.8,1.0,0.0,1.0,5658.0,Hl.m. Praha,Prague,1204953,0,0,0,1,1,100.0,12541,0.29,0.43,167,85677,99107
3038,0,10,POPLATEK MESICNE,612,146,17032.391095890413,16512.775275650274,76102.75205479453,1000.0,63352.3,29.2,0.0,0.0,0.0,0.0,Praha - vychod,central Bohemia,92084,55,29,4,3,5,46.7,10124,0.56,0.54,141,3810,4316
951,0,3,POPLATEK MESICNE,612,85,1859.0294117647059,1751.4762361820283,18798.275294117648,1100.0,25818.3,17.0,0.0,0.0,1.0,2371.0,Beroun,central Bohemia,75232,55,26,4,1,5,41.7,8980,1.95,2.21,111,2824,2813
1529,0,1,POPLATEK MESICNE,612,137,1299.0459854014598,1488.164034731001,19367.54087591241,600.0,20774.1,27.4,0.0,1.0,3.0,2599.0,Hl.m. Praha,Prague,1204953,0,0,0,1,1,100.0,12541,0.29,0.43,167,85677,99107
3027,0,62,POPLATEK MESICNE,611,91,1813.4406593406593,1736.6095247143066,21094.921978021976,1000.0,18965.8,18.2,0.0,0.0,1.0,2631.0,Uherske Hradiste,south Moravia,145688,22,41,13,2,5,40.7,8544,1.29,1.86,109,2719,2906
4342,0,74,POPLATEK MESICNE,611,145,9625.226206896552,12243.415154981274,56615.80689655172,700.0,71050.1,29.0,1.0,0.0,2.0,10307.0,Ostrava - mesto,north Moravia,323870,0,0,0,1,1,100.0,10673,4.75,5.44,100,18782,18347
1582,1,28,POPLATEK MESICNE,609,101,2158.7346534653466,2368.5783410491467,29562.77524752475,500.0,26140.9,20.2,0.0,0.0,1.0,1917.0,Plzen - sever,west Bohemia,72541,66,26,10,0,8,36.9,8594,1.62,2.01,112,1580,1525
2730,0,23,POPLATEK MESICNE,608,91,1318.789010989011,1383.094774646943,17909.813186813186,1000.0,21749.3,18.2,0.0,0.0,1.0,2284.0,Cheb,west Bohemia,87419,21,11,4,3,9,85.5,8624,1.79,2.66,102,2879,3198
8896,1,28,POPLATEK PO OBRATU,608,162,15131.413580246914,16108.639095366918,61056.81543209876,300.0,15592.6,32.4,0.0,0.0,1.0,2474.6,Plzen - sever,west Bohemia,72541,66,26,10,0,8,36.9,8594,1.62,2.01,112,1580,1525
1716,0,46,POPLATEK MESICNE,608,115,5554.600869565217,6387.175141826598,26151.496521739133,1100.0,25452.6,23.0,0.0,0.0,2.0,4607.0,Nachod,east Bohemia,112709,48,20,7,3,10,73.5,8369,1.79,2.31,117,2854,2618
986,0,74,POPLATEK MESICNE,608,100,2219.643,2540.68353545345,23648.053,600.0,24965.2,20.0,0.0,0.0,1.0,2146.0,Ostrava - mesto,north Moravia,323870,0,0,0,1,1,100.0,10673,4.75,5.44,100,18782,18347
1192,0,29,POPLATEK MESICNE,608,88,5506.580681818182,5848.4854673895,42441.74204545454,200.0,47711.9,17.6,0.0,0.0,0.0,0.0,Rokycany,west Bohemia,45714,52,10,5,1,6,55.6,8843,2.82,3.60,113,818,888
2116,0,70,POPLATEK MESICNE,608,139,8307.614388489208,11340.387486859092,45315.31942446043,1000.0,38865.7,27.8,1.0,0.0,3.0,12413.8,Karvina,north Moravia,285387,0,2,8,5,7,89.9,10177,6.63,7.75,81,9878,10108
4127,0,50,POPLATEK MESICNE,607,82,4886.308536585366,9642.655710406365,20304.76463414634,-2915.3,-2886.4,16.4,1.0,0.0,4.0,15595.2,Svitavy,east Bohemia,102609,75,33,2,3,6,52.0,8187,4.83,5.45,94,2123,2134
3791,0,1,POPLATEK TYDNE,607,149,7967.330872483221,10676.345060281756,47421.26308724832,400.0,42520.3,29.8,0.0,0.0,3.0,7862.0,Hl.m. Praha,Prague,1204953,0,0,0,1,1,100.0,12541,0.29,0.43,167,85677,99107
3531,0,59,POPLATEK MESICNE,607,102,2534.7450980392155,2695.7652492630273,22188.460784313724,900.0,25291.4,20.4,0.0,0.0,1.0,2868.0,Kromeriz,south Moravia,108871,41,29,7,2,6,62.1,8444,3.24,3.47,106,2595,2305
2994,0,77,POPLATEK MESICNE,607,128,6335.0359375,7944.826823528861,49091.9828125,900.0,55013.2,25.6,1.0,0.0,2.0,4571.0,Vsetin,north Moravia,148545,8,35,12,3,4,53.5,8909,4.01,5.56,113,3460,3590
1328,0,8,POPLATEK MESICNE,606,107,13201.048598130841,14281.847668653896,51345.29719626168,1100.0,30315.5,21.4,0.0,0.0,1.0,3249.8,Mlada Boleslav,central Bohemia,112065,95,19,7,1,8,69.4,11277,1.25,1.44,127,5179,4987
97,0,74,POPLATEK MESICNE,605,164,4663.525,6734.963659972511,35953.18780487805,900.0,46383.4,32.8,1.0,0.0,5.0,12438.0,Ostrava - mesto,north Moravia,323870,0,0,0,1,1,100.0,10673,4.75,5.44,100,18782,18347
3648,0,61,POPLATEK MESICNE,604,138,1307.8615942028985,1544.5943945569363,27537.289855072464,900.0,32302.1,27.6,0.0,0.0,3.0,2469.0,Trebic,south Moravia,117897,139,28,5,1,6,53.8,8814,4.76,5.74,107,2112,2059
2591,0,1,POPLATEK MESICNE,604,99,2099.929292929293,2194.3067190797356,21044.00505050505,800.0,25595.6,19.8,0.0,0.0,1.0,3301.0,Hl.m. Praha,Prague,1204953,0,0,0,1,1,100.0,12541,0.29,0.43,167,85677,99107
1614,0,63,POPLATEK MESICNE,603,119,9097.215126050422,10419.229264207035,54553.108403361344,300.0,51397.7,23.8,0.0,0.0,1.0,5763.0,Vyskov,south Moravia,86513,38,36,5,1,5,50.5,8288,3.79,4.52,110,1562,1460
706,0,49,POPLATEK MESICNE,603,85,9144.083529411764,9546.87694117629,39976.48117647059,1000.0,31779.9,17.0,0.0,0.0,0.0,0.0,Semily,east Bohemia,75685,31,28,5,1,9,60.8,8208,1.89,2.26,155,1660,2123
2232,0,1,POPLATEK MESICNE,603,107,3262.6401869158876,3161.8275224121544,27387.512149532708,900.0,42657.7,21.4,0.0,1.0,1.0,4916.0,Hl.m. Praha,Prague,1204953,0,0,0,1,1,100.0,12541,0.29,0.43,167,85677,99107
2946,0,54,POPLATEK MESICNE,603,90,1667.868888888889,1635.9505556691674,16097.026666666665,1100.0,14795.5,18.0,0.0,0.0,1.0,2672.0,Brno - mesto,south Moravia,387570,0,0,0,1,1,100.0,9897,1.60,1.96,140,18721,18696
2346,1,27,POPLATEK MESICNE,602,143,6561.360839160839,9891.662352096955,29811.11608391608,-1012.3,3008.2,28.6,0.0,0.0,4.0,12839.0,Plzen - jih,west Bohemia,67298,71,19,10,0,7,43.8,8561,0.65,1.29,110,1029,1127
3736,0,54,POPLATEK MESICNE,602,92,2701.096739130435,2918.0116509815334,32693.739130434784,1000.0,36613.4,18.4,0.0,0.0,1.0,3500.0,Brno - mesto,south Moravia,387570,0,0,0,1,1,100.0,9897,1.60,1.96,140,18721,18696
3887,0,62,POPLATEK MESICNE,602,103,1554.8796116504855,1925.0371045753907,33734.07572815534,200.0,47224.5,20.6,0.0,0.0,1.0,2013.0,Uherske Hradiste,south Moravia,145688,22,41,13,2,5,40.7,8544,1.29,1.86,109,2719,2906
1672,0,5,POPLATEK MESICNE,602,112,7193.540178571428,8375.58375530117,50936.29642857143,800.0,39673.2,22.4,0.0,0.0,1.0,3898.0,Kolin,central Bohemia,95616,65,30,4,1,6,51.4,9307,3.85,4.43,118,2616,3040
1752,0,68,POPLATEK MESICNE,602,90,8067.47,8437.801667462147,52372.11555555556,1100.0,45725.3,18.0,0.0,0.0,0.0,0.0,Frydek - Mistek,north Moravia,228848,15,40,18,2,6,57.2,9893,4.09,4.72,96,5623,5887
1996,0,6,POPLATEK TYDNE,602,100,10405.483,10742.498546710247,51712.33900000001,1000.0,31992.0,20.0,0.0,0.0,1.0,2395.6,Kutna Hora,central Bohemia,77963,60,23,4,2,4,51.5,8546,2.95,4.02,126,2640,3120
1244,0,68,POPLATEK MESICNE,602,153,1671.7359477124182,2119.61048648636,18578.480392156864,900.0,11098.1,30.6,1.0,1.0,5.0,4233.0,Frydek - Mistek,north Moravia,228848,15,40,18,2,6,57.2,9893,4.09,4.72,96,5623,5887
1213,0,36,POPLATEK MESICNE,602,92,1934.3836956521739,1954.5373316261466,18396.873913043477,200.0,21550.5,18.4,0.0,1.0,1.0,2984.0,Liberec,north Bohemia,159617,29,19,8,1,9,85.2,9198,3.33,4.28,131,5796,6132
3928,0,24,POPLATEK MESICNE,602,98,2383.7795918367347,5845.742176491553,37765.58571428571,900.0,44028.5,19.6,0.0,0.0,0.0,0.0,Karlovy Vary,west Bohemia,122603,25,21,6,2,8,80.0,8991,1.39,2.01,128,5198,5273
1045,0,3,POPLATEK MESICNE,601,104,2293.4701923076923,2458.804999232047,21168.775,800.0,19733.6,20.8,0.0,0.0,1.0,1730.0,Beroun,central Bohemia,75232,55,26,4,1,5,41.7,8980,1.95,2.21,111,2824,2813
302,1,7,POPLATEK MESICNE,601,98,2446.694897959184,2464.0192768263078,26792.720408163266,6438.0,23796.9,19.6,0.0,0.0,1.0,3236.0,Melnik,central Bohemia,94725,38,28,1,3,6,63.4,9920,2.26,2.87,130,4289,4846
444,0,26,POPLATEK MESICNE,601,101,2980.624752475247,2957.540997700825,31736.49900990099,1100.0,47920.3,20.2,0.0,0.0,1.0,4469.0,Plzen - mesto,west Bohemia,170449,0,0,0,1,1,100.0,10787,2.64,3.09,131,6041,6261
2035,0,53,POPLATEK MESICNE,600,162,7390.625925925925,10893.202885859208,47053.54567901235,400.0,66183.9,32.4,1.0,0.0,5.0,14433.2,Blansko,south Moravia,107911,88,33,6,2,7,50.9,8240,2.53,3.56,99,1850,1903
3942,0,27,POPLATEK TYDNE,600,99,11079.371717171718,13308.041662008853,56027.4404040404,600.0,35254.2,19.8,1.0,0.0,2.0,16410.5,Plzen - jih,west Bohemia,67298,71,19,10,0,7,43.8,8561,0.65,1.29,110,1029,1127
9494,0,21,POPLATEK MESICNE,600,118,5216.9449152542375,4834.101255469968,23353.030508474578,400.0,26038.0,23.6,1.0,0.0,2.0,14482.0,Tabor,south Bohemia,103347,87,16,7,1,7,67.0,9104,1.51,2.07,123,2299,2354
913,0,59,POPLATEK MESICNE,600,133,4287.800751879699,5082.186580276432,33637.81654135338,300.0,38839.4,26.6,0.0,0.0,3.0,8984.0,Kromeriz,south Moravia,108871,41,29,7,2,6,62.1,8444,3.24,3.47,106,2595,2305
3248,0,77,POPLATEK MESICNE,599,100,1751.4,1859.440013997915,18894.028000000002,900.0,17704.5,20.0,0.0,0.0,2.0,3259.0,Vsetin,north Moravia,148545,8,35,12,3,4,53.5,8909,4.01,5.56,113,3460,3590
51,0,67,POPLATEK MESICNE,599,111,7203.04954954955,8977.33882300696,50732.31801801801,800.0,76899.0,22.2,0.0,1.0,2.0,4131.0,Bruntal,north Moravia,106054,38,25,6,2,6,63.1,8110,5.77,6.55,109,3244,3079
132,0,40,POPLATEK PO OBRATU,599,131,13486.463358778625,14266.083612876033,55901.3213740458,200.0,37068.2,26.2,1.0,1.0,1.0,7370.2,Teplice,north Bohemia,128118,9,16,6,3,8,85.3,9317,6.49,7.07,97,6949,6872
3512,0,46,POPLATEK MESICNE,599,19,2336.842105263158,2615.8088883461796,20310.526315789473,500.0,20400.0,3.8,0.0,0.0,1.0,2063.0,Nachod,east Bohemia,112709,48,20,7,3,10,73.5,8369,1.79,2.31,117,2854,2618
6792,0,1,POPLATEK MESICNE,599,149,3403.281879194631,4853.581302155025,34158.218120805366,400.0,45365.8,29.8,1.0,0.0,4.0,5424.0,Hl.m. Praha,Prague,1204953,0,0,0,1,1,100.0,12541,0.29,0.43,167,85677,99107
491,0,44,POPLATEK MESICNE,598,105,7495.823809523809,8366.53393873385,49641.83714285715,600.0,63318.3,21.0,0.0,0.0,1.0,9090.0,Chrudim,east Bohemia,105606,77,26,7,2,7,53.0,8254,2.79,3.76,97,2166,2325
9513,0,59,POPLATEK MESICNE,598,120,7202.9125,8485.677854846304,30396.844166666666,700.0,36964.4,24.0,1.0,0.0,2.0,9846.0,Kromeriz,south Moravia,108871,41,29,7,2,6,62.1,8444,3.24,3.47,106,2595,2305
684,0,49,POPLATEK MESICNE,598,81,1228.5098765432099,1220.091075760836,12772.651851851853,200.0,12991.2,16.2,0.0,0.0,1.0,1936.0,Semily,east Bohemia,75685,31,28,5,1,9,60.8,8208,1.89,2.26,155,1660,2123
3285,0,43,POPLATEK MESICNE,598,86,1241.3686046511627,1301.5047427326865,16910.522093023254,300.0,22365.1,17.2,0.0,0.0,1.0,2100.0,Hradec Kralove,east Bohemia,161854,73,21,6,1,6,76.3,9425,1.72,2.50,125,4085,3891
3434,0,32,POPLATEK MESICNE,597,94,1042.2893617021277,1059.124003875153,15673.065957446808,900.0,18161.7,18.8,0.0,0.0,2.0,1971.0,Ceska Lipa,north Bohemia,105058,32,19,7,2,10,81.0,9272,2.80,3.22,118,4340,4505
2619,1,20,POPLATEK MESICNE,597,92,4933.369565217391,4956.944621875282,34065.105434782614,1100.0,39079.9,18.4,0.0,1.0,1.0,5454.0,Strakonice,south Bohemia,70646,94,14,3,1,4,58.4,8547,2.65,3.64,120,1563,1542
6158,0,67,POPLATEK MESICNE,597,37,5398.489189189189,9386.522796565052,31473.69459459459,200.0,22544.4,7.4,1.0,0.0,1.0,5165.2,Bruntal,north Moravia,106054,38,25,6,2,6,63.1,8110,5.77,6.55,109,3244,3079
1013,0,59,POPLATEK MESICNE,597,81,1306.8135802469135,1270.6279080392778,14352.72098765432,300.0,15143.8,16.2,0.0,0.0,1.0,2081.0,Kromeriz,south Moravia,108871,41,29,7,2,6,62.1,8444,3.24,3.47,106,2595,2305
3523,0,65,POPLATEK MESICNE,596,20,3005.0,2693.750076321894,23480.0,600.0,40100.0,4.0,0.0,0.0,0.0,0.0,Znojmo,south Moravia,114200,101,41,4,1,4,43.7,8403,5.74,5.72,105,2157,2718
136,0,74,POPLATEK MESICNE,596,87,2662.0333333333333,2665.9423850465337,20096.29655172414,600.0,14777.6,17.4,0.0,0.0,1.0,2932.0,Ostrava - mesto,north Moravia,323870,0,0,0,1,1,100.0,10673,4.75,5.44,100,18782,18347
632,0,29,POPLATEK MESICNE,596,109,951.094495412844,1113.4107884596358,16427.246788990826,400.0,20863.4,21.8,0.0,0.0,3.0,2133.0,Rokycany,west Bohemia,45714,52,10,5,1,6,55.6,8843,2.82,3.60,113,818,888
3769,0,3,POPLATEK MESICNE,596,95,2491.0052631578947,2633.2176165360574,23618.66736842105,700.0,28407.4,19.0,0.0,1.0,1.0,2050.0,Beroun,central Bohemia,75232,55,26,4,1,5,41.7,8980,1.95,2.21,111,2824,2813
2757,0,54,POPLATEK MESICNE,596,78,1310.902564102564,1319.1654688775984,14909.407692307694,300.0,18696.9,15.6,0.0,0.0,1.0,2077.0,Brno - mesto,south Moravia,387570,0,0,0,1,1,100.0,9897,1.60,1.96,140,18721,18696
360,0,32,POPLATEK MESICNE,596,85,11269.396470588235,12064.526868117746,54592.92235294118,1100.0,69660.6,17.0,0.0,0.0,0.0,0.0,Ceska Lipa,north Bohemia,105058,32,19,7,2,10,81.0,9272,2.80,3.22,118,4340,4505
9199,0,72,POPLATEK MESICNE,595,129,4845.291472868217,6339.915444514902,14282.041085271318,-2129.7,6315.4,25.8,1.0,0.0,1.0,2454.5,Olomouc,north Moravia,226122,32,50,7,4,4,62.6,8994,3.80,4.79,110,9672,9208
2752,0,74,POPLATEK MESICNE,595,96,3949.180208333333,9911.698408824739,39616.255208333336,500.0,34339.5,19.2,0.0,0.0,0.0,0.0,Ostrava - mesto,north Moravia,323870,0,0,0,1,1,100.0,10673,4.75,5.44,100,18782,18347
10694,0,73,POPLATEK TYDNE,595,126,7349.1150793650795,12366.509602762246,31556.716666666664,1000.0,2543.5,25.2,0.0,0.0,0.0,0.0,Opava,north Moravia,182027,17,49,12,2,7,56.4,8746,3.33,3.74,90,4355,4433
76,0,52,POPLATEK MESICNE,594,99,3707.355555555556,3977.6690730807795,31730.487878787877,200.0,26764.5,19.8,0.0,1.0,1.0,5208.0,Usti nad Orlici,east Bohemia,139012,59,41,8,3,10,61.9,8363,2.52,3.49,108,2564,2799
1924,0,66,POPLATEK MESICNE,594,75,2147.2266666666665,2402.6441605556683,31822.786666666667,300.0,43722.5,15.0,0.0,0.0,1.0,1962.0,Zdar nad Sazavou,south Moravia,125832,151,41,2,3,5,48.3,8512,3.51,4.12,102,2247,2103
8772,0,1,POPLATEK MESICNE,594,117,3953.2316239316237,4777.556410295985,15725.150427350429,800.0,16469.8,23.4,1.0,0.0,2.0,9196.3,Hl.m. Praha,Prague,1204953,0,0,0,1,1,100.0,12541,0.29,0.43,167,85677,99107
2505,0,60,POPLATEK MESICNE,594,94,1497.6925531914894,1797.1484276539925,21530.771276595744,200.0,30731.6,18.8,0.0,0.0,2.0,1961.0,Prostejov,south Moravia,110643,49,41,4,1,4,51.9,8441,3.45,4.48,115,1879,2252
7542,0,54,POPLATEK MESICNE,594,129,4925.02480620155,4615.09988795325,28921.462790697675,300.0,42780.4,25.8,1.0,0.0,3.0,16919.0,Brno - mesto,south Moravia,387570,0,0,0,1,1,100.0,9897,1.60,1.96,140,18721,18696
1074,0,59,POPLATEK MESICNE,594,89,9523.740449438203,10785.521257251221,64640.220224719094,1000.0,88974.9,17.8,0.0,0.0,1.0,1416.0,Kromeriz,south Moravia,108871,41,29,7,2,6,62.1,8444,3.24,3.47,106,2595,2305
3495,0,54,POPLATEK MESICNE,593,84,9773.114285714286,12264.58096969493,58452.36785714286,500.0,102497.5,16.8,0.0,0.0,1.0,5079.0,Brno - mesto,south Moravia,387570,0,0,0,1,1,100.0,9897,1.60,1.96,140,18721,18696
1904,0,70,POPLATEK MESICNE,592,120,2981.3033333333337,3467.7530563494183,25356.032499999998,500.0,40378.3,24.0,0.0,0.0,4.0,6951.0,Karvina,north Moravia,285387,0,2,8,5,7,89.9,10177,6.63,7.75,81,9878,10108
1040,1,19,POPLATEK MESICNE,592,106,14546.821698113208,14579.305961285083,54214.815094339625,1000.0,36960.0,21.2,0.0,1.0,2.0,9350.0,Prachatice,south Bohemia,51428,50,11,3,1,4,52.7,8402,3.13,3.98,120,999,1099
776,0,66,POPLATEK MESICNE,592,137,5434.594890510949,8027.865405502933,53530.05766423358,700.0,81685.4,27.4,0.0,0.0,3.0,3483.0,Zdar nad Sazavou,south Moravia,125832,151,41,2,3,5,48.3,8512,3.51,4.12,102,2247,2103
3162,1,63,POPLATEK TYDNE,592,120,10546.313333333334,11353.331422060595,48459.019166666665,700.0,47669.4,24.0,0.0,0.0,1.0,9350.0,Vyskov,south Moravia,86513,38,36,5,1,5,50.5,8288,3.79,4.52,110,1562,1460
379,0,32,POPLATEK MESICNE,592,146,1143.8890410958904,1439.3227758638618,17372.249315068493,1100.0,14364.3,29.2,0.0,0.0,4.0,2484.0,Ceska Lipa,north Bohemia,105058,32,19,7,2,10,81.0,9272,2.80,3.22,118,4340,4505
3731,0,70,POPLATEK MESICNE,590,77,1224.8194805194805,1216.8376933068596,16414.31168831169,1100.0,22521.3,15.4,0.0,0.0,1.0,1974.0,Karvina,north Moravia,285387,0,2,8,5,7,89.9,10177,6.63,7.75,81,9878,10108
1323,0,43,POPLATEK MESICNE,590,101,8125.229702970297,8960.31789445603,42724.387128712864,600.0,71704.7,20.2,0.0,0.0,1.0,9720.0,Hradec Kralove,east Bohemia,161854,73,21,6,1,6,76.3,9425,1.72,2.50,125,4085,3891
580,0,75,POPLATEK MESICNE,590,107,3086.5457943925235,3284.8293080285143,24067.672897196262,500.0,26806.7,21.4,0.0,0.0,2.0,5286.0,Prerov,north Moravia,138032,67,30,4,2,5,64.6,8819,5.38,5.66,99,4063,4505
2805,0,39,POPLATEK MESICNE,590,80,1254.6875,1231.2180807531288,16764.96,1000.0,18701.6,16.0,0.0,0.0,1.0,2017.0,Most,north Bohemia,119895,17,4,3,2,4,89.9,10446,7.34,9.40,90,4947,4743
1399,0,45,POPLATEK MESICNE,590,142,2705.372535211268,3582.7371028058824,29215.179577464787,800.0,37914.7,28.4,0.0,0.0,4.0,5814.0,Jicin,east Bohemia,77917,85,19,6,1,5,53.5,8390,2.28,2.89,132,2080,2122
1210,0,28,POPLATEK MESICNE,589,87,9308.82988505747,10322.883414363372,47844.1,400.0,48430.0,17.4,0.0,0.0,0.0,0.0,Plzen - sever,west Bohemia,72541,66,26,10,0,8,36.9,8594,1.62,2.01,112,1580,1525
8972,0,70,POPLATEK MESICNE,589,145,5918.923448275862,8431.804803787181,43244.84344827586,800.0,39858.2,29.0,1.0,0.0,3.0,7713.0,Karvina,north Moravia,285387,0,2,8,5,7,89.9,10177,6.63,7.75,81,9878,10108
891,0,34,POPLATEK MESICNE,587,89,2407.8146067415732,2361.5781997018325,27795.208988764047,1000.0,19085.3,17.8,0.0,0.0,1.0,1784.0,Chomutov,north Bohemia,125236,28,11,1,4,5,87.7,9675,6.43,7.68,100,5323,5190
2888,0,19,POPLATEK MESICNE,587,97,1460.462886597938,1551.7698100555745,16120.407216494845,700.0,13901.5,19.4,0.0,1.0,2.0,2392.0,Prachatice,south Bohemia,51428,50,11,3,1,4,52.7,8402,3.13,3.98,120,999,1099
832,0,42,POPLATEK MESICNE,586,79,1354.9670886075949,1356.2075459238906,14860.736708860759,500.0,17508.8,15.8,0.0,0.0,1.0,2135.0,Havlickuv Brod,east Bohemia,95907,87,25,5,2,7,59.1,8388,2.41,2.94,87,1658,1668
1905,1,34,POPLATEK MESICNE,585,131,4697.706870229007,5907.278501908156,36747.08167938932,400.0,30237.3,26.2,0.0,0.0,3.0,6803.0,Chomutov,north Bohemia,125236,28,11,1,4,5,87.7,9675,6.43,7.68,100,5323,5190
7713,0,50,POPLATEK TYDNE,585,61,7233.0278688524595,10769.77981109071,40005.322950819675,600.0,35158.7,12.2,1.0,0.0,2.0,12091.7,Svitavy,east Bohemia,102609,75,33,2,3,6,52.0,8187,4.83,5.45,94,2123,2134
4099,0,54,POPLATEK MESICNE,584,147,5017.029931972789,7456.2948841296475,39658.78911564626,800.0,31535.2,29.4,1.0,0.0,4.0,4499.0,Brno - mesto,south Moravia,387570,0,0,0,1,1,100.0,9897,1.60,1.96,140,18721,18696
3055,0,15,POPLATEK MESICNE,584,107,2128.544859813084,2499.455120516879,31132.660747663555,900.0,37098.8,21.4,0.0,0.0,2.0,2419.0,Cesky Krumlov,south Bohemia,58796,22,16,7,1,5,51.9,9045,3.13,3.60,124,1845,1879
1715,1,60,POPLATEK MESICNE,584,109,14421.169724770642,14925.38347096864,55166.12385321101,600.0,29707.7,21.8,0.0,0.0,0.0,0.0,Prostejov,south Moravia,110643,49,41,4,1,4,51.9,8441,3.45,4.48,115,1879,2252
1646,0,1,POPLATEK TYDNE,583,152,12372.474342105264,15305.022523811273,60861.14605263157,600.0,40763.9,30.4,0.0,0.0,2.0,8172.0,Hl.m. Praha,Prague,1204953,0,0,0,1,1,100.0,12541,0.29,0.43,167,85677,99107
612,0,1,POPLATEK MESICNE,583,77,1265.5428571428572,1260.4313657412533,13124.042857142858,300.0,15143.5,15.4,0.0,0.0,1.0,1936.0,Hl.m. Praha,Prague,1204953,0,0,0,1,1,100.0,12541,0.29,0.43,167,85677,99107
450,0,59,POPLATEK MESICNE,582,83,1918.621686746988,1749.8093199983875,14526.631325301203,1100.0,11622.0,16.6,0.0,0.0,1.0,2404.0,Kromeriz,south Moravia,108871,41,29,7,2,6,62.1,8444,3.24,3.47,106,2595,2305
10445,0,72,POPLATEK MESICNE,581,119,8021.415966386555,10400.429118811438,53572.08907563025,800.0,59304.9,23.8,1.0,0.0,2.0,5185.0,Olomouc,north Moravia,226122,32,50,7,4,4,62.6,8994,3.80,4.79,110,9672,9208
268,1,3,POPLATEK MESICNE,581,111,13213.344144144145,14164.7919465495,50032.81711711712,500.0,39143.8,22.2,0.0,1.0,1.0,3121.0,Beroun,central Bohemia,75232,55,26,4,1,5,41.7,8980,1.95,2.21,111,2824,2813
3240,0,35,POPLATEK TYDNE,581,147,9016.01156462585,13177.46559644203,41064.75238095238,800.0,3003.5,29.4,0.0,0.0,4.0,7380.3,Jablonec n. Nisou,north Bohemia,88768,10,18,5,1,7,80.5,8867,1.02,1.21,130,3384,3620
877,0,1,POPLATEK MESICNE,581,109,2295.045871559633,2596.8095897242306,29093.922018348625,700.0,36121.8,21.8,0.0,0.0,2.0,3628.0,Hl.m. Praha,Prague,1204953,0,0,0,1,1,100.0,12541,0.29,0.43,167,85677,99107
621,0,52,POPLATEK MESICNE,578,116,8731.155172413793,11458.688002410297,47427.81810344828,400.0,27200.6,23.2,0.0,0.0,2.0,3409.0,Usti nad Orlici,east Bohemia,139012,59,41,8,3,10,61.9,8363,2.52,3.49,108,2564,2799
1124,0,26,POPLATEK MESICNE,577,147,12038.897959183674,15023.685385633667,58724.80816326531,900.0,52669.4,29.4,0.0,0.0,3.0,8582.7,Plzen - mesto,west Bohemia,170449,0,0,0,1,1,100.0,10787,2.64,3.09,131,6041,6261
687,0,27,POPLATEK MESICNE,577,115,4610.76,5391.5944809473995,22720.508695652174,1100.0,14383.5,23.0,0.0,0.0,2.0,5442.0,Plzen - jih,west Bohemia,67298,71,19,10,0,7,43.8,8561,0.65,1.29,110,1029,1127
3590,0,57,POPLATEK MESICNE,577,99,9068.279797979798,9328.780752879875,40954.69696969697,800.0,29351.6,19.8,0.0,1.0,1.0,8939.0,Hodonin,south Moravia,161954,21,37,20,3,8,48.0,8720,3.73,4.50,116,3729,3651
3459,0,76,POPLATEK MESICNE,577,88,8814.826136363636,9765.684286416019,43806.902272727275,600.0,40666.7,17.6,0.0,0.0,0.0,0.0,Sumperk,north Moravia,127369,31,32,13,2,7,51.2,8369,4.73,5.88,107,3736,2807
2389,0,40,POPLATEK MESICNE,577,104,8339.90096153846,9675.092092539751,49904.69134615385,1000.0,45366.3,20.8,0.0,0.0,1.0,3912.0,Teplice,north Bohemia,128118,9,16,6,3,8,85.3,9317,6.49,7.07,97,6949,6872
2837,0,46,POPLATEK MESICNE,577,91,9550.017582417582,10781.727923303011,32770.094505494504,500.0,25268.2,18.2,0.0,0.0,0.0,0.0,Nachod,east Bohemia,112709,48,20,7,3,10,73.5,8369,1.79,2.31,117,2854,2618
2190,0,41,POPLATEK TYDNE,575,124,9496.273387096773,12963.790627588547,48617.16935483871,800.0,26323.7,24.8,0.0,0.0,3.0,7921.0,Usti nad Labem,north Bohemia,118650,8,8,5,1,3,85.6,9832,3.32,4.48,114,6445,5471
3746,0,70,POPLATEK MESICNE,575,115,6429.96347826087,7848.3295373090905,65978.79130434783,1000.0,71657.5,23.0,0.0,0.0,3.0,6242.0,Karvina,north Moravia,285387,0,2,8,5,7,89.9,10177,6.63,7.75,81,9878,10108
2982,0,19,POPLATEK MESICNE,575,175,11578.716571428571,17867.1455877679,64111.88857142857,900.0,43127.2,35.0,1.0,1.0,5.0,11994.0,Prachatice,south Bohemia,51428,50,11,3,1,4,52.7,8402,3.13,3.98,120,999,1099
9263,0,68,POPLATEK MESICNE,575,140,5793.282857142857,7795.681732247371,26724.095714285715,700.0,31829.3,28.0,1.0,0.0,3.0,13234.3,Frydek - Mistek,north Moravia,228848,15,40,18,2,6,57.2,9893,4.09,4.72,96,5623,5887
1405,0,53,POPLATEK MESICNE,575,112,1512.3410714285715,1834.7398815343104,30613.37142857143,400.0,40689.8,22.4,0.0,0.0,2.0,2387.0,Blansko,south Moravia,107911,88,33,6,2,7,50.9,8240,2.53,3.56,99,1850,1903
1954,0,72,POPLATEK MESICNE,574,89,1227.9258426966292,1296.0171143938794,14503.984269662922,1000.0,16742.0,17.8,0.0,1.0,1.0,2140.0,Olomouc,north Moravia,226122,32,50,7,4,4,62.6,8994,3.80,4.79,110,9672,9208
1973,0,71,POPLATEK MESICNE,574,97,994.9247422680412,1078.710055752445,16182.649484536083,600.0,20694.1,19.4,0.0,0.0,2.0,1997.0,Novy Jicin,north Moravia,161227,5,35,11,4,10,69.7,8678,5.93,5.57,102,4980,4595
3448,0,58,POPLATEK TYDNE,573,85,6700.217647058824,10625.659339566566,34614.64117647059,700.0,18711.7,17.0,1.0,1.0,1.0,2860.7,Jihlava,south Moravia,109164,98,16,6,1,4,63.6,8757,3.38,3.95,96,2212,2471
1913,0,48,POPLATEK MESICNE,573,97,1763.3247422680413,1761.8977161259324,35383.274226804126,300.0,49440.4,19.4,0.0,1.0,1.0,2613.0,Rychnov nad Kneznou,east Bohemia,78955,50,24,8,1,9,59.0,9060,1.78,2.44,124,1655,1717
958,0,72,POPLATEK MESICNE,573,86,2531.796511627907,2649.6521030437484,28092.472093023258,200.0,33056.2,17.2,0.0,0.0,1.0,3990.0,Olomouc,north Moravia,226122,32,50,7,4,4,62.6,8994,3.80,4.79,110,9672,9208
3199,0,66,POPLATEK MESICNE,573,116,6800.699137931034,8460.487024808666,43382.26724137931,1100.0,39941.0,23.2,0.0,0.0,2.0,3735.0,Zdar nad Sazavou,south Moravia,125832,151,41,2,3,5,48.3,8512,3.51,4.12,102,2247,2103
375,1,68,POPLATEK MESICNE,572,85,2336.747058823529,2422.8231905198954,23244.08588235294,1100.0,24747.8,17.0,0.0,0.0,1.0,3824.0,Frydek - Mistek,north Moravia,228848,15,40,18,2,6,57.2,9893,4.09,4.72,96,5623,5887
1270,0,55,POPLATEK PO OBRATU,572,109,4763.653211009175,5152.652203271934,24685.38256880734,500.0,25356.2,21.8,1.0,0.0,2.0,6239.3,Brno - venkov,south Moravia,157042,49,70,18,0,9,33.9,8743,1.88,2.43,111,3659,3894
9548,0,62,POPLATEK MESICNE,572,104,6510.6884615384615,7696.2801223456745,41865.44807692307,1000.0,52126.8,20.8,1.0,0.0,2.0,10575.0,Uherske Hradiste,south Moravia,145688,22,41,13,2,5,40.7,8544,1.29,1.86,109,2719,2906
3522,0,16,POPLATEK MESICNE,572,96,2659.116666666667,2789.026082219068,21198.945833333335,1000.0,12761.6,19.2,0.0,1.0,1.0,2423.0,Jindrichuv Hradec,south Bohemia,93931,74,21,10,1,8,56.9,8427,1.12,1.54,107,1874,1913
669,0,35,POPLATEK MESICNE,572,85,1153.544705882353,1187.2083376666499,14643.176470588236,700.0,16343.2,17.0,0.0,0.0,1.0,1947.0,Jablonec n. Nisou,north Bohemia,88768,10,18,5,1,7,80.5,8867,1.02,1.21,130,3384,3620
732,1,38,POPLATEK MESICNE,572,106,6519.032075471699,7167.405279970034,35905.08018867925,600.0,27309.3,21.2,0.0,0.0,1.0,5129.0,Louny,north Bohemia,85852,41,23,4,2,4,59.8,8965,7.08,8.23,104,2653,2822
4585,0,27,POPLATEK MESICNE,571,113,4606.946017699115,5315.634690854278,37589.2185840708,200.0,34574.7,22.6,1.0,0.0,2.0,5412.0,Plzen - jih,west Bohemia,67298,71,19,10,0,7,43.8,8561,0.65,1.29,110,1029,1127
171,0,46,POPLATEK MESICNE,571,94,2325.2117021276595,2384.939245359331,21533.582978723403,500.0,13466.2,18.8,0.0,0.0,1.0,3486.0,Nachod,east Bohemia,112709,48,20,7,3,10,73.5,8369,1.79,2.31,117,2854,2618
3676,0,58,POPLATEK MESICNE,571,76,2212.503947368421,2066.4614145887676,15852.725,1100.0,15264.2,15.2,0.0,0.0,1.0,3319.0,Jihlava,south Moravia,109164,98,16,6,1,4,63.6,8757,3.38,3.95,96,2212,2471
1082,0,2,POPLATEK MESICNE,571,78,2288.2076923076925,2291.0763576457766,16669.076923076922,300.0,11073.9,15.6,0.0,0.0,1.0,2189.0,Benesov,central Bohemia,88884,80,26,6,2,5,46.7,8507,1.67,1.85,132,2159,2674
6699,0,35,POPLATEK MESICNE,571,122,5783.872131147541,5816.885568191264,32399.036885245903,400.0,49932.3,24.4,1.0,0.0,3.0,15457.2,Jablonec n. Nisou,north Bohemia,88768,10,18,5,1,7,80.5,8867,1.02,1.21,130,3384,3620
1219,0,1,POPLATEK MESICNE,571,100,2937.57,3061.0010294217827,24839.69,1100.0,22474.8,20.0,0.0,0.0,1.0,3986.0,Hl.m. Praha,Prague,1204953,0,0,0,1,1,100.0,12541,0.29,0.43,167,85677,99107
4803,0,26,POPLATEK MESICNE,571,101,2077.3623762376237,2230.0278691913913,25397.256435643565,6620.0,27549.8,20.2,1.0,0.0,1.0,1232.0,Plzen - mesto,west Bohemia,170449,0,0,0,1,1,100.0,10787,2.64,3.09,131,6041,6261
1528,0,50,POPLATEK MESICNE,571,114,6462.518421052631,7343.205028147442,30680.29122807018,500.0,30118.8,22.8,1.0,0.0,1.0,3981.0,Svitavy,east Bohemia,102609,75,33,2,3,6,52.0,8187,4.83,5.45,94,2123,2134
9510,0,1,POPLATEK MESICNE,570,100,6070.515,6173.403421199998,41462.696,500.0,26307.3,20.0,1.0,0.0,1.0,6341.0,Hl.m. Praha,Prague,1204953,0,0,0,1,1,100.0,12541,0.29,0.43,167,85677,99107
7926,1,69,POPLATEK TYDNE,570,137,15061.06788321168,16210.717533035753,59688.05766423358,900.0,103126.3,27.4,1.0,0.0,1.0,3505.0,Jesenik,north Moravia,42821,4,13,5,1,3,48.4,8173,?,7.01,124,?,1358
3591,0,1,POPLATEK PO OBRATU,570,122,10262.710655737705,13362.349716278693,47379.36475409836,200.0,30638.6,24.4,0.0,0.0,1.0,4261.0,Hl.m. Praha,Prague,1204953,0,0,0,1,1,100.0,12541,0.29,0.43,167,85677,99107
1058,0,47,POPLATEK MESICNE,568,112,7786.217857142858,10037.392563846415,60105.76607142857,1000.0,86173.5,22.4,0.0,0.0,2.0,5169.0,Pardubice,east Bohemia,162580,83,26,5,1,6,72.8,9538,1.51,1.81,111,6079,5410
1431,0,41,POPLATEK MESICNE,568,109,2111.1880733944954,4621.592636797902,22570.871559633026,200.0,13222.9,21.8,0.0,0.0,0.0,0.0,Usti nad Labem,north Bohemia,118650,8,8,5,1,3,85.6,9832,3.32,4.48,114,6445,5471
181,0,21,POPLATEK MESICNE,568,98,4219.34693877551,4514.498279168948,37938.26326530612,200.0,45261.8,19.6,0.0,0.0,1.0,6780.0,Tabor,south Bohemia,103347,87,16,7,1,7,67.0,9104,1.51,2.07,123,2299,2354
603,0,62,POPLATEK MESICNE,568,100,4939.363,5665.944642622592,44249.322,500.0,59404.9,20.0,0.0,0.0,1.0,4361.0,Uherske Hradiste,south Moravia,145688,22,41,13,2,5,40.7,8544,1.29,1.86,109,2719,2906
409,0,1,POPLATEK MESICNE,568,92,4253.469565217391,4464.704779129055,30927.29891304348,600.0,34044.9,18.4,0.0,0.0,1.0,6810.0,Hl.m. Praha,Prague,1204953,0,0,0,1,1,100.0,12541,0.29,0.43,167,85677,99107
3584,0,55,POPLATEK MESICNE,567,110,11466.465454545454,13869.678829691607,43846.25090909091,200.0,64544.4,22.0,0.0,0.0,3.0,15558.7,Brno - venkov,south Moravia,157042,49,70,18,0,9,33.9,8743,1.88,2.43,111,3659,3894
93,0,2,POPLATEK MESICNE,567,86,3421.2976744186044,4028.3396111863954,26399.232558139534,500.0,35808.2,17.2,0.0,0.0,0.0,0.0,Benesov,central Bohemia,88884,80,26,6,2,5,46.7,8507,1.67,1.85,132,2159,2674
2104,0,48,POPLATEK MESICNE,567,96,4917.508333333333,5199.637039937279,33717.53125,900.0,47569.9,19.2,0.0,1.0,1.0,6927.0,Rychnov nad Kneznou,east Bohemia,78955,50,24,8,1,9,59.0,9060,1.78,2.44,124,1655,1717
2710,1,12,POPLATEK MESICNE,567,113,18259.707079646018,17886.651390875246,66110.66814159292,800.0,98511.4,22.6,0.0,0.0,0.0,0.0,Pribram,central Bohemia,107870,84,29,6,1,6,58.0,8754,3.83,4.31,137,3804,3868
3957,0,33,POPLATEK TYDNE,566,93,12166.617204301074,13604.85303029787,46500.853763440864,700.0,64905.4,18.6,0.0,0.0,0.0,0.0,Decin,north Bohemia,133777,24,17,7,3,11,84.7,8705,5.75,7.61,116,4650,4859
1869,0,1,POPLATEK MESICNE,565,97,9020.207216494846,11534.062667362045,59600.47113402062,500.0,96751.1,19.4,1.0,0.0,1.0,1054.0,Hl.m. Praha,Prague,1204953,0,0,0,1,1,100.0,12541,0.29,0.43,167,85677,99107
2397,0,70,POPLATEK MESICNE,565,107,2148.5074766355137,2291.172568288871,21284.6476635514,1000.0,27142.1,21.4,0.0,0.0,2.0,3129.0,Karvina,north Moravia,285387,0,2,8,5,7,89.9,10177,6.63,7.75,81,9878,10108
2603,0,9,POPLATEK MESICNE,565,77,2217.235064935065,2201.235440656369,21661.115584415584,300.0,27372.9,15.4,0.0,0.0,1.0,3210.0,Nymburk,central Bohemia,81344,61,23,4,2,6,55.3,8899,3.39,3.97,149,2987,2487
3723,0,2,POPLATEK MESICNE,565,96,3782.9500000000003,8701.700339721874,41311.12395833333,700.0,56596.0,19.2,0.0,0.0,0.0,0.0,Benesov,central Bohemia,88884,80,26,6,2,5,46.7,8507,1.67,1.85,132,2159,2674
3668,0,1,POPLATEK MESICNE,564,19,2768.4210526315787,2865.1260650137283,27126.315789473683,600.0,32600.0,3.8,0.0,0.0,0.0,0.0,Hl.m. Praha,Prague,1204953,0,0,0,1,1,100.0,12541,0.29,0.43,167,85677,99107
2400,0,40,POPLATEK MESICNE,564,75,1651.196,1703.803626344875,22503.04533333333,500.0,36465.4,15.0,0.0,0.0,1.0,1640.0,Teplice,north Bohemia,128118,9,16,6,3,8,85.3,9317,6.49,7.07,97,6949,6872
3015,0,19,POPLATEK MESICNE,564,87,1131.0781609195403,1308.4579130913846,16856.90574712644,900.0,21290.8,17.4,0.0,0.0,2.0,2148.0,Prachatice,south Bohemia,51428,50,11,3,1,4,52.7,8402,3.13,3.98,120,999,1099
558,0,10,POPLATEK MESICNE,564,110,3037.4836363636364,3260.3723982585343,25502.010000000002,900.0,37080.2,22.0,0.0,0.0,2.0,5557.0,Praha - vychod,central Bohemia,92084,55,29,4,3,5,46.7,10124,0.56,0.54,141,3810,4316
3114,0,1,POPLATEK MESICNE,564,93,2631.8817204301076,5996.193646914071,41432.867741935486,700.0,88797.7,18.6,0.0,0.0,0.0,0.0,Hl.m. Praha,Prague,1204953,0,0,0,1,1,100.0,12541,0.29,0.43,167,85677,99107
4626,0,9,POPLATEK MESICNE,564,93,9969.860215053763,13552.169303859257,38808.587096774194,700.0,69744.9,18.6,1.0,0.0,1.0,2778.7,Nymburk,central Bohemia,81344,61,23,4,2,6,55.3,8899,3.39,3.97,149,2987,2487
1444,0,70,POPLATEK MESICNE,563,97,1445.1247422680412,1665.2951056063437,27311.9587628866,700.0,33476.4,19.4,0.0,0.0,1.0,2024.0,Karvina,north Moravia,285387,0,2,8,5,7,89.9,10177,6.63,7.75,81,9878,10108
4447,0,62,POPLATEK MESICNE,563,115,11652.574782608697,14536.748193263806,51044.30086956522,200.0,68871.8,23.0,1.0,0.0,1.0,5353.5,Uherske Hradiste,south Moravia,145688,22,41,13,2,5,40.7,8544,1.29,1.86,109,2719,2906
3515,0,68,POPLATEK MESICNE,563,72,2001.8791666666666,1852.2224965165801,16374.079166666666,400.0,15917.1,14.4,0.0,1.0,1.0,2563.0,Frydek - Mistek,north Moravia,228848,15,40,18,2,6,57.2,9893,4.09,4.72,96,5623,5887
8158,0,48,POPLATEK TYDNE,563,121,12215.30661157025,15693.319774677671,66119.66363636364,1000.0,94987.2,24.2,1.0,0.0,3.0,18316.7,Rychnov nad Kneznou,east Bohemia,78955,50,24,8,1,9,59.0,9060,1.78,2.44,124,1655,1717
848,0,31,POPLATEK MESICNE,563,121,2942.382644628099,3410.7250659910446,25709.868595041324,800.0,42659.5,24.2,0.0,0.0,3.0,6015.0,Tachov,west Bohemia,51313,34,12,3,1,4,59.2,8930,3.52,4.20,108,1328,1452
1086,0,37,POPLATEK MESICNE,562,99,878.5565656565657,1059.4689447694739,15578.456565656565,700.0,20846.8,19.8,0.0,0.0,3.0,1936.0,Litomerice,north Bohemia,114006,71,26,6,2,9,62.3,9065,4.46,5.39,123,4147,4166
2602,0,46,POPLATEK MESICNE,562,110,4143.572727272727,4821.208628072028,36502.696363636365,300.0,55388.9,22.0,0.0,0.0,2.0,5405.0,Nachod,east Bohemia,112709,48,20,7,3,10,73.5,8369,1.79,2.31,117,2854,2618
4768,1,39,POPLATEK MESICNE,562,121,16468.57438016529,16598.723726678145,53830.34049586777,200.0,30647.0,24.2,0.0,0.0,0.0,0.0,Most,north Bohemia,119895,17,4,3,2,4,89.9,10446,7.34,9.40,90,4947,4743
507,1,52,POPLATEK MESICNE,562,83,2866.6493975903613,3100.779336670902,22276.214457831327,600.0,16297.7,16.6,0.0,0.0,0.0,0.0,Usti nad Orlici,east Bohemia,139012,59,41,8,3,10,61.9,8363,2.52,3.49,108,2564,2799
3647,0,77,POPLATEK MESICNE,562,91,3711.243956043956,3725.5177797696438,38503.908791208785,600.0,55316.9,18.2,0.0,0.0,1.0,5842.0,Vsetin,north Moravia,148545,8,35,12,3,4,53.5,8909,4.01,5.56,113,3460,3590
3180,0,1,POPLATEK MESICNE,561,110,5687.377272727273,7155.542488344701,29790.407272727272,500.0,37518.8,22.0,0.0,0.0,2.0,3164.0,Hl.m. Praha,Prague,1204953,0,0,0,1,1,100.0,12541,0.29,0.43,167,85677,99107
1271,0,17,POPLATEK MESICNE,561,96,2972.4989583333336,2704.4022747907975,19182.139583333334,1000.0,14101.6,19.2,0.0,1.0,1.0,4128.0,Pelhrimov,south Bohemia,74062,99,15,4,2,7,61.4,8114,2.38,2.62,119,1003,1181
2870,0,1,POPLATEK MESICNE,561,100,3545.031,3612.6144432382953,38698.709,800.0,55320.8,20.0,0.0,0.0,1.0,5851.0,Hl.m. Praha,Prague,1204953,0,0,0,1,1,100.0,12541,0.29,0.43,167,85677,99107
3645,0,36,POPLATEK MESICNE,561,113,5265.420353982301,6085.664142198087,32858.1,300.0,34582.0,22.6,0.0,0.0,2.0,9672.0,Liberec,north Bohemia,159617,29,19,8,1,9,85.2,9198,3.33,4.28,131,5796,6132
3239,0,5,POPLATEK MESICNE,560,92,8491.71847826087,8728.811254751898,39832.07934782609,200.0,26699.8,18.4,0.0,0.0,1.0,8838.0,Kolin,central Bohemia,95616,65,30,4,1,6,51.4,9307,3.85,4.43,118,2616,3040
3485,0,53,POPLATEK MESICNE,560,106,5078.917924528302,5895.826458142471,38600.003773584904,900.0,37600.2,21.2,0.0,0.0,2.0,5827.0,Blansko,south Moravia,107911,88,33,6,2,7,50.9,8240,2.53,3.56,99,1850,1903
567,0,15,POPLATEK MESICNE,560,87,2710.8770114942527,6897.74209681085,26442.32528735632,900.0,27837.6,17.4,0.0,0.0,0.0,0.0,Cesky Krumlov,south Bohemia,58796,22,16,7,1,5,51.9,9045,3.13,3.60,124,1845,1879
373,0,67,POPLATEK MESICNE,559,95,3974.021052631579,4047.476827286898,27157.866315789473,800.0,38161.7,19.0,0.0,0.0,1.0,6452.0,Bruntal,north Moravia,106054,38,25,6,2,6,63.1,8110,5.77,6.55,109,3244,3079
2977,0,28,POPLATEK MESICNE,559,110,13204.936363636363,15823.785004138477,55624.715454545454,1100.0,50556.1,22.0,0.0,1.0,2.0,4782.0,Plzen - sever,west Bohemia,72541,66,26,10,0,8,36.9,8594,1.62,2.01,112,1580,1525
488,0,25,POPLATEK MESICNE,559,19,2836.842105263158,2558.256899252516,30463.157894736843,1000.0,39100.0,3.8,0.0,0.0,0.0,0.0,Klatovy,west Bohemia,88757,60,33,3,2,10,61.7,8554,2.47,2.68,113,1822,2218
3120,0,1,POPLATEK MESICNE,559,76,2362.1447368421054,2582.033870182948,26519.73947368421,400.0,29002.2,15.2,0.0,0.0,1.0,2904.0,Hl.m. Praha,Prague,1204953,0,0,0,1,1,100.0,12541,0.29,0.43,167,85677,99107
3801,1,1,POPLATEK MESICNE,559,83,9927.16265060241,10969.106351195247,42133.26506024096,200.0,38145.7,16.6,0.0,0.0,0.0,0.0,Hl.m. Praha,Prague,1204953,0,0,0,1,1,100.0,12541,0.29,0.43,167,85677,99107
72,0,1,POPLATEK TYDNE,559,158,14395.495569620252,16322.506630710803,58822.645569620254,1100.0,14614.1,31.6,0.0,0.0,3.0,12318.0,Hl.m. Praha,Prague,1204953,0,0,0,1,1,100.0,12541,0.29,0.43,167,85677,99107
10361,1,21,POPLATEK MESICNE,558,98,17163.07857142857,18751.74657278485,53642.73775510204,500.0,19997.0,19.6,1.0,0.0,1.0,7240.0,Tabor,south Bohemia,103347,87,16,7,1,7,67.0,9104,1.51,2.07,123,2299,2354
587,0,19,POPLATEK MESICNE,558,17,2323.529411764706,2695.952849125126,14300.0,400.0,15700.0,3.4,0.0,0.0,0.0,0.0,Prachatice,south Bohemia,51428,50,11,3,1,4,52.7,8402,3.13,3.98,120,999,1099
1097,0,67,POPLATEK MESICNE,557,138,5142.383333333333,7348.807691698988,37192.546376811595,1000.0,53289.9,27.6,0.0,0.0,4.0,9125.0,Bruntal,north Moravia,106054,38,25,6,2,6,63.1,8110,5.77,6.55,109,3244,3079
3206,0,38,POPLATEK MESICNE,557,109,6387.38623853211,8204.675841041382,46351.42110091743,400.0,51508.2,21.8,0.0,0.0,2.0,3111.0,Louny,north Bohemia,85852,41,23,4,2,4,59.8,8965,7.08,8.23,104,2653,2822
3696,0,1,POPLATEK MESICNE,557,102,8131.041176470588,9741.41861953689,48928.71078431373,800.0,51489.3,20.4,0.0,0.0,2.0,4714.0,Hl.m. Praha,Prague,1204953,0,0,0,1,1,100.0,12541,0.29,0.43,167,85677,99107
2387,0,70,POPLATEK MESICNE,557,75,2273.1693333333333,2153.982171434494,13501.505333333334,800.0,17329.6,15.0,0.0,0.0,1.0,3414.0,Karvina,north Moravia,285387,0,2,8,5,7,89.9,10177,6.63,7.75,81,9878,10108
3585,0,1,POPLATEK MESICNE,556,85,2330.0364705882353,2325.6015598553595,25823.737647058824,300.0,30292.3,17.0,0.0,0.0,1.0,2862.0,Hl.m. Praha,Prague,1204953,0,0,0,1,1,100.0,12541,0.29,0.43,167,85677,99107
2706,0,47,POPLATEK MESICNE,556,19,2642.1052631578946,3274.5340278297926,23794.736842105263,1100.0,24600.0,3.8,0.0,0.0,0.0,0.0,Pardubice,east Bohemia,162580,83,26,5,1,6,72.8,9538,1.51,1.81,111,6079,5410
2773,0,38,POPLATEK MESICNE,556,134,4830.479104477611,7127.276188831952,33358.07835820896,800.0,30971.8,26.8,0.0,0.0,4.0,3603.0,Louny,north Bohemia,85852,41,23,4,2,4,59.8,8965,7.08,8.23,104,2653,2822
1781,0,10,POPLATEK MESICNE,556,90,2288.467777777778,4857.200728625856,25589.31777777778,400.0,28653.3,18.0,0.0,0.0,0.0,0.0,Praha - vychod,central Bohemia,92084,55,29,4,3,5,46.7,10124,0.56,0.54,141,3810,4316
962,0,64,POPLATEK MESICNE,555,83,5491.175903614458,5949.283476626908,32118.90361445783,200.0,31542.8,16.6,0.0,0.0,0.0,0.0,Zlin,south Moravia,197099,29,41,10,2,10,74.7,9624,1.60,2.31,145,4484,4265
2395,0,3,POPLATEK MESICNE,555,98,3253.1367346938778,4082.289575826866,34661.95612244898,500.0,38397.0,19.6,0.0,1.0,1.0,3696.0,Beroun,central Bohemia,75232,55,26,4,1,5,41.7,8980,1.95,2.21,111,2824,2813
3227,0,1,POPLATEK MESICNE,555,122,7436.182786885246,9801.55091331956,42947.24754098361,300.0,60674.2,24.4,0.0,0.0,4.0,10868.0,Hl.m. Praha,Prague,1204953,0,0,0,1,1,100.0,12541,0.29,0.43,167,85677,99107
2295,0,57,POPLATEK MESICNE,554,92,11239.80108695652,13746.701781518319,50383.39239130435,600.0,29396.9,18.4,0.0,0.0,0.0,0.0,Hodonin,south Moravia,161954,21,37,20,3,8,48.0,8720,3.73,4.50,116,3729,3651
9631,0,11,POPLATEK MESICNE,554,105,5826.609523809524,6754.554996851037,28292.75238095238,200.0,15853.8,21.0,1.0,0.0,1.0,2476.8,Praha - zapad,central Bohemia,75637,35,36,9,0,7,36.5,9622,0.45,0.59,154,3475,3529
140,0,24,POPLATEK MESICNE,554,37,5354.2,10626.36439263213,28492.87837837838,300.0,38505.3,7.4,0.0,0.0,0.0,0.0,Karlovy Vary,west Bohemia,122603,25,21,6,2,8,80.0,8991,1.39,2.01,128,5198,5273
788,0,12,POPLATEK MESICNE,554,81,2209.7913580246914,2165.5237990609535,21963.74938271605,900.0,22688.1,16.2,0.0,0.0,1.0,3096.0,Pribram,central Bohemia,107870,84,29,6,1,6,58.0,8754,3.83,4.31,137,3804,3868
2040,0,75,POPLATEK MESICNE,554,89,3476.625842696629,3460.2801163387207,28292.1595505618,1100.0,33773.7,17.8,0.0,0.0,1.0,5262.0,Prerov,north Moravia,138032,67,30,4,2,5,64.6,8819,5.38,5.66,99,4063,4505
1029,0,26,POPLATEK MESICNE,554,152,10969.151973684211,12462.748716621007,59148.45131578947,600.0,49000.7,30.4,0.0,0.0,2.0,8478.0,Plzen - mesto,west Bohemia,170449,0,0,0,1,1,100.0,10787,2.64,3.09,131,6041,6261
3318,0,62,POPLATEK MESICNE,554,101,943.8247524752476,1067.1775123573343,13195.30297029703,1000.0,13496.0,20.2,0.0,0.0,3.0,1949.0,Uherske Hradiste,south Moravia,145688,22,41,13,2,5,40.7,8544,1.29,1.86,109,2719,2906
2420,0,35,POPLATEK MESICNE,554,90,1615.7833333333333,1680.5775312323876,16509.426666666666,1000.0,14658.1,18.0,0.0,0.0,1.0,2401.0,Jablonec n. Nisou,north Bohemia,88768,10,18,5,1,7,80.5,8867,1.02,1.21,130,3384,3620
3432,0,1,POPLATEK MESICNE,554,95,2347.386315789474,2227.025842296752,18914.924210526315,1000.0,17123.5,19.0,0.0,0.0,1.0,2734.0,Hl.m. Praha,Prague,1204953,0,0,0,1,1,100.0,12541,0.29,0.43,167,85677,99107
6688,0,16,POPLATEK MESICNE,554,140,2327.2085714285713,3053.524482998512,34065.463571428576,1000.0,43136.3,28.0,1.0,0.0,4.0,4243.0,Jindrichuv Hradec,south Bohemia,93931,74,21,10,1,8,56.9,8427,1.12,1.54,107,1874,1913
3899,0,22,POPLATEK MESICNE,554,97,7172.760824742269,8549.524264403019,59576.5206185567,800.0,72216.9,19.4,0.0,0.0,1.0,3069.0,Domazlice,west Bohemia,58400,65,16,4,1,6,52.4,8620,1.10,1.25,100,1089,1117
1275,0,32,POPLATEK MESICNE,553,79,2176.7708860759494,2549.000361889096,22099.122784810126,300.0,27386.6,15.8,0.0,0.0,1.0,1903.0,Ceska Lipa,north Bohemia,105058,32,19,7,2,10,81.0,9272,2.80,3.22,118,4340,4505
1087,0,55,POPLATEK MESICNE,553,85,7877.481176470588,8671.233054521826,40750.077647058824,900.0,43776.9,17.0,0.0,0.0,0.0,0.0,Brno - venkov,south Moravia,157042,49,70,18,0,9,33.9,8743,1.88,2.43,111,3659,3894
1396,0,46,POPLATEK MESICNE,553,121,15306.369421487603,14494.088583734418,62048.1479338843,400.0,96416.5,24.2,0.0,1.0,1.0,14707.0,Nachod,east Bohemia,112709,48,20,7,3,10,73.5,8369,1.79,2.31,117,2854,2618
3573,0,59,POPLATEK MESICNE,552,35,3614.6114285714284,5495.539003472642,27201.457142857143,400.0,28911.4,7.0,0.0,1.0,0.0,0.0,Kromeriz,south Moravia,108871,41,29,7,2,6,62.1,8444,3.24,3.47,106,2595,2305
3149,0,57,POPLATEK MESICNE,552,86,3458.3197674418607,3846.457725655088,29047.53720930233,800.0,42686.6,17.2,0.0,0.0,0.0,0.0,Hodonin,south Moravia,161954,21,37,20,3,8,48.0,8720,3.73,4.50,116,3729,3651
1007,0,1,POPLATEK MESICNE,551,110,2931.0563636363636,6225.0902937414785,32406.212727272727,1000.0,38348.7,22.0,0.0,0.0,0.0,0.0,Hl.m. Praha,Prague,1204953,0,0,0,1,1,100.0,12541,0.29,0.43,167,85677,99107
4379,0,44,POPLATEK MESICNE,551,80,2898.465,3127.839151109786,19757.5425,500.0,11762.5,16.0,0.0,0.0,0.0,0.0,Chrudim,east Bohemia,105606,77,26,7,2,7,53.0,8254,2.79,3.76,97,2166,2325
2950,0,62,POPLATEK MESICNE,551,92,8152.445652173913,9192.463904628235,39546.943478260866,1000.0,43346.6,18.4,0.0,0.0,1.0,8653.0,Uherske Hradiste,south Moravia,145688,22,41,13,2,5,40.7,8544,1.29,1.86,109,2719,2906
3793,0,5,POPLATEK MESICNE,551,100,4435.517,4684.070901654702,30543.641,300.0,32389.4,20.0,0.0,0.0,1.0,5706.0,Kolin,central Bohemia,95616,65,30,4,1,6,51.4,9307,3.85,4.43,118,2616,3040
3588,1,33,POPLATEK MESICNE,551,82,2777.9548780487803,2947.7047173235424,31195.748780487804,700.0,17799.5,16.4,0.0,0.0,1.0,1563.0,Decin,north Bohemia,133777,24,17,7,3,11,84.7,8705,5.75,7.61,116,4650,4859
878,0,52,POPLATEK MESICNE,550,100,8943.315,9921.16887212221,41253.532999999996,600.0,31118.4,20.0,0.0,0.0,1.0,3943.0,Usti nad Orlici,east Bohemia,139012,59,41,8,3,10,61.9,8363,2.52,3.49,108,2564,2799
3864,0,33,POPLATEK MESICNE,548,128,7844.23125,11065.032156990606,42874.746875,1100.0,28640.2,25.6,0.0,0.0,4.0,8237.0,Decin,north Bohemia,133777,24,17,7,3,11,84.7,8705,5.75,7.61,116,4650,4859
1266,0,57,POPLATEK MESICNE,548,98,8020.897959183673,9144.701666172317,34609.77755102041,1100.0,37287.9,19.6,0.0,0.0,1.0,9291.0,Hodonin,south Moravia,161954,21,37,20,3,8,48.0,8720,3.73,4.50,116,3729,3651
3089,0,12,POPLATEK TYDNE,547,102,11679.979411764705,13871.407461210212,56523.47647058823,600.0,79653.8,20.4,0.0,0.0,0.0,0.0,Pribram,central Bohemia,107870,84,29,6,1,6,58.0,8754,3.83,4.31,137,3804,3868
7181,0,77,POPLATEK PO OBRATU,547,161,5651.926708074534,10497.787002517234,43227.92049689441,600.0,45002.2,32.2,1.0,0.0,5.0,10137.5,Vsetin,north Moravia,148545,8,35,12,3,4,53.5,8909,4.01,5.56,113,3460,3590
1241,0,53,POPLATEK MESICNE,547,119,2126.1621848739496,2537.6708545299525,20267.053781512604,200.0,14131.1,23.8,0.0,0.0,3.0,3796.0,Blansko,south Moravia,107911,88,33,6,2,7,50.9,8240,2.53,3.56,99,1850,1903
1004,0,70,POPLATEK MESICNE,547,120,16204.979166666666,17317.09398527283,67374.23916666667,200.0,55419.8,24.0,1.0,0.0,1.0,5237.0,Karvina,north Moravia,285387,0,2,8,5,7,89.9,10177,6.63,7.75,81,9878,10108
2344,0,13,POPLATEK MESICNE,547,95,1689.6136842105261,1813.7960467114458,16965.727368421052,1100.0,21251.0,19.0,0.0,0.0,2.0,3021.0,Rakovnik,central Bohemia,53921,61,22,1,1,2,41.3,8598,2.77,3.26,123,1597,1875
2530,0,74,POPLATEK MESICNE,547,122,7737.3442622950815,10169.259367272089,41035.390163934426,400.0,27991.5,24.4,0.0,0.0,3.0,8176.0,Ostrava - mesto,north Moravia,323870,0,0,0,1,1,100.0,10673,4.75,5.44,100,18782,18347
170,0,59,POPLATEK MESICNE,547,85,7576.937647058823,8173.503349193669,45494.85411764706,1000.0,44445.4,17.0,0.0,0.0,0.0,0.0,Kromeriz,south Moravia,108871,41,29,7,2,6,62.1,8444,3.24,3.47,106,2595,2305
2319,1,58,POPLATEK MESICNE,547,100,13748.223,14419.001364703601,52440.325999999994,1100.0,31953.7,20.0,0.0,0.0,1.0,9510.0,Jihlava,south Moravia,109164,98,16,6,1,4,63.6,8757,3.38,3.95,96,2212,2471
7033,1,75,POPLATEK MESICNE,546,86,2302.408139534884,2414.0819094352164,20933.239534883724,500.0,7012.9,17.2,0.0,0.0,0.0,0.0,Prerov,north Moravia,138032,67,30,4,2,5,64.6,8819,5.38,5.66,99,4063,4505
88,0,31,POPLATEK MESICNE,546,78,1301.075641025641,1410.8059097032024,16974.926923076924,300.0,23785.5,15.6,0.0,0.0,1.0,2268.0,Tachov,west Bohemia,51313,34,12,3,1,4,59.2,8930,3.52,4.20,108,1328,1452
1480,0,41,POPLATEK TYDNE,546,83,13388.893975903615,15874.821634015057,54837.76385542169,800.0,57794.2,16.6,1.0,1.0,1.0,3425.2,Usti nad Labem,north Bohemia,118650,8,8,5,1,3,85.6,9832,3.32,4.48,114,6445,5471
2526,0,16,POPLATEK MESICNE,545,85,2398.5717647058823,2389.0483789183354,19096.15294117647,800.0,18365.4,17.0,0.0,0.0,1.0,3964.0,Jindrichuv Hradec,south Bohemia,93931,74,21,10,1,8,56.9,8427,1.12,1.54,107,1874,1913
2604,0,68,POPLATEK MESICNE,545,85,2359.394117647059,2503.7971006126704,20615.78941176471,700.0,25714.3,17.0,0.0,0.0,1.0,3965.0,Frydek - Mistek,north Moravia,228848,15,40,18,2,6,57.2,9893,4.09,4.72,96,5623,5887
5269,0,49,POPLATEK MESICNE,545,125,6325.3,7955.376380352127,34380.4504,500.0,26301.6,25.0,1.0,0.0,3.0,10010.0,Semily,east Bohemia,75685,31,28,5,1,9,60.8,8208,1.89,2.26,155,1660,2123
3563,1,1,POPLATEK MESICNE,545,84,8096.978571428571,9024.077611884684,48416.33214285714,1000.0,36751.9,16.8,0.0,0.0,0.0,0.0,Hl.m. Praha,Prague,1204953,0,0,0,1,1,100.0,12541,0.29,0.43,167,85677,99107
3550,0,68,POPLATEK MESICNE,545,117,4499.739316239316,5584.9802058266405,31848.869230769233,1000.0,32248.6,23.4,0.0,0.0,3.0,8762.0,Frydek - Mistek,north Moravia,228848,15,40,18,2,6,57.2,9893,4.09,4.72,96,5623,5887
1903,0,11,POPLATEK MESICNE,544,109,1494.4577981651375,1886.1154766743898,32099.873394495415,1100.0,42678.9,21.8,0.0,0.0,2.0,2138.0,Praha - zapad,central Bohemia,75637,35,36,9,0,7,36.5,9622,0.45,0.59,154,3475,3529
3153,0,2,POPLATEK MESICNE,544,162,14458.363580246913,15963.33744834655,64432.556172839504,800.0,32166.4,32.4,0.0,0.0,2.0,5176.0,Benesov,central Bohemia,88884,80,26,6,2,5,46.7,8507,1.67,1.85,132,2159,2674
265,0,19,POPLATEK MESICNE,544,91,2328.892307692308,2330.614310921802,18229.1021978022,600.0,12694.7,18.2,0.0,0.0,1.0,2900.0,Prachatice,south Bohemia,51428,50,11,3,1,4,52.7,8402,3.13,3.98,120,999,1099
2812,0,18,POPLATEK MESICNE,544,95,9931.704210526315,10717.243845455825,30023.685263157895,200.0,18111.7,19.0,0.0,0.0,1.0,8211.0,Pisek,south Bohemia,70699,60,13,2,1,4,65.3,8968,2.83,3.35,131,1740,1910
1609,0,41,POPLATEK MESICNE,544,78,1184.0653846153848,1239.4380786728057,15242.038461538461,900.0,20380.7,15.6,0.0,0.0,1.0,2017.0,Usti nad Labem,north Bohemia,118650,8,8,5,1,3,85.6,9832,3.32,4.48,114,6445,5471
2737,0,69,POPLATEK MESICNE,543,97,7318.876288659794,8217.191582093468,56470.4618556701,800.0,51528.6,19.4,0.0,0.0,1.0,4456.0,Jesenik,north Moravia,42821,4,13,5,1,3,48.4,8173,?,7.01,124,?,1358
7101,1,54,POPLATEK MESICNE,543,90,8547.384444444444,11901.32326077685,29051.55333333333,-2652.7,12707.7,18.0,0.0,0.0,0.0,0.0,Brno - mesto,south Moravia,387570,0,0,0,1,1,100.0,9897,1.60,1.96,140,18721,18696
313,0,73,POPLATEK MESICNE,543,83,1306.5144578313252,1386.5270430135627,15416.648192771085,700.0,18819.6,16.6,0.0,0.0,1.0,2294.0,Opava,north Moravia,182027,17,49,12,2,7,56.4,8746,3.33,3.74,90,4355,4433
2593,0,5,POPLATEK MESICNE,543,103,7217.12718446602,7826.397249983411,35484.649514563105,17096.5,22635.2,20.6,0.0,0.0,1.0,7300.0,Kolin,central Bohemia,95616,65,30,4,1,6,51.4,9307,3.85,4.43,118,2616,3040
1232,0,48,POPLATEK MESICNE,543,38,4215.571052631579,9400.053640241083,36446.98157894737,900.0,50591.9,7.6,0.0,0.0,0.0,0.0,Rychnov nad Kneznou,east Bohemia,78955,50,24,8,1,9,59.0,9060,1.78,2.44,124,1655,1717
2108,0,74,POPLATEK MESICNE,543,98,5537.866326530612,5798.772285275846,29373.69693877551,1000.0,25150.0,19.6,0.0,0.0,1.0,5974.0,Ostrava - mesto,north Moravia,323870,0,0,0,1,1,100.0,10673,4.75,5.44,100,18782,18347
3694,0,70,POPLATEK MESICNE,543,101,4500.851485148515,5043.119398360777,42919.721782178225,1100.0,49201.1,20.2,0.0,0.0,1.0,4492.0,Karvina,north Moravia,285387,0,2,8,5,7,89.9,10177,6.63,7.75,81,9878,10108
1289,0,72,POPLATEK MESICNE,542,97,8829.934020618557,10561.282386365765,59930.71443298969,500.0,71769.3,19.4,0.0,1.0,1.0,6950.0,Olomouc,north Moravia,226122,32,50,7,4,4,62.6,8994,3.80,4.79,110,9672,9208
2445,0,52,POPLATEK MESICNE,542,100,11788.448,15203.23659274052,48767.051,800.0,17319.2,20.0,1.0,1.0,1.0,4886.0,Usti nad Orlici,east Bohemia,139012,59,41,8,3,10,61.9,8363,2.52,3.49,108,2564,2799
7733,0,19,POPLATEK TYDNE,541,109,14732.412844036697,17138.664870020377,66991.95871559632,200.0,74397.0,21.8,1.0,0.0,1.0,5836.0,Prachatice,south Bohemia,51428,50,11,3,1,4,52.7,8402,3.13,3.98,120,999,1099
1758,0,21,POPLATEK MESICNE,541,107,7486.558878504673,8913.938304308034,50362.910280373835,700.0,63854.8,21.4,0.0,1.0,2.0,9739.0,Tabor,south Bohemia,103347,87,16,7,1,7,67.0,9104,1.51,2.07,123,2299,2354
9859,0,27,POPLATEK MESICNE,541,141,7861.202836879434,11094.18506148889,50801.09361702128,400.0,39542.9,28.2,1.0,0.0,4.0,8259.5,Plzen - jih,west Bohemia,67298,71,19,10,0,7,43.8,8561,0.65,1.29,110,1029,1127
10711,0,36,POPLATEK MESICNE,541,138,5535.257246376812,8922.97355235585,78596.61666666667,1100.0,70350.3,27.6,1.0,0.0,5.0,4058.0,Liberec,north Bohemia,159617,29,19,8,1,9,85.2,9198,3.33,4.28,131,5796,6132
725,0,70,POPLATEK MESICNE,541,99,1606.6727272727273,1824.0546213300597,27269.047474747476,200.0,31915.6,19.8,0.0,1.0,1.0,2612.0,Karvina,north Moravia,285387,0,2,8,5,7,89.9,10177,6.63,7.75,81,9878,10108
1739,0,3,POPLATEK MESICNE,541,92,8785.707608695651,9173.204557185207,40977.11630434783,700.0,36222.3,18.4,0.0,0.0,1.0,9979.0,Beroun,central Bohemia,75232,55,26,4,1,5,41.7,8980,1.95,2.21,111,2824,2813
10202,0,70,POPLATEK MESICNE,541,128,8776.1890625,12614.276408577918,42170.32734375,300.0,33769.4,25.6,1.0,0.0,3.0,12524.3,Karvina,north Moravia,285387,0,2,8,5,7,89.9,10177,6.63,7.75,81,9878,10108
506,0,67,POPLATEK MESICNE,541,141,4324.548226950355,6628.903216807468,46353.265957446805,400.0,53377.0,28.2,0.0,0.0,4.0,4120.0,Bruntal,north Moravia,106054,38,25,6,2,6,63.1,8110,5.77,6.55,109,3244,3079
955,0,59,POPLATEK MESICNE,541,94,5581.729787234042,5868.364964367601,32518.752127659576,400.0,27318.9,18.8,0.0,0.0,1.0,7411.0,Kromeriz,south Moravia,108871,41,29,7,2,6,62.1,8444,3.24,3.47,106,2595,2305
932,0,20,POPLATEK MESICNE,541,76,1948.6394736842105,2098.0263772144813,22614.14342105263,900.0,27849.6,15.2,0.0,0.0,1.0,2793.0,Strakonice,south Bohemia,70646,94,14,3,1,4,58.4,8547,2.65,3.64,120,1563,1542
413,0,18,POPLATEK MESICNE,540,81,1921.8864197530863,1995.6074675868176,15131.690123456789,200.0,18005.7,16.2,0.0,0.0,1.0,2107.0,Pisek,south Bohemia,70699,60,13,2,1,4,65.3,8968,2.83,3.35,131,1740,1910
3334,0,67,POPLATEK MESICNE,540,27,5222.477777777777,8380.144423178717,22742.63333333333,700.0,26606.8,5.4,0.0,0.0,0.0,0.0,Bruntal,north Moravia,106054,38,25,6,2,6,63.1,8110,5.77,6.55,109,3244,3079
2625,0,48,POPLATEK TYDNE,540,141,13530.224822695036,14138.777001217792,60437.635460992904,400.0,49955.8,28.2,0.0,0.0,2.0,6900.0,Rychnov nad Kneznou,east Bohemia,78955,50,24,8,1,9,59.0,9060,1.78,2.44,124,1655,1717
2147,0,28,POPLATEK MESICNE,539,79,2223.9708860759497,2110.33139882329,18084.61772151899,1000.0,13118.5,15.8,0.0,0.0,2.0,4306.0,Plzen - sever,west Bohemia,72541,66,26,10,0,8,36.9,8594,1.62,2.01,112,1580,1525
984,0,2,POPLATEK MESICNE,539,93,4555.478494623656,4705.903383467672,33426.98064516129,200.0,29564.4,18.6,0.0,1.0,1.0,5911.0,Benesov,central Bohemia,88884,80,26,6,2,5,46.7,8507,1.67,1.85,132,2159,2674
3848,0,20,POPLATEK MESICNE,539,96,4317.778125,4565.843730161303,34275.879166666666,200.0,47791.7,19.2,0.0,0.0,1.0,7241.0,Strakonice,south Bohemia,70646,94,14,3,1,4,58.4,8547,2.65,3.64,120,1563,1542
2825,0,54,POPLATEK MESICNE,539,91,9725.614285714286,10906.332960681058,46249.88351648352,1000.0,58252.5,18.2,0.0,0.0,1.0,5284.0,Brno - mesto,south Moravia,387570,0,0,0,1,1,100.0,9897,1.60,1.96,140,18721,18696
5602,0,19,POPLATEK PO OBRATU,539,88,9444.16931818182,15477.601494487164,44161.525,14855.3,20052.8,17.6,1.0,0.0,1.0,3697.8,Prachatice,south Bohemia,51428,50,11,3,1,4,52.7,8402,3.13,3.98,120,999,1099
1094,0,35,POPLATEK MESICNE,539,91,2030.6714285714286,2489.9710986848245,22084.041758241758,1000.0,24652.0,18.2,0.0,0.0,2.0,2155.0,Jablonec n. Nisou,north Bohemia,88768,10,18,5,1,7,80.5,8867,1.02,1.21,130,3384,3620
690,0,10,POPLATEK MESICNE,538,89,7552.398876404494,8136.838397661452,32113.379775280897,500.0,44591.8,17.8,0.0,0.0,2.0,8901.0,Praha - vychod,central Bohemia,92084,55,29,4,3,5,46.7,10124,0.56,0.54,141,3810,4316
2945,0,6,POPLATEK MESICNE,538,80,2373.0150000000003,2470.561954784858,18201.3975,300.0,15552.1,16.0,0.0,0.0,1.0,1854.0,Kutna Hora,central Bohemia,77963,60,23,4,2,4,51.5,8546,2.95,4.02,126,2640,3120
573,1,1,POPLATEK TYDNE,538,51,11516.05294117647,13722.699621347878,43039.01764705882,700.0,34244.7,10.2,0.0,0.0,1.0,2249.0,Hl.m. Praha,Prague,1204953,0,0,0,1,1,100.0,12541,0.29,0.43,167,85677,99107
2131,0,70,POPLATEK MESICNE,538,90,2027.231111111111,2266.705609550905,29319.67888888889,900.0,42280.0,18.0,0.0,0.0,2.0,3517.0,Karvina,north Moravia,285387,0,2,8,5,7,89.9,10177,6.63,7.75,81,9878,10108
2821,0,54,POPLATEK MESICNE,537,106,3272.798113207547,3481.6264750826463,21863.62924528302,1000.0,18187.6,21.2,0.0,0.0,2.0,6055.0,Brno - mesto,south Moravia,387570,0,0,0,1,1,100.0,9897,1.60,1.96,140,18721,18696
2112,0,44,POPLATEK MESICNE,537,93,3727.9967741935484,4052.9589012079537,26781.1935483871,300.0,41595.8,18.6,0.0,0.0,1.0,4788.0,Chrudim,east Bohemia,105606,77,26,7,2,7,53.0,8254,2.79,3.76,97,2166,2325
2506,0,22,POPLATEK PO OBRATU,537,99,11310.419191919193,12048.56369808754,46266.51414141415,400.0,26135.3,19.8,0.0,0.0,1.0,10076.0,Domazlice,west Bohemia,58400,65,16,4,1,6,52.4,8620,1.10,1.25,100,1089,1117
1078,0,1,POPLATEK MESICNE,537,85,2568.8882352941177,2648.26669277292,21676.616470588233,800.0,28188.3,17.0,0.0,0.0,1.0,3423.0,Hl.m. Praha,Prague,1204953,0,0,0,1,1,100.0,12541,0.29,0.43,167,85677,99107
1895,0,35,POPLATEK MESICNE,537,95,7220.675789473684,7542.696382449175,31506.52,12111.8,20119.3,19.0,0.0,0.0,2.0,7601.5,Jablonec n. Nisou,north Bohemia,88768,10,18,5,1,7,80.5,8867,1.02,1.21,130,3384,3620
2961,0,9,POPLATEK MESICNE,537,86,1737.8139534883721,2168.0752397494825,23354.3,400.0,24391.0,17.2,0.0,0.0,2.0,1661.0,Nymburk,central Bohemia,81344,61,23,4,2,6,55.3,8899,3.39,3.97,149,2987,2487
3426,0,9,POPLATEK TYDNE,536,109,8783.487155963303,10209.968386537383,41853.95229357798,700.0,48300.2,21.8,0.0,0.0,2.0,13576.0,Nymburk,central Bohemia,81344,61,23,4,2,6,55.3,8899,3.39,3.97,149,2987,2487
3204,0,61,POPLATEK MESICNE,536,79,5506.049367088608,5879.84903785091,46479.07721518988,700.0,66569.1,15.8,0.0,0.0,0.0,0.0,Trebic,south Moravia,117897,139,28,5,1,6,53.8,8814,4.76,5.74,107,2112,2059
2887,0,76,POPLATEK MESICNE,536,92,8327.575,9507.549694797208,48484.03369565218,900.0,65201.8,18.4,0.0,0.0,1.0,5645.0,Sumperk,north Moravia,127369,31,32,13,2,7,51.2,8369,4.73,5.88,107,3736,2807
2468,0,4,POPLATEK MESICNE,536,63,1385.920634920635,1354.1245785542599,17324.001587301587,400.0,22169.1,12.6,0.0,0.0,1.0,2094.0,Kladno,central Bohemia,149893,63,29,6,2,6,67.4,9753,4.64,5.05,109,5244,5892
3350,0,74,POPLATEK MESICNE,536,81,3741.991358024691,3733.427327275755,17465.917283950617,700.0,21832.1,16.2,0.0,0.0,1.0,3661.0,Ostrava - mesto,north Moravia,323870,0,0,0,1,1,100.0,10673,4.75,5.44,100,18782,18347
858,0,52,POPLATEK MESICNE,536,89,9319.759550561797,10758.369597769399,41891.97865168539,900.0,37222.9,17.8,0.0,1.0,1.0,5456.0,Usti nad Orlici,east Bohemia,139012,59,41,8,3,10,61.9,8363,2.52,3.49,108,2564,2799
2359,0,54,POPLATEK MESICNE,535,94,2261.7829787234045,2187.693430815671,22353.009574468084,600.0,24948.5,18.8,0.0,0.0,1.0,3119.0,Brno - mesto,south Moravia,387570,0,0,0,1,1,100.0,9897,1.60,1.96,140,18721,18696
3726,0,54,POPLATEK MESICNE,535,96,7769.119791666667,11108.902903647004,37058.784374999996,400.0,22205.6,19.2,0.0,0.0,2.0,9373.0,Brno - mesto,south Moravia,387570,0,0,0,1,1,100.0,9897,1.60,1.96,140,18721,18696
584,0,31,POPLATEK MESICNE,535,83,1623.7204819277108,1711.5028014027673,16395.095180722892,200.0,12331.7,16.6,0.0,1.0,1.0,2302.0,Tachov,west Bohemia,51313,34,12,3,1,4,59.2,8930,3.52,4.20,108,1328,1452
392,0,1,POPLATEK MESICNE,535,106,4931.777358490566,6473.055656978367,40400.17169811321,300.0,50643.5,21.2,0.0,0.0,2.0,7070.0,Hl.m. Praha,Prague,1204953,0,0,0,1,1,100.0,12541,0.29,0.43,167,85677,99107
869,0,16,POPLATEK MESICNE,534,16,2581.25,2575.84128651851,15600.0,1100.0,10300.0,3.2,0.0,0.0,0.0,0.0,Jindrichuv Hradec,south Bohemia,93931,74,21,10,1,8,56.9,8427,1.12,1.54,107,1874,1913
526,0,67,POPLATEK MESICNE,533,89,6229.743820224719,6841.31505390652,38158.63146067416,400.0,50971.5,17.8,0.0,0.0,1.0,5074.0,Bruntal,north Moravia,106054,38,25,6,2,6,63.1,8110,5.77,6.55,109,3244,3079
571,0,72,POPLATEK MESICNE,533,68,2150.4897058823526,2011.3311336762615,17172.067647058826,200.0,22003.7,13.6,0.0,0.0,1.0,3255.0,Olomouc,north Moravia,226122,32,50,7,4,4,62.6,8994,3.80,4.79,110,9672,9208
3946,0,70,POPLATEK MESICNE,533,99,6419.89797979798,7020.257737796948,31882.333333333332,900.0,23630.8,19.8,0.0,0.0,2.0,9439.0,Karvina,north Moravia,285387,0,2,8,5,7,89.9,10177,6.63,7.75,81,9878,10108
2573,0,4,POPLATEK MESICNE,533,28,7330.646428571429,11287.483372285267,26525.785714285714,300.0,14658.0,5.6,0.0,0.0,0.0,0.0,Kladno,central Bohemia,149893,63,29,6,2,6,67.4,9753,4.64,5.05,109,5244,5892
593,0,48,POPLATEK MESICNE,533,78,6231.496153846154,6930.529250651847,39858.248717948714,800.0,43477.2,15.6,0.0,1.0,0.0,0.0,Rychnov nad Kneznou,east Bohemia,78955,50,24,8,1,9,59.0,9060,1.78,2.44,124,1655,1717
4086,0,66,POPLATEK MESICNE,532,88,17598.007954545454,19759.58366875046,51632.46704545454,700.0,26497.8,17.6,0.0,0.0,0.0,0.0,Zdar nad Sazavou,south Moravia,125832,151,41,2,3,5,48.3,8512,3.51,4.12,102,2247,2103
6461,0,50,POPLATEK MESICNE,532,110,9821.211818181819,12458.176986034658,53130.79090909091,700.0,52626.1,22.0,1.0,0.0,1.0,4192.5,Svitavy,east Bohemia,102609,75,33,2,3,6,52.0,8187,4.83,5.45,94,2123,2134
110,0,36,POPLATEK MESICNE,532,113,7173.798230088495,9736.847218766658,46381.25486725663,900.0,65874.3,22.6,1.0,0.0,3.0,7664.0,Liberec,north Bohemia,159617,29,19,8,1,9,85.2,9198,3.33,4.28,131,5796,6132
9138,0,26,POPLATEK MESICNE,531,108,5813.098148148148,8493.052095089439,25836.291666666668,-1095.2,7623.1,21.6,1.0,0.0,3.0,16722.3,Plzen - mesto,west Bohemia,170449,0,0,0,1,1,100.0,10787,2.64,3.09,131,6041,6261
5837,0,5,POPLATEK MESICNE,531,116,12445.35,14488.326169374222,52801.62413793104,800.0,21240.5,23.2,1.0,0.0,1.0,4939.0,Kolin,central Bohemia,95616,65,30,4,1,6,51.4,9307,3.85,4.43,118,2616,3040
971,0,12,POPLATEK MESICNE,531,90,3866.3399999999997,4015.3084085391733,31504.65111111111,500.0,44310.9,18.0,0.0,0.0,1.0,3860.0,Pribram,central Bohemia,107870,84,29,6,1,6,58.0,8754,3.83,4.31,137,3804,3868
81,0,74,POPLATEK MESICNE,531,118,1116.2322033898304,1469.6838447671198,23216.120338983048,1000.0,29516.3,23.6,0.0,0.0,3.0,2056.0,Ostrava - mesto,north Moravia,323870,0,0,0,1,1,100.0,10673,4.75,5.44,100,18782,18347
4537,0,53,POPLATEK TYDNE,531,107,14091.365420560749,16365.005253013258,60297.10093457944,600.0,107811.8,21.4,0.0,0.0,1.0,1352.1,Blansko,south Moravia,107911,88,33,6,2,7,50.9,8240,2.53,3.56,99,1850,1903
2266,0,50,POPLATEK MESICNE,530,72,8236.175,8696.443659930886,44774.425,600.0,49024.8,14.4,0.0,0.0,0.0,0.0,Svitavy,east Bohemia,102609,75,33,2,3,6,52.0,8187,4.83,5.45,94,2123,2134
137,1,70,POPLATEK MESICNE,530,101,8298.726732673267,10550.717040977746,43591.26534653465,900.0,27768.4,20.2,0.0,0.0,2.0,4251.0,Karvina,north Moravia,285387,0,2,8,5,7,89.9,10177,6.63,7.75,81,9878,10108
3562,0,50,POPLATEK MESICNE,530,110,12581.610909090909,14723.376883103223,59751.98454545454,1000.0,62675.7,22.0,1.0,0.0,1.0,7290.5,Svitavy,east Bohemia,102609,75,33,2,3,6,52.0,8187,4.83,5.45,94,2123,2134
1893,0,48,POPLATEK MESICNE,529,119,15560.655462184874,16799.319070203142,65221.63781512605,900.0,90765.8,23.8,0.0,0.0,1.0,6289.0,Rychnov nad Kneznou,east Bohemia,78955,50,24,8,1,9,59.0,9060,1.78,2.44,124,1655,1717
2882,0,44,POPLATEK MESICNE,529,57,9057.505263157895,13900.706461292086,33372.84210526316,600.0,8137.8,11.4,0.0,0.0,2.0,12443.0,Chrudim,east Bohemia,105606,77,26,7,2,7,53.0,8254,2.79,3.76,97,2166,2325
5250,1,8,POPLATEK TYDNE,529,96,16485.330208333333,15525.977683517316,55921.090625000004,1100.0,59385.6,19.2,0.0,0.0,0.0,0.0,Mlada Boleslav,central Bohemia,112065,95,19,7,1,8,69.4,11277,1.25,1.44,127,5179,4987
7674,1,1,POPLATEK MESICNE,528,160,12953.619375,15375.096361808772,70711.91062499999,800.0,98130.7,32.0,1.0,0.0,3.0,12797.3,Hl.m. Praha,Prague,1204953,0,0,0,1,1,100.0,12541,0.29,0.43,167,85677,99107
11123,1,39,POPLATEK MESICNE,528,84,8774.625,12851.973182064301,35430.563095238096,700.0,38962.0,16.8,0.0,0.0,0.0,0.0,Most,north Bohemia,119895,17,4,3,2,4,89.9,10446,7.34,9.40,90,4947,4743
1765,0,18,POPLATEK MESICNE,528,78,2170.50641025641,2101.148650566294,16896.296153846157,400.0,11593.9,15.6,0.0,1.0,1.0,2011.0,Pisek,south Bohemia,70699,60,13,2,1,4,65.3,8968,2.83,3.35,131,1740,1910
847,0,2,POPLATEK MESICNE,528,82,2384.0658536585365,4942.775807505745,24036.119512195124,900.0,24613.6,16.4,0.0,0.0,0.0,0.0,Benesov,central Bohemia,88884,80,26,6,2,5,46.7,8507,1.67,1.85,132,2159,2674
4618,0,3,POPLATEK MESICNE,528,85,8651.441176470587,12483.300838160649,30615.015294117646,-7914.0,-440.5,17.0,1.0,0.0,1.0,2778.7,Beroun,central Bohemia,75232,55,26,4,1,5,41.7,8980,1.95,2.21,111,2824,2813
3543,0,74,POPLATEK MESICNE,528,66,1340.7939393939394,1305.956022569589,17564.35303030303,900.0,22036.8,13.2,0.0,0.0,1.0,2094.0,Ostrava - mesto,north Moravia,323870,0,0,0,1,1,100.0,10673,4.75,5.44,100,18782,18347
1471,0,1,POPLATEK MESICNE,528,115,5902.126956521739,7922.845069445852,29175.28695652174,1000.0,16078.8,23.0,0.0,0.0,3.0,8011.0,Hl.m. Praha,Prague,1204953,0,0,0,1,1,100.0,12541,0.29,0.43,167,85677,99107
3472,0,55,POPLATEK MESICNE,528,120,5577.220833333334,7800.917950907395,46833.09,1100.0,53852.7,24.0,0.0,0.0,3.0,9988.0,Brno - venkov,south Moravia,157042,49,70,18,0,9,33.9,8743,1.88,2.43,111,3659,3894
2407,0,1,POPLATEK MESICNE,528,89,4398.321348314606,4722.505610215443,23072.896629213483,900.0,26677.5,17.8,0.0,0.0,1.0,7292.0,Hl.m. Praha,Prague,1204953,0,0,0,1,1,100.0,12541,0.29,0.43,167,85677,99107
378,0,68,POPLATEK MESICNE,527,203,11986.673399014779,15655.25853359961,74886.29753694581,20574.0,95527.7,40.6,1.0,1.0,5.0,13567.2,Frydek - Mistek,north Moravia,228848,15,40,18,2,6,57.2,9893,4.09,4.72,96,5623,5887
1188,0,16,POPLATEK MESICNE,527,83,3308.859036144578,3230.161237802834,30304.563855421686,800.0,32724.3,16.6,0.0,0.0,1.0,4421.0,Jindrichuv Hradec,south Bohemia,93931,74,21,10,1,8,56.9,8427,1.12,1.54,107,1874,1913
2652,0,1,POPLATEK MESICNE,527,102,7204.206862745098,8683.050253340218,42394.82156862745,900.0,52483.4,20.4,0.0,0.0,2.0,8086.0,Hl.m. Praha,Prague,1204953,0,0,0,1,1,100.0,12541,0.29,0.43,167,85677,99107
3526,0,1,POPLATEK MESICNE,527,127,16181.728346456694,17036.230995225505,72714.32283464567,200.0,47767.2,25.4,0.0,0.0,1.0,4559.0,Hl.m. Praha,Prague,1204953,0,0,0,1,1,100.0,12541,0.29,0.43,167,85677,99107
113,0,55,POPLATEK MESICNE,527,77,2624.196103896104,2432.1565102016357,22344.94155844156,600.0,19682.0,15.4,0.0,0.0,1.0,3146.0,Brno - venkov,south Moravia,157042,49,70,18,0,9,33.9,8743,1.88,2.43,111,3659,3894
3733,0,33,POPLATEK MESICNE,527,110,15937.776363636363,15840.35130232558,63873.67181818182,1000.0,99629.0,22.0,0.0,1.0,1.0,11123.0,Decin,north Bohemia,133777,24,17,7,3,11,84.7,8705,5.75,7.61,116,4650,4859
683,1,74,POPLATEK MESICNE,527,91,9182.782417582417,9888.937179996123,43622.88351648352,700.0,32385.6,18.2,0.0,0.0,1.0,8578.0,Ostrava - mesto,north Moravia,323870,0,0,0,1,1,100.0,10673,4.75,5.44,100,18782,18347
3494,0,60,POPLATEK MESICNE,527,69,2635.1985507246377,2825.474894206634,22790.210144927536,900.0,27435.2,13.8,0.0,0.0,1.0,3599.0,Prostejov,south Moravia,110643,49,41,4,1,4,51.9,8441,3.45,4.48,115,1879,2252
3518,0,9,POPLATEK MESICNE,527,92,8867.869565217392,10395.851535020323,35918.96956521739,700.0,26606.9,18.4,0.0,0.0,1.0,3438.0,Nymburk,central Bohemia,81344,61,23,4,2,6,55.3,8899,3.39,3.97,149,2987,2487
4320,0,61,POPLATEK MESICNE,526,113,14231.092920353982,15849.984434764307,47117.71327433628,-2542.1,18686.9,22.6,1.0,0.0,1.0,4280.0,Trebic,south Moravia,117897,139,28,5,1,6,53.8,8814,4.76,5.74,107,2112,2059
6495,0,6,POPLATEK MESICNE,526,101,6731.618811881188,7227.886644334053,41685.09504950495,500.0,31317.7,20.2,1.0,0.0,2.0,17353.0,Kutna Hora,central Bohemia,77963,60,23,4,2,4,51.5,8546,2.95,4.02,126,2640,3120
3511,0,70,POPLATEK MESICNE,526,76,2185.4947368421053,2192.36878679324,21312.105263157893,1000.0,24660.6,15.2,0.0,0.0,1.0,2313.0,Karvina,north Moravia,285387,0,2,8,5,7,89.9,10177,6.63,7.75,81,9878,10108
303,0,71,POPLATEK MESICNE,524,99,5694.532323232323,6907.295177561544,42892.04242424243,900.0,50020.9,19.8,1.0,0.0,2.0,6935.0,Novy Jicin,north Moravia,161227,5,35,11,4,10,69.7,8678,5.93,5.57,102,4980,4595
3932,0,74,POPLATEK MESICNE,524,85,2631.354117647059,2855.372972783605,20602.862352941178,600.0,16067.6,17.0,0.0,0.0,1.0,1593.0,Ostrava - mesto,north Moravia,323870,0,0,0,1,1,100.0,10673,4.75,5.44,100,18782,18347
2717,0,74,POPLATEK MESICNE,524,71,1404.943661971831,1392.4851596780275,16002.65352112676,1000.0,19805.3,14.2,0.0,0.0,1.0,2271.0,Ostrava - mesto,north Moravia,323870,0,0,0,1,1,100.0,10673,4.75,5.44,100,18782,18347
2983,0,42,POPLATEK MESICNE,524,79,2964.250632911392,4023.1790866234705,32901.37215189873,1000.0,37796.1,15.8,0.0,0.0,0.0,0.0,Havlickuv Brod,east Bohemia,95907,87,25,5,2,7,59.1,8388,2.41,2.94,87,1658,1668
1490,0,5,POPLATEK MESICNE,524,108,15324.35,16169.964838843629,59530.44722222222,200.0,18006.3,21.6,0.0,0.0,1.0,1657.7,Kolin,central Bohemia,95616,65,30,4,1,6,51.4,9307,3.85,4.43,118,2616,3040
3443,0,45,POPLATEK MESICNE,523,65,1900.7307692307693,1792.324206941496,16410.433846153846,400.0,19477.9,13.0,0.0,0.0,1.0,2755.0,Jicin,east Bohemia,77917,85,19,6,1,5,53.5,8390,2.28,2.89,132,2080,2122
11027,0,32,POPLATEK TYDNE,523,99,4752.063636363636,5456.427133458838,33300.66969696969,800.0,33195.5,19.8,1.0,0.0,2.0,5803.2,Ceska Lipa,north Bohemia,105058,32,19,7,2,10,81.0,9272,2.80,3.22,118,4340,4505
3491,0,51,POPLATEK MESICNE,522,118,5834.0084745762715,7624.893726198747,36204.78813559322,1100.0,30187.4,23.6,0.0,0.0,3.0,7271.0,Trutnov,east Bohemia,121947,37,28,7,3,11,70.5,8541,2.51,2.97,131,3496,3839
6453,0,34,POPLATEK MESICNE,522,124,1580.757258064516,2006.6275542945705,22878.507258064514,300.0,21374.2,24.8,1.0,0.0,4.0,3054.0,Chomutov,north Bohemia,125236,28,11,1,4,5,87.7,9675,6.43,7.68,100,5323,5190
7907,0,70,POPLATEK MESICNE,522,104,8506.058653846154,11169.734155727841,33632.77403846154,200.0,37049.2,20.8,1.0,0.0,2.0,14443.2,Karvina,north Moravia,285387,0,2,8,5,7,89.9,10177,6.63,7.75,81,9878,10108
2291,0,49,POPLATEK MESICNE,522,76,2803.661842105263,2664.085498926645,18808.575,700.0,13853.2,15.2,0.0,0.0,1.0,3825.0,Semily,east Bohemia,75685,31,28,5,1,9,60.8,8208,1.89,2.26,155,1660,2123
1900,0,27,POPLATEK MESICNE,522,92,9277.644565217392,10477.610475669546,49819.858695652176,1000.0,55079.6,18.4,0.0,1.0,1.0,7114.0,Plzen - jih,west Bohemia,67298,71,19,10,0,7,43.8,8561,0.65,1.29,110,1029,1127
4389,0,77,POPLATEK MESICNE,521,79,6541.518987341772,8003.774343637235,35736.73037974684,400.0,30494.9,15.8,0.0,0.0,0.0,0.0,Vsetin,north Moravia,148545,8,35,12,3,4,53.5,8909,4.01,5.56,113,3460,3590
3192,0,18,POPLATEK MESICNE,521,106,3532.698113207547,4046.31206465441,37245.47641509434,400.0,38050.4,21.2,0.0,1.0,2.0,3790.0,Pisek,south Bohemia,70699,60,13,2,1,4,65.3,8968,2.83,3.35,131,1740,1910
836,0,46,POPLATEK MESICNE,521,95,2913.8694736842103,3995.740527885399,24625.145263157894,1100.0,18798.5,19.0,0.0,0.0,2.0,3059.0,Nachod,east Bohemia,112709,48,20,7,3,10,73.5,8369,1.79,2.31,117,2854,2618
3880,0,3,POPLATEK MESICNE,521,84,2452.3761904761905,2608.6970756834316,29381.369047619046,800.0,32632.0,16.8,0.0,0.0,1.0,1942.0,Beroun,central Bohemia,75232,55,26,4,1,5,41.7,8980,1.95,2.21,111,2824,2813
7424,0,68,POPLATEK MESICNE,521,170,11778.341764705883,15427.283826461797,60083.35588235294,900.0,15632.3,34.0,1.0,0.0,4.0,10614.2,Frydek - Mistek,north Moravia,228848,15,40,18,2,6,57.2,9893,4.09,4.72,96,5623,5887
1187,0,55,POPLATEK MESICNE,521,79,2287.1873417721517,2371.3927353938534,28485.06582278481,1000.0,35914.8,15.8,0.0,0.0,1.0,2288.0,Brno - venkov,south Moravia,157042,49,70,18,0,9,33.9,8743,1.88,2.43,111,3659,3894
25,0,68,POPLATEK MESICNE,521,170,11759.458235294118,15439.055306713175,61570.18588235294,900.0,19422.2,34.0,1.0,0.0,4.0,10614.2,Frydek - Mistek,north Moravia,228848,15,40,18,2,6,57.2,9893,4.09,4.72,96,5623,5887
10954,0,25,POPLATEK MESICNE,520,93,4972.041935483871,5993.852543200854,44691.86129032258,300.0,33458.7,18.6,1.0,0.0,1.0,312.0,Klatovy,west Bohemia,88757,60,33,3,2,10,61.7,8554,2.47,2.68,113,1822,2218
1571,0,66,POPLATEK MESICNE,520,87,6011.716091954023,6330.158959462521,21271.706896551725,200.0,13367.5,17.4,0.0,0.0,1.0,7692.0,Zdar nad Sazavou,south Moravia,125832,151,41,2,3,5,48.3,8512,3.51,4.12,102,2247,2103
1160,0,39,POPLATEK TYDNE,520,107,9382.273831775701,12146.583397985394,67221.19906542056,1000.0,63097.2,21.4,0.0,0.0,2.0,3658.0,Most,north Bohemia,119895,17,4,3,2,4,89.9,10446,7.34,9.40,90,4947,4743
1985,0,20,POPLATEK MESICNE,520,79,2635.154430379747,6158.049279847069,20332.027848101265,600.0,13868.4,15.8,0.0,0.0,0.0,0.0,Strakonice,south Bohemia,70646,94,14,3,1,4,58.4,8547,2.65,3.64,120,1563,1542
3359,0,8,POPLATEK MESICNE,519,91,1671.934065934066,1898.878186732587,31503.909890109888,500.0,33394.2,18.2,0.0,0.0,1.0,2038.0,Mlada Boleslav,central Bohemia,112065,95,19,7,1,8,69.4,11277,1.25,1.44,127,5179,4987
9646,0,1,POPLATEK TYDNE,519,56,12524.5,14295.783026167986,46092.18928571429,300.0,16798.1,11.2,1.0,0.0,1.0,5813.5,Hl.m. Praha,Prague,1204953,0,0,0,1,1,100.0,12541,0.29,0.43,167,85677,99107
1906,0,1,POPLATEK MESICNE,517,120,10061.036666666665,13952.94585551308,55918.22,1000.0,46081.1,24.0,1.0,0.0,3.0,9385.8,Hl.m. Praha,Prague,1204953,0,0,0,1,1,100.0,12541,0.29,0.43,167,85677,99107
194,1,44,POPLATEK MESICNE,517,94,1771.1946808510636,1912.056127610456,30827.532978723404,400.0,26379.3,18.8,0.0,0.0,1.0,2648.0,Chrudim,east Bohemia,105606,77,26,7,2,7,53.0,8254,2.79,3.76,97,2166,2325
371,0,12,POPLATEK MESICNE,516,73,2793.0301369863014,6600.971586371142,34933.17260273973,800.0,39311.5,14.6,0.0,0.0,0.0,0.0,Pribram,central Bohemia,107870,84,29,6,1,6,58.0,8754,3.83,4.31,137,3804,3868
9159,0,64,POPLATEK MESICNE,516,158,3718.3227848101264,5727.777700734525,37703.50379746835,700.0,47879.0,31.6,1.0,0.0,5.0,10735.0,Zlin,south Moravia,197099,29,41,10,2,10,74.7,9624,1.60,2.31,145,4484,4265
3040,0,17,POPLATEK MESICNE,515,66,1392.1696969696968,1403.0839177677035,18449.75303030303,1000.0,24711.7,13.2,0.0,0.0,1.0,2202.0,Pelhrimov,south Bohemia,74062,99,15,4,2,7,61.4,8114,2.38,2.62,119,1003,1181
4071,0,64,POPLATEK MESICNE,515,93,7814.869892473119,8306.001121985928,32422.062365591395,1100.0,20934.0,18.6,0.0,0.0,2.0,11350.0,Zlin,south Moravia,197099,29,41,10,2,10,74.7,9624,1.60,2.31,145,4484,4265
2278,0,1,POPLATEK MESICNE,515,106,4925.87641509434,5730.8075553359495,34698.09433962264,500.0,30591.1,21.2,0.0,0.0,2.0,8522.0,Hl.m. Praha,Prague,1204953,0,0,0,1,1,100.0,12541,0.29,0.43,167,85677,99107
2350,0,18,POPLATEK MESICNE,514,90,10162.071111111112,13879.625631436138,43197.60777777778,600.0,50629.8,18.0,1.0,0.0,3.0,9166.2,Pisek,south Bohemia,70699,60,13,2,1,4,65.3,8968,2.83,3.35,131,1740,1910
4438,0,48,POPLATEK MESICNE,514,77,2663.8999999999996,2757.0966197299495,28076.306493506494,500.0,35140.6,15.4,0.0,0.0,1.0,658.0,Rychnov nad Kneznou,east Bohemia,78955,50,24,8,1,9,59.0,9060,1.78,2.44,124,1655,1717
2004,0,42,POPLATEK MESICNE,514,93,9177.321505376345,10522.61804876451,57155.57526881721,700.0,60159.3,18.6,0.0,0.0,1.0,5472.0,Havlickuv Brod,east Bohemia,95907,87,25,5,2,7,59.1,8388,2.41,2.94,87,1658,1668
2101,0,9,POPLATEK MESICNE,514,112,1246.5232142857144,1466.3408660650082,26236.40982142857,600.0,27694.9,22.4,0.0,0.0,3.0,2309.0,Nymburk,central Bohemia,81344,61,23,4,2,6,55.3,8899,3.39,3.97,149,2987,2487
3397,0,49,POPLATEK MESICNE,514,93,7694.617204301076,8233.32627068085,38033.22365591398,400.0,31060.0,18.6,0.0,0.0,1.0,9400.0,Semily,east Bohemia,75685,31,28,5,1,9,60.8,8208,1.89,2.26,155,1660,2123
1267,0,43,POPLATEK MESICNE,513,127,5448.214173228346,7768.100456330287,40053.80866141732,400.0,32792.1,25.4,0.0,0.0,4.0,4831.0,Hradec Kralove,east Bohemia,161854,73,21,6,1,6,76.3,9425,1.72,2.50,125,4085,3891
2102,0,41,POPLATEK MESICNE,513,101,4308.365346534653,4603.520741203099,26880.263366336636,500.0,16993.2,20.2,0.0,1.0,2.0,7497.0,Usti nad Labem,north Bohemia,118650,8,8,5,1,3,85.6,9832,3.32,4.48,114,6445,5471
1654,0,30,POPLATEK MESICNE,513,91,7640.46923076923,8142.454526747684,39129.258241758245,600.0,67969.0,18.2,0.0,0.0,0.0,0.0,Sokolov,west Bohemia,94812,15,13,8,2,10,81.8,9650,3.38,3.67,100,2985,2804
2383,0,68,POPLATEK MESICNE,513,111,3759.8432432432433,4964.709672324922,34914.16936936937,300.0,39059.4,22.2,0.0,0.0,3.0,5370.0,Frydek - Mistek,north Moravia,228848,15,40,18,2,6,57.2,9893,4.09,4.72,96,5623,5887
2134,0,52,POPLATEK MESICNE,512,115,3945.8278260869565,5138.533701931476,39097.58782608695,300.0,33190.6,23.0,1.0,0.0,3.0,4396.0,Usti nad Orlici,east Bohemia,139012,59,41,8,3,10,61.9,8363,2.52,3.49,108,2564,2799
1738,0,15,POPLATEK MESICNE,512,74,1213.1472972972972,1266.8759063060975,12973.37972972973,400.0,14345.2,14.8,0.0,0.0,1.0,1998.0,Cesky Krumlov,south Bohemia,58796,22,16,7,1,5,51.9,9045,3.13,3.60,124,1845,1879
1576,0,35,POPLATEK TYDNE,512,91,10395.06813186813,12473.279982318465,42745.3021978022,1000.0,69549.3,18.2,0.0,0.0,1.0,11816.0,Jablonec n. Nisou,north Bohemia,88768,10,18,5,1,7,80.5,8867,1.02,1.21,130,3384,3620
3614,0,19,POPLATEK MESICNE,511,123,9795.767479674796,13640.94471656597,61917.85772357724,500.0,30772.3,24.6,0.0,0.0,4.0,8563.7,Prachatice,south Bohemia,51428,50,11,3,1,4,52.7,8402,3.13,3.98,120,999,1099
2066,1,25,POPLATEK MESICNE,511,85,1793.4741176470586,1788.0851720254736,26134.335294117645,400.0,22369.6,17.0,0.0,0.0,1.0,2319.0,Klatovy,west Bohemia,88757,60,33,3,2,10,61.7,8554,2.47,2.68,113,1822,2218
2117,1,48,POPLATEK MESICNE,511,91,4846.38021978022,4947.432017077586,27029.83846153846,900.0,21177.0,18.2,0.0,1.0,1.0,7786.0,Rychnov nad Kneznou,east Bohemia,78955,50,24,8,1,9,59.0,9060,1.78,2.44,124,1655,1717
436,0,30,POPLATEK MESICNE,511,106,2733.0707547169814,3407.541371414069,18931.724528301886,500.0,24794.4,21.2,0.0,0.0,3.0,5250.0,Sokolov,west Bohemia,94812,15,13,8,2,10,81.8,9650,3.38,3.67,100,2985,2804
2329,0,1,POPLATEK MESICNE,511,79,2863.9025316455695,2956.660007680821,18208.0582278481,500.0,24312.5,15.8,0.0,1.0,1.0,4400.0,Hl.m. Praha,Prague,1204953,0,0,0,1,1,100.0,12541,0.29,0.43,167,85677,99107
4442,0,54,POPLATEK MESICNE,510,83,5397.736144578313,5624.383177987074,31739.989156626507,300.0,37501.5,16.6,0.0,0.0,2.0,10092.0,Brno - mesto,south Moravia,387570,0,0,0,1,1,100.0,9897,1.60,1.96,140,18721,18696
1325,0,26,POPLATEK MESICNE,510,82,1121.3573170731709,1248.8651892799248,15763.465853658536,300.0,19038.1,16.4,0.0,0.0,2.0,2128.0,Plzen - mesto,west Bohemia,170449,0,0,0,1,1,100.0,10787,2.64,3.09,131,6041,6261
715,0,32,POPLATEK MESICNE,510,112,4869.724999999999,6418.496780968055,33809.06160714286,500.0,37046.6,22.4,0.0,0.0,3.0,6063.0,Ceska Lipa,north Bohemia,105058,32,19,7,2,10,81.0,9272,2.80,3.22,118,4340,4505
9491,0,7,POPLATEK TYDNE,510,131,12140.980916030534,17086.768388025208,60115.31832061069,800.0,41994.3,26.2,1.0,0.0,4.0,12519.0,Melnik,central Bohemia,94725,38,28,1,3,6,63.4,9920,2.26,2.87,130,4289,4846
2917,0,68,POPLATEK MESICNE,510,87,6953.926436781609,7645.25762906379,30547.180459770116,300.0,35041.7,17.4,0.0,0.0,1.0,6157.0,Frydek - Mistek,north Moravia,228848,15,40,18,2,6,57.2,9893,4.09,4.72,96,5623,5887
503,0,1,POPLATEK MESICNE,510,90,5684.9944444444445,6020.440517261083,46378.433333333334,700.0,57184.4,18.0,0.0,1.0,2.0,8921.0,Hl.m. Praha,Prague,1204953,0,0,0,1,1,100.0,12541,0.29,0.43,167,85677,99107
2794,1,74,POPLATEK MESICNE,510,69,6361.468115942029,7082.962423422526,28309.57536231884,1000.0,30710.7,13.8,0.0,0.0,0.0,0.0,Ostrava - mesto,north Moravia,323870,0,0,0,1,1,100.0,10673,4.75,5.44,100,18782,18347
2191,0,1,POPLATEK MESICNE,510,88,5440.367045454545,5616.264996259689,25002.10454545455,12134.5,28715.1,17.6,0.0,0.0,1.0,6762.0,Hl.m. Praha,Prague,1204953,0,0,0,1,1,100.0,12541,0.29,0.43,167,85677,99107
2947,0,57,POPLATEK MESICNE,509,77,1945.2363636363639,2008.2885780205133,22921.592207792208,1000.0,31609.9,15.4,0.0,0.0,1.0,2228.0,Hodonin,south Moravia,161954,21,37,20,3,8,48.0,8720,3.73,4.50,116,3729,3651
2086,0,70,POPLATEK TYDNE,509,88,17546.24090909091,20108.73981317997,69123.50227272727,500.0,83737.0,17.6,0.0,0.0,0.0,0.0,Karvina,north Moravia,285387,0,2,8,5,7,89.9,10177,6.63,7.75,81,9878,10108
3020,0,3,POPLATEK MESICNE,509,103,2140.86213592233,5209.496715221653,35541.463106796116,900.0,77941.4,20.6,0.0,0.0,0.0,0.0,Beroun,central Bohemia,75232,55,26,4,1,5,41.7,8980,1.95,2.21,111,2824,2813
1211,0,49,POPLATEK MESICNE,509,116,2270.261206896552,2913.8693635416043,32641.650862068964,1100.0,36001.3,23.2,0.0,1.0,3.0,4335.0,Semily,east Bohemia,75685,31,28,5,1,9,60.8,8208,1.89,2.26,155,1660,2123
2724,0,11,POPLATEK MESICNE,509,81,6374.466666666666,6692.2934220265615,35819.58765432099,500.0,50619.8,16.2,0.0,1.0,1.0,6399.0,Praha - zapad,central Bohemia,75637,35,36,9,0,7,36.5,9622,0.45,0.59,154,3475,3529
963,0,7,POPLATEK MESICNE,509,77,7852.61948051948,8479.978268375191,48917.82857142857,500.0,63523.1,15.4,0.0,1.0,1.0,3799.0,Melnik,central Bohemia,94725,38,28,1,3,6,63.4,9920,2.26,2.87,130,4289,4846
3749,0,68,POPLATEK MESICNE,508,81,9424.804938271604,10868.121213851788,62317.3037037037,800.0,71682.8,16.2,0.0,0.0,1.0,3904.0,Frydek - Mistek,north Moravia,228848,15,40,18,2,6,57.2,9893,4.09,4.72,96,5623,5887
1223,0,70,POPLATEK MESICNE,508,104,4170.8355769230775,5128.539765280347,37464.92403846154,200.0,52941.8,20.8,0.0,1.0,2.0,6361.0,Karvina,north Moravia,285387,0,2,8,5,7,89.9,10177,6.63,7.75,81,9878,10108
613,0,74,POPLATEK PO OBRATU,508,69,6073.210144927536,6345.903268880152,31441.253623188404,600.0,42451.5,13.8,0.0,0.0,0.0,0.0,Ostrava - mesto,north Moravia,323870,0,0,0,1,1,100.0,10673,4.75,5.44,100,18782,18347
2149,0,7,POPLATEK MESICNE,507,68,2340.0470588235294,2293.505003815892,18798.62205882353,600.0,20883.5,13.6,0.0,0.0,1.0,2536.0,Melnik,central Bohemia,94725,38,28,1,3,6,63.4,9920,2.26,2.87,130,4289,4846
416,0,6,POPLATEK MESICNE,507,84,1797.1452380952383,1962.6282657434456,18914.89880952381,500.0,16848.4,16.8,0.0,0.0,2.0,1969.0,Kutna Hora,central Bohemia,77963,60,23,4,2,4,51.5,8546,2.95,4.02,126,2640,3120
1501,0,50,POPLATEK MESICNE,507,70,2391.625714285714,2506.7090369926837,15874.505714285713,500.0,21335.3,14.0,0.0,0.0,1.0,2292.0,Svitavy,east Bohemia,102609,75,33,2,3,6,52.0,8187,4.83,5.45,94,2123,2134
2114,1,30,POPLATEK MESICNE,507,101,3889.4792079207923,4258.93721814062,27461.459405940594,600.0,22801.5,20.2,0.0,0.0,2.0,6844.0,Sokolov,west Bohemia,94812,15,13,8,2,10,81.8,9650,3.38,3.67,100,2985,2804
176,0,71,POPLATEK TYDNE,506,163,11584.578527607362,15281.524886137739,51432.981595092024,800.0,75498.7,32.6,1.0,0.0,4.0,6985.3,Novy Jicin,north Moravia,161227,5,35,11,4,10,69.7,8678,5.93,5.57,102,4980,4595
3066,0,74,POPLATEK MESICNE,506,85,5091.498823529412,5692.455996013164,32748.128235294116,700.0,31842.8,17.0,0.0,1.0,1.0,3241.0,Ostrava - mesto,north Moravia,323870,0,0,0,1,1,100.0,10673,4.75,5.44,100,18782,18347
911,0,60,POPLATEK MESICNE,506,89,8206.568539325843,10401.01183568428,47894.37415730337,600.0,54699.5,17.8,0.0,0.0,2.0,10568.0,Prostejov,south Moravia,110643,49,41,4,1,4,51.9,8441,3.45,4.48,115,1879,2252
779,0,16,POPLATEK MESICNE,505,70,7610.237142857142,8320.764711985528,34502.11142857143,300.0,31486.1,14.0,0.0,0.0,0.0,0.0,Jindrichuv Hradec,south Bohemia,93931,74,21,10,1,8,56.9,8427,1.12,1.54,107,1874,1913
916,0,1,POPLATEK MESICNE,505,86,6182.53488372093,6594.822270303154,29838.856976744184,600.0,30931.5,17.2,0.0,0.0,1.0,5299.0,Hl.m. Praha,Prague,1204953,0,0,0,1,1,100.0,12541,0.29,0.43,167,85677,99107
271,0,1,POPLATEK MESICNE,505,76,2454.709210526316,2808.9056073461607,36219.13421052632,400.0,53452.9,15.2,0.0,0.0,1.0,1535.0,Hl.m. Praha,Prague,1204953,0,0,0,1,1,100.0,12541,0.29,0.43,167,85677,99107
2439,0,74,POPLATEK MESICNE,505,75,2438.4693333333335,2571.609353607262,24346.18666666667,500.0,27542.7,15.0,0.0,0.0,1.0,2096.0,Ostrava - mesto,north Moravia,323870,0,0,0,1,1,100.0,10673,4.75,5.44,100,18782,18347
2210,0,31,POPLATEK MESICNE,505,76,2144.5276315789474,2264.640826185538,30048.21315789474,5777.0,37406.9,15.2,0.0,0.0,1.0,2553.0,Tachov,west Bohemia,51313,34,12,3,1,4,59.2,8930,3.52,4.20,108,1328,1452
1885,0,47,POPLATEK MESICNE,505,100,2492.647,5728.711976490601,28918.007999999998,600.0,26841.2,20.0,0.0,1.0,0.0,0.0,Pardubice,east Bohemia,162580,83,26,5,1,6,72.8,9538,1.51,1.81,111,6079,5410
447,0,5,POPLATEK MESICNE,504,78,8499.185897435897,9252.692299867767,50070.455128205125,1100.0,67612.5,15.6,0.0,1.0,2.0,6108.0,Kolin,central Bohemia,95616,65,30,4,1,6,51.4,9307,3.85,4.43,118,2616,3040
3549,0,27,POPLATEK MESICNE,504,66,2138.7045454545455,2015.9202708159648,16782.831818181818,600.0,18534.0,13.2,0.0,0.0,1.0,3265.0,Plzen - jih,west Bohemia,67298,71,19,10,0,7,43.8,8561,0.65,1.29,110,1029,1127
1563,0,47,POPLATEK MESICNE,504,12,2783.3333333333335,3072.113081883346,12791.666666666666,900.0,10000.0,2.4,0.0,0.0,0.0,0.0,Pardubice,east Bohemia,162580,83,26,5,1,6,72.8,9538,1.51,1.81,111,6079,5410
753,0,31,POPLATEK MESICNE,504,81,2409.207407407407,2545.2575844488597,20379.314814814814,1100.0,22541.8,16.2,0.0,0.0,1.0,1602.0,Tachov,west Bohemia,51313,34,12,3,1,4,59.2,8930,3.52,4.20,108,1328,1452
2764,0,53,POPLATEK MESICNE,503,97,5626.722680412371,6999.959207448183,46892.73608247423,1100.0,53272.2,19.4,0.0,0.0,2.0,3406.0,Blansko,south Moravia,107911,88,33,6,2,7,50.9,8240,2.53,3.56,99,1850,1903
2973,0,23,POPLATEK MESICNE,503,92,5823.356521739131,7164.32184665684,38224.1,500.0,49943.0,18.4,0.0,0.0,2.0,4585.0,Cheb,west Bohemia,87419,21,11,4,3,9,85.5,8624,1.79,2.66,102,2879,3198
2209,0,65,POPLATEK MESICNE,503,158,13954.579746835443,14924.272380393397,66697.63924050632,900.0,50646.0,31.6,0.0,0.0,2.0,7305.0,Znojmo,south Moravia,114200,101,41,4,1,4,43.7,8403,5.74,5.72,105,2157,2718
2013,0,54,POPLATEK MESICNE,503,33,6551.830303030303,10844.028041953692,28655.748484848482,1100.0,15810.4,6.6,0.0,1.0,0.0,0.0,Brno - mesto,south Moravia,387570,0,0,0,1,1,100.0,9897,1.60,1.96,140,18721,18696
1935,0,38,POPLATEK MESICNE,503,85,20314.75411764706,22262.310948089314,57133.00352941176,1100.0,27496.2,17.0,0.0,0.0,0.0,0.0,Louny,north Bohemia,85852,41,23,4,2,4,59.8,8965,7.08,8.23,104,2653,2822
382,0,14,POPLATEK MESICNE,502,82,1072.3170731707316,1379.6555438604626,20323.074390243903,700.0,24808.4,16.4,0.0,0.0,3.0,2276.0,Ceske Budejovice,south Bohemia,177686,69,27,10,1,9,74.8,10045,1.42,1.71,135,6604,6295
42,0,39,POPLATEK MESICNE,502,103,3064.6883495145635,3646.0291213033865,27366.777669902913,800.0,31229.0,20.6,0.0,1.0,3.0,6070.0,Most,north Bohemia,119895,17,4,3,2,4,89.9,10446,7.34,9.40,90,4947,4743
945,0,18,POPLATEK MESICNE,502,37,6081.751351351351,9153.334884638787,35995.6027027027,600.0,36824.6,7.4,0.0,0.0,1.0,8215.0,Pisek,south Bohemia,70699,60,13,2,1,4,65.3,8968,2.83,3.35,131,1740,1910
8038,0,47,POPLATEK MESICNE,501,92,7755.142391304347,9435.770765622172,55283.618478260876,600.0,74247.4,18.4,1.0,0.0,2.0,6709.0,Pardubice,east Bohemia,162580,83,26,5,1,6,72.8,9538,1.51,1.81,111,6079,5410
967,0,15,POPLATEK MESICNE,501,37,6242.637837837838,11514.297903581331,36137.65945945946,900.0,27977.8,7.4,0.0,1.0,1.0,6824.0,Cesky Krumlov,south Bohemia,58796,22,16,7,1,5,51.9,9045,3.13,3.60,124,1845,1879
3741,0,65,POPLATEK MESICNE,500,82,2744.518292682927,2778.1766376807423,30190.459756097564,800.0,31028.1,16.4,0.0,0.0,1.0,4228.0,Znojmo,south Moravia,114200,101,41,4,1,4,43.7,8403,5.74,5.72,105,2157,2718
3311,0,8,POPLATEK MESICNE,500,97,9742.743298969071,12634.405335118227,45537.790721649486,1000.0,55474.6,19.4,0.0,0.0,4.0,12827.9,Mlada Boleslav,central Bohemia,112065,95,19,7,1,8,69.4,11277,1.25,1.44,127,5179,4987
656,0,3,POPLATEK MESICNE,500,79,5387.086075949367,5712.476674445656,40298.13924050633,500.0,59175.5,15.8,0.0,0.0,1.0,5477.0,Beroun,central Bohemia,75232,55,26,4,1,5,41.7,8980,1.95,2.21,111,2824,2813
1667,1,56,POPLATEK MESICNE,500,71,2362.9535211267607,2364.014848807063,26592.145070422535,200.0,28859.0,14.2,0.0,0.0,0.0,0.0,Breclav,south Moravia,124605,11,42,14,1,8,46.0,8772,4.69,4.98,126,2854,3158
3789,0,6,POPLATEK MESICNE,500,62,7751.909677419355,10231.189403745522,32745.516129032258,500.0,23784.0,12.4,0.0,0.0,1.0,11244.0,Kutna Hora,central Bohemia,77963,60,23,4,2,4,51.5,8546,2.95,4.02,126,2640,3120
7637,0,46,POPLATEK MESICNE,499,92,8819.925,9871.683500419018,43003.91195652174,900.0,48569.4,18.4,1.0,0.0,2.0,17524.0,Nachod,east Bohemia,112709,48,20,7,3,10,73.5,8369,1.79,2.31,117,2854,2618
4010,0,30,POPLATEK MESICNE,499,82,5584.836585365853,6100.258678091663,33112.528048780485,900.0,47164.8,16.4,0.0,0.0,2.0,7772.0,Sokolov,west Bohemia,94812,15,13,8,2,10,81.8,9650,3.38,3.67,100,2985,2804
4144,1,1,POPLATEK MESICNE,499,115,14190.201739130434,15331.400366396208,55184.45304347826,1100.0,27869.4,23.0,1.0,0.0,2.0,14668.7,Hl.m. Praha,Prague,1204953,0,0,0,1,1,100.0,12541,0.29,0.43,167,85677,99107
3347,0,4,POPLATEK MESICNE,499,68,2325.741176470588,2237.081658531022,21310.84411764706,600.0,16726.7,13.6,0.0,0.0,1.0,2624.0,Kladno,central Bohemia,149893,63,29,6,2,6,67.4,9753,4.64,5.05,109,5244,5892
2976,0,13,POPLATEK MESICNE,499,88,6448.436363636364,6946.798462505048,35611.69431818182,800.0,28214.4,17.6,0.0,0.0,1.0,8473.0,Rakovnik,central Bohemia,53921,61,22,1,1,2,41.3,8598,2.77,3.26,123,1597,1875
4480,0,58,POPLATEK MESICNE,499,74,3492.3513513513512,3991.612776956519,23018.056756756756,200.0,33898.2,14.8,0.0,0.0,0.0,0.0,Jihlava,south Moravia,109164,98,16,6,1,4,63.6,8757,3.38,3.95,96,2212,2471
4969,0,60,POPLATEK TYDNE,499,100,13953.847,16269.603672384143,63110.63,200.0,29148.4,20.0,1.0,0.0,3.0,11421.8,Prostejov,south Moravia,110643,49,41,4,1,4,51.9,8441,3.45,4.48,115,1879,2252
1274,0,54,POPLATEK TYDNE,499,90,12378.272222222222,15326.774823377655,47296.85555555556,-915.7,49452.9,18.0,0.0,0.0,0.0,0.0,Brno - mesto,south Moravia,387570,0,0,0,1,1,100.0,9897,1.60,1.96,140,18721,18696
7099,1,1,POPLATEK MESICNE,498,123,8196.156910569107,11068.593584619899,47381.87398373984,1000.0,32151.0,24.6,1.0,0.0,4.0,17412.5,Hl.m. Praha,Prague,1204953,0,0,0,1,1,100.0,12541,0.29,0.43,167,85677,99107
166,0,17,POPLATEK MESICNE,498,62,2005.2645161290322,1928.22620136702,23224.21935483871,800.0,25654.6,12.4,0.0,0.0,1.0,3044.0,Pelhrimov,south Bohemia,74062,99,15,4,2,7,61.4,8114,2.38,2.62,119,1003,1181
1367,0,74,POPLATEK MESICNE,498,120,3411.9091666666664,4759.941890542765,27549.880833333336,800.0,26680.5,24.0,0.0,0.0,4.0,5213.0,Ostrava - mesto,north Moravia,323870,0,0,0,1,1,100.0,10673,4.75,5.44,100,18782,18347
2795,0,11,POPLATEK MESICNE,498,107,6146.672897196262,7769.6912868611735,33878.64953271028,300.0,35544.3,21.4,0.0,0.0,3.0,9957.0,Praha - zapad,central Bohemia,75637,35,36,9,0,7,36.5,9622,0.45,0.59,154,3475,3529
2034,0,54,POPLATEK MESICNE,497,82,8908.903658536585,9520.265552856183,51088.03170731707,400.0,67058.2,16.4,0.0,0.0,1.0,8744.0,Brno - mesto,south Moravia,387570,0,0,0,1,1,100.0,9897,1.60,1.96,140,18721,18696
2622,0,1,POPLATEK MESICNE,497,94,4888.444680851064,4311.206738597489,31703.172340425535,300.0,38835.3,18.8,1.0,0.0,2.0,12748.0,Hl.m. Praha,Prague,1204953,0,0,0,1,1,100.0,12541,0.29,0.43,167,85677,99107
10562,0,51,POPLATEK MESICNE,497,129,13492.951162790698,17285.327309067095,64180.70542635659,-605.9,89913.4,25.8,0.0,0.0,0.0,0.0,Trutnov,east Bohemia,121947,37,28,7,3,11,70.5,8541,2.51,2.97,131,3496,3839
1593,0,16,POPLATEK MESICNE,496,65,1334.6646153846154,1278.727358845354,13389.887692307691,500.0,15790.8,13.0,0.0,0.0,1.0,2086.0,Jindrichuv Hradec,south Bohemia,93931,74,21,10,1,8,56.9,8427,1.12,1.54,107,1874,1913
3004,0,11,POPLATEK MESICNE,496,76,1804.838157894737,1822.435303723536,14597.827631578946,700.0,14145.4,15.2,0.0,0.0,2.0,3094.0,Praha - zapad,central Bohemia,75637,35,36,9,0,7,36.5,9622,0.45,0.59,154,3475,3529
617,0,74,POPLATEK MESICNE,495,87,10105.197701149425,11000.550074036755,40542.24942528736,200.0,46820.5,17.4,0.0,0.0,2.0,15687.2,Ostrava - mesto,north Moravia,323870,0,0,0,1,1,100.0,10673,4.75,5.44,100,18782,18347
2746,0,24,POPLATEK MESICNE,495,73,2503.5972602739726,2522.2690724586223,25341.37397260274,1100.0,31870.8,14.6,0.0,0.0,1.0,2404.0,Karlovy Vary,west Bohemia,122603,25,21,6,2,8,80.0,8991,1.39,2.01,128,5198,5273
3427,0,36,POPLATEK MESICNE,495,80,9723.7325,10505.01557342576,43873.08,1100.0,58416.6,16.0,0.0,1.0,1.0,9843.0,Liberec,north Bohemia,159617,29,19,8,1,9,85.2,9198,3.33,4.28,131,5796,6132
58,1,29,POPLATEK MESICNE,495,75,2427.1186666666667,2683.219405545416,15578.624,600.0,6483.5,15.0,0.0,0.0,0.0,0.0,Rokycany,west Bohemia,45714,52,10,5,1,6,55.6,8843,2.82,3.60,113,818,888
918,0,60,POPLATEK MESICNE,495,46,6137.482608695653,8021.596083277092,37944.19130434783,400.0,20051.4,9.2,0.0,0.0,2.0,12115.0,Prostejov,south Moravia,110643,49,41,4,1,4,51.9,8441,3.45,4.48,115,1879,2252
324,0,1,POPLATEK MESICNE,495,82,1755.2121951219513,2053.4111023867085,19916.75243902439,500.0,27920.9,16.4,0.0,0.0,2.0,2069.0,Hl.m. Praha,Prague,1204953,0,0,0,1,1,100.0,12541,0.29,0.43,167,85677,99107
9826,0,68,POPLATEK MESICNE,495,100,8668.583,11038.07459784023,34476.146,-7581.8,17688.5,20.0,0.0,0.0,0.0,0.0,Frydek - Mistek,north Moravia,228848,15,40,18,2,6,57.2,9893,4.09,4.72,96,5623,5887
2094,0,73,POPLATEK MESICNE,495,66,1393.4863636363636,1405.7940595304806,17541.79090909091,800.0,21303.6,13.2,0.0,0.0,1.0,2288.0,Opava,north Moravia,182027,17,49,12,2,7,56.4,8746,3.33,3.74,90,4355,4433
20,0,74,POPLATEK MESICNE,494,60,1340.725,1262.1331161663295,14515.363333333335,500.0,18195.7,12.0,0.0,0.0,1.0,2003.0,Ostrava - mesto,north Moravia,323870,0,0,0,1,1,100.0,10673,4.75,5.44,100,18782,18347
2930,0,1,POPLATEK MESICNE,494,100,13136.591,14396.924318048463,57634.907999999996,900.0,72796.1,20.0,0.0,0.0,1.0,12032.0,Hl.m. Praha,Prague,1204953,0,0,0,1,1,100.0,12541,0.29,0.43,167,85677,99107
182,1,47,POPLATEK MESICNE,494,8,3400.0,3560.898762952971,12212.5,200.0,12200.0,1.6,0.0,0.0,0.0,0.0,Pardubice,east Bohemia,162580,83,26,5,1,6,72.8,9538,1.51,1.81,111,6079,5410
1517,0,5,POPLATEK MESICNE,494,66,1935.6651515151514,1850.7205861079685,18216.986363636366,700.0,21781.6,13.2,0.0,1.0,1.0,2601.0,Kolin,central Bohemia,95616,65,30,4,1,6,51.4,9307,3.85,4.43,118,2616,3040
4186,1,1,POPLATEK MESICNE,493,85,8275.278823529412,8984.831641705052,37457.67764705882,900.0,31566.8,17.0,0.0,0.0,2.0,7922.0,Hl.m. Praha,Prague,1204953,0,0,0,1,1,100.0,12541,0.29,0.43,167,85677,99107
3467,0,17,POPLATEK MESICNE,493,157,8222.0,13451.436517195994,56011.729299363054,300.0,69296.7,31.4,0.0,0.0,5.0,5836.0,Pelhrimov,south Bohemia,74062,99,15,4,2,7,61.4,8114,2.38,2.62,119,1003,1181
1350,0,21,POPLATEK TYDNE,493,57,7906.877192982456,11674.346112172278,38880.26315789474,1000.0,18546.0,11.4,0.0,0.0,3.0,11447.0,Tabor,south Bohemia,103347,87,16,7,1,7,67.0,9104,1.51,2.07,123,2299,2354
10220,1,44,POPLATEK MESICNE,492,87,7635.391954022988,9694.957080349468,33074.00689655173,200.0,26728.5,17.4,0.0,1.0,0.0,0.0,Chrudim,east Bohemia,105606,77,26,7,2,7,53.0,8254,2.79,3.76,97,2166,2325
2792,0,1,POPLATEK MESICNE,492,84,1685.4214285714286,1936.312003017401,25420.641666666666,300.0,24951.7,16.8,0.0,0.0,1.0,2327.0,Hl.m. Praha,Prague,1204953,0,0,0,1,1,100.0,12541,0.29,0.43,167,85677,99107
1504,1,1,POPLATEK MESICNE,492,93,8834.30430107527,11104.531538216379,40443.44731182796,300.0,28295.9,18.6,0.0,0.0,2.0,5506.0,Hl.m. Praha,Prague,1204953,0,0,0,1,1,100.0,12541,0.29,0.43,167,85677,99107
3161,0,48,POPLATEK MESICNE,492,64,7377.109375,10644.94188123314,35827.7140625,700.0,32028.6,12.8,1.0,0.0,1.0,2501.0,Rychnov nad Kneznou,east Bohemia,78955,50,24,8,1,9,59.0,9060,1.78,2.44,124,1655,1717
987,0,15,POPLATEK MESICNE,491,87,4767.645977011494,6019.647571886744,39908.47816091954,1100.0,44002.6,17.4,0.0,0.0,1.0,3528.0,Cesky Krumlov,south Bohemia,58796,22,16,7,1,5,51.9,9045,3.13,3.60,124,1845,1879
2360,0,26,POPLATEK MESICNE,491,86,7805.040697674419,8689.582055100476,42063.46627906977,300.0,44977.6,17.2,0.0,0.0,1.0,7580.0,Plzen - mesto,west Bohemia,170449,0,0,0,1,1,100.0,10787,2.64,3.09,131,6041,6261
399,1,1,POPLATEK MESICNE,491,94,14384.578723404255,15311.551821713068,61498.32872340425,800.0,43638.7,18.8,0.0,0.0,2.0,9099.5,Hl.m. Praha,Prague,1204953,0,0,0,1,1,100.0,12541,0.29,0.43,167,85677,99107
637,0,49,POPLATEK MESICNE,491,82,1527.1743902439025,1758.9240643503795,14871.497560975611,800.0,17609.7,16.4,0.0,0.0,1.0,1934.0,Semily,east Bohemia,75685,31,28,5,1,9,60.8,8208,1.89,2.26,155,1660,2123
3353,1,74,POPLATEK MESICNE,491,136,10858.9375,13447.560399864013,57074.762500000004,200.0,59793.7,27.2,1.0,0.0,4.0,17174.2,Ostrava - mesto,north Moravia,323870,0,0,0,1,1,100.0,10673,4.75,5.44,100,18782,18347
4588,1,12,POPLATEK MESICNE,491,72,2620.7055555555553,2578.607761263348,16467.266666666666,800.0,6355.0,14.4,0.0,1.0,0.0,0.0,Pribram,central Bohemia,107870,84,29,6,1,6,58.0,8754,3.83,4.31,137,3804,3868
10,0,54,POPLATEK MESICNE,490,83,7072.753012048192,7670.27912396899,43354.48915662651,1100.0,47576.6,16.6,0.0,0.0,2.0,8377.0,Brno - mesto,south Moravia,387570,0,0,0,1,1,100.0,9897,1.60,1.96,140,18721,18696
2113,1,7,POPLATEK MESICNE,490,71,4872.514084507042,5068.415553385376,33482.84507042253,300.0,25837.8,14.2,0.0,0.0,0.0,0.0,Melnik,central Bohemia,94725,38,28,1,3,6,63.4,9920,2.26,2.87,130,4289,4846
2677,1,5,POPLATEK MESICNE,490,113,6026.487610619469,8391.131023652006,39170.577876106196,900.0,27878.6,22.6,0.0,0.0,4.0,6324.0,Kolin,central Bohemia,95616,65,30,4,1,6,51.4,9307,3.85,4.43,118,2616,3040
6062,0,24,POPLATEK MESICNE,490,107,12063.82523364486,14485.385583525689,56522.71775700934,700.0,25789.0,21.4,1.0,0.0,2.0,15964.0,Karlovy Vary,west Bohemia,122603,25,21,6,2,8,80.0,8991,1.39,2.01,128,5198,5273
2065,1,61,POPLATEK MESICNE,490,80,7879.1050000000005,8566.975768773918,39511.31,400.0,36847.9,16.0,0.0,1.0,1.0,3075.0,Trebic,south Moravia,117897,139,28,5,1,6,53.8,8814,4.76,5.74,107,2112,2059
1894,0,6,POPLATEK MESICNE,489,74,10690.51081081081,11930.233759419893,51301.244594594595,1100.0,53961.9,14.8,0.0,0.0,0.0,0.0,Kutna Hora,central Bohemia,77963,60,23,4,2,4,51.5,8546,2.95,4.02,126,2640,3120
1117,0,68,POPLATEK MESICNE,489,76,2020.6184210526317,2336.752875007569,20713.736842105263,400.0,21191.0,15.2,0.0,0.0,2.0,2715.0,Frydek - Mistek,north Moravia,228848,15,40,18,2,6,57.2,9893,4.09,4.72,96,5623,5887
833,0,31,POPLATEK MESICNE,489,69,2450.963768115942,2266.7316431484114,17613.502898550723,900.0,14132.5,13.8,0.0,0.0,1.0,3462.0,Tachov,west Bohemia,51313,34,12,3,1,4,59.2,8930,3.52,4.20,108,1328,1452
3155,0,28,POPLATEK MESICNE,489,89,7506.462921348314,8152.766195639897,27254.219101123595,700.0,18356.8,17.8,0.0,0.0,1.0,8704.0,Plzen - sever,west Bohemia,72541,66,26,10,0,8,36.9,8594,1.62,2.01,112,1580,1525
242,1,69,POPLATEK MESICNE,489,95,8385.856842105264,11106.450765310516,40496.05684210526,500.0,29388.6,19.0,0.0,1.0,2.0,4039.0,Jesenik,north Moravia,42821,4,13,5,1,3,48.4,8173,?,7.01,124,?,1358
812,0,1,POPLATEK MESICNE,488,84,7887.953571428571,8195.172381236398,39559.166666666664,1000.0,34996.5,16.8,0.0,0.0,1.0,9128.0,Hl.m. Praha,Prague,1204953,0,0,0,1,1,100.0,12541,0.29,0.43,167,85677,99107
3774,0,72,POPLATEK MESICNE,488,91,4832.537362637363,5270.167583328476,29046.978021978022,300.0,33518.3,18.2,0.0,0.0,2.0,8626.0,Olomouc,north Moravia,226122,32,50,7,4,4,62.6,8994,3.80,4.79,110,9672,9208
3272,0,53,POPLATEK MESICNE,488,116,6019.437931034483,8904.569554517746,42308.43189655172,800.0,29838.7,23.2,0.0,0.0,4.0,3465.0,Blansko,south Moravia,107911,88,33,6,2,7,50.9,8240,2.53,3.56,99,1850,1903
7990,0,9,POPLATEK MESICNE,488,120,14294.936666666666,15428.828765717686,65951.76166666667,700.0,60380.1,24.0,1.0,0.0,2.0,10178.0,Nymburk,central Bohemia,81344,61,23,4,2,6,55.3,8899,3.39,3.97,149,2987,2487
7262,0,70,POPLATEK MESICNE,488,101,5686.441584158416,6930.205817755594,31247.662376237622,900.0,36988.1,20.2,1.0,0.0,3.0,9996.0,Karvina,north Moravia,285387,0,2,8,5,7,89.9,10177,6.63,7.75,81,9878,10108
3504,0,70,POPLATEK MESICNE,488,71,2502.739436619718,2471.5499513739996,17596.769014084508,500.0,22038.7,14.2,0.0,1.0,1.0,3360.0,Karvina,north Moravia,285387,0,2,8,5,7,89.9,10177,6.63,7.75,81,9878,10108
2347,0,38,POPLATEK MESICNE,488,68,2705.3529411764707,2737.553033165605,22404.58823529412,600.0,27540.1,13.6,0.0,0.0,1.0,3477.0,Louny,north Bohemia,85852,41,23,4,2,4,59.8,8965,7.08,8.23,104,2653,2822
269,0,3,POPLATEK MESICNE,488,96,1363.9958333333334,1690.3974083296862,26060.84375,700.0,23755.7,19.2,0.0,0.0,2.0,2146.0,Beroun,central Bohemia,75232,55,26,4,1,5,41.7,8980,1.95,2.21,111,2824,2813
1258,0,3,POPLATEK MESICNE,486,77,976.6168831168832,1070.183460342271,15149.916883116884,700.0,20757.7,15.4,0.0,0.0,2.0,1933.0,Beroun,central Bohemia,75232,55,26,4,1,5,41.7,8980,1.95,2.21,111,2824,2813
3418,1,42,POPLATEK PO OBRATU,485,102,12014.298039215686,13763.105693472642,57306.78431372549,400.0,30164.3,20.4,1.0,0.0,1.0,4318.0,Havlickuv Brod,east Bohemia,95907,87,25,5,2,7,59.1,8388,2.41,2.94,87,1658,1668
871,1,1,POPLATEK MESICNE,485,79,10533.141772151897,11650.79216745068,53002.7417721519,300.0,49775.8,15.8,0.0,0.0,1.0,5168.0,Hl.m. Praha,Prague,1204953,0,0,0,1,1,100.0,12541,0.29,0.43,167,85677,99107
2953,0,1,POPLATEK MESICNE,485,100,2428.391,2590.419256269439,35711.205,900.0,50831.3,20.0,0.0,0.0,3.0,4943.0,Hl.m. Praha,Prague,1204953,0,0,0,1,1,100.0,12541,0.29,0.43,167,85677,99107
3126,1,17,POPLATEK MESICNE,484,83,2791.2879518072286,2745.691766465864,22970.797590361446,400.0,15133.2,16.6,0.0,0.0,1.0,3992.0,Pelhrimov,south Bohemia,74062,99,15,4,2,7,61.4,8114,2.38,2.62,119,1003,1181
1293,1,40,POPLATEK MESICNE,484,85,9161.055294117647,10793.706505032787,51306.151764705886,800.0,39105.7,17.0,0.0,0.0,1.0,3484.0,Teplice,north Bohemia,128118,9,16,6,3,8,85.3,9317,6.49,7.07,97,6949,6872
406,0,63,POPLATEK MESICNE,484,78,1048.3551282051283,1208.243089483672,16073.59358974359,700.0,20500.0,15.6,0.0,0.0,2.0,2064.0,Vyskov,south Moravia,86513,38,36,5,1,5,50.5,8288,3.79,4.52,110,1562,1460
4456,1,14,POPLATEK MESICNE,484,126,13740.342063492064,13863.353410809974,79642.55793650795,700.0,70730.2,25.2,1.0,0.0,1.0,5353.5,Ceske Budejovice,south Bohemia,177686,69,27,10,1,9,74.8,10045,1.42,1.71,135,6604,6295
174,0,52,POPLATEK MESICNE,483,70,1423.212857142857,1378.2818043314435,15518.981428571427,900.0,12111.2,14.0,0.0,1.0,1.0,2139.0,Usti nad Orlici,east Bohemia,139012,59,41,8,3,10,61.9,8363,2.52,3.49,108,2564,2799
694,0,67,POPLATEK MESICNE,483,73,2401.786301369863,2484.2424938284653,26969.245205479452,500.0,30967.9,14.6,0.0,1.0,1.0,3096.0,Bruntal,north Moravia,106054,38,25,6,2,6,63.1,8110,5.77,6.55,109,3244,3079
2885,0,1,POPLATEK MESICNE,483,86,7482.674418604651,8459.510601143975,52232.91046511628,800.0,54054.1,17.2,0.0,0.0,1.0,7905.0,Hl.m. Praha,Prague,1204953,0,0,0,1,1,100.0,12541,0.29,0.43,167,85677,99107
2872,0,1,POPLATEK MESICNE,483,99,4383.419191919192,4644.933208383324,20586.844444444443,200.0,15598.5,19.8,1.0,0.0,3.0,12571.0,Hl.m. Praha,Prague,1204953,0,0,0,1,1,100.0,12541,0.29,0.43,167,85677,99107
920,0,58,POPLATEK MESICNE,482,75,2128.137333333333,2144.7061475008477,16952.769333333334,800.0,14111.9,15.0,0.0,0.0,1.0,2437.0,Jihlava,south Moravia,109164,98,16,6,1,4,63.6,8757,3.38,3.95,96,2212,2471
1525,0,57,POPLATEK MESICNE,482,78,1725.1153846153845,1844.4609226938517,18784.729487179487,300.0,16648.4,15.6,0.0,1.0,1.0,1625.0,Hodonin,south Moravia,161954,21,37,20,3,8,48.0,8720,3.73,4.50,116,3729,3651
1997,0,74,POPLATEK MESICNE,482,87,2214.1885057471263,2607.237018575246,27854.720689655176,600.0,34718.1,17.4,0.0,0.0,2.0,1942.0,Ostrava - mesto,north Moravia,323870,0,0,0,1,1,100.0,10673,4.75,5.44,100,18782,18347
1679,0,68,POPLATEK MESICNE,482,83,5288.119277108434,5668.2437412189465,44677.90602409639,13463.0,42235.4,16.6,0.0,0.0,1.0,5087.0,Frydek - Mistek,north Moravia,228848,15,40,18,2,6,57.2,9893,4.09,4.72,96,5623,5887
7082,0,57,POPLATEK MESICNE,481,117,3376.102564102564,4495.762858907024,28711.494871794872,900.0,24242.6,23.4,1.0,0.0,5.0,11885.0,Hodonin,south Moravia,161954,21,37,20,3,8,48.0,8720,3.73,4.50,116,3729,3651
1910,0,60,POPLATEK MESICNE,481,87,6864.251724137931,9083.096747189536,67801.61609195401,800.0,75434.4,17.4,0.0,0.0,2.0,3187.0,Prostejov,south Moravia,110643,49,41,4,1,4,51.9,8441,3.45,4.48,115,1879,2252
5362,1,76,POPLATEK TYDNE,481,108,8474.374074074074,9805.79839461174,36642.55092592593,800.0,17375.9,21.6,1.0,0.0,3.0,18601.3,Sumperk,north Moravia,127369,31,32,13,2,7,51.2,8369,4.73,5.88,107,3736,2807
1408,0,10,POPLATEK MESICNE,480,72,17228.856944444444,17810.754422624825,75645.55555555556,200.0,61709.1,14.4,0.0,0.0,0.0,0.0,Praha - vychod,central Bohemia,92084,55,29,4,3,5,46.7,10124,0.56,0.54,141,3810,4316
125,0,2,POPLATEK PO OBRATU,480,90,13949.12111111111,15533.167081098583,51412.381111111106,200.0,21058.9,18.0,0.0,0.0,1.0,4422.1,Benesov,central Bohemia,88884,80,26,6,2,5,46.7,8507,1.67,1.85,132,2159,2674
2655,0,1,POPLATEK MESICNE,480,125,6830.2208,9906.861258567184,43794.346399999995,1100.0,75570.0,25.0,0.0,0.0,4.0,6544.0,Hl.m. Praha,Prague,1204953,0,0,0,1,1,100.0,12541,0.29,0.43,167,85677,99107
2314,0,2,POPLATEK MESICNE,480,63,6540.957142857143,6683.751033415444,36438.90793650794,1100.0,21558.9,12.6,0.0,0.0,0.0,0.0,Benesov,central Bohemia,88884,80,26,6,2,5,46.7,8507,1.67,1.85,132,2159,2674
297,0,74,POPLATEK MESICNE,479,92,2402.929347826087,6208.223154737541,27116.217391304348,200.0,34760.5,18.4,0.0,0.0,0.0,0.0,Ostrava - mesto,north Moravia,323870,0,0,0,1,1,100.0,10673,4.75,5.44,100,18782,18347
2914,0,4,POPLATEK MESICNE,479,89,3042.4707865168543,3348.60621250239,33891.96853932585,300.0,44441.9,17.8,0.0,0.0,2.0,5189.0,Kladno,central Bohemia,149893,63,29,6,2,6,67.4,9753,4.64,5.05,109,5244,5892
4405,0,41,POPLATEK MESICNE,479,89,10802.122471910112,13432.867366342974,47520.09887640449,1100.0,7516.7,17.8,0.0,1.0,0.0,0.0,Usti nad Labem,north Bohemia,118650,8,8,5,1,3,85.6,9832,3.32,4.48,114,6445,5471
2084,0,44,POPLATEK MESICNE,479,79,8419.388607594936,9980.125848533216,52642.84683544304,900.0,72913.0,15.8,0.0,0.0,1.0,4554.0,Chrudim,east Bohemia,105606,77,26,7,2,7,53.0,8254,2.79,3.76,97,2166,2325
2045,1,34,POPLATEK MESICNE,478,64,2571.1703125,2751.5798929919083,27153.8171875,1100.0,29476.2,12.8,0.0,1.0,1.0,1536.0,Chomutov,north Bohemia,125236,28,11,1,4,5,87.7,9675,6.43,7.68,100,5323,5190
2058,1,34,POPLATEK MESICNE,478,114,1561.548245614035,1932.0189516665373,21495.111403508774,200.0,19476.7,22.8,0.0,1.0,4.0,2702.0,Chomutov,north Bohemia,125236,28,11,1,4,5,87.7,9675,6.43,7.68,100,5323,5190
1190,0,52,POPLATEK MESICNE,478,72,5760.586111111112,6011.508481643755,29280.979166666668,500.0,36177.4,14.4,0.0,0.0,1.0,8249.0,Usti nad Orlici,east Bohemia,139012,59,41,8,3,10,61.9,8363,2.52,3.49,108,2564,2799
1067,0,34,POPLATEK MESICNE,477,90,13992.968888888889,15564.655903931358,61161.304444444446,1000.0,67301.5,18.0,0.0,1.0,1.0,7811.0,Chomutov,north Bohemia,125236,28,11,1,4,5,87.7,9675,6.43,7.68,100,5323,5190
2629,1,66,POPLATEK MESICNE,477,72,8182.036111111111,9039.800924819514,44619.67638888889,1000.0,57076.2,14.4,0.0,0.0,0.0,0.0,Zdar nad Sazavou,south Moravia,125832,151,41,2,3,5,48.3,8512,3.51,4.12,102,2247,2103
1774,0,61,POPLATEK MESICNE,477,67,1301.6358208955226,1368.8726368695334,15089.665671641791,300.0,19299.2,13.4,0.0,0.0,1.0,2170.0,Trebic,south Moravia,117897,139,28,5,1,6,53.8,8814,4.76,5.74,107,2112,2059
2156,0,1,POPLATEK MESICNE,476,74,10121.506756756757,10835.026086425238,40593.68783783784,1100.0,57662.8,14.8,0.0,1.0,1.0,9921.0,Hl.m. Praha,Prague,1204953,0,0,0,1,1,100.0,12541,0.29,0.43,167,85677,99107
2349,0,72,POPLATEK MESICNE,476,64,2680.659375,2682.184125736926,15622.365625,500.0,17111.5,12.8,0.0,0.0,1.0,1992.0,Olomouc,north Moravia,226122,32,50,7,4,4,62.6,8994,3.80,4.79,110,9672,9208
2614,0,44,POPLATEK MESICNE,476,70,1342.2257142857143,1419.8597039987214,14304.137142857142,900.0,12855.8,14.0,0.0,0.0,1.0,2152.0,Chrudim,east Bohemia,105606,77,26,7,2,7,53.0,8254,2.79,3.76,97,2166,2325
339,0,46,POPLATEK TYDNE,476,114,13617.902631578947,18210.554044282333,60254.001754385965,400.0,95563.0,22.8,1.0,1.0,3.0,11936.2,Nachod,east Bohemia,112709,48,20,7,3,10,73.5,8369,1.79,2.31,117,2854,2618
2164,0,63,POPLATEK MESICNE,475,74,8893.144594594594,9748.919286563476,41524.75675675676,1000.0,62522.1,14.8,0.0,1.0,1.0,7552.0,Vyskov,south Moravia,86513,38,36,5,1,5,50.5,8288,3.79,4.52,110,1562,1460
3508,0,42,POPLATEK MESICNE,475,64,9921.515625,10551.999422380133,39010.296875,700.0,45055.7,12.8,0.0,0.0,0.0,0.0,Havlickuv Brod,east Bohemia,95907,87,25,5,2,7,59.1,8388,2.41,2.94,87,1658,1668
164,0,60,POPLATEK MESICNE,474,28,4322.053571428572,6585.912085571417,18961.464285714286,200.0,12217.1,5.6,0.0,0.0,0.0,0.0,Prostejov,south Moravia,110643,49,41,4,1,4,51.9,8441,3.45,4.48,115,1879,2252
1799,0,9,POPLATEK MESICNE,474,69,2067.1478260869567,2165.402013796861,18200.320289855073,600.0,23754.7,13.8,0.0,1.0,1.0,2514.0,Nymburk,central Bohemia,81344,61,23,4,2,6,55.3,8899,3.39,3.97,149,2987,2487
1600,0,1,POPLATEK MESICNE,474,64,3017.4625,2811.494201868974,21163.28125,600.0,12768.4,12.8,0.0,0.0,1.0,3234.0,Hl.m. Praha,Prague,1204953,0,0,0,1,1,100.0,12541,0.29,0.43,167,85677,99107
3044,0,72,POPLATEK MESICNE,473,54,1872.3055555555557,1758.4213858873284,22440.522222222222,500.0,25983.4,10.8,0.0,0.0,1.0,2756.0,Olomouc,north Moravia,226122,32,50,7,4,4,62.6,8994,3.80,4.79,110,9672,9208
3499,0,51,POPLATEK MESICNE,473,70,19477.83142857143,19702.756417082404,56017.591428571424,200.0,39861.0,14.0,0.0,0.0,0.0,0.0,Trutnov,east Bohemia,121947,37,28,7,3,11,70.5,8541,2.51,2.97,131,3496,3839
1474,0,63,POPLATEK MESICNE,473,56,1862.4125000000001,1688.9141496091506,19346.403571428575,900.0,20603.6,11.2,0.0,0.0,1.0,2695.0,Vyskov,south Moravia,86513,38,36,5,1,5,50.5,8288,3.79,4.52,110,1562,1460
2026,0,64,POPLATEK MESICNE,473,85,4921.829411764706,5758.664752639393,36318.75294117647,900.0,48648.9,17.0,0.0,0.0,2.0,5330.0,Zlin,south Moravia,197099,29,41,10,2,10,74.7,9624,1.60,2.31,145,4484,4265
1556,0,54,POPLATEK MESICNE,472,57,2402.5175438596493,2685.8561060756515,33570.67719298246,600.0,45968.2,11.4,0.0,0.0,1.0,1837.0,Brno - mesto,south Moravia,387570,0,0,0,1,1,100.0,9897,1.60,1.96,140,18721,18696
6075,0,19,POPLATEK MESICNE,472,78,3453.9115384615384,3084.606704306847,14785.585897435896,-1449.6,10778.5,15.6,1.0,0.0,1.0,8499.0,Prachatice,south Bohemia,51428,50,11,3,1,4,52.7,8402,3.13,3.98,120,999,1099
1066,0,16,POPLATEK TYDNE,472,82,16707.282926829266,17462.80531972932,68212.66829268292,900.0,60367.1,16.4,0.0,1.0,0.0,0.0,Jindrichuv Hradec,south Bohemia,93931,74,21,10,1,8,56.9,8427,1.12,1.54,107,1874,1913
2275,0,1,POPLATEK MESICNE,471,71,6079.691549295774,5941.662331001473,26048.964788732395,200.0,17254.9,14.2,0.0,0.0,1.0,6531.0,Hl.m. Praha,Prague,1204953,0,0,0,1,1,100.0,12541,0.29,0.43,167,85677,99107
5305,0,47,POPLATEK MESICNE,471,75,13173.988,14312.732182778213,44491.48533333333,600.0,10374.1,15.0,1.0,0.0,1.0,5011.2,Pardubice,east Bohemia,162580,83,26,5,1,6,72.8,9538,1.51,1.81,111,6079,5410
1329,0,53,POPLATEK MESICNE,471,91,4250.623076923077,4573.1397846331865,23829.52417582418,500.0,14996.6,18.2,1.0,1.0,3.0,10409.2,Blansko,south Moravia,107911,88,33,6,2,7,50.9,8240,2.53,3.56,99,1850,1903
3098,0,1,POPLATEK MESICNE,471,75,3393.108,3476.3422884825204,29465.809333333335,600.0,31541.9,15.0,0.0,0.0,1.0,4605.0,Hl.m. Praha,Prague,1204953,0,0,0,1,1,100.0,12541,0.29,0.43,167,85677,99107
4349,0,74,POPLATEK MESICNE,471,63,16548.603174603173,16432.43529985318,52945.27777777778,700.0,46073.5,12.6,0.0,1.0,0.0,0.0,Ostrava - mesto,north Moravia,323870,0,0,0,1,1,100.0,10673,4.75,5.44,100,18782,18347
2990,0,30,POPLATEK MESICNE,471,85,1884.835294117647,2389.9338676697175,30956.21058823529,900.0,35717.7,17.0,0.0,0.0,2.0,2726.0,Sokolov,west Bohemia,94812,15,13,8,2,10,81.8,9650,3.38,3.67,100,2985,2804
3800,1,30,POPLATEK MESICNE,471,85,2889.335294117647,3048.6113857946275,22315.48,900.0,16936.2,17.0,0.0,0.0,2.0,4928.0,Sokolov,west Bohemia,94812,15,13,8,2,10,81.8,9650,3.38,3.67,100,2985,2804
3191,0,72,POPLATEK MESICNE,470,86,3616.7197674418608,3929.13998794886,25807.083720930234,900.0,23156.6,17.2,0.0,0.0,2.0,6380.0,Olomouc,north Moravia,226122,32,50,7,4,4,62.6,8994,3.80,4.79,110,9672,9208
2076,0,18,POPLATEK MESICNE,470,74,2248.558108108108,2531.3613225312833,20444.922972972974,800.0,22567.7,14.8,0.0,0.0,2.0,2052.0,Pisek,south Bohemia,70699,60,13,2,1,4,65.3,8968,2.83,3.35,131,1740,1910
1002,0,50,POPLATEK MESICNE,470,90,1784.5677777777778,1982.5153518726497,15834.753333333334,500.0,13789.7,18.0,0.0,0.0,3.0,2855.0,Svitavy,east Bohemia,102609,75,33,2,3,6,52.0,8187,4.83,5.45,94,2123,2134
8381,1,14,POPLATEK MESICNE,470,155,11439.999354838708,14066.64359927043,57723.74580645161,500.0,67352.1,31.0,1.0,0.0,3.0,15729.8,Ceske Budejovice,south Bohemia,177686,69,27,10,1,9,74.8,10045,1.42,1.71,135,6604,6295
1957,0,33,POPLATEK MESICNE,469,86,1471.2313953488372,1847.7773109563523,27119.736046511625,800.0,32005.3,17.2,0.0,0.0,2.0,2487.0,Decin,north Bohemia,133777,24,17,7,3,11,84.7,8705,5.75,7.61,116,4650,4859
3569,0,1,POPLATEK MESICNE,469,89,2524.3494382022473,6378.738816731215,23272.661797752808,400.0,20901.9,17.8,0.0,0.0,0.0,0.0,Hl.m. Praha,Prague,1204953,0,0,0,1,1,100.0,12541,0.29,0.43,167,85677,99107
10789,0,75,POPLATEK MESICNE,469,155,11493.484516129032,14465.191416370068,58613.085806451614,900.0,25288.7,31.0,1.0,0.0,4.0,17756.7,Prerov,north Moravia,138032,67,30,4,2,5,64.6,8819,5.38,5.66,99,4063,4505
831,0,44,POPLATEK MESICNE,469,59,1603.7525423728812,1459.3695213269011,14702.059322033898,1000.0,11872.7,11.8,0.0,0.0,1.0,2291.0,Chrudim,east Bohemia,105606,77,26,7,2,7,53.0,8254,2.79,3.76,97,2166,2325
6083,1,6,POPLATEK TYDNE,468,131,14659.841984732824,16260.111252873981,59296.12748091603,500.0,97261.1,26.2,1.0,0.0,1.0,7518.0,Kutna Hora,central Bohemia,77963,60,23,4,2,4,51.5,8546,2.95,4.02,126,2640,3120
1669,1,39,POPLATEK MESICNE,468,75,3739.008,3630.4073780701174,24414.058666666664,700.0,14700.5,15.0,0.0,1.0,1.0,5562.0,Most,north Bohemia,119895,17,4,3,2,4,89.9,10446,7.34,9.40,90,4947,4743
8268,0,59,POPLATEK MESICNE,468,108,3708.026851851852,5083.710085938258,26145.020370370374,400.0,36491.8,21.6,1.0,0.0,3.0,8228.0,Kromeriz,south Moravia,108871,41,29,7,2,6,62.1,8444,3.24,3.47,106,2595,2305
1063,0,68,POPLATEK MESICNE,468,64,3354.6578125,4050.655590591329,43282.8203125,200.0,70376.8,12.8,0.0,0.0,0.0,0.0,Frydek - Mistek,north Moravia,228848,15,40,18,2,6,57.2,9893,4.09,4.72,96,5623,5887
1532,0,54,POPLATEK MESICNE,468,76,5354.805263157895,5951.880882161418,38041.152631578945,700.0,45624.0,15.2,0.0,0.0,1.0,7903.0,Brno - mesto,south Moravia,387570,0,0,0,1,1,100.0,9897,1.60,1.96,140,18721,18696
3179,0,71,POPLATEK MESICNE,467,85,5541.781176470588,6793.9159009838695,36345.78,800.0,31408.2,17.0,0.0,0.0,2.0,3571.0,Novy Jicin,north Moravia,161227,5,35,11,4,10,69.7,8678,5.93,5.57,102,4980,4595
2906,0,49,POPLATEK MESICNE,467,98,5399.995918367346,6722.720853892761,37784.80204081633,200.0,37817.0,19.6,0.0,0.0,3.0,9658.0,Semily,east Bohemia,75685,31,28,5,1,9,60.8,8208,1.89,2.26,155,1660,2123
1538,0,22,POPLATEK MESICNE,467,115,16889.69043478261,16595.54340654719,64241.45304347826,800.0,103887.5,23.0,0.0,0.0,1.0,10288.0,Domazlice,west Bohemia,58400,65,16,4,1,6,52.4,8620,1.10,1.25,100,1089,1117
2640,0,1,POPLATEK MESICNE,466,75,6445.566666666667,7095.074797871224,43088.09733333333,600.0,63912.3,15.0,0.0,0.0,1.0,8872.0,Hl.m. Praha,Prague,1204953,0,0,0,1,1,100.0,12541,0.29,0.43,167,85677,99107
2921,0,54,POPLATEK MESICNE,466,75,5922.533333333334,6229.492910349132,27416.804,500.0,32743.4,15.0,0.0,1.0,1.0,6797.0,Brno - mesto,south Moravia,387570,0,0,0,1,1,100.0,9897,1.60,1.96,140,18721,18696
3431,1,64,POPLATEK MESICNE,466,74,8998.375675675676,9204.677465896404,47368.04324324324,300.0,32975.1,14.8,0.0,0.0,1.0,8649.0,Zlin,south Moravia,197099,29,41,10,2,10,74.7,9624,1.60,2.31,145,4484,4265
3967,0,54,POPLATEK MESICNE,465,89,9664.053932584271,13541.660576540828,37290.83707865168,-2919.6,70901.8,17.8,1.0,0.0,1.0,2349.5,Brno - mesto,south Moravia,387570,0,0,0,1,1,100.0,9897,1.60,1.96,140,18721,18696
1173,0,11,POPLATEK MESICNE,465,69,1291.0463768115942,1311.9959449564876,15536.737681159419,400.0,16711.4,13.8,0.0,0.0,2.0,2302.0,Praha - zapad,central Bohemia,75637,35,36,9,0,7,36.5,9622,0.45,0.59,154,3475,3529
7632,0,68,POPLATEK MESICNE,465,84,8337.585714285713,9358.894944732549,39269.25476190476,1000.0,46150.7,16.8,1.0,0.0,2.0,13180.0,Frydek - Mistek,north Moravia,228848,15,40,18,2,6,57.2,9893,4.09,4.72,96,5623,5887
2339,0,63,POPLATEK MESICNE,465,66,2530.6272727272726,2352.4392580105805,16664.954545454544,500.0,12328.8,13.2,0.0,0.0,1.0,3893.0,Vyskov,south Moravia,86513,38,36,5,1,5,50.5,8288,3.79,4.52,110,1562,1460
1100,0,35,POPLATEK MESICNE,464,78,1129.8974358974358,1240.1553731705271,13728.970512820511,700.0,11696.7,15.6,0.0,0.0,3.0,2159.0,Jablonec n. Nisou,north Bohemia,88768,10,18,5,1,7,80.5,8867,1.02,1.21,130,3384,3620
1484,0,70,POPLATEK MESICNE,464,72,2436.9791666666665,2557.716711451589,25684.026388888888,200.0,25673.4,14.4,0.0,0.0,2.0,3140.0,Karvina,north Moravia,285387,0,2,8,5,7,89.9,10177,6.63,7.75,81,9878,10108
2801,0,11,POPLATEK MESICNE,464,59,2479.6762711864408,2414.41064753792,33054.06949152543,900.0,37354.4,11.8,0.0,0.0,1.0,3524.0,Praha - zapad,central Bohemia,75637,35,36,9,0,7,36.5,9622,0.45,0.59,154,3475,3529
1113,0,8,POPLATEK MESICNE,464,85,3572.9529411764706,4218.171529245824,33290.02705882353,1100.0,41401.7,17.0,0.0,0.0,2.0,5646.0,Mlada Boleslav,central Bohemia,112065,95,19,7,1,8,69.4,11277,1.25,1.44,127,5179,4987
770,0,7,POPLATEK MESICNE,463,63,4768.938095238095,5181.4726329748455,32498.69523809524,800.0,34721.8,12.6,0.0,0.0,0.0,0.0,Melnik,central Bohemia,94725,38,28,1,3,6,63.4,9920,2.26,2.87,130,4289,4846
2332,0,77,POPLATEK MESICNE,463,74,3901.5162162162164,4335.218343082524,35719.958108108105,1100.0,48787.6,14.8,0.0,1.0,1.0,3919.0,Vsetin,north Moravia,148545,8,35,12,3,4,53.5,8909,4.01,5.56,113,3460,3590
1463,0,32,POPLATEK MESICNE,462,84,1613.5035714285714,1730.0349376962713,22372.95238095238,1000.0,32972.8,16.8,0.0,0.0,2.0,2224.0,Ceska Lipa,north Bohemia,105058,32,19,7,2,10,81.0,9272,2.80,3.22,118,4340,4505
3894,0,52,POPLATEK MESICNE,462,74,2355.4283783783785,2661.8838125236452,28605.45945945946,600.0,35748.4,14.8,0.0,1.0,2.0,3366.0,Usti nad Orlici,east Bohemia,139012,59,41,8,3,10,61.9,8363,2.52,3.49,108,2564,2799
2091,0,1,POPLATEK MESICNE,462,63,2400.379365079365,2588.752193323706,37438.33968253968,800.0,40102.7,12.6,0.0,0.0,0.0,0.0,Hl.m. Praha,Prague,1204953,0,0,0,1,1,100.0,12541,0.29,0.43,167,85677,99107
1377,0,1,POPLATEK MESICNE,462,57,1517.9508771929825,1454.657905675372,15487.250877192982,300.0,18398.0,11.4,0.0,0.0,1.0,2272.0,Hl.m. Praha,Prague,1204953,0,0,0,1,1,100.0,12541,0.29,0.43,167,85677,99107
9241,0,74,POPLATEK MESICNE,462,107,8666.804672897197,11176.656707353706,43723.89813084112,1100.0,24901.7,21.4,1.0,0.0,2.0,8348.7,Ostrava - mesto,north Moravia,323870,0,0,0,1,1,100.0,10673,4.75,5.44,100,18782,18347
1308,0,54,POPLATEK MESICNE,462,52,2339.5615384615385,2191.00306522493,27636.69807692308,400.0,35250.5,10.4,0.0,0.0,1.0,3206.0,Brno - mesto,south Moravia,387570,0,0,0,1,1,100.0,9897,1.60,1.96,140,18721,18696
1370,0,52,POPLATEK MESICNE,462,60,2397.73,2608.3894542775693,29401.991666666665,600.0,34182.6,12.0,0.0,0.0,1.0,1852.0,Usti nad Orlici,east Bohemia,139012,59,41,8,3,10,61.9,8363,2.52,3.49,108,2564,2799
3399,1,63,POPLATEK MESICNE,461,104,5218.224038461539,6904.726322824525,37145.879807692305,900.0,30596.0,20.8,0.0,0.0,4.0,7546.0,Vyskov,south Moravia,86513,38,36,5,1,5,50.5,8288,3.79,4.52,110,1562,1460
1374,0,53,POPLATEK MESICNE,461,85,18588.9,20864.707764787887,58600.36117647059,700.0,33243.2,17.0,1.0,0.0,1.0,8107.3,Blansko,south Moravia,107911,88,33,6,2,7,50.9,8240,2.53,3.56,99,1850,1903
2955,0,67,POPLATEK MESICNE,460,56,2323.8714285714286,2147.1460232101153,23311.210714285717,900.0,26118.0,11.2,0.0,0.0,1.0,3386.0,Bruntal,north Moravia,106054,38,25,6,2,6,63.1,8110,5.77,6.55,109,3244,3079
3446,0,6,POPLATEK PO OBRATU,460,81,12275.908641975308,13153.48304603383,62010.91111111111,900.0,36884.5,16.2,0.0,0.0,1.0,12659.0,Kutna Hora,central Bohemia,77963,60,23,4,2,4,51.5,8546,2.95,4.02,126,2640,3120
3339,0,1,POPLATEK MESICNE,460,72,3541.711111111111,3476.188607686992,30464.956944444442,900.0,23508.6,14.4,0.0,1.0,1.0,3354.0,Hl.m. Praha,Prague,1204953,0,0,0,1,1,100.0,12541,0.29,0.43,167,85677,99107
1631,0,10,POPLATEK MESICNE,460,58,1891.603448275862,1721.3395480372326,15243.370689655172,400.0,15865.9,11.6,0.0,0.0,1.0,2743.0,Praha - vychod,central Bohemia,92084,55,29,4,3,5,46.7,10124,0.56,0.54,141,3810,4316
2869,0,68,POPLATEK MESICNE,460,64,2121.725,2079.169941442215,23177.45,200.0,25499.7,12.8,0.0,0.0,1.0,2562.0,Frydek - Mistek,north Moravia,228848,15,40,18,2,6,57.2,9893,4.09,4.72,96,5623,5887
2083,0,1,POPLATEK MESICNE,459,73,10574.6698630137,11353.634354967639,30481.5095890411,300.0,24109.4,14.6,0.0,0.0,1.0,8282.0,Hl.m. Praha,Prague,1204953,0,0,0,1,1,100.0,12541,0.29,0.43,167,85677,99107
1823,0,3,POPLATEK MESICNE,459,62,2228.4967741935484,2042.3728950131774,17848.159677419353,1000.0,13811.6,12.4,0.0,0.0,1.0,2347.0,Beroun,central Bohemia,75232,55,26,4,1,5,41.7,8980,1.95,2.21,111,2824,2813
2561,0,59,POPLATEK MESICNE,458,73,9005.856164383562,9762.349956635931,39273.5,1100.0,40081.0,14.6,0.0,0.0,1.0,7764.0,Kromeriz,south Moravia,108871,41,29,7,2,6,62.1,8444,3.24,3.47,106,2595,2305
972,0,46,POPLATEK MESICNE,458,66,1233.0257575757576,1327.7324069266606,12727.781818181818,600.0,12796.4,13.2,0.0,0.0,2.0,2038.0,Nachod,east Bohemia,112709,48,20,7,3,10,73.5,8369,1.79,2.31,117,2854,2618
698,0,71,POPLATEK MESICNE,458,73,6485.182191780822,7016.116907408858,33370.50821917808,800.0,39836.8,14.6,0.0,0.0,1.0,6177.0,Novy Jicin,north Moravia,161227,5,35,11,4,10,69.7,8678,5.93,5.57,102,4980,4595
2294,0,46,POPLATEK MESICNE,458,71,6271.212676056338,6684.951936314653,26513.942253521127,900.0,29177.5,14.2,0.0,0.0,1.0,4426.0,Nachod,east Bohemia,112709,48,20,7,3,10,73.5,8369,1.79,2.31,117,2854,2618
2373,0,14,POPLATEK MESICNE,458,59,2282.4881355932202,2116.4526702011635,13330.669491525423,1100.0,13140.0,11.8,0.0,0.0,1.0,2377.0,Ceske Budejovice,south Bohemia,177686,69,27,10,1,9,74.8,10045,1.42,1.71,135,6604,6295
241,0,15,POPLATEK MESICNE,458,96,1373.3979166666668,1671.56189758839,24170.105208333334,500.0,26195.5,19.2,0.0,0.0,3.0,2586.0,Cesky Krumlov,south Bohemia,58796,22,16,7,1,5,51.9,9045,3.13,3.60,124,1845,1879
2483,0,1,POPLATEK MESICNE,458,84,8824.642857142857,10012.488776430222,48699.732142857145,600.0,46723.2,16.8,0.0,0.0,2.0,9922.0,Hl.m. Praha,Prague,1204953,0,0,0,1,1,100.0,12541,0.29,0.43,167,85677,99107
569,0,76,POPLATEK MESICNE,456,72,1876.9763888888888,2272.3439213816864,24124.324999999997,300.0,35261.0,14.4,0.0,0.0,1.0,2074.0,Sumperk,north Moravia,127369,31,32,13,2,7,51.2,8369,4.73,5.88,107,3736,2807
1500,0,43,POPLATEK MESICNE,456,74,9200.872972972973,10112.152428573829,58019.29324324324,1000.0,58725.3,14.8,0.0,1.0,1.0,4119.0,Hradec Kralove,east Bohemia,161854,73,21,6,1,6,76.3,9425,1.72,2.50,125,4085,3891
3232,0,37,POPLATEK MESICNE,455,64,2015.25,1954.6903037289726,14722.0515625,500.0,11543.1,12.8,0.0,0.0,1.0,2413.0,Litomerice,north Bohemia,114006,71,26,6,2,9,62.3,9065,4.46,5.39,123,4147,4166
618,0,1,POPLATEK MESICNE,455,85,9218.394117647058,11870.243249105775,59695.717647058824,700.0,46972.8,17.0,0.0,0.0,2.0,3782.0,Hl.m. Praha,Prague,1204953,0,0,0,1,1,100.0,12541,0.29,0.43,167,85677,99107
1502,0,1,POPLATEK MESICNE,455,31,5159.451612903225,9155.491583265602,31688.409677419353,200.0,23542.9,6.2,0.0,0.0,1.0,7338.0,Hl.m. Praha,Prague,1204953,0,0,0,1,1,100.0,12541,0.29,0.43,167,85677,99107
10857,0,50,POPLATEK MESICNE,455,72,7552.8166666666675,11322.97788919306,26533.60972222222,-2132.2,12235.3,14.4,1.0,0.0,1.0,6426.3,Svitavy,east Bohemia,102609,75,33,2,3,6,52.0,8187,4.83,5.45,94,2123,2134
692,1,69,POPLATEK MESICNE,455,84,6972.928571428572,8524.093564510144,33739.06904761904,800.0,18538.7,16.8,0.0,0.0,2.0,4503.0,Jesenik,north Moravia,42821,4,13,5,1,3,48.4,8173,?,7.01,124,?,1358
3843,0,62,POPLATEK MESICNE,455,66,3675.8121212121214,7827.157444977467,25478.19090909091,700.0,12796.7,13.2,0.0,0.0,0.0,0.0,Uherske Hradiste,south Moravia,145688,22,41,13,2,5,40.7,8544,1.29,1.86,109,2719,2906
3158,0,71,POPLATEK MESICNE,454,56,1310.6000000000001,1353.6370544842246,17093.50357142857,200.0,23332.2,11.2,0.0,0.0,1.0,2100.0,Novy Jicin,north Moravia,161227,5,35,11,4,10,69.7,8678,5.93,5.57,102,4980,4595
3071,0,41,POPLATEK MESICNE,454,81,9227.340740740741,10472.42851481663,61018.83580246914,900.0,64733.2,16.2,0.0,0.0,2.0,9390.0,Usti nad Labem,north Bohemia,118650,8,8,5,1,3,85.6,9832,3.32,4.48,114,6445,5471
1586,0,1,POPLATEK MESICNE,454,74,7312.917567567568,8472.357099501176,43704.05405405405,200.0,48474.7,14.8,0.0,0.0,1.0,5504.0,Hl.m. Praha,Prague,1204953,0,0,0,1,1,100.0,12541,0.29,0.43,167,85677,99107
3913,0,23,POPLATEK MESICNE,453,71,6386.621126760563,6451.160284784115,37939.200000000004,900.0,36348.6,14.2,0.0,1.0,1.0,7333.0,Cheb,west Bohemia,87419,21,11,4,3,9,85.5,8624,1.79,2.66,102,2879,3198
822,0,40,POPLATEK MESICNE,453,68,2917.6779411764705,3243.8433130095677,21443.361764705885,500.0,12295.3,13.6,0.0,1.0,1.0,1784.0,Teplice,north Bohemia,128118,9,16,6,3,8,85.3,9317,6.49,7.07,97,6949,6872
1155,0,43,POPLATEK MESICNE,453,67,2278.8283582089553,2354.4810026329337,25688.153731343285,1100.0,31015.0,13.4,0.0,0.0,1.0,2260.0,Hradec Kralove,east Bohemia,161854,73,21,6,1,6,76.3,9425,1.72,2.50,125,4085,3891
2807,1,42,POPLATEK MESICNE,453,63,9186.32857142857,12336.36430095775,43698.33968253968,14006.7,14068.0,12.6,0.0,0.0,0.0,0.0,Havlickuv Brod,east Bohemia,95907,87,25,5,2,7,59.1,8388,2.41,2.94,87,1658,1668
1751,0,53,POPLATEK MESICNE,453,71,2805.0154929577466,4950.609289302476,31151.625352112675,700.0,30405.5,14.2,0.0,0.0,0.0,0.0,Blansko,south Moravia,107911,88,33,6,2,7,50.9,8240,2.53,3.56,99,1850,1903
3904,0,18,POPLATEK MESICNE,452,58,1265.6310344827587,1326.5971565860034,17214.52068965517,600.0,22945.3,11.6,0.0,0.0,1.0,2075.0,Pisek,south Bohemia,70699,60,13,2,1,4,65.3,8968,2.83,3.35,131,1740,1910
2252,0,1,POPLATEK MESICNE,452,72,1133.4777777777776,1235.6919081605995,16518.088888888888,700.0,19117.1,14.4,0.0,0.0,2.0,2106.0,Hl.m. Praha,Prague,1204953,0,0,0,1,1,100.0,12541,0.29,0.43,167,85677,99107
826,1,44,POPLATEK MESICNE,452,95,2935.4357894736845,3509.0679086374053,25664.891578947372,700.0,21789.8,19.0,0.0,1.0,3.0,5585.0,Chrudim,east Bohemia,105606,77,26,7,2,7,53.0,8254,2.79,3.76,97,2166,2325
1008,0,13,POPLATEK MESICNE,452,64,2388.6109375,2497.337183794173,27569.1109375,700.0,28447.8,12.8,0.0,0.0,1.0,2691.0,Rakovnik,central Bohemia,53921,61,22,1,1,2,41.3,8598,2.77,3.26,123,1597,1875
1558,0,32,POPLATEK MESICNE,451,80,2604.46625,2738.4642032796387,19598.107500000002,600.0,22725.2,16.0,0.0,0.0,3.0,5431.0,Ceska Lipa,north Bohemia,105058,32,19,7,2,10,81.0,9272,2.80,3.22,118,4340,4505
2465,0,57,POPLATEK MESICNE,451,78,2056.7076923076925,2279.966891122629,22629.874358974357,1000.0,24021.9,15.6,0.0,0.0,2.0,3630.0,Hodonin,south Moravia,161954,21,37,20,3,8,48.0,8720,3.73,4.50,116,3729,3651
814,1,76,POPLATEK MESICNE,451,78,2384.3115384615385,2748.3983795044223,29613.001282051282,300.0,20533.8,15.6,0.0,0.0,2.0,2230.0,Sumperk,north Moravia,127369,31,32,13,2,7,51.2,8369,4.73,5.88,107,3736,2807
325,0,75,POPLATEK MESICNE,451,66,2445.4772727272725,2656.665668771547,17862.96212121212,300.0,16518.3,13.2,0.0,0.0,1.0,2741.0,Prerov,north Moravia,138032,67,30,4,2,5,64.6,8819,5.38,5.66,99,4063,4505
261,0,54,POPLATEK MESICNE,450,76,1697.3013157894736,2068.9360186333083,17817.82368421053,200.0,12726.5,15.2,0.0,0.0,2.0,2553.0,Brno - mesto,south Moravia,387570,0,0,0,1,1,100.0,9897,1.60,1.96,140,18721,18696
2240,1,36,POPLATEK MESICNE,450,108,16240.288888888888,15831.026066942466,69090.69074074074,800.0,97563.0,21.6,0.0,0.0,1.0,2324.2,Liberec,north Bohemia,159617,29,19,8,1,9,85.2,9198,3.33,4.28,131,5796,6132
2657,0,55,POPLATEK MESICNE,450,58,1725.2172413793105,1793.424142369663,20080.455172413793,400.0,31301.4,11.6,0.0,1.0,1.0,2174.0,Brno - venkov,south Moravia,157042,49,70,18,0,9,33.9,8743,1.88,2.43,111,3659,3894
7636,0,40,POPLATEK MESICNE,449,122,8663.082786885247,12513.663043129056,49217.10573770492,700.0,77271.0,24.4,1.0,0.0,3.0,6934.0,Teplice,north Bohemia,128118,9,16,6,3,8,85.3,9317,6.49,7.07,97,6949,6872
3175,0,50,POPLATEK MESICNE,449,58,2288.155172413793,2671.5427315272887,18685.963793103445,600.0,17991.7,11.6,0.0,0.0,1.0,3280.0,Svitavy,east Bohemia,102609,75,33,2,3,6,52.0,8187,4.83,5.45,94,2123,2134
1812,0,31,POPLATEK MESICNE,449,66,1230.5954545454547,1261.2892532803726,16098.559090909093,1000.0,18847.3,13.2,0.0,1.0,2.0,2302.0,Tachov,west Bohemia,51313,34,12,3,1,4,59.2,8930,3.52,4.20,108,1328,1452
10607,0,52,POPLATEK MESICNE,449,81,9924.281481481483,14401.027851277762,36780.99259259259,-874.9,20149.2,16.2,0.0,0.0,0.0,0.0,Usti nad Orlici,east Bohemia,139012,59,41,8,3,10,61.9,8363,2.52,3.49,108,2564,2799
2999,0,66,POPLATEK MESICNE,449,68,2297.520588235294,2121.3041344684834,23323.698529411766,1000.0,17979.2,13.6,0.0,0.0,1.0,2806.0,Zdar nad Sazavou,south Moravia,125832,151,41,2,3,5,48.3,8512,3.51,4.12,102,2247,2103
921,1,10,POPLATEK MESICNE,449,78,2119.498717948718,2780.50335957282,32875.73333333333,500.0,37707.5,15.6,0.0,0.0,2.0,1776.0,Praha - vychod,central Bohemia,92084,55,29,4,3,5,46.7,10124,0.56,0.54,141,3810,4316
2934,0,1,POPLATEK MESICNE,449,72,12108.270833333334,15797.74541668095,62561.05416666667,1000.0,73659.6,14.4,0.0,0.0,0.0,0.0,Hl.m. Praha,Prague,1204953,0,0,0,1,1,100.0,12541,0.29,0.43,167,85677,99107
3394,0,23,POPLATEK MESICNE,448,80,2207.30375,2663.5667367032192,20084.425,200.0,21587.0,16.0,0.0,0.0,2.0,1889.0,Cheb,west Bohemia,87419,21,11,4,3,9,85.5,8624,1.79,2.66,102,2879,3198
1777,0,60,POPLATEK MESICNE,447,89,7011.519101123595,9780.807575203275,56535.77078651685,1000.0,77833.1,17.8,0.0,1.0,3.0,4315.0,Prostejov,south Moravia,110643,49,41,4,1,4,51.9,8441,3.45,4.48,115,1879,2252
1003,0,28,POPLATEK MESICNE,447,83,7685.710843373494,9451.08878389038,48206.97590361446,200.0,62372.8,16.6,0.0,0.0,2.0,5461.0,Plzen - sever,west Bohemia,72541,66,26,10,0,8,36.9,8594,1.62,2.01,112,1580,1525
4090,0,72,POPLATEK MESICNE,446,15,3206.6666666666665,3193.4009337710045,15626.666666666666,200.0,14100.0,3.0,0.0,0.0,0.0,0.0,Olomouc,north Moravia,226122,32,50,7,4,4,62.6,8994,3.80,4.79,110,9672,9208
3249,0,74,POPLATEK MESICNE,446,79,7841.782278481013,8566.023175518965,31286.0,1100.0,46707.1,15.8,1.0,1.0,2.0,13874.0,Ostrava - mesto,north Moravia,323870,0,0,0,1,1,100.0,10673,4.75,5.44,100,18782,18347
472,0,8,POPLATEK MESICNE,446,81,17914.123456790123,20879.20166276282,53651.40987654321,-2756.1,80351.2,16.2,1.0,0.0,1.0,8200.2,Mlada Boleslav,central Bohemia,112065,95,19,7,1,8,69.4,11277,1.25,1.44,127,5179,4987
6950,0,36,POPLATEK MESICNE,445,79,8671.883544303799,9504.883443119641,31521.132911392404,700.0,30246.6,15.8,1.0,0.0,2.0,18471.0,Liberec,north Bohemia,159617,29,19,8,1,9,85.2,9198,3.33,4.28,131,5796,6132
3271,0,8,POPLATEK MESICNE,445,63,1905.8174603174602,2223.0708385198427,19323.119047619046,1000.0,15528.4,12.6,0.0,0.0,1.0,2527.0,Mlada Boleslav,central Bohemia,112065,95,19,7,1,8,69.4,11277,1.25,1.44,127,5179,4987
3329,0,3,POPLATEK MESICNE,445,79,7242.788607594937,8160.856828239446,35366.1,200.0,23834.9,15.8,1.0,0.0,2.0,10853.0,Beroun,central Bohemia,75232,55,26,4,1,5,41.7,8980,1.95,2.21,111,2824,2813
9677,0,8,POPLATEK MESICNE,444,79,5175.843037974683,5991.795757847976,30867.227848101265,500.0,38995.5,15.8,1.0,0.0,2.0,9471.0,Mlada Boleslav,central Bohemia,112065,95,19,7,1,8,69.4,11277,1.25,1.44,127,5179,4987
342,0,64,POPLATEK MESICNE,444,54,1479.411111111111,1463.5430419783595,18365.972222222223,1000.0,21556.2,10.8,0.0,0.0,1.0,2332.0,Zlin,south Moravia,197099,29,41,10,2,10,74.7,9624,1.60,2.31,145,4484,4265
536,1,14,POPLATEK MESICNE,444,65,1837.5692307692307,1913.442826256108,25191.321538461536,900.0,24823.9,13.0,0.0,0.0,2.0,2569.0,Ceske Budejovice,south Bohemia,177686,69,27,10,1,9,74.8,10045,1.42,1.71,135,6604,6295
350,0,47,POPLATEK MESICNE,444,56,2832.442857142857,2867.951998257936,18130.928571428572,500.0,20886.7,11.2,0.0,0.0,1.0,3791.0,Pardubice,east Bohemia,162580,83,26,5,1,6,72.8,9538,1.51,1.81,111,6079,5410
2475,1,17,POPLATEK MESICNE,444,95,4162.082105263158,5665.017125041794,29241.15263157895,600.0,32331.7,19.0,0.0,1.0,4.0,8278.0,Pelhrimov,south Bohemia,74062,99,15,4,2,7,61.4,8114,2.38,2.62,119,1003,1181
10063,0,4,POPLATEK TYDNE,444,111,10791.9990990991,15612.805091174336,49458.56666666667,200.0,21753.7,22.2,1.0,0.0,5.0,18246.7,Kladno,central Bohemia,149893,63,29,6,2,6,67.4,9753,4.64,5.05,109,5244,5892
581,0,26,POPLATEK MESICNE,444,52,2106.4403846153846,2472.5320215027978,22874.440384615384,500.0,30381.5,10.4,0.0,0.0,1.0,1502.0,Plzen - mesto,west Bohemia,170449,0,0,0,1,1,100.0,10787,2.64,3.09,131,6041,6261
2988,0,66,POPLATEK PO OBRATU,443,99,13182.29595959596,14927.172461723094,53911.083838383835,900.0,26379.3,19.8,1.0,0.0,1.0,7384.0,Zdar nad Sazavou,south Moravia,125832,151,41,2,3,5,48.3,8512,3.51,4.12,102,2247,2103
3314,0,25,POPLATEK MESICNE,443,27,4522.711111111111,7568.610502155157,27839.81111111111,1000.0,29513.1,5.4,0.0,0.0,0.0,0.0,Klatovy,west Bohemia,88757,60,33,3,2,10,61.7,8554,2.47,2.68,113,1822,2218
4949,0,33,POPLATEK MESICNE,443,73,14940.771232876714,16177.396052727394,58969.58219178082,400.0,39680.5,14.6,1.0,0.0,1.0,6039.8,Decin,north Bohemia,133777,24,17,7,3,11,84.7,8705,5.75,7.61,116,4650,4859
713,0,58,POPLATEK MESICNE,442,58,2590.810344827586,2362.2749916938833,14119.303448275861,500.0,10634.8,11.6,0.0,0.0,1.0,3581.0,Jihlava,south Moravia,109164,98,16,6,1,4,63.6,8757,3.38,3.95,96,2212,2471
11325,1,62,POPLATEK MESICNE,442,97,9274.422680412372,13059.274568733272,50980.68350515464,500.0,77620.5,19.4,0.0,0.0,0.0,0.0,Uherske Hradiste,south Moravia,145688,22,41,13,2,5,40.7,8544,1.29,1.86,109,2719,2906
8628,0,2,POPLATEK PO OBRATU,442,100,7257.524,10225.201117225079,27842.077,-9205.5,88339.5,20.0,0.0,0.0,0.0,0.0,Benesov,central Bohemia,88884,80,26,6,2,5,46.7,8507,1.67,1.85,132,2159,2674
4493,1,61,POPLATEK PO OBRATU,442,75,12072.550666666668,13789.374517098431,61091.29733333333,200.0,78547.2,15.0,0.0,1.0,0.0,0.0,Trebic,south Moravia,117897,139,28,5,1,6,53.8,8814,4.76,5.74,107,2112,2059
410,1,49,POPLATEK MESICNE,442,51,2623.7196078431375,2523.418506948033,22776.882352941175,200.0,29242.3,10.2,0.0,0.0,1.0,3825.0,Semily,east Bohemia,75685,31,28,5,1,9,60.8,8208,1.89,2.26,155,1660,2123
3776,0,1,POPLATEK MESICNE,441,79,8303.575949367088,10031.64547772819,52881.33924050633,1000.0,75168.3,15.8,0.0,0.0,2.0,7000.0,Hl.m. Praha,Prague,1204953,0,0,0,1,1,100.0,12541,0.29,0.43,167,85677,99107
1577,0,67,POPLATEK MESICNE,441,90,1330.0377777777778,1741.1259350497517,23897.27888888889,200.0,23631.2,18.0,0.0,0.0,3.0,2560.0,Bruntal,north Moravia,106054,38,25,6,2,6,63.1,8110,5.77,6.55,109,3244,3079
8784,0,1,POPLATEK MESICNE,441,92,12071.897826086957,16098.736771376227,46405.461956521736,1100.0,41174.9,18.4,1.0,0.0,2.0,10195.0,Hl.m. Praha,Prague,1204953,0,0,0,1,1,100.0,12541,0.29,0.43,167,85677,99107
1645,0,50,POPLATEK MESICNE,441,71,5707.316901408451,6020.596225481468,31261.799999999996,300.0,42327.4,14.2,0.0,0.0,1.0,9078.0,Svitavy,east Bohemia,102609,75,33,2,3,6,52.0,8187,4.83,5.45,94,2123,2134
3454,1,32,POPLATEK MESICNE,440,57,2886.8649122807014,2921.632330472325,23198.70350877193,500.0,23115.1,11.4,0.0,0.0,1.0,3208.0,Ceska Lipa,north Bohemia,105058,32,19,7,2,10,81.0,9272,2.80,3.22,118,4340,4505
2046,0,68,POPLATEK MESICNE,440,74,1401.872972972973,1679.240222055535,21466.027027027027,900.0,28607.0,14.8,0.0,0.0,2.0,2073.0,Frydek - Mistek,north Moravia,228848,15,40,18,2,6,57.2,9893,4.09,4.72,96,5623,5887
1492,0,24,POPLATEK MESICNE,440,57,2162.082456140351,2090.9249249625327,16987.92631578947,800.0,12226.8,11.4,0.0,1.0,1.0,1546.0,Karlovy Vary,west Bohemia,122603,25,21,6,2,8,80.0,8991,1.39,2.01,128,5198,5273
3143,0,38,POPLATEK MESICNE,439,78,3554.641025641026,3086.8410337925443,29065.64358974359,300.0,40158.0,15.6,1.0,0.0,2.0,9928.0,Louny,north Bohemia,85852,41,23,4,2,4,59.8,8965,7.08,8.23,104,2653,2822
2709,0,2,POPLATEK MESICNE,439,72,956.9027777777778,1221.412797296895,15758.112500000001,600.0,18616.9,14.4,0.0,1.0,3.0,2024.0,Benesov,central Bohemia,88884,80,26,6,2,5,46.7,8507,1.67,1.85,132,2159,2674
1541,0,60,POPLATEK MESICNE,439,67,2449.1641791044776,6852.357638239103,24923.628358208956,900.0,23387.3,13.4,0.0,0.0,0.0,0.0,Prostejov,south Moravia,110643,49,41,4,1,4,51.9,8441,3.45,4.48,115,1879,2252
305,0,34,POPLATEK MESICNE,439,56,1981.4035714285715,1803.4011141541605,16661.02857142857,200.0,14826.6,11.2,0.0,1.0,1.0,2953.0,Chomutov,north Bohemia,125236,28,11,1,4,5,87.7,9675,6.43,7.68,100,5323,5190
3690,0,67,POPLATEK PO OBRATU,439,33,5069.960606060607,8304.195280622447,35631.312121212126,900.0,53108.7,6.6,0.0,0.0,1.0,4514.0,Bruntal,north Moravia,106054,38,25,6,2,6,63.1,8110,5.77,6.55,109,3244,3079
3766,0,29,POPLATEK PO OBRATU,439,37,10290.267567567567,14745.80704558369,51578.27567567567,1000.0,44191.8,7.4,0.0,1.0,1.0,9546.0,Rokycany,west Bohemia,45714,52,10,5,1,6,55.6,8843,2.82,3.60,113,818,888
1745,0,53,POPLATEK MESICNE,438,56,13728.025,15576.528461949058,61569.77321428572,500.0,46379.5,11.2,0.0,0.0,0.0,0.0,Blansko,south Moravia,107911,88,33,6,2,7,50.9,8240,2.53,3.56,99,1850,1903
1090,0,69,POPLATEK MESICNE,438,69,2644.2434782608693,2844.5588172074117,32027.165217391303,1000.0,44035.3,13.8,0.0,0.0,1.0,3317.0,Jesenik,north Moravia,42821,4,13,5,1,3,48.4,8173,?,7.01,124,?,1358
329,0,3,POPLATEK MESICNE,438,81,8722.697530864198,11118.563260162882,50273.112345679016,1100.0,39686.2,16.2,0.0,0.0,2.0,3902.0,Beroun,central Bohemia,75232,55,26,4,1,5,41.7,8980,1.95,2.21,111,2824,2813
975,0,1,POPLATEK MESICNE,438,61,2272.434426229508,2243.762241035151,17854.316393442623,800.0,13886.4,12.2,0.0,0.0,1.0,3550.0,Hl.m. Praha,Prague,1204953,0,0,0,1,1,100.0,12541,0.29,0.43,167,85677,99107
5317,1,28,POPLATEK MESICNE,437,76,5944.590789473685,6331.145571794048,36060.46973684211,200.0,28980.7,15.2,1.0,0.0,2.0,6835.8,Plzen - sever,west Bohemia,72541,66,26,10,0,8,36.9,8594,1.62,2.01,112,1580,1525
6592,0,1,POPLATEK MESICNE,437,119,14867.677310924371,14984.36348876601,67467.41176470589,300.0,70631.6,23.8,1.0,0.0,2.0,17265.7,Hl.m. Praha,Prague,1204953,0,0,0,1,1,100.0,12541,0.29,0.43,167,85677,99107
1060,1,6,POPLATEK MESICNE,437,23,8065.817391304347,12893.962671049232,34761.04347826087,800.0,38513.7,4.6,0.0,0.0,0.0,0.0,Kutna Hora,central Bohemia,77963,60,23,4,2,4,51.5,8546,2.95,4.02,126,2640,3120
473,0,73,POPLATEK MESICNE,437,97,3565.3350515463917,4643.620154376711,31353.194845360824,1100.0,31460.0,19.4,0.0,1.0,4.0,7285.0,Opava,north Moravia,182027,17,49,12,2,7,56.4,8746,3.33,3.74,90,4355,4433
1464,0,73,POPLATEK MESICNE,436,83,16253.918072289156,16565.28411668139,60191.004819277114,300.0,35833.8,16.6,0.0,0.0,0.0,0.0,Opava,north Moravia,182027,17,49,12,2,7,56.4,8746,3.33,3.74,90,4355,4433
1819,0,55,POPLATEK TYDNE,436,68,5982.939705882353,9434.017208084253,29260.026470588236,700.0,18139.5,13.6,1.0,1.0,4.0,14445.8,Brno - venkov,south Moravia,157042,49,70,18,0,9,33.9,8743,1.88,2.43,111,3659,3894
2502,0,32,POPLATEK MESICNE,436,62,3027.0548387096774,2935.490763096029,17369.312903225804,800.0,14699.9,12.4,0.0,1.0,1.0,3885.0,Ceska Lipa,north Bohemia,105058,32,19,7,2,10,81.0,9272,2.80,3.22,118,4340,4505
1888,1,6,POPLATEK MESICNE,436,116,7528.536206896551,11037.900348395635,36877.28362068966,-5851.2,28841.4,23.2,1.0,0.0,4.0,12032.0,Kutna Hora,central Bohemia,77963,60,23,4,2,4,51.5,8546,2.95,4.02,126,2640,3120
6902,1,60,POPLATEK MESICNE,435,84,3731.7404761904763,4339.766003716863,35612.11785714285,900.0,25514.1,16.8,1.0,0.0,3.0,5935.0,Prostejov,south Moravia,110643,49,41,4,1,4,51.9,8441,3.45,4.48,115,1879,2252
3877,0,59,POPLATEK MESICNE,435,64,9450.5484375,10377.372579586467,48941.3859375,500.0,60904.9,12.8,0.0,0.0,1.0,3711.0,Kromeriz,south Moravia,108871,41,29,7,2,6,62.1,8444,3.24,3.47,106,2595,2305
2290,0,37,POPLATEK MESICNE,435,54,2866.4666666666667,2984.287084804057,19755.244444444445,400.0,24201.6,10.8,0.0,0.0,1.0,3965.0,Litomerice,north Bohemia,114006,71,26,6,2,9,62.3,9065,4.46,5.39,123,4147,4166
1330,1,68,POPLATEK MESICNE,435,93,18260.854838709678,17910.90601298499,61989.294623655915,900.0,14471.8,18.6,0.0,0.0,0.0,0.0,Frydek - Mistek,north Moravia,228848,15,40,18,2,6,57.2,9893,4.09,4.72,96,5623,5887
9037,0,1,POPLATEK MESICNE,435,101,4274.39900990099,5084.6861689684465,27167.963366336633,400.0,36234.7,20.2,1.0,0.0,3.0,14156.0,Hl.m. Praha,Prague,1204953,0,0,0,1,1,100.0,12541,0.29,0.43,167,85677,99107
272,0,11,POPLATEK MESICNE,434,68,8750.338235294117,9148.93345660802,27501.183823529413,1100.0,25573.4,13.6,0.0,1.0,1.0,7454.0,Praha - zapad,central Bohemia,75637,35,36,9,0,7,36.5,9622,0.45,0.59,154,3475,3529
366,0,1,POPLATEK MESICNE,434,100,6289.11,8772.28895085386,53999.066000000006,200.0,50938.9,20.0,0.0,0.0,4.0,8380.0,Hl.m. Praha,Prague,1204953,0,0,0,1,1,100.0,12541,0.29,0.43,167,85677,99107
1226,1,1,POPLATEK MESICNE,434,69,2805.1376811594205,2714.586903309244,21568.791304347826,400.0,10916.9,13.8,0.0,0.0,1.0,3826.0,Hl.m. Praha,Prague,1204953,0,0,0,1,1,100.0,12541,0.29,0.43,167,85677,99107
2759,0,46,POPLATEK MESICNE,434,49,8542.959183673469,12259.516679603073,30278.838775510205,900.0,43695.1,9.8,0.0,1.0,1.0,12692.0,Nachod,east Bohemia,112709,48,20,7,3,10,73.5,8369,1.79,2.31,117,2854,2618
1176,1,19,POPLATEK MESICNE,433,56,2135.964285714286,1912.8128590142817,17955.180357142857,1100.0,11610.6,11.2,0.0,0.0,1.0,2267.0,Prachatice,south Bohemia,51428,50,11,3,1,4,52.7,8402,3.13,3.98,120,999,1099
1785,0,52,POPLATEK MESICNE,432,58,1978.4931034482759,2040.0457151621881,21899.313793103447,1100.0,26404.4,11.6,0.0,0.0,1.0,1722.0,Usti nad Orlici,east Bohemia,139012,59,41,8,3,10,61.9,8363,2.52,3.49,108,2564,2799
5912,0,45,POPLATEK MESICNE,432,78,7123.53076923077,7810.456295354221,35331.251282051286,1100.0,32367.4,15.6,1.0,0.0,2.0,12922.8,Jicin,east Bohemia,77917,85,19,6,1,5,53.5,8390,2.28,2.89,132,2080,2122
199,0,70,POPLATEK MESICNE,431,51,1278.1,1276.4937029221883,17068.550980392156,700.0,21025.8,10.2,0.0,0.0,1.0,1984.0,Karvina,north Moravia,285387,0,2,8,5,7,89.9,10177,6.63,7.75,81,9878,10108
778,0,68,POPLATEK MESICNE,431,15,3026.6666666666665,3836.5659247871777,24760.0,600.0,29400.0,3.0,0.0,1.0,0.0,0.0,Frydek - Mistek,north Moravia,228848,15,40,18,2,6,57.2,9893,4.09,4.72,96,5623,5887
3811,0,1,POPLATEK MESICNE,431,70,1811.7157142857143,1933.1630739849777,25782.652857142857,800.0,32007.9,14.0,0.0,1.0,1.0,2515.0,Hl.m. Praha,Prague,1204953,0,0,0,1,1,100.0,12541,0.29,0.43,167,85677,99107
1855,0,34,POPLATEK MESICNE,430,54,2183.801851851852,2164.2877648875137,23956.216666666667,400.0,29667.3,10.8,0.0,0.0,1.0,2897.0,Chomutov,north Bohemia,125236,28,11,1,4,5,87.7,9675,6.43,7.68,100,5323,5190
224,0,15,POPLATEK MESICNE,430,56,2598.953571428571,2557.103172161406,20670.903571428575,1100.0,20143.9,11.2,0.0,0.0,1.0,3503.0,Cesky Krumlov,south Bohemia,58796,22,16,7,1,5,51.9,9045,3.13,3.60,124,1845,1879
281,0,1,POPLATEK MESICNE,430,71,4297.10985915493,4405.5249785161795,39641.394366197186,900.0,51402.7,14.2,0.0,0.0,1.0,5578.0,Hl.m. Praha,Prague,1204953,0,0,0,1,1,100.0,12541,0.29,0.43,167,85677,99107
9201,0,69,POPLATEK MESICNE,429,98,13287.823469387755,17821.01317863125,49890.49693877551,1000.0,45136.8,19.6,1.0,0.0,2.0,18564.0,Jesenik,north Moravia,42821,4,13,5,1,3,48.4,8173,?,7.01,124,?,1358
888,1,54,POPLATEK MESICNE,429,57,2642.898245614035,2803.928944324071,27332.964912280702,800.0,24333.3,11.4,0.0,0.0,1.0,1592.0,Brno - mesto,south Moravia,387570,0,0,0,1,1,100.0,9897,1.60,1.96,140,18721,18696
4715,0,8,POPLATEK MESICNE,429,82,16998.976829268293,19717.188912643305,58023.33048780487,400.0,34648.5,16.4,1.0,1.0,1.0,4049.0,Mlada Boleslav,central Bohemia,112065,95,19,7,1,8,69.4,11277,1.25,1.44,127,5179,4987
3956,0,6,POPLATEK MESICNE,429,78,4313.747435897436,4951.736119595856,42864.6858974359,500.0,50894.7,15.6,0.0,0.0,2.0,6927.0,Kutna Hora,central Bohemia,77963,60,23,4,2,4,51.5,8546,2.95,4.02,126,2640,3120
4375,0,39,POPLATEK MESICNE,429,69,20846.272463768117,21649.1770803112,62986.710144927536,800.0,54487.3,13.8,0.0,0.0,0.0,0.0,Most,north Bohemia,119895,17,4,3,2,4,89.9,10446,7.34,9.40,90,4947,4743
2418,0,64,POPLATEK MESICNE,428,99,16726.314141414143,17946.706585360516,59982.627272727266,200.0,46342.9,19.8,0.0,0.0,0.0,0.0,Zlin,south Moravia,197099,29,41,10,2,10,74.7,9624,1.60,2.31,145,4484,4265
806,0,13,POPLATEK MESICNE,428,52,1490.7384615384615,1455.6143414519947,16875.578846153847,300.0,21020.9,10.4,0.0,0.0,1.0,2298.0,Rakovnik,central Bohemia,53921,61,22,1,1,2,41.3,8598,2.77,3.26,123,1597,1875
65,0,36,POPLATEK MESICNE,428,86,8484.794186046513,10981.903006281633,54275.401162790695,600.0,39575.0,17.2,0.0,0.0,3.0,7402.0,Liberec,north Bohemia,159617,29,19,8,1,9,85.2,9198,3.33,4.28,131,5796,6132
2279,0,2,POPLATEK TYDNE,427,78,15088.988461538464,16881.443663160524,49748.28333333333,600.0,58843.1,15.6,1.0,0.0,1.0,6556.3,Benesov,central Bohemia,88884,80,26,6,2,5,46.7,8507,1.67,1.85,132,2159,2674
1478,0,5,POPLATEK MESICNE,427,75,12349.921333333334,13559.525813076383,57352.718666666675,900.0,55246.0,15.0,0.0,1.0,1.0,11931.0,Kolin,central Bohemia,95616,65,30,4,1,6,51.4,9307,3.85,4.43,118,2616,3040
3228,1,29,POPLATEK MESICNE,427,93,14535.721505376345,14931.699040171941,63643.69462365591,1100.0,60721.4,18.6,0.0,0.0,1.0,3847.0,Rokycany,west Bohemia,45714,52,10,5,1,6,55.6,8843,2.82,3.60,113,818,888
221,0,19,POPLATEK MESICNE,427,70,9074.24142857143,9689.51348775666,40683.97857142857,300.0,38599.4,14.0,0.0,1.0,1.0,7896.0,Prachatice,south Bohemia,51428,50,11,3,1,4,52.7,8402,3.13,3.98,120,999,1099
3022,0,64,POPLATEK MESICNE,427,52,2158.5173076923074,1995.3191412846525,20625.542307692307,700.0,24010.8,10.4,0.0,0.0,1.0,3170.0,Zlin,south Moravia,197099,29,41,10,2,10,74.7,9624,1.60,2.31,145,4484,4265
122,0,31,POPLATEK MESICNE,427,58,11360.215517241379,12027.818794088942,52237.19655172413,900.0,49015.0,11.6,0.0,0.0,0.0,0.0,Tachov,west Bohemia,51313,34,12,3,1,4,59.2,8930,3.52,4.20,108,1328,1452
6265,1,5,POPLATEK MESICNE,425,120,14258.917500000001,14899.34755490293,65684.07583333334,200.0,28965.3,24.0,1.0,0.0,2.0,10913.5,Kolin,central Bohemia,95616,65,30,4,1,6,51.4,9307,3.85,4.43,118,2616,3040
1683,0,77,POPLATEK MESICNE,425,87,3612.0344827586205,4969.408760135228,32220.526436781605,900.0,32353.0,17.4,0.0,0.0,3.0,4926.0,Vsetin,north Moravia,148545,8,35,12,3,4,53.5,8909,4.01,5.56,113,3460,3590
6440,1,1,POPLATEK MESICNE,425,80,13300.532500000001,15160.401662014561,61492.28125,1100.0,42049.2,16.0,1.0,0.0,1.0,2881.0,Hl.m. Praha,Prague,1204953,0,0,0,1,1,100.0,12541,0.29,0.43,167,85677,99107
926,0,36,POPLATEK MESICNE,425,59,1961.1372881355933,2051.4161189452475,21836.605084745763,1100.0,20595.0,11.8,0.0,0.0,1.0,1748.0,Liberec,north Bohemia,159617,29,19,8,1,9,85.2,9198,3.33,4.28,131,5796,6132
2685,0,67,POPLATEK MESICNE,425,56,1943.2517857142855,1941.2437089276805,18697.264285714286,200.0,25010.1,11.2,0.0,0.0,1.0,2576.0,Bruntal,north Moravia,106054,38,25,6,2,6,63.1,8110,5.77,6.55,109,3244,3079
3557,0,72,POPLATEK MESICNE,424,54,1388.6944444444443,1492.8022784084249,16799.68888888889,400.0,22401.5,10.8,0.0,0.0,1.0,2262.0,Olomouc,north Moravia,226122,32,50,7,4,4,62.6,8994,3.80,4.79,110,9672,9208
1663,0,55,POPLATEK MESICNE,424,69,2088.4115942028984,2510.2933111102325,29258.828985507247,300.0,37548.2,13.8,0.0,0.0,2.0,2640.0,Brno - venkov,south Moravia,157042,49,70,18,0,9,33.9,8743,1.88,2.43,111,3659,3894
255,0,68,POPLATEK MESICNE,423,75,15206.013333333334,17080.053609387458,55804.55733333333,900.0,52557.3,15.0,0.0,1.0,1.0,5323.0,Frydek - Mistek,north Moravia,228848,15,40,18,2,6,57.2,9893,4.09,4.72,96,5623,5887
2193,0,44,POPLATEK MESICNE,423,65,2890.366153846154,2880.1724926793086,20578.06923076923,200.0,16364.5,13.0,0.0,0.0,1.0,3424.0,Chrudim,east Bohemia,105606,77,26,7,2,7,53.0,8254,2.79,3.76,97,2166,2325
9455,0,73,POPLATEK MESICNE,423,98,11352.679591836735,15328.126301960638,57088.02551020408,1000.0,61940.7,19.6,1.0,0.0,4.0,17445.8,Opava,north Moravia,182027,17,49,12,2,7,56.4,8746,3.33,3.74,90,4355,4433
2130,1,46,POPLATEK MESICNE,422,84,14950.057142857144,15683.9612936372,67958.27738095238,200.0,65146.4,16.8,0.0,0.0,0.0,0.0,Nachod,east Bohemia,112709,48,20,7,3,10,73.5,8369,1.79,2.31,117,2854,2618
714,0,23,POPLATEK MESICNE,422,60,2479.436666666667,2375.105423099395,19202.145,600.0,13154.2,12.0,0.0,1.0,1.0,3782.0,Cheb,west Bohemia,87419,21,11,4,3,9,85.5,8624,1.79,2.66,102,2879,3198
3615,0,46,POPLATEK MESICNE,421,68,4447.64705882353,4513.383080548588,26066.33529411765,300.0,23542.6,13.6,0.0,1.0,1.0,3781.0,Nachod,east Bohemia,112709,48,20,7,3,10,73.5,8369,1.79,2.31,117,2854,2618
1324,0,42,POPLATEK MESICNE,421,78,6848.648717948718,8465.490901449884,48697.601282051284,300.0,45699.2,15.6,0.0,0.0,2.0,3421.0,Havlickuv Brod,east Bohemia,95907,87,25,5,2,7,59.1,8388,2.41,2.94,87,1658,1668
431,1,18,POPLATEK MESICNE,421,76,7094.078947368421,8009.9048530731125,45889.732894736844,300.0,41606.4,15.2,0.0,0.0,2.0,7197.0,Pisek,south Bohemia,70699,60,13,2,1,4,65.3,8968,2.83,3.35,131,1740,1910
11328,0,54,POPLATEK MESICNE,421,59,7973.823728813559,10262.151298630271,36575.97457627119,1000.0,41607.3,11.8,1.0,0.0,1.0,4674.0,Brno - mesto,south Moravia,387570,0,0,0,1,1,100.0,9897,1.60,1.96,140,18721,18696
3626,0,51,POPLATEK MESICNE,421,78,4854.689743589744,5154.266391943108,34777.442307692305,900.0,40764.1,15.6,0.0,0.0,2.0,8224.0,Trutnov,east Bohemia,121947,37,28,7,3,11,70.5,8541,2.51,2.97,131,3496,3839
1899,0,26,POPLATEK MESICNE,421,54,2028.6148148148147,1971.6156250608099,19053.833333333332,800.0,23273.1,10.8,0.0,1.0,1.0,3081.0,Plzen - mesto,west Bohemia,170449,0,0,0,1,1,100.0,10787,2.64,3.09,131,6041,6261
91,0,17,POPLATEK MESICNE,420,32,2646.8875,3530.387627145669,19085.73125,300.0,19700.3,6.4,0.0,0.0,0.0,0.0,Pelhrimov,south Bohemia,74062,99,15,4,2,7,61.4,8114,2.38,2.62,119,1003,1181
4753,1,1,POPLATEK MESICNE,419,54,5199.607407407407,6491.758517807713,28345.87962962963,1000.0,35170.4,10.8,0.0,0.0,1.0,1271.0,Hl.m. Praha,Prague,1204953,0,0,0,1,1,100.0,12541,0.29,0.43,167,85677,99107
9528,0,19,POPLATEK MESICNE,419,91,6593.717582417583,10820.620271567854,21246.757142857143,-7246.6,-1114.4,18.2,0.0,0.0,0.0,0.0,Prachatice,south Bohemia,51428,50,11,3,1,4,52.7,8402,3.13,3.98,120,999,1099
9333,0,36,POPLATEK MESICNE,418,83,9953.519277108433,12019.223153099958,44506.513253012046,-846.0,-384.9,16.6,0.0,1.0,0.0,0.0,Liberec,north Bohemia,159617,29,19,8,1,9,85.2,9198,3.33,4.28,131,5796,6132
2107,0,70,POPLATEK MESICNE,417,71,4105.23661971831,4717.758410130188,25706.16338028169,300.0,28090.9,14.2,0.0,0.0,2.0,7058.0,Karvina,north Moravia,285387,0,2,8,5,7,89.9,10177,6.63,7.75,81,9878,10108
3224,1,55,POPLATEK MESICNE,416,68,2182.2426470588234,2440.8010251295545,33289.138235294115,6483.0,37121.0,13.6,0.0,0.0,2.0,3958.0,Brno - venkov,south Moravia,157042,49,70,18,0,9,33.9,8743,1.88,2.43,111,3659,3894
829,0,59,POPLATEK MESICNE,416,54,1323.5296296296297,1348.8683082746757,17168.62777777778,800.0,20813.0,10.8,0.0,0.0,1.0,2120.0,Kromeriz,south Moravia,108871,41,29,7,2,6,62.1,8444,3.24,3.47,106,2595,2305
511,0,14,POPLATEK MESICNE,416,62,10629.051612903226,14074.801390506736,52026.86451612903,400.0,64836.2,12.4,0.0,0.0,1.0,2629.6,Ceske Budejovice,south Bohemia,177686,69,27,10,1,9,74.8,10045,1.42,1.71,135,6604,6295
3560,1,57,POPLATEK MESICNE,416,52,2326.380769230769,2048.280282984275,19307.053846153845,800.0,12843.6,10.4,0.0,0.0,1.0,3350.0,Hodonin,south Moravia,161954,21,37,20,3,8,48.0,8720,3.73,4.50,116,3729,3651
1555,0,34,POPLATEK MESICNE,416,48,2576.7125,2582.7082331755496,32685.07083333333,1100.0,43891.4,9.6,0.0,0.0,1.0,3263.0,Chomutov,north Bohemia,125236,28,11,1,4,5,87.7,9675,6.43,7.68,100,5323,5190
2160,0,72,POPLATEK MESICNE,416,62,4015.0225806451613,4159.071265670304,27310.790322580644,200.0,36371.0,12.4,0.0,0.0,1.0,6084.0,Olomouc,north Moravia,226122,32,50,7,4,4,62.6,8994,3.80,4.79,110,9672,9208
4383,0,73,POPLATEK MESICNE,416,72,7099.763888888889,8041.917448678127,36659.01111111111,800.0,46452.8,14.4,0.0,0.0,3.0,14157.0,Opava,north Moravia,182027,17,49,12,2,7,56.4,8746,3.33,3.74,90,4355,4433
2517,0,55,POPLATEK PO OBRATU,416,65,13036.944615384617,14038.143907226826,45349.12923076923,600.0,61263.3,13.0,0.0,0.0,1.0,11769.0,Brno - venkov,south Moravia,157042,49,70,18,0,9,33.9,8743,1.88,2.43,111,3659,3894
3819,0,69,POPLATEK MESICNE,415,62,4873.316129032258,4760.530445034067,23309.988709677422,700.0,27370.9,12.4,0.0,0.0,1.0,7102.0,Jesenik,north Moravia,42821,4,13,5,1,3,48.4,8173,?,7.01,124,?,1358
6157,0,34,POPLATEK MESICNE,415,85,10850.796470588235,12142.088001750333,53985.71647058824,1000.0,20191.6,17.0,1.0,0.0,2.0,14688.2,Chomutov,north Bohemia,125236,28,11,1,4,5,87.7,9675,6.43,7.68,100,5323,5190
1326,1,52,POPLATEK MESICNE,415,90,1831.0077777777778,2165.171729454437,24973.336666666666,800.0,15420.4,18.0,0.0,0.0,4.0,3043.0,Usti nad Orlici,east Bohemia,139012,59,41,8,3,10,61.9,8363,2.52,3.49,108,2564,2799
4286,0,43,POPLATEK MESICNE,415,40,7524.842500000001,12669.46588846257,31248.93,1100.0,14433.0,8.0,0.0,0.0,0.0,0.0,Hradec Kralove,east Bohemia,161854,73,21,6,1,6,76.3,9425,1.72,2.50,125,4085,3891
3498,0,31,POPLATEK MESICNE,414,76,3123.3263157894735,3634.7080918048396,25484.475000000002,1100.0,27122.5,15.2,0.0,0.0,2.0,3231.0,Tachov,west Bohemia,51313,34,12,3,1,4,59.2,8930,3.52,4.20,108,1328,1452
2258,0,3,POPLATEK MESICNE,414,56,2472.6875,2575.4071470572644,31755.405357142856,600.0,38371.6,11.2,0.0,0.0,1.0,2202.0,Beroun,central Bohemia,75232,55,26,4,1,5,41.7,8980,1.95,2.21,111,2824,2813
3177,0,74,POPLATEK MESICNE,414,26,4707.815384615385,8782.724523913626,33488.71538461538,500.0,30402.8,5.2,0.0,0.0,0.0,0.0,Ostrava - mesto,north Moravia,323870,0,0,0,1,1,100.0,10673,4.75,5.44,100,18782,18347
1638,0,6,POPLATEK TYDNE,414,44,8073.536363636363,12165.247959336271,47089.27954545455,900.0,23101.7,8.8,1.0,0.0,2.0,12425.0,Kutna Hora,central Bohemia,77963,60,23,4,2,4,51.5,8546,2.95,4.02,126,2640,3120
3589,0,5,POPLATEK MESICNE,413,66,12723.331818181818,14612.952442122749,55406.621212121216,1100.0,56773.1,13.2,0.0,1.0,1.0,7843.0,Kolin,central Bohemia,95616,65,30,4,1,6,51.4,9307,3.85,4.43,118,2616,3040
2967,0,38,POPLATEK MESICNE,413,79,4931.870886075949,5805.998319204291,26909.07594936709,400.0,18561.5,15.8,0.0,0.0,3.0,8197.0,Louny,north Bohemia,85852,41,23,4,2,4,59.8,8965,7.08,8.23,104,2653,2822
3437,0,1,POPLATEK MESICNE,413,84,15291.752380952381,16637.51459476319,64450.715476190475,400.0,87417.4,16.8,0.0,0.0,2.0,7239.0,Hl.m. Praha,Prague,1204953,0,0,0,1,1,100.0,12541,0.29,0.43,167,85677,99107
4102,0,60,POPLATEK MESICNE,413,20,5112.755,10726.594225788096,29264.1,700.0,78855.0,4.0,0.0,0.0,0.0,0.0,Prostejov,south Moravia,110643,49,41,4,1,4,51.9,8441,3.45,4.48,115,1879,2252
2032,0,36,POPLATEK MESICNE,412,79,2885.5164556962022,3622.925176245634,14922.148101265822,200.0,15021.5,15.8,0.0,0.0,4.0,5229.0,Liberec,north Bohemia,159617,29,19,8,1,9,85.2,9198,3.33,4.28,131,5796,6132
570,0,3,POPLATEK MESICNE,412,63,4039.9857142857145,4120.877795655691,30108.98253968254,800.0,30742.1,12.6,0.0,0.0,1.0,6273.0,Beroun,central Bohemia,75232,55,26,4,1,5,41.7,8980,1.95,2.21,111,2824,2813
993,0,6,POPLATEK MESICNE,412,31,6855.664516129033,10530.892725391279,38842.08064516129,1000.0,30125.5,6.2,1.0,0.0,1.0,1812.3,Kutna Hora,central Bohemia,77963,60,23,4,2,4,51.5,8546,2.95,4.02,126,2640,3120
3884,0,1,POPLATEK MESICNE,412,63,4010.9158730158733,3845.216918467223,22003.209523809524,700.0,10866.8,12.6,0.0,0.0,1.0,5011.0,Hl.m. Praha,Prague,1204953,0,0,0,1,1,100.0,12541,0.29,0.43,167,85677,99107
3765,0,32,POPLATEK MESICNE,412,64,1091.7296875,1195.25203461342,15540.340624999999,600.0,13251.9,12.8,0.0,1.0,3.0,2070.0,Ceska Lipa,north Bohemia,105058,32,19,7,2,10,81.0,9272,2.80,3.22,118,4340,4505
2385,0,60,POPLATEK MESICNE,411,54,9265.707407407408,9959.660247309188,49971.11666666666,300.0,67699.8,10.8,0.0,0.0,1.0,1305.0,Prostejov,south Moravia,110643,49,41,4,1,4,51.9,8441,3.45,4.48,115,1879,2252
63,0,22,POPLATEK MESICNE,410,58,1779.955172413793,1983.2536051944126,24709.379310344826,600.0,30471.3,11.6,0.0,0.0,2.0,2394.0,Domazlice,west Bohemia,58400,65,16,4,1,6,52.4,8620,1.10,1.25,100,1089,1117
1991,0,1,POPLATEK MESICNE,410,80,7584.52375,9592.298618640665,41186.63125,800.0,32343.1,16.0,0.0,0.0,3.0,7510.0,Hl.m. Praha,Prague,1204953,0,0,0,1,1,100.0,12541,0.29,0.43,167,85677,99107
3291,0,45,POPLATEK MESICNE,410,50,2341.848,2666.969826068376,23094.043999999998,1000.0,25784.0,10.0,0.0,1.0,1.0,2505.0,Jicin,east Bohemia,77917,85,19,6,1,5,53.5,8390,2.28,2.89,132,2080,2122
3376,1,58,POPLATEK MESICNE,409,64,8598.4203125,8899.583149185326,39318.428125,300.0,19944.0,12.8,0.0,0.0,1.0,6794.0,Jihlava,south Moravia,109164,98,16,6,1,4,63.6,8757,3.38,3.95,96,2212,2471
1260,0,5,POPLATEK MESICNE,409,63,6157.996825396825,6230.607361813656,32171.763492063492,200.0,26293.6,12.6,0.0,0.0,1.0,6594.0,Kolin,central Bohemia,95616,65,30,4,1,6,51.4,9307,3.85,4.43,118,2616,3040
1021,0,42,POPLATEK MESICNE,409,48,1561.325,1453.8819536352955,15851.606249999999,1000.0,16358.9,9.6,0.0,0.0,1.0,2259.0,Havlickuv Brod,east Bohemia,95907,87,25,5,2,7,59.1,8388,2.41,2.94,87,1658,1668
48,0,21,POPLATEK MESICNE,409,71,8709.002816901408,10196.0183707447,44956.359154929574,700.0,49219.0,14.2,0.0,0.0,2.0,7297.0,Tabor,south Bohemia,103347,87,16,7,1,7,67.0,9104,1.51,2.07,123,2299,2354
4069,0,38,POPLATEK MESICNE,409,57,2210.3368421052633,2350.7635547254777,33377.21578947369,700.0,41141.0,11.4,0.0,1.0,0.0,0.0,Louny,north Bohemia,85852,41,23,4,2,4,59.8,8965,7.08,8.23,104,2653,2822
3564,0,14,POPLATEK MESICNE,409,55,3373.909090909091,3481.6310613185374,30954.438181818183,1000.0,35516.6,11.0,0.0,0.0,0.0,0.0,Ceske Budejovice,south Bohemia,177686,69,27,10,1,9,74.8,10045,1.42,1.71,135,6604,6295
1320,1,58,POPLATEK MESICNE,408,84,4522.497619047619,6130.97619896566,32134.852380952383,1000.0,27633.7,16.8,0.0,0.0,4.0,5513.0,Jihlava,south Moravia,109164,98,16,6,1,4,63.6,8757,3.38,3.95,96,2212,2471
530,0,54,POPLATEK MESICNE,407,61,11513.972131147542,11621.086079266015,43454.39672131148,600.0,22357.4,12.2,0.0,0.0,0.0,0.0,Brno - mesto,south Moravia,387570,0,0,0,1,1,100.0,9897,1.60,1.96,140,18721,18696
508,0,74,POPLATEK MESICNE,407,64,1714.3015625,1946.5899195155164,31124.837499999998,600.0,35187.2,12.8,0.0,1.0,1.0,2480.0,Ostrava - mesto,north Moravia,323870,0,0,0,1,1,100.0,10673,4.75,5.44,100,18782,18347
341,0,28,POPLATEK MESICNE,407,55,7802.26,8543.264980838112,26085.665454545455,600.0,20061.4,11.0,0.0,0.0,0.0,0.0,Plzen - sever,west Bohemia,72541,66,26,10,0,8,36.9,8594,1.62,2.01,112,1580,1525
3256,1,40,POPLATEK MESICNE,407,69,4379.88115942029,4710.525452464543,27294.14202898551,1000.0,27771.5,13.8,0.0,1.0,2.0,6722.0,Teplice,north Bohemia,128118,9,16,6,3,8,85.3,9317,6.49,7.07,97,6949,6872
4033,0,57,POPLATEK MESICNE,407,79,4185.235443037975,5140.97474412716,30272.659493670886,1000.0,33529.3,15.8,1.0,0.0,3.0,6058.0,Hodonin,south Moravia,161954,21,37,20,3,8,48.0,8720,3.73,4.50,116,3729,3651
5878,0,76,POPLATEK MESICNE,407,57,5330.426315789474,6604.383133152837,33248.67192982456,-137.3,50185.1,11.4,0.0,0.0,0.0,0.0,Sumperk,north Moravia,127369,31,32,13,2,7,51.2,8369,4.73,5.88,107,3736,2807
77,1,63,POPLATEK MESICNE,407,54,8748.135185185185,9129.51667571372,33230.16296296296,400.0,28565.1,10.8,0.0,1.0,1.0,1709.0,Vyskov,south Moravia,86513,38,36,5,1,5,50.5,8288,3.79,4.52,110,1562,1460
1546,0,15,POPLATEK MESICNE,406,61,3713.17868852459,3580.5549063478393,21070.21639344262,800.0,14727.1,12.2,0.0,0.0,1.0,4173.0,Cesky Krumlov,south Bohemia,58796,22,16,7,1,5,51.9,9045,3.13,3.60,124,1845,1879
2826,1,35,POPLATEK MESICNE,406,65,6114.427692307692,6562.777740253828,37274.878461538465,300.0,37589.6,13.0,0.0,0.0,1.0,5240.0,Jablonec n. Nisou,north Bohemia,88768,10,18,5,1,7,80.5,8867,1.02,1.21,130,3384,3620
797,1,57,POPLATEK MESICNE,406,59,16299.454237288137,16655.46280931649,58735.249152542376,900.0,39210.9,11.8,0.0,1.0,0.0,0.0,Hodonin,south Moravia,161954,21,37,20,3,8,48.0,8720,3.73,4.50,116,3729,3651
513,0,58,POPLATEK MESICNE,405,63,5363.42380952381,5836.237852327483,35504.8873015873,400.0,38703.3,12.6,0.0,1.0,1.0,7908.0,Jihlava,south Moravia,109164,98,16,6,1,4,63.6,8757,3.38,3.95,96,2212,2471
1549,0,21,POPLATEK MESICNE,405,62,6104.835483870967,7044.058615671459,36935.01129032258,500.0,41300.9,12.4,0.0,0.0,1.0,4052.0,Tabor,south Bohemia,103347,87,16,7,1,7,67.0,9104,1.51,2.07,123,2299,2354
3093,0,16,POPLATEK MESICNE,405,61,10032.508196721312,10566.01493693018,32184.639344262294,500.0,24072.3,12.2,0.0,0.0,1.0,4238.0,Jindrichuv Hradec,south Bohemia,93931,74,21,10,1,8,56.9,8427,1.12,1.54,107,1874,1913
10905,0,32,POPLATEK MESICNE,405,80,3043.8325,3603.44128425273,44058.2825,1000.0,46720.7,16.0,1.0,0.0,3.0,5811.0,Ceska Lipa,north Bohemia,105058,32,19,7,2,10,81.0,9272,2.80,3.22,118,4340,4505
2234,0,3,POPLATEK MESICNE,405,66,1005.1348484848484,1170.3730380316847,16031.966666666667,600.0,18624.5,13.2,0.0,0.0,3.0,2117.0,Beroun,central Bohemia,75232,55,26,4,1,5,41.7,8980,1.95,2.21,111,2824,2813
2285,0,36,POPLATEK MESICNE,405,62,2798.9435483870966,6720.154087217145,27905.282258064515,800.0,50571.6,12.4,0.0,0.0,0.0,0.0,Liberec,north Bohemia,159617,29,19,8,1,9,85.2,9198,3.33,4.28,131,5796,6132
3809,0,1,POPLATEK MESICNE,405,80,3502.8125,4297.252742539063,37596.71,1000.0,39306.2,16.0,0.0,0.0,3.0,3586.0,Hl.m. Praha,Prague,1204953,0,0,0,1,1,100.0,12541,0.29,0.43,167,85677,99107
3517,0,26,POPLATEK MESICNE,404,55,6180.865454545454,6462.948183533871,28836.552727272727,600.0,28724.7,11.0,0.0,1.0,0.0,0.0,Plzen - mesto,west Bohemia,170449,0,0,0,1,1,100.0,10787,2.64,3.09,131,6041,6261
2264,0,41,POPLATEK MESICNE,404,49,2016.265306122449,1958.972311310089,26657.34897959184,1000.0,29154.2,9.8,0.0,0.0,1.0,1810.0,Usti nad Labem,north Bohemia,118650,8,8,5,1,3,85.6,9832,3.32,4.48,114,6445,5471
8688,0,66,POPLATEK MESICNE,404,79,5946.084810126583,7527.672350973604,42005.601265822785,400.0,49482.3,15.8,1.0,0.0,1.0,5665.0,Zdar nad Sazavou,south Moravia,125832,151,41,2,3,5,48.3,8512,3.51,4.12,102,2247,2103
546,0,8,POPLATEK MESICNE,403,46,2111.495652173913,1875.2111251751567,18966.11304347826,1100.0,21126.0,9.2,0.0,0.0,1.0,2940.0,Mlada Boleslav,central Bohemia,112065,95,19,7,1,8,69.4,11277,1.25,1.44,127,5179,4987
3862,0,1,POPLATEK MESICNE,403,87,13115.83908045977,14863.476042309732,60302.3,600.0,74722.5,17.4,1.0,0.0,3.0,13412.8,Hl.m. Praha,Prague,1204953,0,0,0,1,1,100.0,12541,0.29,0.43,167,85677,99107
2898,0,54,POPLATEK MESICNE,403,65,6825.215384615384,7367.540926066148,41310.79538461539,800.0,47000.7,13.0,0.0,0.0,1.0,6655.0,Brno - mesto,south Moravia,387570,0,0,0,1,1,100.0,9897,1.60,1.96,140,18721,18696
3282,1,1,POPLATEK MESICNE,402,72,2019.823611111111,3254.4412642406705,24847.18888888889,200.0,14920.7,14.4,0.0,0.0,0.0,0.0,Hl.m. Praha,Prague,1204953,0,0,0,1,1,100.0,12541,0.29,0.43,167,85677,99107
330,0,42,POPLATEK MESICNE,402,65,9458.964615384615,10379.274401623512,40243.63538461538,400.0,39329.8,13.0,1.0,0.0,1.0,6908.0,Havlickuv Brod,east Bohemia,95907,87,25,5,2,7,59.1,8388,2.41,2.94,87,1658,1668
1242,0,74,POPLATEK PO OBRATU,402,99,6816.741414141415,11434.49975880378,39940.993939393935,200.0,36911.9,19.8,1.0,1.0,5.0,14399.7,Ostrava - mesto,north Moravia,323870,0,0,0,1,1,100.0,10673,4.75,5.44,100,18782,18347
1393,0,1,POPLATEK MESICNE,402,60,3611.7533333333336,3603.0306603580584,30935.09,600.0,41978.1,12.0,0.0,0.0,1.0,5254.0,Hl.m. Praha,Prague,1204953,0,0,0,1,1,100.0,12541,0.29,0.43,167,85677,99107
2303,1,41,POPLATEK MESICNE,402,62,8660.609677419356,8744.84624730962,44486.320967741936,500.0,42733.5,12.4,0.0,0.0,1.0,7892.0,Usti nad Labem,north Bohemia,118650,8,8,5,1,3,85.6,9832,3.32,4.48,114,6445,5471
3708,0,64,POPLATEK MESICNE,402,80,2172.3599999999997,5085.977966736248,31384.565000000002,900.0,70038.4,16.0,0.0,0.0,0.0,0.0,Zlin,south Moravia,197099,29,41,10,2,10,74.7,9624,1.60,2.31,145,4484,4265
209,0,37,POPLATEK MESICNE,402,81,1439.095061728395,1878.3659049757337,21166.179012345678,900.0,16772.5,16.2,0.0,0.0,3.0,2320.0,Litomerice,north Bohemia,114006,71,26,6,2,9,62.3,9065,4.46,5.39,123,4147,4166
8094,0,67,POPLATEK MESICNE,402,75,17606.013333333332,20580.018274112215,62642.54666666667,600.0,20674.9,15.0,1.0,0.0,2.0,11788.0,Bruntal,north Moravia,106054,38,25,6,2,6,63.1,8110,5.77,6.55,109,3244,3079
2601,0,70,POPLATEK MESICNE,402,13,3215.3846153846152,2811.537584622263,14307.692307692309,200.0,15600.0,2.6,0.0,0.0,0.0,0.0,Karvina,north Moravia,285387,0,2,8,5,7,89.9,10177,6.63,7.75,81,9878,10108
7,0,60,POPLATEK MESICNE,402,60,10047.666666666666,10763.425930053654,53197.79833333333,900.0,61411.7,12.0,0.0,0.0,1.0,4880.0,Prostejov,south Moravia,110643,49,41,4,1,4,51.9,8441,3.45,4.48,115,1879,2252
1347,0,8,POPLATEK MESICNE,402,49,1438.477551020408,1329.087179117261,12735.616326530611,500.0,12114.6,9.8,0.0,0.0,1.0,2066.0,Mlada Boleslav,central Bohemia,112065,95,19,7,1,8,69.4,11277,1.25,1.44,127,5179,4987
8523,0,54,POPLATEK MESICNE,401,88,14986.307954545455,19054.173995465564,55032.15909090909,400.0,48800.2,17.6,1.0,0.0,1.0,7753.3,Brno - mesto,south Moravia,387570,0,0,0,1,1,100.0,9897,1.60,1.96,140,18721,18696
2398,0,70,POPLATEK MESICNE,401,73,1390.1575342465753,2648.468210112625,29565.86301369863,200.0,35860.3,14.6,0.0,0.0,0.0,0.0,Karvina,north Moravia,285387,0,2,8,5,7,89.9,10177,6.63,7.75,81,9878,10108
1712,0,44,POPLATEK MESICNE,401,51,2484.470588235294,2739.3247119897355,25581.968627450977,200.0,34371.8,10.2,0.0,0.0,1.0,1626.0,Chrudim,east Bohemia,105606,77,26,7,2,7,53.0,8254,2.79,3.76,97,2166,2325
1943,0,9,POPLATEK MESICNE,400,88,5128.430681818182,6630.721206441539,46239.81136363636,300.0,37427.6,17.6,0.0,0.0,4.0,9357.0,Nymburk,central Bohemia,81344,61,23,4,2,6,55.3,8899,3.39,3.97,149,2987,2487
2090,0,40,POPLATEK MESICNE,400,45,2431.608888888889,2276.4437639383355,25665.36888888889,1000.0,32243.6,9.0,0.0,0.0,1.0,3532.0,Teplice,north Bohemia,128118,9,16,6,3,8,85.3,9317,6.49,7.07,97,6949,6872
2636,0,18,POPLATEK MESICNE,400,50,2281.444,2004.3929993850193,18383.414,600.0,15485.5,10.0,0.0,0.0,1.0,3254.0,Pisek,south Bohemia,70699,60,13,2,1,4,65.3,8968,2.83,3.35,131,1740,1910
14,0,47,POPLATEK MESICNE,399,58,6853.849999999999,7223.89289805323,37426.50172413793,400.0,39611.0,11.6,0.0,0.0,1.0,3629.0,Pardubice,east Bohemia,162580,83,26,5,1,6,72.8,9538,1.51,1.81,111,6079,5410
549,1,5,POPLATEK MESICNE,399,70,5410.667142857143,6290.779967625531,41705.97285714286,500.0,35739.6,14.0,0.0,0.0,2.0,4091.0,Kolin,central Bohemia,95616,65,30,4,1,6,51.4,9307,3.85,4.43,118,2616,3040
143,0,21,POPLATEK MESICNE,399,55,2095.769090909091,1953.067308759597,19712.356363636365,500.0,15183.1,11.0,0.0,0.0,1.0,2272.0,Tabor,south Bohemia,103347,87,16,7,1,7,67.0,9104,1.51,2.07,123,2299,2354
79,0,3,POPLATEK MESICNE,397,47,1900.327659574468,1775.7366228648702,17938.10425531915,600.0,21943.2,9.4,0.0,1.0,1.0,2788.0,Beroun,central Bohemia,75232,55,26,4,1,5,41.7,8980,1.95,2.21,111,2824,2813
3799,0,74,POPLATEK MESICNE,397,91,4649.970329670329,6791.282350426979,46779.63516483516,900.0,50868.3,18.2,0.0,0.0,4.0,6312.0,Ostrava - mesto,north Moravia,323870,0,0,0,1,1,100.0,10673,4.75,5.44,100,18782,18347
1460,0,54,POPLATEK MESICNE,397,48,2402.014583333333,2205.4119450183475,21142.972916666666,300.0,24587.6,9.6,0.0,0.0,1.0,3417.0,Brno - mesto,south Moravia,387570,0,0,0,1,1,100.0,9897,1.60,1.96,140,18721,18696
7745,0,2,POPLATEK MESICNE,397,67,10408.50895522388,12711.950285087049,37396.519402985075,700.0,25949.9,13.4,1.0,0.0,2.0,12313.8,Benesov,central Bohemia,88884,80,26,6,2,5,46.7,8507,1.67,1.85,132,2159,2674
1435,0,1,POPLATEK MESICNE,395,65,9508.163076923076,10529.88814940253,42986.159999999996,800.0,29525.7,13.0,0.0,0.0,1.0,7949.0,Hl.m. Praha,Prague,1204953,0,0,0,1,1,100.0,12541,0.29,0.43,167,85677,99107
3507,0,9,POPLATEK MESICNE,395,112,14493.083035714286,17126.762577753994,68468.09017857144,500.0,56313.4,22.4,0.0,0.0,2.0,3257.0,Nymburk,central Bohemia,81344,61,23,4,2,6,55.3,8899,3.39,3.97,149,2987,2487
712,1,72,POPLATEK MESICNE,395,81,19463.032098765434,17995.219258818626,77102.68271604938,1100.0,66430.2,16.2,0.0,0.0,1.0,3847.2,Olomouc,north Moravia,226122,32,50,7,4,4,62.6,8994,3.80,4.79,110,9672,9208
10280,0,69,POPLATEK MESICNE,395,67,14374.444776119404,16423.7872600604,58671.09402985074,600.0,53841.0,13.4,1.0,0.0,1.0,5802.3,Jesenik,north Moravia,42821,4,13,5,1,3,48.4,8173,?,7.01,124,?,1358
1754,0,52,POPLATEK MESICNE,395,83,19447.137349397588,16525.334901618826,73167.2578313253,200.0,75712.5,16.6,0.0,1.0,0.0,0.0,Usti nad Orlici,east Bohemia,139012,59,41,8,3,10,61.9,8363,2.52,3.49,108,2564,2799
805,1,10,POPLATEK MESICNE,394,57,7098.968421052632,7503.133610488494,37307.44912280702,800.0,34197.1,11.4,0.0,0.0,1.0,1424.4,Praha - vychod,central Bohemia,92084,55,29,4,3,5,46.7,10124,0.56,0.54,141,3810,4316
3377,1,74,POPLATEK MESICNE,394,62,9469.150000000001,10489.141845436572,48136.2435483871,900.0,34544.5,12.4,0.0,0.0,1.0,3240.0,Ostrava - mesto,north Moravia,323870,0,0,0,1,1,100.0,10673,4.75,5.44,100,18782,18347
1296,0,50,POPLATEK MESICNE,394,56,2160.317857142857,2233.20222461804,14710.791071428572,800.0,12637.5,11.2,0.0,1.0,1.0,1607.0,Svitavy,east Bohemia,102609,75,33,2,3,6,52.0,8187,4.83,5.45,94,2123,2134
2916,0,6,POPLATEK MESICNE,393,91,3775.528571428571,4985.647168005501,40391.79120879121,1000.0,32991.0,18.2,0.0,0.0,4.0,6363.0,Kutna Hora,central Bohemia,77963,60,23,4,2,4,51.5,8546,2.95,4.02,126,2640,3120
3018,1,34,POPLATEK MESICNE,393,68,15207.680882352943,15017.680111910058,58255.99705882353,600.0,38689.5,13.6,0.0,0.0,0.0,0.0,Chomutov,north Bohemia,125236,28,11,1,4,5,87.7,9675,6.43,7.68,100,5323,5190
249,1,28,POPLATEK MESICNE,393,73,6723.231506849315,7709.298699097746,42530.77397260274,600.0,27975.5,14.6,0.0,0.0,2.0,7494.0,Plzen - sever,west Bohemia,72541,66,26,10,0,8,36.9,8594,1.62,2.01,112,1580,1525
3602,1,18,POPLATEK MESICNE,393,81,19127.46172839506,16514.223331401085,74400.98518518519,600.0,48574.4,16.2,0.0,0.0,0.0,0.0,Pisek,south Bohemia,70699,60,13,2,1,4,65.3,8968,2.83,3.35,131,1740,1910
3856,0,45,POPLATEK MESICNE,393,54,2103.0333333333333,2255.2243979049317,14993.655555555555,500.0,17200.6,10.8,0.0,0.0,1.0,2280.0,Jicin,east Bohemia,77917,85,19,6,1,5,53.5,8390,2.28,2.89,132,2080,2122
2544,0,38,POPLATEK MESICNE,392,89,1801.9943820224719,2410.168947791814,36062.54494382023,300.0,46277.2,17.8,0.0,0.0,4.0,3514.0,Louny,north Bohemia,85852,41,23,4,2,4,59.8,8965,7.08,8.23,104,2653,2822
599,1,54,POPLATEK MESICNE,392,70,4750.045714285715,5441.688225059341,27882.05,600.0,18885.1,14.0,0.0,0.0,2.0,4085.0,Brno - mesto,south Moravia,387570,0,0,0,1,1,100.0,9897,1.60,1.96,140,18721,18696
2590,0,47,POPLATEK MESICNE,392,70,954.2842857142856,1139.4247813516165,14918.632857142858,700.0,14657.2,14.0,0.0,0.0,3.0,2020.0,Pardubice,east Bohemia,162580,83,26,5,1,6,72.8,9538,1.51,1.81,111,6079,5410
2589,0,10,POPLATEK MESICNE,392,65,2059.64,2047.0336299448038,15070.398461538462,700.0,12933.6,13.0,0.0,0.0,2.0,3694.0,Praha - vychod,central Bohemia,92084,55,29,4,3,5,46.7,10124,0.56,0.54,141,3810,4316
2545,1,1,POPLATEK MESICNE,392,91,3911.203296703297,4181.095114319813,23853.443956043953,1100.0,22933.2,18.2,1.0,0.0,4.0,12954.0,Hl.m. Praha,Prague,1204953,0,0,0,1,1,100.0,12541,0.29,0.43,167,85677,99107
1735,1,42,POPLATEK MESICNE,392,15,2554.5666666666666,3597.81321056211,14962.980000000001,1100.0,11518.6,3.0,0.0,0.0,0.0,0.0,Havlickuv Brod,east Bohemia,95907,87,25,5,2,7,59.1,8388,2.41,2.94,87,1658,1668
3312,0,30,POPLATEK MESICNE,392,91,1004.9142857142857,1699.7592910351507,31005.08351648352,700.0,37212.8,18.2,0.0,0.0,4.0,1964.0,Sokolov,west Bohemia,94812,15,13,8,2,10,81.8,9650,3.38,3.67,100,2985,2804
2060,0,13,POPLATEK MESICNE,391,61,6813.013114754098,7810.605981686597,36794.31967213115,200.0,37682.8,12.2,0.0,0.0,1.0,7523.0,Rakovnik,central Bohemia,53921,61,22,1,1,2,41.3,8598,2.77,3.26,123,1597,1875
2115,0,8,POPLATEK MESICNE,391,52,1255.7615384615385,1256.059073350695,12486.073076923078,600.0,12636.8,10.4,0.0,0.0,1.0,1940.0,Mlada Boleslav,central Bohemia,112065,95,19,7,1,8,69.4,11277,1.25,1.44,127,5179,4987
24,0,74,POPLATEK MESICNE,391,74,4967.508108108108,5513.688303475138,27818.91081081081,1000.0,11551.3,14.8,0.0,0.0,2.0,7862.0,Ostrava - mesto,north Moravia,323870,0,0,0,1,1,100.0,10673,4.75,5.44,100,18782,18347
1083,1,45,POPLATEK MESICNE,390,89,3958.5123595505615,4809.867878733077,31145.193258426967,400.0,29071.3,17.8,1.0,0.0,4.0,8532.0,Jicin,east Bohemia,77917,85,19,6,1,5,53.5,8390,2.28,2.89,132,2080,2122
2286,1,70,POPLATEK MESICNE,390,70,4060.7385714285715,4709.666131072547,28120.18,800.0,32136.7,14.0,0.0,0.0,2.0,3301.0,Karvina,north Moravia,285387,0,2,8,5,7,89.9,10177,6.63,7.75,81,9878,10108
7176,0,1,POPLATEK MESICNE,389,63,9433.938095238094,10852.475974521096,44013.42222222222,400.0,58186.5,12.6,1.0,0.0,2.0,9509.0,Hl.m. Praha,Prague,1204953,0,0,0,1,1,100.0,12541,0.29,0.43,167,85677,99107
8225,1,50,POPLATEK MESICNE,389,89,5630.576404494382,8010.29099607644,37899.48651685393,1100.0,41134.9,17.8,1.0,0.0,1.0,3017.2,Svitavy,east Bohemia,102609,75,33,2,3,6,52.0,8187,4.83,5.45,94,2123,2134
664,0,1,POPLATEK MESICNE,388,47,2758.251063829787,2683.5436508526273,26617.86170212766,200.0,29972.2,9.4,0.0,0.0,1.0,2997.0,Hl.m. Praha,Prague,1204953,0,0,0,1,1,100.0,12541,0.29,0.43,167,85677,99107
5133,0,68,POPLATEK TYDNE,388,74,8539.79054054054,11688.888622764302,40994.7527027027,900.0,55604.4,14.8,1.0,0.0,4.0,9366.0,Frydek - Mistek,north Moravia,228848,15,40,18,2,6,57.2,9893,4.09,4.72,96,5623,5887
880,0,26,POPLATEK MESICNE,388,60,7166.786666666667,7469.0113233475395,42033.73833333333,700.0,48849.4,12.0,0.0,0.0,2.0,6530.1,Plzen - mesto,west Bohemia,170449,0,0,0,1,1,100.0,10787,2.64,3.09,131,6041,6261
1482,0,38,POPLATEK MESICNE,388,74,7394.852702702702,10166.521250522295,47610.87567567567,500.0,61777.5,14.8,0.0,0.0,3.0,4788.0,Louny,north Bohemia,85852,41,23,4,2,4,59.8,8965,7.08,8.23,104,2653,2822
3290,0,19,POPLATEK MESICNE,387,62,17009.00483870968,17914.42858730494,73047.96612903227,200.0,74520.1,12.4,0.0,0.0,0.0,0.0,Prachatice,south Bohemia,51428,50,11,3,1,4,52.7,8402,3.13,3.98,120,999,1099
2963,0,31,POPLATEK MESICNE,387,60,6465.275,6805.000906826301,49489.973333333335,1000.0,58852.3,12.0,0.0,0.0,1.0,5101.0,Tachov,west Bohemia,51313,34,12,3,1,4,59.2,8930,3.52,4.20,108,1328,1452
1361,0,46,POPLATEK MESICNE,387,57,8777.131578947368,9440.633611608271,37836.4649122807,1100.0,51822.9,11.4,0.0,0.0,1.0,6195.0,Nachod,east Bohemia,112709,48,20,7,3,10,73.5,8369,1.79,2.31,117,2854,2618
3430,0,9,POPLATEK MESICNE,386,61,1804.9163934426228,1905.3102076547652,21179.80819672131,500.0,24515.6,12.2,0.0,0.0,1.0,2426.0,Nymburk,central Bohemia,81344,61,23,4,2,6,55.3,8899,3.39,3.97,149,2987,2487
11096,0,28,POPLATEK MESICNE,386,65,9359.246153846154,10390.964032770808,31853.68,800.0,26745.8,13.0,1.0,0.0,2.0,10216.0,Plzen - sever,west Bohemia,72541,66,26,10,0,8,36.9,8594,1.62,2.01,112,1580,1525
3090,1,1,POPLATEK MESICNE,386,78,12235.28205128205,14069.723438542645,64535.20256410256,500.0,84138.8,15.6,0.0,0.0,4.0,12416.2,Hl.m. Praha,Prague,1204953,0,0,0,1,1,100.0,12541,0.29,0.43,167,85677,99107
5817,0,77,POPLATEK PO OBRATU,386,98,13078.829591836735,14573.688731396413,53960.837755102046,400.0,51643.4,19.6,0.0,0.0,3.0,16306.0,Vsetin,north Moravia,148545,8,35,12,3,4,53.5,8909,4.01,5.56,113,3460,3590
1587,0,1,POPLATEK MESICNE,385,55,7149.769090909091,7563.397096638147,38834.10545454545,1100.0,39176.5,11.0,0.0,0.0,0.0,0.0,Hl.m. Praha,Prague,1204953,0,0,0,1,1,100.0,12541,0.29,0.43,167,85677,99107
905,0,35,POPLATEK MESICNE,385,71,3308.574647887324,4064.376771297461,19064.501408450706,1000.0,22373.1,14.2,0.0,0.0,3.0,6176.0,Jablonec n. Nisou,north Bohemia,88768,10,18,5,1,7,80.5,8867,1.02,1.21,130,3384,3620
980,0,1,POPLATEK MESICNE,385,60,4401.076666666666,4951.291687807477,33849.01833333333,300.0,48137.1,12.0,0.0,0.0,2.0,6521.0,Hl.m. Praha,Prague,1204953,0,0,0,1,1,100.0,12541,0.29,0.43,167,85677,99107
1218,0,1,POPLATEK MESICNE,384,59,14451.09152542373,15885.520235110318,60340.63220338983,900.0,90678.1,11.8,0.0,0.0,1.0,3213.4,Hl.m. Praha,Prague,1204953,0,0,0,1,1,100.0,12541,0.29,0.43,167,85677,99107
561,0,11,POPLATEK MESICNE,384,53,2235.7264150943397,2576.866180829771,25299.609433962265,400.0,29979.9,10.6,0.0,0.0,2.0,1651.0,Praha - zapad,central Bohemia,75637,35,36,9,0,7,36.5,9622,0.45,0.59,154,3475,3529
4631,0,77,POPLATEK PO OBRATU,384,61,8662.070491803279,9454.550480347973,43507.627868852454,800.0,52592.1,12.2,1.0,0.0,1.0,3647.0,Vsetin,north Moravia,148545,8,35,12,3,4,53.5,8909,4.01,5.56,113,3460,3590
1055,0,29,POPLATEK MESICNE,384,40,1421.8525,1327.3747425550469,16124.605,600.0,19088.4,8.0,0.0,0.0,1.0,2047.0,Rokycany,west Bohemia,45714,52,10,5,1,6,55.6,8843,2.82,3.60,113,818,888
9153,0,9,POPLATEK MESICNE,384,78,2698.7141025641026,3096.4706367643766,32388.89871794872,600.0,37353.9,15.6,1.0,0.0,2.0,6493.0,Nymburk,central Bohemia,81344,61,23,4,2,6,55.3,8899,3.39,3.97,149,2987,2487
1368,1,22,POPLATEK MESICNE,384,74,9289.495945945946,11217.898947046533,40335.667567567565,1100.0,70188.6,14.8,0.0,0.0,1.0,4439.0,Domazlice,west Bohemia,58400,65,16,4,1,6,52.4,8620,1.10,1.25,100,1089,1117
3452,0,63,POPLATEK MESICNE,383,50,2002.6860000000001,2006.1772176394365,22626.072,800.0,25409.5,10.0,0.0,0.0,1.0,3129.0,Vyskov,south Moravia,86513,38,36,5,1,5,50.5,8288,3.79,4.52,110,1562,1460
3450,0,1,POPLATEK MESICNE,383,39,9623.966666666667,13677.913104658785,49230.63846153846,500.0,47017.6,7.8,0.0,0.0,0.0,0.0,Hl.m. Praha,Prague,1204953,0,0,0,1,1,100.0,12541,0.29,0.43,167,85677,99107
1557,0,66,POPLATEK MESICNE,383,47,2490.0659574468086,2549.908253275058,26194.163829787234,700.0,30651.5,9.4,0.0,0.0,1.0,2253.0,Zdar nad Sazavou,south Moravia,125832,151,41,2,3,5,48.3,8512,3.51,4.12,102,2247,2103
1316,0,42,POPLATEK MESICNE,383,58,966.5379310344827,1104.0711747377848,15611.68275862069,300.0,16928.1,11.6,0.0,1.0,3.0,1982.0,Havlickuv Brod,east Bohemia,95907,87,25,5,2,7,59.1,8388,2.41,2.94,87,1658,1668
3893,0,42,POPLATEK MESICNE,383,64,2020.5890625,2166.475260345245,21257.621875,600.0,19844.1,12.8,0.0,1.0,2.0,3035.0,Havlickuv Brod,east Bohemia,95907,87,25,5,2,7,59.1,8388,2.41,2.94,87,1658,1668
2873,0,70,POPLATEK MESICNE,383,78,5061.365384615385,6466.48465675586,31943.923076923078,1100.0,36321.5,15.6,0.0,0.0,4.0,7994.0,Karvina,north Moravia,285387,0,2,8,5,7,89.9,10177,6.63,7.75,81,9878,10108
3962,1,54,POPLATEK MESICNE,383,13,3576.923076923077,3108.899549721156,16830.76923076923,800.0,20500.0,2.6,0.0,0.0,0.0,0.0,Brno - mesto,south Moravia,387570,0,0,0,1,1,100.0,9897,1.60,1.96,140,18721,18696
2376,0,71,POPLATEK MESICNE,382,61,9300.5,11186.282188406776,38362.89180327869,600.0,30863.2,12.2,0.0,0.0,1.0,4428.0,Novy Jicin,north Moravia,161227,5,35,11,4,10,69.7,8678,5.93,5.57,102,4980,4595
2995,0,51,POPLATEK MESICNE,382,28,2890.782142857143,6643.4881430394935,26475.125,900.0,32941.6,5.6,0.0,1.0,0.0,0.0,Trutnov,east Bohemia,121947,37,28,7,3,11,70.5,8541,2.51,2.97,131,3496,3839
3984,0,51,POPLATEK MESICNE,382,40,1996.2150000000001,2199.9039268707943,16439.855,500.0,19212.8,8.0,0.0,1.0,1.0,1803.0,Trutnov,east Bohemia,121947,37,28,7,3,11,70.5,8541,2.51,2.97,131,3496,3839
659,0,63,POPLATEK MESICNE,382,66,1577.6151515151516,2030.5705011337554,31609.95,900.0,38688.9,13.2,0.0,0.0,2.0,1940.0,Vyskov,south Moravia,86513,38,36,5,1,5,50.5,8288,3.79,4.52,110,1562,1460
3137,0,39,POPLATEK MESICNE,381,61,10525.681967213115,11341.449968449186,40196.57540983607,900.0,26807.5,12.2,1.0,0.0,1.0,4226.5,Most,north Bohemia,119895,17,4,3,2,4,89.9,10446,7.34,9.40,90,4947,4743
505,0,64,POPLATEK MESICNE,380,52,1314.1634615384614,1389.5446135164168,13144.292307692307,300.0,13097.3,10.4,0.0,0.0,2.0,2221.0,Zlin,south Moravia,197099,29,41,10,2,10,74.7,9624,1.60,2.31,145,4484,4265
1817,0,10,POPLATEK MESICNE,380,59,8054.6474576271185,8638.267463750768,42332.36271186441,700.0,54894.5,11.8,0.0,0.0,1.0,9131.0,Praha - vychod,central Bohemia,92084,55,29,4,3,5,46.7,10124,0.56,0.54,141,3810,4316
3125,0,37,POPLATEK MESICNE,380,55,3112.558181818182,2905.181740773296,22197.51636363636,400.0,30981.7,11.0,0.0,0.0,1.0,4245.0,Litomerice,north Bohemia,114006,71,26,6,2,9,62.3,9065,4.46,5.39,123,4147,4166
2734,0,53,POPLATEK MESICNE,380,73,3188.1287671232876,3425.022480115984,25257.74109589041,500.0,24664.3,14.6,0.0,0.0,3.0,5486.0,Blansko,south Moravia,107911,88,33,6,2,7,50.9,8240,2.53,3.56,99,1850,1903
2386,0,12,POPLATEK MESICNE,379,63,6720.25873015873,8038.490243171265,45516.850793650796,600.0,52127.3,12.6,0.0,0.0,2.0,3839.0,Pribram,central Bohemia,107870,84,29,6,1,6,58.0,8754,3.83,4.31,137,3804,3868
3411,0,19,POPLATEK MESICNE,379,56,5559.796428571428,6124.373481989494,40220.48392857143,900.0,63593.0,11.2,0.0,0.0,1.0,6443.0,Prachatice,south Bohemia,51428,50,11,3,1,4,52.7,8402,3.13,3.98,120,999,1099
4794,1,72,POPLATEK MESICNE,378,89,4957.822471910113,6283.537787395379,25978.23483146067,1100.0,15435.2,17.8,1.0,0.0,5.0,17025.0,Olomouc,north Moravia,226122,32,50,7,4,4,62.6,8994,3.80,4.79,110,9672,9208
2827,0,70,POPLATEK MESICNE,378,48,10163.204166666666,11421.292627927376,57638.57708333334,300.0,74734.6,9.6,0.0,0.0,1.0,1756.0,Karvina,north Moravia,285387,0,2,8,5,7,89.9,10177,6.63,7.75,81,9878,10108
3024,0,1,POPLATEK MESICNE,378,59,2370.4830508474574,2709.4772396389612,23632.794915254235,400.0,23688.7,11.8,0.0,0.0,2.0,2261.0,Hl.m. Praha,Prague,1204953,0,0,0,1,1,100.0,12541,0.29,0.43,167,85677,99107
1618,0,6,POPLATEK MESICNE,378,58,1776.0103448275863,2097.197133158851,23436.05,900.0,24599.6,11.6,0.0,0.0,1.0,2265.0,Kutna Hora,central Bohemia,77963,60,23,4,2,4,51.5,8546,2.95,4.02,126,2640,3120
6510,1,74,POPLATEK MESICNE,378,93,13846.209677419354,15244.614095398501,55014.522580645156,900.0,56228.1,18.6,1.0,0.0,1.0,3207.8,Ostrava - mesto,north Moravia,323870,0,0,0,1,1,100.0,10673,4.75,5.44,100,18782,18347
7465,0,1,POPLATEK TYDNE,377,19,7412.768421052632,11032.130101211573,22491.284210526315,600.0,12642.6,3.8,0.0,0.0,5.0,8130.6,Hl.m. Praha,Prague,1204953,0,0,0,1,1,100.0,12541,0.29,0.43,167,85677,99107
1362,0,1,POPLATEK MESICNE,377,28,5511.871428571429,9378.270397903361,28844.68928571429,1000.0,17732.5,5.6,0.0,0.0,0.0,0.0,Hl.m. Praha,Prague,1204953,0,0,0,1,1,100.0,12541,0.29,0.43,167,85677,99107
3182,1,6,POPLATEK MESICNE,376,55,7716.954545454545,7783.495074641579,37829.994545454545,200.0,28588.9,11.0,0.0,0.0,1.0,6455.0,Kutna Hora,central Bohemia,77963,60,23,4,2,4,51.5,8546,2.95,4.02,126,2640,3120
765,0,12,POPLATEK MESICNE,376,53,1998.120754716981,4424.0091547477305,35107.99433962264,400.0,43337.7,10.6,0.0,0.0,0.0,0.0,Pribram,central Bohemia,107870,84,29,6,1,6,58.0,8754,3.83,4.31,137,3804,3868
3412,0,31,POPLATEK MESICNE,376,56,2224.576785714286,2484.796543270958,16404.476785714283,400.0,14300.6,11.2,0.0,0.0,2.0,1703.0,Tachov,west Bohemia,51313,34,12,3,1,4,59.2,8930,3.52,4.20,108,1328,1452
2610,0,54,POPLATEK MESICNE,376,52,2862.675,2857.4408004692377,23099.098076923077,300.0,17968.0,10.4,0.0,0.0,1.0,1842.0,Brno - mesto,south Moravia,387570,0,0,0,1,1,100.0,9897,1.60,1.96,140,18721,18696
4454,0,63,POPLATEK MESICNE,375,52,4555.6019230769225,5123.417241565701,41212.94423076923,1100.0,58512.3,10.4,0.0,0.0,0.0,0.0,Vyskov,south Moravia,86513,38,36,5,1,5,50.5,8288,3.79,4.52,110,1562,1460
595,0,20,POPLATEK MESICNE,375,69,11111.363768115942,12853.244445011806,49262.39565217391,200.0,28925.9,13.8,0.0,0.0,1.0,4702.0,Strakonice,south Bohemia,70646,94,14,3,1,4,58.4,8547,2.65,3.64,120,1563,1542
1391,0,15,POPLATEK MESICNE,375,59,6721.137288135593,7269.672099252798,39746.53559322034,600.0,29945.3,11.8,0.0,0.0,1.0,3053.0,Cesky Krumlov,south Bohemia,58796,22,16,7,1,5,51.9,9045,3.13,3.60,124,1845,1879
3438,1,35,POPLATEK MESICNE,375,45,2525.746666666667,2322.630665822309,22097.27111111111,1000.0,21947.0,9.0,0.0,0.0,1.0,2857.0,Jablonec n. Nisou,north Bohemia,88768,10,18,5,1,7,80.5,8867,1.02,1.21,130,3384,3620
1553,0,59,POPLATEK MESICNE,375,51,3203.135294117647,7007.695177355348,28761.994117647057,1000.0,25526.3,10.2,0.0,0.0,0.0,0.0,Kromeriz,south Moravia,108871,41,29,7,2,6,62.1,8444,3.24,3.47,106,2595,2305
10645,0,2,POPLATEK MESICNE,375,74,16818.777027027027,20549.367671913715,66128.08648648649,500.0,43034.4,14.8,1.0,0.0,2.0,9527.0,Benesov,central Bohemia,88884,80,26,6,2,5,46.7,8507,1.67,1.85,132,2159,2674
2531,0,51,POPLATEK MESICNE,375,50,2510.422,2527.4252837653435,26141.516,200.0,27886.2,10.0,0.0,0.0,1.0,1614.0,Trutnov,east Bohemia,121947,37,28,7,3,11,70.5,8541,2.51,2.97,131,3496,3839
1081,0,64,POPLATEK MESICNE,375,44,2090.4863636363634,1922.3495835058393,22278.21363636364,800.0,19346.5,8.8,0.0,0.0,1.0,2484.0,Zlin,south Moravia,197099,29,41,10,2,10,74.7,9624,1.60,2.31,145,4484,4265
2441,0,47,POPLATEK MESICNE,374,73,6017.553424657534,7662.118711178357,49739.04520547945,200.0,42558.3,14.6,0.0,0.0,3.0,5994.0,Pardubice,east Bohemia,162580,83,26,5,1,6,72.8,9538,1.51,1.81,111,6079,5410
193,0,69,POPLATEK MESICNE,374,57,4829.573684210526,4777.192489076399,27041.528070175442,300.0,25146.6,11.4,0.0,0.0,1.0,7110.0,Jesenik,north Moravia,42821,4,13,5,1,3,48.4,8173,?,7.01,124,?,1358
3390,0,12,POPLATEK TYDNE,374,91,5424.787912087912,7977.542891807604,49906.29010989011,1100.0,44971.4,18.2,1.0,0.0,5.0,6904.5,Pribram,central Bohemia,107870,84,29,6,1,6,58.0,8754,3.83,4.31,137,3804,3868
3393,1,4,POPLATEK MESICNE,374,54,5648.659259259259,5881.142383267996,23406.140740740742,800.0,20711.9,10.8,0.0,0.0,1.0,7993.0,Kladno,central Bohemia,149893,63,29,6,2,6,67.4,9753,4.64,5.05,109,5244,5892
440,0,29,POPLATEK MESICNE,374,64,6462.5046875,7140.723660615866,26194.2984375,500.0,26471.2,12.8,1.0,0.0,2.0,7581.0,Rokycany,west Bohemia,45714,52,10,5,1,6,55.6,8843,2.82,3.60,113,818,888
2356,1,34,POPLATEK TYDNE,373,59,11774.069491525423,13704.700477174,52690.333898305085,300.0,24664.0,11.8,0.0,0.0,0.0,0.0,Chomutov,north Bohemia,125236,28,11,1,4,5,87.7,9675,6.43,7.68,100,5323,5190
333,0,73,POPLATEK MESICNE,373,56,1010.6839285714286,1179.7624396888762,16343.517857142857,700.0,17840.6,11.2,0.0,1.0,3.0,1998.0,Opava,north Moravia,182027,17,49,12,2,7,56.4,8746,3.33,3.74,90,4355,4433
1884,0,54,POPLATEK MESICNE,372,49,4819.065306122449,4992.300363290747,25833.65102040816,800.0,25915.3,9.8,0.0,0.0,0.0,0.0,Brno - mesto,south Moravia,387570,0,0,0,1,1,100.0,9897,1.60,1.96,140,18721,18696
434,0,1,POPLATEK MESICNE,372,63,4458.920634920635,4655.447597938138,17970.96507936508,400.0,14451.0,12.6,0.0,1.0,2.0,7303.0,Hl.m. Praha,Prague,1204953,0,0,0,1,1,100.0,12541,0.29,0.43,167,85677,99107
2875,0,19,POPLATEK MESICNE,372,51,8333.707843137254,8764.92560522548,40093.99607843137,800.0,43185.5,10.2,0.0,0.0,0.0,0.0,Prachatice,south Bohemia,51428,50,11,3,1,4,52.7,8402,3.13,3.98,120,999,1099
2532,0,38,POPLATEK MESICNE,372,59,21058.647457627118,21819.95634469981,56550.15254237288,500.0,36849.1,11.8,0.0,1.0,1.0,12133.0,Louny,north Bohemia,85852,41,23,4,2,4,59.8,8965,7.08,8.23,104,2653,2822
3029,0,42,POPLATEK MESICNE,372,48,2658.5520833333335,3001.412702484259,19540.541666666668,700.0,18652.7,9.6,0.0,0.0,1.0,1514.0,Havlickuv Brod,east Bohemia,95907,87,25,5,2,7,59.1,8388,2.41,2.94,87,1658,1668
2699,0,73,POPLATEK MESICNE,371,77,14729.716883116882,18143.756173822054,60259.94285714285,300.0,39458.5,15.4,1.0,0.0,3.0,9221.0,Opava,north Moravia,182027,17,49,12,2,7,56.4,8746,3.33,3.74,90,4355,4433
935,0,23,POPLATEK MESICNE,371,42,1441.5904761904762,1384.633288919898,16344.566666666668,500.0,17785.2,8.4,0.0,0.0,1.0,2118.0,Cheb,west Bohemia,87419,21,11,4,3,9,85.5,8624,1.79,2.66,102,2879,3198
2777,0,62,POPLATEK MESICNE,371,12,2750.0,2978.5597495800184,19366.666666666668,700.0,28600.0,2.4,0.0,0.0,0.0,0.0,Uherske Hradiste,south Moravia,145688,22,41,13,2,5,40.7,8544,1.29,1.86,109,2719,2906
1659,0,46,POPLATEK MESICNE,371,41,2759.8731707317074,2886.3732756717723,21924.956097560975,400.0,30377.2,8.2,0.0,0.0,1.0,2806.0,Nachod,east Bohemia,112709,48,20,7,3,10,73.5,8369,1.79,2.31,117,2854,2618
252,0,19,POPLATEK MESICNE,370,45,2243.6444444444446,2363.6186259396604,31522.62,1000.0,42293.0,9.0,0.0,0.0,1.0,1767.0,Prachatice,south Bohemia,51428,50,11,3,1,4,52.7,8402,3.13,3.98,120,999,1099
7045,0,51,POPLATEK MESICNE,370,62,14101.270967741935,15549.198583548243,63542.50806451613,400.0,70579.5,12.4,1.0,0.0,1.0,6015.3,Trutnov,east Bohemia,121947,37,28,7,3,11,70.5,8541,2.51,2.97,131,3496,3839
3941,0,7,POPLATEK MESICNE,370,48,1218.90625,1243.5583067554703,15528.574999999999,300.0,19104.4,9.6,0.0,0.0,2.0,2109.0,Melnik,central Bohemia,94725,38,28,1,3,6,63.4,9920,2.26,2.87,130,4289,4846
2761,1,1,POPLATEK MESICNE,370,56,8025.3267857142855,8320.77144180298,32639.551785714288,900.0,26067.2,11.2,0.0,0.0,1.0,6238.0,Hl.m. Praha,Prague,1204953,0,0,0,1,1,100.0,12541,0.29,0.43,167,85677,99107
7966,0,54,POPLATEK MESICNE,369,69,7604.489855072465,11861.452681953382,43541.48985507246,500.0,12298.2,13.8,1.0,0.0,1.0,7887.7,Brno - mesto,south Moravia,387570,0,0,0,1,1,100.0,9897,1.60,1.96,140,18721,18696
2408,0,26,POPLATEK MESICNE,369,66,5680.774242424242,6938.476488046384,39943.087878787876,600.0,46592.1,13.2,0.0,0.0,2.0,3070.0,Plzen - mesto,west Bohemia,170449,0,0,0,1,1,100.0,10787,2.64,3.09,131,6041,6261
592,0,23,POPLATEK MESICNE,369,56,2236.1535714285715,2517.4479256121326,19719.701785714286,300.0,14933.5,11.2,0.0,1.0,2.0,1608.0,Cheb,west Bohemia,87419,21,11,4,3,9,85.5,8624,1.79,2.66,102,2879,3198
1195,0,42,POPLATEK MESICNE,369,51,2345.9039215686275,2718.061733070887,26494.390196078428,800.0,33040.0,10.2,0.0,0.0,2.0,2343.0,Havlickuv Brod,east Bohemia,95907,87,25,5,2,7,59.1,8388,2.41,2.94,87,1658,1668
2261,0,1,POPLATEK TYDNE,369,36,8498.619444444445,10881.495588982227,27379.669444444444,200.0,19248.1,7.2,0.0,0.0,0.0,0.0,Hl.m. Praha,Prague,1204953,0,0,0,1,1,100.0,12541,0.29,0.43,167,85677,99107
8341,0,64,POPLATEK MESICNE,369,70,12164.572857142857,16407.807303328667,30132.207142857143,-2616.7,22121.0,14.0,0.0,0.0,1.0,1303.2,Zlin,south Moravia,197099,29,41,10,2,10,74.7,9624,1.60,2.31,145,4484,4265
6706,0,38,POPLATEK MESICNE,368,79,4016.6025316455693,5453.157881353506,45327.07974683544,200.0,50121.9,15.8,1.0,0.0,4.0,4549.0,Louny,north Bohemia,85852,41,23,4,2,4,59.8,8965,7.08,8.23,104,2653,2822
2507,0,62,POPLATEK MESICNE,368,57,3192.6508771929825,3165.876644510671,23368.424561403506,700.0,32266.0,11.4,0.0,0.0,1.0,4556.0,Uherske Hradiste,south Moravia,145688,22,41,13,2,5,40.7,8544,1.29,1.86,109,2719,2906
3387,0,25,POPLATEK TYDNE,368,56,15060.07142857143,16194.791662683228,57406.701785714286,500.0,39462.0,11.2,0.0,1.0,0.0,0.0,Klatovy,west Bohemia,88757,60,33,3,2,10,61.7,8554,2.47,2.68,113,1822,2218
3991,0,1,POPLATEK MESICNE,368,51,2907.180392156863,2975.2589264142784,21008.225490196077,300.0,20529.2,10.2,0.0,0.0,1.0,1937.0,Hl.m. Praha,Prague,1204953,0,0,0,1,1,100.0,12541,0.29,0.43,167,85677,99107
1056,1,1,POPLATEK TYDNE,368,56,11824.475,13229.058269613079,41079.612499999996,1100.0,13806.5,11.2,0.0,1.0,2.0,8223.7,Hl.m. Praha,Prague,1204953,0,0,0,1,1,100.0,12541,0.29,0.43,167,85677,99107
2852,0,70,POPLATEK MESICNE,367,13,3238.4615384615386,3313.4922316539037,27584.615384615383,1000.0,30700.0,2.6,0.0,0.0,0.0,0.0,Karvina,north Moravia,285387,0,2,8,5,7,89.9,10177,6.63,7.75,81,9878,10108
3043,0,1,POPLATEK MESICNE,367,44,2002.515909090909,1832.4807282775052,14759.638636363636,800.0,14108.9,8.8,0.0,0.0,1.0,2768.0,Hl.m. Praha,Prague,1204953,0,0,0,1,1,100.0,12541,0.29,0.43,167,85677,99107
10404,0,1,POPLATEK MESICNE,366,89,6806.033707865168,9903.133913231524,49275.89101123595,300.0,39311.2,17.8,1.0,0.0,5.0,7595.0,Hl.m. Praha,Prague,1204953,0,0,0,1,1,100.0,12541,0.29,0.43,167,85677,99107
528,0,17,POPLATEK MESICNE,366,43,2159.1720930232555,2001.6771137658757,18155.172093023255,300.0,18574.7,8.6,0.0,1.0,1.0,2916.0,Pelhrimov,south Bohemia,74062,99,15,4,2,7,61.4,8114,2.38,2.62,119,1003,1181
9424,0,54,POPLATEK MESICNE,366,60,5922.203333333334,6292.913917484495,26904.635000000002,500.0,22517.1,12.0,1.0,0.0,1.0,2322.7,Brno - mesto,south Moravia,387570,0,0,0,1,1,100.0,9897,1.60,1.96,140,18721,18696
3190,0,1,POPLATEK MESICNE,366,58,4331.0,5013.582263789982,33117.394827586206,1000.0,39694.5,11.6,0.0,0.0,1.0,3085.0,Hl.m. Praha,Prague,1204953,0,0,0,1,1,100.0,12541,0.29,0.43,167,85677,99107
1390,0,69,POPLATEK MESICNE,366,68,4222.166176470588,4488.146323758369,24681.004411764705,400.0,22145.5,13.6,0.0,1.0,2.0,7158.0,Jesenik,north Moravia,42821,4,13,5,1,3,48.4,8173,?,7.01,124,?,1358
1988,0,72,POPLATEK MESICNE,366,58,2141.4896551724137,2404.3006697202877,23511.186206896553,300.0,27156.8,11.6,0.0,0.0,1.0,2671.0,Olomouc,north Moravia,226122,32,50,7,4,4,62.6,8994,3.80,4.79,110,9672,9208
2362,0,16,POPLATEK MESICNE,366,43,1479.379069767442,1433.7804740910751,16852.772093023254,700.0,20248.1,8.6,0.0,0.0,1.0,2259.0,Jindrichuv Hradec,south Bohemia,93931,74,21,10,1,8,56.9,8427,1.12,1.54,107,1874,1913
2064,0,54,POPLATEK MESICNE,366,60,5912.225,6299.22239988895,27148.33,500.0,23118.4,12.0,1.0,0.0,1.0,2322.7,Brno - mesto,south Moravia,387570,0,0,0,1,1,100.0,9897,1.60,1.96,140,18721,18696
2689,0,70,POPLATEK MESICNE,364,66,7223.887878787878,8568.223677277036,49369.19090909091,1100.0,53975.0,13.2,0.0,0.0,2.0,4848.0,Karvina,north Moravia,285387,0,2,8,5,7,89.9,10177,6.63,7.75,81,9878,10108
9730,0,54,POPLATEK MESICNE,364,75,3609.9546666666665,4260.882167360807,28049.181333333334,900.0,17128.8,15.0,1.0,0.0,3.0,6956.0,Brno - mesto,south Moravia,387570,0,0,0,1,1,100.0,9897,1.60,1.96,140,18721,18696
1387,0,67,POPLATEK MESICNE,364,22,1802.3772727272728,3336.150844187529,24451.91818181818,1100.0,31652.5,4.4,0.0,0.0,0.0,0.0,Bruntal,north Moravia,106054,38,25,6,2,6,63.1,8110,5.77,6.55,109,3244,3079
2637,0,70,POPLATEK MESICNE,364,57,7528.457894736842,8209.451343942093,33730.354385964914,500.0,40772.4,11.4,0.0,0.0,1.0,5194.0,Karvina,north Moravia,285387,0,2,8,5,7,89.9,10177,6.63,7.75,81,9878,10108
1221,1,45,POPLATEK MESICNE,363,55,17464.12,16601.430023750407,55872.85272727272,1000.0,20693.8,11.0,0.0,0.0,1.0,3213.4,Jicin,east Bohemia,77917,85,19,6,1,5,53.5,8390,2.28,2.89,132,2080,2122
1860,0,70,POPLATEK MESICNE,363,44,1345.6954545454546,1401.2415463229916,16437.147727272728,600.0,21396.7,8.8,0.0,0.0,1.0,2170.0,Karvina,north Moravia,285387,0,2,8,5,7,89.9,10177,6.63,7.75,81,9878,10108
3540,0,18,POPLATEK MESICNE,362,56,1860.0107142857144,1886.7031783393606,26866.360714285714,600.0,33131.5,11.2,0.0,0.0,1.0,2565.0,Pisek,south Bohemia,70699,60,13,2,1,4,65.3,8968,2.83,3.35,131,1740,1910
263,1,64,POPLATEK TYDNE,362,86,13045.048837209302,13521.835647710872,70622.48372093023,1100.0,69134.2,17.2,0.0,0.0,1.0,6145.0,Zlin,south Moravia,197099,29,41,10,2,10,74.7,9624,1.60,2.31,145,4484,4265
4660,0,63,POPLATEK MESICNE,362,86,9118.111627906976,12627.925664619554,45145.5488372093,58.3,43604.6,17.2,1.0,1.0,4.0,7489.0,Vyskov,south Moravia,86513,38,36,5,1,5,50.5,8288,3.79,4.52,110,1562,1460
294,0,7,POPLATEK MESICNE,360,75,4699.194666666666,6140.4443512707,54401.306666666664,700.0,46413.0,15.0,0.0,0.0,4.0,6573.0,Melnik,central Bohemia,94725,38,28,1,3,6,63.4,9920,2.26,2.87,130,4289,4846
4354,0,38,POPLATEK MESICNE,357,62,13310.101612903227,14749.564585954502,58241.37741935484,1000.0,22513.8,12.4,1.0,0.0,2.0,18217.3,Louny,north Bohemia,85852,41,23,4,2,4,59.8,8965,7.08,8.23,104,2653,2822
3639,0,4,POPLATEK MESICNE,357,43,2262.539534883721,2099.0235302498722,18470.02093023256,200.0,15267.4,8.6,0.0,0.0,1.0,3358.0,Kladno,central Bohemia,149893,63,29,6,2,6,67.4,9753,4.64,5.05,109,5244,5892
1677,0,69,POPLATEK MESICNE,357,57,3881.2912280701757,3802.6748459040878,29700.10350877193,1100.0,29280.0,11.4,0.0,0.0,1.0,5530.0,Jesenik,north Moravia,42821,4,13,5,1,3,48.4,8173,?,7.01,124,?,1358
2653,0,66,POPLATEK MESICNE,357,62,8681.285483870966,9819.87407654976,50837.856451612904,200.0,67326.3,12.4,0.0,0.0,2.0,8590.0,Zdar nad Sazavou,south Moravia,125832,151,41,2,3,5,48.3,8512,3.51,4.12,102,2247,2103
3870,0,38,POPLATEK MESICNE,357,51,2263.429411764706,2266.642546348596,18869.176470588234,800.0,19873.2,10.2,0.0,0.0,1.0,3673.0,Louny,north Bohemia,85852,41,23,4,2,4,59.8,8965,7.08,8.23,104,2653,2822
17,0,1,POPLATEK MESICNE,357,19,9420.38947368421,14157.100545030584,37560.09473684211,700.0,52587.4,3.8,0.0,0.0,1.0,4032.0,Hl.m. Praha,Prague,1204953,0,0,0,1,1,100.0,12541,0.29,0.43,167,85677,99107
537,0,34,POPLATEK MESICNE,357,45,2420.7599999999998,3067.0187797984486,26520.85111111111,500.0,40128.5,9.0,0.0,1.0,1.0,1848.0,Chomutov,north Bohemia,125236,28,11,1,4,5,87.7,9675,6.43,7.68,100,5323,5190
10493,0,12,POPLATEK MESICNE,356,72,9447.561111111112,12664.447814194915,42994.024999999994,300.0,30413.3,14.4,1.0,0.0,3.0,15011.3,Pribram,central Bohemia,107870,84,29,6,1,6,58.0,8754,3.83,4.31,137,3804,3868
2964,0,72,POPLATEK MESICNE,356,43,1883.793023255814,2096.0841743361707,17638.03953488372,300.0,26559.9,8.6,0.0,0.0,1.0,2306.0,Olomouc,north Moravia,226122,32,50,7,4,4,62.6,8994,3.80,4.79,110,9672,9208
752,0,23,POPLATEK MESICNE,355,56,5049.4875,5367.9797827848015,18884.457142857143,700.0,9483.3,11.2,0.0,0.0,2.0,5707.0,Cheb,west Bohemia,87419,21,11,4,3,9,85.5,8624,1.79,2.66,102,2879,3198
6064,1,49,POPLATEK MESICNE,354,45,3191.96,3142.3579715788997,21189.224444444444,900.0,16848.4,9.0,0.0,0.0,0.0,0.0,Semily,east Bohemia,75685,31,28,5,1,9,60.8,8208,1.89,2.26,155,1660,2123
2981,1,46,POPLATEK MESICNE,354,55,1587.1254545454544,1637.3812436686346,20961.258181818182,600.0,25090.2,11.0,0.0,0.0,1.0,2022.0,Nachod,east Bohemia,112709,48,20,7,3,10,73.5,8369,1.79,2.31,117,2854,2618
3527,0,44,POPLATEK MESICNE,354,56,10080.457142857142,11272.07406103254,54253.357142857145,200.0,81570.5,11.2,0.0,0.0,1.0,3414.0,Chrudim,east Bohemia,105606,77,26,7,2,7,53.0,8254,2.79,3.76,97,2166,2325
3005,0,42,POPLATEK PO OBRATU,354,12,3408.3333333333335,3710.7848553135286,17075.0,600.0,19700.0,2.4,1.0,0.0,3.0,22704.3,Havlickuv Brod,east Bohemia,95907,87,25,5,2,7,59.1,8388,2.41,2.94,87,1658,1668
11244,1,33,POPLATEK MESICNE,353,92,13347.003260869566,12022.1784529238,53922.181521739134,200.0,102947.0,18.4,1.0,0.0,2.0,18644.5,Decin,north Bohemia,133777,24,17,7,3,11,84.7,8705,5.75,7.61,116,4650,4859
3470,0,8,POPLATEK MESICNE,353,37,2337.1432432432434,2259.127881327038,28821.391891891893,700.0,35965.8,7.4,0.0,0.0,1.0,2492.0,Mlada Boleslav,central Bohemia,112065,95,19,7,1,8,69.4,11277,1.25,1.44,127,5179,4987
3110,0,48,POPLATEK MESICNE,353,52,4982.286538461538,11963.92479627784,32586.653846153848,1000.0,25545.3,10.4,0.0,0.0,0.0,0.0,Rychnov nad Kneznou,east Bohemia,78955,50,24,8,1,9,59.0,9060,1.78,2.44,124,1655,1717
2300,1,36,POPLATEK MESICNE,352,12,2350.0,3188.7586641484518,16900.0,500.0,17200.0,2.4,0.0,0.0,0.0,0.0,Liberec,north Bohemia,159617,29,19,8,1,9,85.2,9198,3.33,4.28,131,5796,6132
10148,0,34,POPLATEK MESICNE,352,67,4462.2940298507465,5237.9301379422595,44256.81641791045,700.0,44575.2,13.4,1.0,0.0,3.0,7913.0,Chomutov,north Bohemia,125236,28,11,1,4,5,87.7,9675,6.43,7.68,100,5323,5190
1707,0,75,POPLATEK MESICNE,352,51,5759.103921568627,5803.968971176907,19011.719607843137,1000.0,8304.4,10.2,0.0,1.0,2.0,9026.9,Prerov,north Moravia,138032,67,30,4,2,5,64.6,8819,5.38,5.66,99,4063,4505
512,0,68,POPLATEK MESICNE,351,52,9344.553846153845,9899.360984693863,41390.675,800.0,44138.8,10.4,0.0,0.0,1.0,9449.0,Frydek - Mistek,north Moravia,228848,15,40,18,2,6,57.2,9893,4.09,4.72,96,5623,5887
9031,1,47,POPLATEK MESICNE,350,85,5913.201176470588,11447.317564197903,43676.30588235294,900.0,78919.0,17.0,1.0,0.0,4.0,7106.0,Pardubice,east Bohemia,162580,83,26,5,1,6,72.8,9538,1.51,1.81,111,6079,5410
3375,0,9,POPLATEK MESICNE,350,45,5177.742222222222,6387.856833743541,33925.26666666667,800.0,61393.9,9.0,0.0,0.0,0.0,0.0,Nymburk,central Bohemia,81344,61,23,4,2,6,55.3,8899,3.39,3.97,149,2987,2487
2571,0,61,POPLATEK MESICNE,350,56,19015.944642857143,20145.69470324452,63724.33571428571,700.0,69311.0,11.2,0.0,0.0,0.0,0.0,Trebic,south Moravia,117897,139,28,5,1,6,53.8,8814,4.76,5.74,107,2112,2059
3304,0,36,POPLATEK MESICNE,349,53,4688.273584905661,5120.17921971303,32018.064150943395,800.0,31328.7,10.6,0.0,0.0,1.0,4660.0,Liberec,north Bohemia,159617,29,19,8,1,9,85.2,9198,3.33,4.28,131,5796,6132
3908,1,13,POPLATEK MESICNE,349,46,1798.7739130434784,1860.779423483585,23419.667391304345,700.0,25783.1,9.2,0.0,0.0,2.0,2638.0,Rakovnik,central Bohemia,53921,61,22,1,1,2,41.3,8598,2.77,3.26,123,1597,1875
9549,0,4,POPLATEK MESICNE,348,79,12943.125316455697,15633.468642163347,57085.626582278484,-1298.3,35290.1,15.8,0.0,0.0,0.0,0.0,Kladno,central Bohemia,149893,63,29,6,2,6,67.4,9753,4.64,5.05,109,5244,5892
4534,0,63,POPLATEK MESICNE,347,25,4444.224,8175.606475479357,32814.616,600.0,28505.3,5.0,0.0,1.0,0.0,0.0,Vyskov,south Moravia,86513,38,36,5,1,5,50.5,8288,3.79,4.52,110,1562,1460
872,0,27,POPLATEK MESICNE,347,49,2152.5183673469387,2360.921896268619,32722.20612244898,800.0,35804.9,9.8,0.0,0.0,1.0,2762.0,Plzen - jih,west Bohemia,67298,71,19,10,0,7,43.8,8561,0.65,1.29,110,1029,1127
2854,0,1,POPLATEK MESICNE,347,52,8423.128846153846,9331.956372075903,55070.44038461538,500.0,56608.7,10.4,0.0,0.0,1.0,4186.0,Hl.m. Praha,Prague,1204953,0,0,0,1,1,100.0,12541,0.29,0.43,167,85677,99107
2696,0,1,POPLATEK MESICNE,346,38,2302.6026315789472,2087.4544865065036,17574.718421052632,600.0,17534.4,7.6,0.0,0.0,1.0,3115.0,Hl.m. Praha,Prague,1204953,0,0,0,1,1,100.0,12541,0.29,0.43,167,85677,99107
1214,0,39,POPLATEK MESICNE,346,52,6884.713461538461,7411.717486204222,37519.57692307692,500.0,46449.2,10.4,0.0,0.0,1.0,4469.0,Most,north Bohemia,119895,17,4,3,2,4,89.9,10446,7.34,9.40,90,4947,4743
1262,0,29,POPLATEK MESICNE,346,40,3191.945,3279.460980565447,24223.61,400.0,22975.8,8.0,0.0,0.0,1.0,2821.0,Rokycany,west Bohemia,45714,52,10,5,1,6,55.6,8843,2.82,3.60,113,818,888
8320,0,51,POPLATEK MESICNE,346,71,10262.111267605635,12884.159076151831,36104.11408450704,1100.0,20960.9,14.2,1.0,0.0,2.0,14266.2,Trutnov,east Bohemia,121947,37,28,7,3,11,70.5,8541,2.51,2.97,131,3496,3839
3910,0,10,POPLATEK MESICNE,346,38,2353.9236842105265,2148.8529981835136,15875.263157894737,1000.0,12562.9,7.6,0.0,0.0,1.0,2673.0,Praha - vychod,central Bohemia,92084,55,29,4,3,5,46.7,10124,0.56,0.54,141,3810,4316
364,0,1,POPLATEK MESICNE,345,37,1469.2783783783784,1440.7396970027305,18048.27027027027,1100.0,22166.9,7.4,0.0,0.0,1.0,2221.0,Hl.m. Praha,Prague,1204953,0,0,0,1,1,100.0,12541,0.29,0.43,167,85677,99107
480,0,23,POPLATEK MESICNE,344,55,9950.014545454545,11420.236486369244,44982.58909090909,500.0,41203.0,11.0,0.0,0.0,2.0,5514.0,Cheb,west Bohemia,87419,21,11,4,3,9,85.5,8624,1.79,2.66,102,2879,3198
2535,1,61,POPLATEK MESICNE,344,68,5044.744117647058,6575.2389153660415,38239.40588235294,1100.0,32628.8,13.6,0.0,0.0,3.0,4516.0,Trebic,south Moravia,117897,139,28,5,1,6,53.8,8814,4.76,5.74,107,2112,2059
9179,0,28,POPLATEK MESICNE,344,67,7231.707462686568,9174.944099661489,38493.50895522388,1000.0,38517.7,13.4,1.0,0.0,1.0,3583.7,Plzen - sever,west Bohemia,72541,66,26,10,0,8,36.9,8594,1.62,2.01,112,1580,1525
2299,1,1,POPLATEK MESICNE,344,45,4214.517777777777,4856.926205818621,24111.82222222222,1000.0,23663.4,9.0,0.0,1.0,0.0,0.0,Hl.m. Praha,Prague,1204953,0,0,0,1,1,100.0,12541,0.29,0.43,167,85677,99107
6138,0,54,POPLATEK MESICNE,343,53,7605.556603773585,7905.0898338570305,23239.44528301887,200.0,14452.8,10.6,1.0,0.0,2.0,13686.3,Brno - mesto,south Moravia,387570,0,0,0,1,1,100.0,9897,1.60,1.96,140,18721,18696
1840,0,21,POPLATEK MESICNE,343,46,4460.910869565218,5266.973386858835,24406.09347826087,900.0,23212.0,9.2,0.0,0.0,0.0,0.0,Tabor,south Bohemia,103347,87,16,7,1,7,67.0,9104,1.51,2.07,123,2299,2354
3471,0,63,POPLATEK MESICNE,343,61,7868.336065573771,9390.569155878908,50266.785245901636,400.0,54596.1,12.2,0.0,0.0,2.0,6292.0,Vyskov,south Moravia,86513,38,36,5,1,5,50.5,8288,3.79,4.52,110,1562,1460
1651,0,34,POPLATEK MESICNE,342,26,2741.4538461538464,5278.7621821204075,35535.93461538462,900.0,51677.7,5.2,0.0,0.0,1.0,1581.7,Chomutov,north Bohemia,125236,28,11,1,4,5,87.7,9675,6.43,7.68,100,5323,5190
320,0,47,POPLATEK MESICNE,342,63,2064.131746031746,3847.3466609208117,25371.285714285714,800.0,28277.5,12.6,0.0,0.0,0.0,0.0,Pardubice,east Bohemia,162580,83,26,5,1,6,72.8,9538,1.51,1.81,111,6079,5410
3961,0,52,POPLATEK MESICNE,341,38,1629.1394736842105,1507.5031050193427,14500.418421052633,700.0,16551.5,7.6,0.0,0.0,1.0,2309.0,Usti nad Orlici,east Bohemia,139012,59,41,8,3,10,61.9,8363,2.52,3.49,108,2564,2799
3379,0,63,POPLATEK MESICNE,341,44,7278.938636363636,7477.3407675181425,37169.29318181818,600.0,37668.8,8.8,0.0,0.0,0.0,0.0,Vyskov,south Moravia,86513,38,36,5,1,5,50.5,8288,3.79,4.52,110,1562,1460
4052,0,36,POPLATEK TYDNE,340,54,8159.085185185186,10251.661844304319,36635.92592592593,900.0,51314.5,10.8,1.0,0.0,1.0,2948.0,Liberec,north Bohemia,159617,29,19,8,1,9,85.2,9198,3.33,4.28,131,5796,6132
3964,0,25,POPLATEK MESICNE,340,38,1563.307894736842,1444.5556684064404,12796.021052631579,800.0,13783.9,7.6,0.0,0.0,1.0,2146.0,Klatovy,west Bohemia,88757,60,33,3,2,10,61.7,8554,2.47,2.68,113,1822,2218
3681,0,70,POPLATEK MESICNE,340,52,8338.521153846154,10292.356083289675,40719.463461538464,400.0,49609.3,10.4,0.0,0.0,1.0,7797.0,Karvina,north Moravia,285387,0,2,8,5,7,89.9,10177,6.63,7.75,81,9878,10108
2229,0,1,POPLATEK MESICNE,338,55,6366.16909090909,7096.965948020343,31994.89272727273,1000.0,35479.4,11.0,0.0,0.0,1.0,9605.0,Hl.m. Praha,Prague,1204953,0,0,0,1,1,100.0,12541,0.29,0.43,167,85677,99107
8742,1,70,POPLATEK MESICNE,337,82,4387.884146341464,6927.603908385202,30758.61463414634,900.0,27622.3,16.4,1.0,0.0,4.0,9154.0,Karvina,north Moravia,285387,0,2,8,5,7,89.9,10177,6.63,7.75,81,9878,10108
52,1,16,POPLATEK MESICNE,336,58,10021.187931034483,12634.773579863358,48923.22068965517,900.0,37365.1,11.6,0.0,0.0,2.0,4283.0,Jindrichuv Hradec,south Bohemia,93931,74,21,10,1,8,56.9,8427,1.12,1.54,107,1874,1913
1853,0,7,POPLATEK MESICNE,336,62,2634.2725806451613,5351.520570772366,33967.52741935484,800.0,27576.7,12.4,0.0,0.0,0.0,0.0,Melnik,central Bohemia,94725,38,28,1,3,6,63.4,9920,2.26,2.87,130,4289,4846
3861,0,2,POPLATEK MESICNE,335,53,10189.33396226415,11055.105421703505,54811.47358490566,700.0,59372.1,10.6,0.0,0.0,1.0,4227.0,Benesov,central Bohemia,88884,80,26,6,2,5,46.7,8507,1.67,1.85,132,2159,2674
3067,0,46,POPLATEK MESICNE,335,58,2654.2310344827583,2525.7543995982937,20553.212068965517,800.0,18225.0,11.6,0.0,0.0,2.0,3934.0,Nachod,east Bohemia,112709,48,20,7,3,10,73.5,8369,1.79,2.31,117,2854,2618
3659,0,54,POPLATEK MESICNE,333,68,3676.994117647059,4574.997634315752,37196.200000000004,900.0,41463.2,13.6,0.0,0.0,4.0,7694.0,Brno - mesto,south Moravia,387570,0,0,0,1,1,100.0,9897,1.60,1.96,140,18721,18696
1356,1,39,POPLATEK MESICNE,333,45,2477.9622222222224,3021.0388362500926,25709.722222222223,1000.0,29103.9,9.0,0.0,0.0,0.0,0.0,Most,north Bohemia,119895,17,4,3,2,4,89.9,10446,7.34,9.40,90,4947,4743
1656,0,47,POPLATEK MESICNE,333,60,9143.715,10096.130766512335,38238.70333333334,500.0,42090.4,12.0,1.0,0.0,2.0,16067.3,Pardubice,east Bohemia,162580,83,26,5,1,6,72.8,9538,1.51,1.81,111,6079,5410
2103,1,48,POPLATEK MESICNE,333,58,2499.7344827586207,2526.3006135490186,19943.234482758624,1100.0,12420.1,11.6,0.0,0.0,2.0,3693.0,Rychnov nad Kneznou,east Bohemia,78955,50,24,8,1,9,59.0,9060,1.78,2.44,124,1655,1717
1854,0,32,POPLATEK MESICNE,332,52,7589.903846153846,8453.526204802292,43685.94807692307,200.0,45598.6,10.4,0.0,0.0,1.0,3948.0,Ceska Lipa,north Bohemia,105058,32,19,7,2,10,81.0,9272,2.80,3.22,118,4340,4505
910,0,1,POPLATEK MESICNE,331,41,2061.0048780487805,2285.8891284302504,22713.048780487807,1100.0,31712.7,8.2,0.0,0.0,1.0,1937.0,Hl.m. Praha,Prague,1204953,0,0,0,1,1,100.0,12541,0.29,0.43,167,85677,99107
3794,0,20,POPLATEK MESICNE,331,54,7997.674074074074,8444.82832049956,43893.444444444445,400.0,35180.7,10.8,0.0,1.0,1.0,4536.0,Strakonice,south Bohemia,70646,94,14,3,1,4,58.4,8547,2.65,3.64,120,1563,1542
3546,0,55,POPLATEK MESICNE,331,55,8716.04,10090.82814342917,62214.045454545456,800.0,71741.7,11.0,0.0,0.0,2.0,6453.0,Brno - venkov,south Moravia,157042,49,70,18,0,9,33.9,8743,1.88,2.43,111,3659,3894
605,0,65,POPLATEK MESICNE,330,49,4933.865306122449,4774.6715461446065,23543.104081632657,600.0,21025.5,9.8,0.0,1.0,1.0,6876.0,Znojmo,south Moravia,114200,101,41,4,1,4,43.7,8403,5.74,5.72,105,2157,2718
3990,1,77,POPLATEK MESICNE,330,74,13703.65,15702.520094054264,59269.46891891892,300.0,69862.6,14.8,0.0,0.0,1.0,10312.0,Vsetin,north Moravia,148545,8,35,12,3,4,53.5,8909,4.01,5.56,113,3460,3590
2021,1,69,POPLATEK MESICNE,329,11,3236.3636363636365,2911.4507474016204,16490.909090909092,900.0,17000.0,2.2,0.0,0.0,0.0,0.0,Jesenik,north Moravia,42821,4,13,5,1,3,48.4,8173,?,7.01,124,?,1358
11231,1,1,POPLATEK MESICNE,329,73,13879.935616438357,17668.47215099988,60232.93972602739,900.0,65809.4,14.6,1.0,0.0,3.0,17452.5,Hl.m. Praha,Prague,1204953,0,0,0,1,1,100.0,12541,0.29,0.43,167,85677,99107
4266,0,54,POPLATEK MESICNE,329,52,7056.678846153846,7352.701800614481,35773.984615384616,300.0,42185.4,10.4,0.0,0.0,2.0,9605.0,Brno - mesto,south Moravia,387570,0,0,0,1,1,100.0,9897,1.60,1.96,140,18721,18696
2455,0,30,POPLATEK MESICNE,328,43,2514.8953488372094,2674.4115512935055,23458.98604651163,200.0,30707.0,8.6,0.0,0.0,1.0,3262.0,Sokolov,west Bohemia,94812,15,13,8,2,10,81.8,9650,3.38,3.67,100,2985,2804
3633,0,18,POPLATEK MESICNE,328,58,4474.627586206896,5525.57208246566,28406.26724137931,200.0,37232.6,11.6,0.0,0.0,2.0,7836.0,Pisek,south Bohemia,70699,60,13,2,1,4,65.3,8968,2.83,3.35,131,1740,1910
4026,0,58,POPLATEK MESICNE,328,58,10073.644827586208,10873.629553757162,55459.127586206894,700.0,51135.6,11.6,0.0,0.0,3.0,14949.4,Jihlava,south Moravia,109164,98,16,6,1,4,63.6,8757,3.38,3.95,96,2212,2471
3620,1,14,POPLATEK MESICNE,328,58,2725.136206896552,5990.011876850196,29590.243103448276,1000.0,24309.6,11.6,0.0,1.0,0.0,0.0,Ceske Budejovice,south Bohemia,177686,69,27,10,1,9,74.8,10045,1.42,1.71,135,6604,6295
4550,0,56,POPLATEK MESICNE,328,72,2593.0402777777776,3383.9308000640995,23168.262499999997,700.0,25813.2,14.4,1.0,0.0,4.0,4166.0,Breclav,south Moravia,124605,11,42,14,1,8,46.0,8772,4.69,4.98,126,2854,3158
1616,0,22,POPLATEK MESICNE,327,50,2040.8039999999999,2050.8183064586983,19523.286,1100.0,20522.3,10.0,0.0,1.0,1.0,2642.0,Domazlice,west Bohemia,58400,65,16,4,1,6,52.4,8620,1.10,1.25,100,1089,1117
1498,0,62,POPLATEK TYDNE,327,33,7353.136363636364,11119.25076193362,39197.503030303036,600.0,20940.4,6.6,1.0,0.0,1.0,2762.8,Uherske Hradiste,south Moravia,145688,22,41,13,2,5,40.7,8544,1.29,1.86,109,2719,2906
598,0,1,POPLATEK MESICNE,326,45,5537.286666666667,5364.740455028386,34400.01111111111,1100.0,24285.4,9.0,0.0,0.0,1.0,7781.0,Hl.m. Praha,Prague,1204953,0,0,0,1,1,100.0,12541,0.29,0.43,167,85677,99107
2262,0,13,POPLATEK MESICNE,326,60,12558.465,15409.40467521982,54195.9,200.0,83044.9,12.0,1.0,0.0,1.0,6395.0,Rakovnik,central Bohemia,53921,61,22,1,1,2,41.3,8598,2.77,3.26,123,1597,1875
2126,0,1,POPLATEK MESICNE,325,52,17774.746153846154,17928.90274194115,76301.63461538461,900.0,70584.2,10.4,0.0,1.0,0.0,0.0,Hl.m. Praha,Prague,1204953,0,0,0,1,1,100.0,12541,0.29,0.43,167,85677,99107
1418,0,35,POPLATEK MESICNE,325,49,4605.900000000001,4760.528362307416,34793.602040816324,900.0,44496.7,9.8,0.0,1.0,1.0,6759.0,Jablonec n. Nisou,north Bohemia,88768,10,18,5,1,7,80.5,8867,1.02,1.21,130,3384,3620
2537,0,27,POPLATEK MESICNE,325,79,16465.482278481013,16736.64384255405,57576.3088607595,400.0,90280.9,15.8,0.0,0.0,1.0,13540.0,Plzen - jih,west Bohemia,67298,71,19,10,0,7,43.8,8561,0.65,1.29,110,1029,1127
159,0,70,POPLATEK MESICNE,323,44,10355.347727272727,10422.242506929615,42123.41590909091,800.0,34146.6,8.8,0.0,0.0,1.0,8694.0,Karvina,north Moravia,285387,0,2,8,5,7,89.9,10177,6.63,7.75,81,9878,10108
11141,0,1,POPLATEK TYDNE,323,66,11093.898484848485,14266.936086603475,57875.29393939394,200.0,34637.2,13.2,1.0,0.0,1.0,3744.7,Hl.m. Praha,Prague,1204953,0,0,0,1,1,100.0,12541,0.29,0.43,167,85677,99107
2477,0,11,POPLATEK MESICNE,323,49,2369.238775510204,2248.921185333122,18852.469387755104,800.0,16256.3,9.8,0.0,0.0,1.0,3096.0,Praha - zapad,central Bohemia,75637,35,36,9,0,7,36.5,9622,0.45,0.59,154,3475,3529
1182,0,8,POPLATEK MESICNE,323,41,8703.751219512194,8657.900829044012,43593.05609756098,700.0,22371.2,8.2,0.0,1.0,1.0,1662.7,Mlada Boleslav,central Bohemia,112065,95,19,7,1,8,69.4,11277,1.25,1.44,127,5179,4987
130,0,54,POPLATEK MESICNE,322,37,2857.6,2788.8691244540923,27742.927027027028,300.0,32780.4,7.4,0.0,1.0,1.0,3969.0,Brno - mesto,south Moravia,387570,0,0,0,1,1,100.0,9897,1.60,1.96,140,18721,18696
828,1,1,POPLATEK MESICNE,322,51,5519.0392156862745,5958.762710935162,38261.54117647059,1000.0,47257.2,10.2,0.0,0.0,1.0,8852.0,Hl.m. Praha,Prague,1204953,0,0,0,1,1,100.0,12541,0.29,0.43,167,85677,99107
2042,0,31,POPLATEK MESICNE,322,42,1353.3285714285714,1315.2753836263792,15212.061904761904,900.0,13727.2,8.4,0.0,0.0,2.0,2266.0,Tachov,west Bohemia,51313,34,12,3,1,4,59.2,8930,3.52,4.20,108,1328,1452
4358,0,5,POPLATEK MESICNE,322,67,19266.64029850746,17802.462922636187,78895.5671641791,300.0,109995.0,13.4,0.0,0.0,1.0,2542.0,Kolin,central Bohemia,95616,65,30,4,1,6,51.4,9307,3.85,4.43,118,2616,3040
3565,0,30,POPLATEK MESICNE,322,59,1544.7203389830509,2131.170230403593,28735.733898305087,300.0,27205.9,11.8,0.0,0.0,3.0,2396.0,Sokolov,west Bohemia,94812,15,13,8,2,10,81.8,9650,3.38,3.67,100,2985,2804
796,0,1,POPLATEK MESICNE,321,20,3535.28,5521.094641520971,27406.420000000002,700.0,31505.5,4.0,0.0,0.0,0.0,0.0,Hl.m. Praha,Prague,1204953,0,0,0,1,1,100.0,12541,0.29,0.43,167,85677,99107
2381,0,1,POPLATEK MESICNE,321,48,7457.602083333334,7838.200010083992,39252.53958333334,600.0,43824.2,9.6,0.0,0.0,1.0,9358.0,Hl.m. Praha,Prague,1204953,0,0,0,1,1,100.0,12541,0.29,0.43,167,85677,99107
1430,1,26,POPLATEK MESICNE,321,10,3390.0,3797.2065755997232,16130.0,800.0,11900.0,2.0,0.0,0.0,1.0,4127.0,Plzen - mesto,west Bohemia,170449,0,0,0,1,1,100.0,10787,2.64,3.09,131,6041,6261
2085,1,25,POPLATEK MESICNE,321,56,3512.151785714286,4055.6832672185765,33558.96964285714,600.0,33955.2,11.2,0.0,0.0,3.0,6474.0,Klatovy,west Bohemia,88757,60,33,3,2,10,61.7,8554,2.47,2.68,113,1822,2218
3059,0,1,POPLATEK MESICNE,319,56,8033.537499999999,10765.36065722856,54864.1,700.0,53677.4,11.2,0.0,0.0,3.0,3720.0,Hl.m. Praha,Prague,1204953,0,0,0,1,1,100.0,12541,0.29,0.43,167,85677,99107
3959,1,1,POPLATEK TYDNE,319,40,8648.3275,8591.919014563282,40358.8975,300.0,33203.2,8.0,0.0,1.0,1.0,1680.6,Hl.m. Praha,Prague,1204953,0,0,0,1,1,100.0,12541,0.29,0.43,167,85677,99107
1068,0,52,POPLATEK MESICNE,319,61,7620.616393442622,10905.74805533272,36452.78852459016,1000.0,70178.3,12.2,1.0,0.0,4.0,12861.5,Usti nad Orlici,east Bohemia,139012,59,41,8,3,10,61.9,8363,2.52,3.49,108,2564,2799
10915,0,25,POPLATEK TYDNE,319,65,4953.903076923077,6075.839800980429,23251.83846153846,600.0,19523.7,13.0,1.0,0.0,5.0,13697.8,Klatovy,west Bohemia,88757,60,33,3,2,10,61.7,8554,2.47,2.68,113,1822,2218
729,0,14,POPLATEK MESICNE,319,42,1053.692857142857,1286.039501042024,16789.864285714284,900.0,19995.8,8.4,0.0,0.0,3.0,2053.0,Ceske Budejovice,south Bohemia,177686,69,27,10,1,9,74.8,10045,1.42,1.71,135,6604,6295
1141,0,28,POPLATEK MESICNE,318,59,1397.0610169491526,1702.979490736137,20573.406779661018,600.0,16890.1,11.8,0.0,0.0,3.0,2183.0,Plzen - sever,west Bohemia,72541,66,26,10,0,8,36.9,8594,1.62,2.01,112,1580,1525
1264,0,1,POPLATEK MESICNE,318,45,7815.886666666667,7820.763881651551,42711.85777777778,900.0,35494.3,9.0,0.0,0.0,1.0,6605.0,Hl.m. Praha,Prague,1204953,0,0,0,1,1,100.0,12541,0.29,0.43,167,85677,99107
351,0,50,POPLATEK MESICNE,317,60,2456.6533333333336,5546.043220337641,26888.518333333333,600.0,28236.4,12.0,0.0,0.0,0.0,0.0,Svitavy,east Bohemia,102609,75,33,2,3,6,52.0,8187,4.83,5.45,94,2123,2134
424,0,12,POPLATEK MESICNE,317,47,10285.0,11193.890576171645,48529.44680851064,1000.0,40662.3,9.4,0.0,0.0,1.0,4591.0,Pribram,central Bohemia,107870,84,29,6,1,6,58.0,8754,3.83,4.31,137,3804,3868
1037,0,1,POPLATEK MESICNE,316,65,5489.215384615384,7838.794941192945,50413.581538461534,500.0,50771.7,13.0,0.0,0.0,4.0,3221.0,Hl.m. Praha,Prague,1204953,0,0,0,1,1,100.0,12541,0.29,0.43,167,85677,99107
2656,0,1,POPLATEK MESICNE,316,40,1872.1625,2057.6546667339617,26263.890000000003,900.0,29041.3,8.0,0.0,0.0,2.0,2127.0,Hl.m. Praha,Prague,1204953,0,0,0,1,1,100.0,12541,0.29,0.43,167,85677,99107
5445,0,72,POPLATEK MESICNE,315,71,3775.911267605634,5249.125033770576,39946.270422535206,1000.0,36425.2,14.2,1.0,0.0,5.0,5793.0,Olomouc,north Moravia,226122,32,50,7,4,4,62.6,8994,3.80,4.79,110,9672,9208
3188,1,24,POPLATEK MESICNE,314,45,7095.428888888889,7042.27911867194,36117.32888888889,400.0,32003.1,9.0,0.0,0.0,1.0,7623.0,Karlovy Vary,west Bohemia,122603,25,21,6,2,8,80.0,8991,1.39,2.01,128,5198,5273
3236,0,52,POPLATEK MESICNE,314,38,1740.613157894737,1832.585901997658,17841.60789473684,300.0,23602.7,7.6,0.0,1.0,2.0,2388.0,Usti nad Orlici,east Bohemia,139012,59,41,8,3,10,61.9,8363,2.52,3.49,108,2564,2799
2766,0,31,POPLATEK MESICNE,314,47,2989.1617021276597,2967.098944918449,26726.24680851064,1100.0,34309.9,9.4,0.0,0.0,1.0,3498.0,Tachov,west Bohemia,51313,34,12,3,1,4,59.2,8930,3.52,4.20,108,1328,1452
1447,0,65,POPLATEK MESICNE,314,51,5233.815686274509,5533.314255321942,31522.390196078428,300.0,20927.3,10.2,1.0,0.0,2.0,10294.7,Znojmo,south Moravia,114200,101,41,4,1,4,43.7,8403,5.74,5.72,105,2157,2718
3331,1,16,POPLATEK MESICNE,314,50,5674.43,6219.503641565699,33520.86,400.0,30368.8,10.0,0.0,0.0,2.0,5268.0,Jindrichuv Hradec,south Bohemia,93931,74,21,10,1,8,56.9,8427,1.12,1.54,107,1874,1913
4268,0,77,POPLATEK MESICNE,314,54,4134.938888888889,4267.198605838106,31013.766666666666,200.0,36706.1,10.8,1.0,0.0,2.0,10145.0,Vsetin,north Moravia,148545,8,35,12,3,4,53.5,8909,4.01,5.56,113,3460,3590
1524,0,6,POPLATEK MESICNE,314,38,1850.978947368421,1785.2293964427051,15191.457894736843,1100.0,17151.9,7.6,0.0,0.0,1.0,2705.0,Kutna Hora,central Bohemia,77963,60,23,4,2,4,51.5,8546,2.95,4.02,126,2640,3120
4746,0,54,POPLATEK MESICNE,313,61,19485.898360655738,19235.429830259338,76658.96229508198,200.0,99880.5,12.2,1.0,0.0,1.0,3413.0,Brno - mesto,south Moravia,387570,0,0,0,1,1,100.0,9897,1.60,1.96,140,18721,18696
3337,0,58,POPLATEK PO OBRATU,312,64,14245.7421875,14245.743713611664,62006.1203125,500.0,46925.5,12.8,0.0,1.0,1.0,5743.0,Jihlava,south Moravia,109164,98,16,6,1,4,63.6,8757,3.38,3.95,96,2212,2471
323,0,52,POPLATEK MESICNE,311,37,3135.6459459459456,2918.40632676605,26472.5,200.0,22423.7,7.4,0.0,0.0,1.0,3025.0,Usti nad Orlici,east Bohemia,139012,59,41,8,3,10,61.9,8363,2.52,3.49,108,2564,2799
2016,0,1,POPLATEK MESICNE,311,63,1196.1079365079365,1514.5204319542745,20436.085714285713,800.0,19395.4,12.6,0.0,0.0,3.0,1967.0,Hl.m. Praha,Prague,1204953,0,0,0,1,1,100.0,12541,0.29,0.43,167,85677,99107
226,0,70,POPLATEK MESICNE,311,53,7477.015094339622,7995.550675493411,45784.95849056604,1000.0,45505.0,10.6,1.0,0.0,2.0,18040.0,Karvina,north Moravia,285387,0,2,8,5,7,89.9,10177,6.63,7.75,81,9878,10108
5180,0,54,POPLATEK MESICNE,310,18,5131.722222222223,11868.956462407972,24802.483333333334,700.0,16770.7,3.6,1.0,0.0,1.0,4897.0,Brno - mesto,south Moravia,387570,0,0,0,1,1,100.0,9897,1.60,1.96,140,18721,18696
1619,0,38,POPLATEK MESICNE,310,46,2517.471739130435,2459.234887580828,25876.554347826088,500.0,31243.1,9.2,0.0,0.0,1.0,3220.0,Louny,north Bohemia,85852,41,23,4,2,4,59.8,8965,7.08,8.23,104,2653,2822
2661,0,1,POPLATEK MESICNE,309,47,3921.295744680851,4034.823412975411,22669.94255319149,800.0,21285.6,9.4,0.0,0.0,1.0,4764.0,Hl.m. Praha,Prague,1204953,0,0,0,1,1,100.0,12541,0.29,0.43,167,85677,99107
1818,0,54,POPLATEK MESICNE,309,40,8029.110000000001,8687.792949815954,52782.0175,300.0,57563.8,8.0,0.0,0.0,0.0,0.0,Brno - mesto,south Moravia,387570,0,0,0,1,1,100.0,9897,1.60,1.96,140,18721,18696
2937,0,1,POPLATEK MESICNE,309,36,2413.911111111111,2021.2626456574508,14971.372222222222,800.0,12380.1,7.2,0.0,0.0,1.0,3230.0,Hl.m. Praha,Prague,1204953,0,0,0,1,1,100.0,12541,0.29,0.43,167,85677,99107
2194,0,54,POPLATEK MESICNE,309,47,8728.127659574468,8848.184744113194,43712.69361702128,400.0,32109.4,9.4,0.0,0.0,1.0,9386.0,Brno - mesto,south Moravia,387570,0,0,0,1,1,100.0,9897,1.60,1.96,140,18721,18696
1336,0,5,POPLATEK MESICNE,308,49,7255.622448979592,7571.735207755256,33724.063265306126,300.0,30838.4,9.8,0.0,0.0,1.0,9426.0,Kolin,central Bohemia,95616,65,30,4,1,6,51.4,9307,3.85,4.43,118,2616,3040
2325,0,55,POPLATEK MESICNE,308,59,5998.218644067797,7516.675520065821,32709.008474576272,1100.0,28816.3,11.8,0.0,0.0,3.0,5759.0,Brno - venkov,south Moravia,157042,49,70,18,0,9,33.9,8743,1.88,2.43,111,3659,3894
292,0,49,POPLATEK MESICNE,308,41,2084.639024390244,1997.3064013663563,12137.846341463415,400.0,10015.1,8.2,0.0,0.0,1.0,1986.0,Semily,east Bohemia,75685,31,28,5,1,9,60.8,8208,1.89,2.26,155,1660,2123
2797,1,74,POPLATEK MESICNE,308,39,9880.171794871796,9981.029635630855,38946.041025641025,500.0,31966.2,7.8,0.0,0.0,0.0,0.0,Ostrava - mesto,north Moravia,323870,0,0,0,1,1,100.0,10673,4.75,5.44,100,18782,18347
1736,0,74,POPLATEK MESICNE,308,32,2804.51875,2612.499203449485,28867.36875,900.0,35157.4,6.4,0.0,1.0,1.0,3666.0,Ostrava - mesto,north Moravia,323870,0,0,0,1,1,100.0,10673,4.75,5.44,100,18782,18347
2405,0,64,POPLATEK MESICNE,307,46,5874.460869565218,6029.797270057288,29999.767391304347,600.0,32794.6,9.2,0.0,0.0,1.0,6407.0,Zlin,south Moravia,197099,29,41,10,2,10,74.7,9624,1.60,2.31,145,4484,4265
2415,0,16,POPLATEK MESICNE,307,47,6978.706382978724,7111.644189924636,27318.23829787234,1100.0,25478.7,9.4,0.0,0.0,1.0,7308.0,Jindrichuv Hradec,south Bohemia,93931,74,21,10,1,8,56.9,8427,1.12,1.54,107,1874,1913
3851,1,1,POPLATEK MESICNE,307,49,10609.169387755102,13544.9267883804,43722.31836734694,300.0,33084.2,9.8,0.0,0.0,2.0,10799.0,Hl.m. Praha,Prague,1204953,0,0,0,1,1,100.0,12541,0.29,0.43,167,85677,99107
2782,0,1,POPLATEK MESICNE,307,47,11438.693617021276,11890.552009737088,50334.09574468085,700.0,43472.0,9.4,0.0,1.0,1.0,2602.8,Hl.m. Praha,Prague,1204953,0,0,0,1,1,100.0,12541,0.29,0.43,167,85677,99107
195,0,70,POPLATEK MESICNE,307,46,6391.539130434782,6527.893861626199,36306.95652173913,600.0,37570.2,9.2,0.0,0.0,1.0,6260.0,Karvina,north Moravia,285387,0,2,8,5,7,89.9,10177,6.63,7.75,81,9878,10108
2380,0,46,POPLATEK MESICNE,307,49,3229.7530612244896,3246.1821155206085,34262.651020408164,1000.0,34225.2,9.8,0.0,0.0,1.0,4206.0,Nachod,east Bohemia,112709,48,20,7,3,10,73.5,8369,1.79,2.31,117,2854,2618
1928,0,70,POPLATEK MESICNE,304,47,6230.836170212766,6812.940700398143,31813.770212765958,500.0,19094.6,9.4,1.0,0.0,1.0,2317.5,Karvina,north Moravia,285387,0,2,8,5,7,89.9,10177,6.63,7.75,81,9878,10108
3242,0,28,POPLATEK MESICNE,304,55,3433.4436363636364,3663.4610560973733,28370.85090909091,900.0,23462.8,11.0,0.0,0.0,2.0,7389.0,Plzen - sever,west Bohemia,72541,66,26,10,0,8,36.9,8594,1.62,2.01,112,1580,1525
3541,0,70,POPLATEK MESICNE,304,41,2208.1756097560974,2455.3202992461584,19792.048780487807,400.0,21304.7,8.2,0.0,0.0,1.0,1691.0,Karvina,north Moravia,285387,0,2,8,5,7,89.9,10177,6.63,7.75,81,9878,10108
3652,0,36,POPLATEK MESICNE,304,42,2451.5428571428574,2449.269941615043,20646.75238095238,900.0,22149.4,8.4,0.0,0.0,1.0,3005.0,Liberec,north Bohemia,159617,29,19,8,1,9,85.2,9198,3.33,4.28,131,5796,6132
2024,0,20,POPLATEK MESICNE,304,47,4815.595744680851,4685.10915166605,24158.1085106383,500.0,18484.4,9.4,0.0,0.0,1.0,7024.0,Strakonice,south Bohemia,70646,94,14,3,1,4,58.4,8547,2.65,3.64,120,1563,1542
919,0,62,POPLATEK MESICNE,303,45,4883.568888888889,4914.418156618443,35720.346666666665,800.0,32305.3,9.0,0.0,0.0,1.0,4850.0,Uherske Hradiste,south Moravia,145688,22,41,13,2,5,40.7,8544,1.29,1.86,109,2719,2906
1096,0,34,POPLATEK MESICNE,303,42,2521.2333333333336,2624.872162524014,23124.895238095236,400.0,25251.1,8.4,0.0,0.0,1.0,3488.0,Chomutov,north Bohemia,125236,28,11,1,4,5,87.7,9675,6.43,7.68,100,5323,5190
1215,0,65,POPLATEK MESICNE,302,41,2219.9024390243903,2196.352534600013,22151.7243902439,900.0,17639.5,8.2,0.0,0.0,1.0,2508.0,Znojmo,south Moravia,114200,101,41,4,1,4,43.7,8403,5.74,5.72,105,2157,2718
6306,1,64,POPLATEK MESICNE,302,18,10037.188888888888,14920.221024497903,32587.816666666666,200.0,32269.5,3.6,0.0,0.0,0.0,0.0,Zlin,south Moravia,197099,29,41,10,2,10,74.7,9624,1.60,2.31,145,4484,4265
2089,1,29,POPLATEK TYDNE,301,77,15359.22077922078,15713.239962221416,64297.548051948055,600.0,21178.0,15.4,0.0,0.0,0.0,0.0,Rokycany,west Bohemia,45714,52,10,5,1,6,55.6,8843,2.82,3.60,113,818,888
850,1,25,POPLATEK MESICNE,299,46,12730.393478260869,13232.980379514782,43586.53695652174,300.0,53340.7,9.2,0.0,0.0,1.0,14811.0,Klatovy,west Bohemia,88757,60,33,3,2,10,61.7,8554,2.47,2.68,113,1822,2218
1668,0,62,POPLATEK MESICNE,299,38,2103.2894736842104,2172.3030710098064,18566.86315789474,200.0,19799.7,7.6,0.0,1.0,1.0,3275.0,Uherske Hradiste,south Moravia,145688,22,41,13,2,5,40.7,8544,1.29,1.86,109,2719,2906
2224,0,46,POPLATEK PO OBRATU,298,38,11006.518421052631,11639.785938192712,41584.43157894737,400.0,51775.5,7.6,0.0,0.0,1.0,2324.2,Nachod,east Bohemia,112709,48,20,7,3,10,73.5,8369,1.79,2.31,117,2854,2618
3574,1,72,POPLATEK MESICNE,298,39,1852.4948717948719,2051.4525321225337,24755.597435897438,600.0,26091.7,7.8,0.0,0.0,1.0,2328.0,Olomouc,north Moravia,226122,32,50,7,4,4,62.6,8994,3.80,4.79,110,9672,9208
6061,0,1,POPLATEK MESICNE,298,45,8257.642222222223,9744.221785020945,46708.182222222225,1000.0,62399.9,9.0,1.0,0.0,2.0,8950.0,Hl.m. Praha,Prague,1204953,0,0,0,1,1,100.0,12541,0.29,0.43,167,85677,99107
2270,0,14,POPLATEK MESICNE,298,29,2590.5689655172414,2400.8476818620675,20680.210344827585,600.0,24440.4,5.8,0.0,0.0,1.0,3604.0,Ceske Budejovice,south Bohemia,177686,69,27,10,1,9,74.8,10045,1.42,1.71,135,6604,6295
214,0,22,POPLATEK MESICNE,297,31,1436.3193548387096,1322.9010427640599,12681.090322580645,500.0,13644.4,6.2,0.0,0.0,1.0,2097.0,Domazlice,west Bohemia,58400,65,16,4,1,6,52.4,8620,1.10,1.25,100,1089,1117
3031,0,51,POPLATEK MESICNE,296,39,1771.3282051282051,1779.2397291138761,16165.623076923079,4184.0,16856.7,7.8,0.0,0.0,1.0,2789.0,Trutnov,east Bohemia,121947,37,28,7,3,11,70.5,8541,2.51,2.97,131,3496,3839
1746,0,1,POPLATEK MESICNE,295,35,9155.128571428571,9783.299442704913,50196.42285714286,1100.0,68283.4,7.0,0.0,0.0,0.0,0.0,Hl.m. Praha,Prague,1204953,0,0,0,1,1,100.0,12541,0.29,0.43,167,85677,99107
64,0,64,POPLATEK MESICNE,295,20,2919.79,5368.333734517434,18997.579999999998,200.0,34596.0,4.0,0.0,0.0,0.0,0.0,Zlin,south Moravia,197099,29,41,10,2,10,74.7,9624,1.60,2.31,145,4484,4265
3842,0,1,POPLATEK MESICNE,294,26,2348.665384615385,2225.834663031791,25145.584615384614,800.0,32159.3,5.2,0.0,0.0,1.0,2776.0,Hl.m. Praha,Prague,1204953,0,0,0,1,1,100.0,12541,0.29,0.43,167,85677,99107
3971,1,75,POPLATEK MESICNE,293,69,9274.88695652174,12715.555955506683,45289.271014492755,200.0,77625.4,13.8,0.0,0.0,4.0,11795.0,Prerov,north Moravia,138032,67,30,4,2,5,64.6,8819,5.38,5.66,99,4063,4505
405,1,55,POPLATEK MESICNE,293,64,12433.3671875,14136.296274833046,54711.4,500.0,35116.8,12.8,0.0,0.0,4.0,16047.0,Brno - venkov,south Moravia,157042,49,70,18,0,9,33.9,8743,1.88,2.43,111,3659,3894
600,0,46,POPLATEK MESICNE,293,38,7883.281578947369,8060.5645542291095,46177.89473684211,200.0,56217.2,7.6,0.0,0.0,1.0,5952.0,Nachod,east Bohemia,112709,48,20,7,3,10,73.5,8369,1.79,2.31,117,2854,2618
1740,0,57,POPLATEK MESICNE,293,29,2041.4793103448276,1798.2967350840054,13745.73448275862,600.0,15852.9,5.8,0.0,0.0,1.0,2713.0,Hodonin,south Moravia,161954,21,37,20,3,8,48.0,8720,3.73,4.50,116,3729,3651
2672,0,59,POPLATEK MESICNE,292,34,1535.6617647058824,1536.4895011947333,11169.767647058823,300.0,11668.5,6.8,0.0,0.0,2.0,2322.0,Kromeriz,south Moravia,108871,41,29,7,2,6,62.1,8444,3.24,3.47,106,2595,2305
114,0,60,POPLATEK MESICNE,292,32,1667.6125,1767.4934617299339,19692.784375,500.0,24702.2,6.4,0.0,1.0,2.0,2123.0,Prostejov,south Moravia,110643,49,41,4,1,4,51.9,8441,3.45,4.48,115,1879,2252
2760,0,10,POPLATEK MESICNE,292,45,6154.464444444445,6619.8320993935795,36323.1,900.0,40241.5,9.0,0.0,0.0,2.0,9845.0,Praha - vychod,central Bohemia,92084,55,29,4,3,5,46.7,10124,0.56,0.54,141,3810,4316
2597,0,31,POPLATEK MESICNE,290,45,7973.562222222222,9689.213290380958,44528.50666666667,600.0,41808.8,9.0,0.0,0.0,2.0,3355.0,Tachov,west Bohemia,51313,34,12,3,1,4,59.2,8930,3.52,4.20,108,1328,1452
2908,0,61,POPLATEK MESICNE,290,40,6891.789999999999,7902.225105815091,48756.497500000005,600.0,78084.1,8.0,0.0,0.0,1.0,3207.0,Trebic,south Moravia,117897,139,28,5,1,6,53.8,8814,4.76,5.74,107,2112,2059
191,0,41,POPLATEK MESICNE,289,44,18974.600000000002,20038.23215158788,54840.29318181818,600.0,54031.0,8.8,0.0,0.0,1.0,4420.9,Usti nad Labem,north Bohemia,118650,8,8,5,1,3,85.6,9832,3.32,4.48,114,6445,5471
2354,0,7,POPLATEK MESICNE,289,41,7960.165853658536,8802.240256054414,42957.52195121951,700.0,57267.4,8.2,0.0,0.0,1.0,9071.0,Melnik,central Bohemia,94725,38,28,1,3,6,63.4,9920,2.26,2.87,130,4289,4846
3782,0,9,POPLATEK TYDNE,289,53,10609.383018867926,12401.14202750847,48026.80754716981,1100.0,33571.3,10.6,0.0,1.0,3.0,13951.0,Nymburk,central Bohemia,81344,61,23,4,2,6,55.3,8899,3.39,3.97,149,2987,2487
3328,0,1,POPLATEK MESICNE,289,28,2353.8892857142855,2148.9317670672053,24035.632142857143,800.0,25757.5,5.6,0.0,0.0,1.0,3300.0,Hl.m. Praha,Prague,1204953,0,0,0,1,1,100.0,12541,0.29,0.43,167,85677,99107
3083,0,66,POPLATEK MESICNE,288,35,11764.737142857142,12365.130511051817,45654.385714285716,200.0,48659.7,7.0,0.0,0.0,0.0,0.0,Zdar nad Sazavou,south Moravia,125832,151,41,2,3,5,48.3,8512,3.51,4.12,102,2247,2103
1199,0,50,POPLATEK MESICNE,288,45,1866.5111111111112,2206.2216591249207,27137.519999999997,1000.0,25561.6,9.0,0.0,0.0,2.0,2710.0,Svitavy,east Bohemia,102609,75,33,2,3,6,52.0,8187,4.83,5.45,94,2123,2134
10652,0,1,POPLATEK MESICNE,288,52,10897.117307692308,13739.703397542455,45666.10384615384,700.0,40714.6,10.4,1.0,0.0,3.0,7462.0,Hl.m. Praha,Prague,1204953,0,0,0,1,1,100.0,12541,0.29,0.43,167,85677,99107
2690,0,66,POPLATEK MESICNE,287,32,2724.371875,2801.5940750653963,32433.9875,600.0,34783.8,6.4,0.0,0.0,1.0,2017.0,Zdar nad Sazavou,south Moravia,125832,151,41,2,3,5,48.3,8512,3.51,4.12,102,2247,2103
2495,0,70,POPLATEK MESICNE,287,10,2810.0,3319.1196958765368,15970.0,200.0,16500.0,2.0,0.0,0.0,1.0,856.0,Karvina,north Moravia,285387,0,2,8,5,7,89.9,10177,6.63,7.75,81,9878,10108
8505,0,70,POPLATEK MESICNE,286,51,5575.874509803921,6929.797562955015,36275.50784313725,1100.0,38123.7,10.2,1.0,0.0,1.0,3570.0,Karvina,north Moravia,285387,0,2,8,5,7,89.9,10177,6.63,7.75,81,9878,10108
304,0,4,POPLATEK MESICNE,286,42,14927.430952380952,15313.572801300352,50018.69761904761,700.0,40936.2,8.4,0.0,0.0,1.0,14367.0,Kladno,central Bohemia,149893,63,29,6,2,6,67.4,9753,4.64,5.05,109,5244,5892
8926,0,1,POPLATEK MESICNE,285,66,5258.777272727272,7125.316970175819,38016.583333333336,200.0,32817.9,13.2,1.0,0.0,5.0,17216.0,Hl.m. Praha,Prague,1204953,0,0,0,1,1,100.0,12541,0.29,0.43,167,85677,99107
578,0,28,POPLATEK TYDNE,285,56,6219.955357142857,8272.293733881017,36211.57857142857,900.0,39419.4,11.2,0.0,0.0,4.0,6159.0,Plzen - sever,west Bohemia,72541,66,26,10,0,8,36.9,8594,1.62,2.01,112,1580,1525
1363,0,11,POPLATEK MESICNE,283,54,7965.603703703703,10674.975186272479,56067.28703703704,1000.0,48556.7,10.8,0.0,0.0,4.0,6888.0,Praha - zapad,central Bohemia,75637,35,36,9,0,7,36.5,9622,0.45,0.59,154,3475,3529
1165,1,44,POPLATEK MESICNE,283,39,6636.235897435898,6491.975609063658,21349.73076923077,900.0,15601.9,7.8,0.0,1.0,1.0,8270.0,Chrudim,east Bohemia,105606,77,26,7,2,7,53.0,8254,2.79,3.76,97,2166,2325
85,0,68,POPLATEK MESICNE,283,40,3021.835,2883.9792728859716,19098.2075,400.0,17512.0,8.0,0.0,0.0,2.0,5623.0,Frydek - Mistek,north Moravia,228848,15,40,18,2,6,57.2,9893,4.09,4.72,96,5623,5887
749,0,38,POPLATEK MESICNE,283,57,2924.085964912281,3688.4561857347862,29747.426315789475,600.0,27871.5,11.4,0.0,0.0,4.0,5268.0,Louny,north Bohemia,85852,41,23,4,2,4,59.8,8965,7.08,8.23,104,2653,2822
8026,0,36,POPLATEK MESICNE,283,41,10360.926829268292,11814.124580835947,54043.295121951225,700.0,59042.6,8.2,1.0,0.0,1.0,3563.0,Liberec,north Bohemia,159617,29,19,8,1,9,85.2,9198,3.33,4.28,131,5796,6132
3332,0,17,POPLATEK MESICNE,281,36,3709.858333333333,3770.9828606175647,29303.572222222225,300.0,34823.6,7.2,0.0,0.0,0.0,0.0,Pelhrimov,south Bohemia,74062,99,15,4,2,7,61.4,8114,2.38,2.62,119,1003,1181
3739,0,1,POPLATEK MESICNE,281,37,9243.754054054054,9763.7549698872,39137.605405405404,600.0,37952.8,7.4,0.0,0.0,0.0,0.0,Hl.m. Praha,Prague,1204953,0,0,0,1,1,100.0,12541,0.29,0.43,167,85677,99107
1907,0,1,POPLATEK MESICNE,281,47,7187.559574468085,8162.482665023461,41741.16595744681,700.0,38841.4,9.4,0.0,0.0,2.0,8775.0,Hl.m. Praha,Prague,1204953,0,0,0,1,1,100.0,12541,0.29,0.43,167,85677,99107
1976,0,26,POPLATEK MESICNE,281,44,6170.675,6700.27617490937,36923.20681818182,400.0,34658.2,8.8,0.0,0.0,2.0,5565.0,Plzen - mesto,west Bohemia,170449,0,0,0,1,1,100.0,10787,2.64,3.09,131,6041,6261
3658,0,24,POPLATEK MESICNE,281,49,1774.6326530612246,3773.710813884423,23362.420408163267,600.0,37067.1,9.8,0.0,0.0,0.0,0.0,Karlovy Vary,west Bohemia,122603,25,21,6,2,8,80.0,8991,1.39,2.01,128,5198,5273
3581,1,66,POPLATEK MESICNE,280,44,4557.511363636364,4691.375877383,25016.120454545457,600.0,20112.6,8.8,0.0,1.0,2.0,6509.0,Zdar nad Sazavou,south Moravia,125832,151,41,2,3,5,48.3,8512,3.51,4.12,102,2247,2103
1466,1,69,POPLATEK TYDNE,280,19,5291.2,8276.59021994498,31465.23157894737,800.0,32532.7,3.8,0.0,0.0,1.0,10056.0,Jesenik,north Moravia,42821,4,13,5,1,3,48.4,8173,?,7.01,124,?,1358
3176,0,26,POPLATEK MESICNE,280,33,2093.1181818181817,1851.2240917252811,16788.172727272726,600.0,15606.9,6.6,0.0,0.0,1.0,2464.0,Plzen - mesto,west Bohemia,170449,0,0,0,1,1,100.0,10787,2.64,3.09,131,6041,6261
1459,0,12,POPLATEK MESICNE,280,34,1383.6529411764704,1359.438916843067,15152.805882352943,900.0,12738.2,6.8,0.0,1.0,2.0,2124.0,Pribram,central Bohemia,107870,84,29,6,1,6,58.0,8754,3.83,4.31,137,3804,3868
1321,0,60,POPLATEK MESICNE,279,41,2141.6951219512193,2197.6959834052595,23389.446341463416,200.0,22688.0,8.2,0.0,0.0,2.0,3319.0,Prostejov,south Moravia,110643,49,41,4,1,4,51.9,8441,3.45,4.48,115,1879,2252
2966,0,33,POPLATEK MESICNE,279,53,9226.909433962264,11068.32807413297,46543.62830188679,1100.0,56602.3,10.6,0.0,0.0,1.0,4560.0,Decin,north Bohemia,133777,24,17,7,3,11,84.7,8705,5.75,7.61,116,4650,4859
157,0,11,POPLATEK MESICNE,278,34,3084.1558823529413,2847.6665478940213,23301.70588235294,200.0,21139.8,6.8,0.0,0.0,1.0,3991.0,Praha - zapad,central Bohemia,75637,35,36,9,0,7,36.5,9622,0.45,0.59,154,3475,3529
2158,0,38,POPLATEK MESICNE,277,40,4710.225,10009.82939919045,38063.43,1000.0,31048.4,8.0,0.0,0.0,0.0,0.0,Louny,north Bohemia,85852,41,23,4,2,4,59.8,8965,7.08,8.23,104,2653,2822
2843,1,30,POPLATEK MESICNE,277,39,8599.346153846154,8422.687992054436,33029.52307692308,600.0,29463.0,7.8,0.0,0.0,1.0,7746.0,Sokolov,west Bohemia,94812,15,13,8,2,10,81.8,9650,3.38,3.67,100,2985,2804
3266,0,14,POPLATEK MESICNE,277,33,1619.3090909090909,1868.980982441307,23988.48181818182,1100.0,30755.1,6.6,0.0,0.0,2.0,1647.0,Ceske Budejovice,south Bohemia,177686,69,27,10,1,9,74.8,10045,1.42,1.71,135,6604,6295
2048,0,76,POPLATEK MESICNE,276,47,5623.4212765957445,6683.120230230142,34466.72340425532,300.0,37979.4,9.4,0.0,0.0,3.0,5008.0,Sumperk,north Moravia,127369,31,32,13,2,7,51.2,8369,4.73,5.88,107,3736,2807
442,0,54,POPLATEK MESICNE,276,15,8718.733333333334,12320.802836240982,25912.95333333333,600.0,16780.9,3.0,1.0,0.0,3.0,15129.0,Brno - mesto,south Moravia,387570,0,0,0,1,1,100.0,9897,1.60,1.96,140,18721,18696
3885,0,51,POPLATEK MESICNE,274,35,2946.537142857143,2976.451348807019,23355.922857142858,200.0,23342.8,7.0,0.0,1.0,1.0,1176.0,Trutnov,east Bohemia,121947,37,28,7,3,11,70.5,8541,2.51,2.97,131,3496,3839
1863,0,62,POPLATEK MESICNE,274,49,2581.4489795918366,3024.4442032188913,31160.49387755102,1100.0,33128.8,9.8,0.0,0.0,3.0,4668.0,Uherske Hradiste,south Moravia,145688,22,41,13,2,5,40.7,8544,1.29,1.86,109,2719,2906
9167,0,56,POPLATEK MESICNE,273,58,7588.796551724138,11705.910864293943,44403.02931034483,500.0,23453.3,11.6,1.0,0.0,4.0,10919.3,Breclav,south Moravia,124605,11,42,14,1,8,46.0,8772,4.69,4.98,126,2854,3158
2874,0,32,POPLATEK MESICNE,273,34,1254.4176470588234,1306.7794765319838,13147.311764705883,400.0,14630.7,6.8,0.0,0.0,1.0,2066.0,Ceska Lipa,north Bohemia,105058,32,19,7,2,10,81.0,9272,2.80,3.22,118,4340,4505
3695,0,30,POPLATEK MESICNE,273,42,5715.659523809524,5774.358413397155,30222.90952380952,700.0,28901.6,8.4,0.0,0.0,1.0,8101.0,Sokolov,west Bohemia,94812,15,13,8,2,10,81.8,9650,3.38,3.67,100,2985,2804
10068,0,1,POPLATEK MESICNE,273,65,14022.403076923076,15521.918321159288,63561.54461538461,1000.0,43364.5,13.0,1.0,0.0,1.0,6483.7,Hl.m. Praha,Prague,1204953,0,0,0,1,1,100.0,12541,0.29,0.43,167,85677,99107
2725,0,52,POPLATEK MESICNE,273,53,6857.949056603773,9253.819932572182,49108.70566037736,1100.0,52821.8,10.6,1.0,0.0,4.0,5658.0,Usti nad Orlici,east Bohemia,139012,59,41,8,3,10,61.9,8363,2.52,3.49,108,2564,2799
2899,0,40,POPLATEK MESICNE,272,40,10651.7775,11248.796545898553,52706.217500000006,1100.0,52109.7,8.0,0.0,0.0,1.0,7503.0,Teplice,north Bohemia,128118,9,16,6,3,8,85.3,9317,6.49,7.07,97,6949,6872
144,0,10,POPLATEK TYDNE,272,58,14932.870689655172,16655.427329304926,55132.410344827586,500.0,47528.5,11.6,0.0,0.0,0.0,0.0,Praha - vychod,central Bohemia,92084,55,29,4,3,5,46.7,10124,0.56,0.54,141,3810,4316
1933,0,35,POPLATEK MESICNE,271,33,2423.9454545454546,2476.2789628658197,21701.600000000002,1100.0,26138.7,6.6,0.0,0.0,1.0,3804.0,Jablonec n. Nisou,north Bohemia,88768,10,18,5,1,7,80.5,8867,1.02,1.21,130,3384,3620
1034,1,73,POPLATEK MESICNE,271,40,3035.9825,3135.8344700465377,34798.2125,1100.0,39821.2,8.0,0.0,0.0,1.0,4219.0,Opava,north Moravia,182027,17,49,12,2,7,56.4,8746,3.33,3.74,90,4355,4433
49,0,1,POPLATEK MESICNE,269,33,1992.6030303030302,2009.9392329876619,17694.169696969697,300.0,19528.6,6.6,0.0,0.0,1.0,3102.0,Hl.m. Praha,Prague,1204953,0,0,0,1,1,100.0,12541,0.29,0.43,167,85677,99107
1594,0,15,POPLATEK MESICNE,269,48,6347.791666666667,8201.686011044247,56059.44583333333,500.0,70870.0,9.6,0.0,0.0,3.0,6227.0,Cesky Krumlov,south Bohemia,58796,22,16,7,1,5,51.9,9045,3.13,3.60,124,1845,1879
1138,0,41,POPLATEK MESICNE,268,14,2271.942857142857,3294.8750404026146,20433.778571428575,1000.0,25607.3,2.8,0.0,0.0,0.0,0.0,Usti nad Labem,north Bohemia,118650,8,8,5,1,3,85.6,9832,3.32,4.48,114,6445,5471
3544,0,33,POPLATEK MESICNE,268,36,8380.641666666666,8502.580107418655,28532.661111111112,1100.0,29434.2,7.2,0.0,1.0,1.0,10975.0,Decin,north Bohemia,133777,24,17,7,3,11,84.7,8705,5.75,7.61,116,4650,4859
1636,0,53,POPLATEK MESICNE,267,37,9579.618918918919,11155.952959863522,52663.056756756756,900.0,71417.1,7.4,0.0,0.0,1.0,4964.0,Blansko,south Moravia,107911,88,33,6,2,7,50.9,8240,2.53,3.56,99,1850,1903
10812,1,16,POPLATEK MESICNE,267,57,10612.057894736843,12748.116858410714,56257.68421052631,300.0,65067.5,11.4,1.0,0.0,1.0,2931.0,Jindrichuv Hradec,south Bohemia,93931,74,21,10,1,8,56.9,8427,1.12,1.54,107,1874,1913
2165,1,51,POPLATEK MESICNE,267,43,8675.69069767442,9397.586305860772,36696.08604651163,800.0,46650.8,8.6,1.0,0.0,2.0,15767.8,Trutnov,east Bohemia,121947,37,28,7,3,11,70.5,8541,2.51,2.97,131,3496,3839
3460,1,16,POPLATEK MESICNE,267,57,10595.019298245614,12759.029055765603,57828.649122807015,300.0,66081.6,11.4,1.0,0.0,1.0,2931.0,Jindrichuv Hradec,south Bohemia,93931,74,21,10,1,8,56.9,8427,1.12,1.54,107,1874,1913
4208,0,1,POPLATEK MESICNE,267,37,2092.548648648649,3271.170453592484,26035.427027027028,800.0,22163.7,7.4,0.0,0.0,0.0,0.0,Hl.m. Praha,Prague,1204953,0,0,0,1,1,100.0,12541,0.29,0.43,167,85677,99107
2954,0,1,POPLATEK MESICNE,267,39,10695.802564102563,11528.37364209867,53513.5,700.0,64357.0,7.8,0.0,0.0,1.0,8306.0,Hl.m. Praha,Prague,1204953,0,0,0,1,1,100.0,12541,0.29,0.43,167,85677,99107
843,0,6,POPLATEK MESICNE,266,49,1265.7285714285713,1725.7009711032404,22150.77755102041,900.0,28733.4,9.8,0.0,0.0,3.0,1980.0,Kutna Hora,central Bohemia,77963,60,23,4,2,4,51.5,8546,2.95,4.02,126,2640,3120
2901,0,1,POPLATEK MESICNE,266,38,3397.807894736842,3393.63409742908,31876.873684210525,600.0,33166.4,7.6,0.0,0.0,1.0,4936.0,Hl.m. Praha,Prague,1204953,0,0,0,1,1,100.0,12541,0.29,0.43,167,85677,99107
1734,0,37,POPLATEK MESICNE,265,43,9798.574418604652,10606.12124952228,55517.774418604655,1000.0,63082.7,8.6,0.0,0.0,1.0,9431.0,Litomerice,north Bohemia,114006,71,26,6,2,9,62.3,9065,4.46,5.39,123,4147,4166
2466,0,39,POPLATEK MESICNE,264,44,7729.252272727273,9732.110692014481,63606.80909090909,400.0,85841.0,8.8,0.0,0.0,2.0,3770.0,Most,north Bohemia,119895,17,4,3,2,4,89.9,10446,7.34,9.40,90,4947,4743
476,0,69,POPLATEK MESICNE,264,7,3628.5714285714284,3043.9635815354764,14971.42857142857,1000.0,20600.0,1.4,0.0,0.0,0.0,0.0,Jesenik,north Moravia,42821,4,13,5,1,3,48.4,8173,?,7.01,124,?,1358
1407,0,19,POPLATEK PO OBRATU,264,66,14873.716666666667,16182.57031179471,71114.98787878788,800.0,81651.2,13.2,1.0,0.0,2.0,20109.7,Prachatice,south Bohemia,51428,50,11,3,1,4,52.7,8402,3.13,3.98,120,999,1099
1598,0,15,POPLATEK MESICNE,263,22,9566.154545454545,12997.85114579759,42375.645454545454,700.0,47655.4,4.4,0.0,0.0,2.0,12822.0,Cesky Krumlov,south Bohemia,58796,22,16,7,1,5,51.9,9045,3.13,3.60,124,1845,1879
2166,0,71,POPLATEK MESICNE,263,41,5168.165853658536,5708.472171676488,29711.8512195122,800.0,27810.4,8.2,0.0,0.0,3.0,6516.0,Novy Jicin,north Moravia,161227,5,35,11,4,10,69.7,8678,5.93,5.57,102,4980,4595
1259,0,72,POPLATEK MESICNE,263,50,5345.432,7038.807434688674,30656.936,500.0,34972.2,10.0,0.0,0.0,4.0,4725.0,Olomouc,north Moravia,226122,32,50,7,4,4,62.6,8994,3.80,4.79,110,9672,9208
927,1,69,POPLATEK MESICNE,263,37,5366.92972972973,5591.854881227044,28708.381081081083,400.0,27703.5,7.4,0.0,0.0,2.0,7405.0,Jesenik,north Moravia,42821,4,13,5,1,3,48.4,8173,?,7.01,124,?,1358
2575,0,72,POPLATEK MESICNE,262,32,2652.796875,2859.2879769535652,23178.553125,1000.0,24039.3,6.4,0.0,0.0,2.0,2578.0,Olomouc,north Moravia,226122,32,50,7,4,4,62.6,8994,3.80,4.79,110,9672,9208
4467,0,17,POPLATEK TYDNE,262,43,6409.627906976744,6717.418713326945,28980.21627906977,300.0,26697.9,8.6,1.0,1.0,2.0,6950.5,Pelhrimov,south Bohemia,74062,99,15,4,2,7,61.4,8114,2.38,2.62,119,1003,1181
1253,0,5,POPLATEK MESICNE,262,40,7024.467500000001,7777.7691203803615,45083.0,700.0,49316.4,8.0,0.0,1.0,2.0,9195.0,Kolin,central Bohemia,95616,65,30,4,1,6,51.4,9307,3.85,4.43,118,2616,3040
1281,0,8,POPLATEK MESICNE,261,30,7033.026666666667,7107.697651814488,45069.526666666665,1100.0,61273.9,6.0,0.0,0.0,0.0,0.0,Mlada Boleslav,central Bohemia,112065,95,19,7,1,8,69.4,11277,1.25,1.44,127,5179,4987
1915,0,2,POPLATEK MESICNE,261,37,4553.243243243243,4358.9813048298165,19626.5,900.0,17419.8,7.4,0.0,0.0,2.0,6194.0,Benesov,central Bohemia,88884,80,26,6,2,5,46.7,8507,1.67,1.85,132,2159,2674
3716,0,1,POPLATEK MESICNE,261,8,4450.0,3535.9379438639958,18237.5,200.0,19800.0,1.6,0.0,0.0,0.0,0.0,Hl.m. Praha,Prague,1204953,0,0,0,1,1,100.0,12541,0.29,0.43,167,85677,99107
1560,0,62,POPLATEK MESICNE,261,45,2967.133333333333,3473.304857637882,30118.191111111115,1000.0,32388.3,9.0,0.0,0.0,4.0,5150.0,Uherske Hradiste,south Moravia,145688,22,41,13,2,5,40.7,8544,1.29,1.86,109,2719,2906
4725,1,73,POPLATEK MESICNE,261,38,12768.197368421053,13090.4110390627,37880.02105263158,700.0,23096.7,7.6,1.0,1.0,2.0,18136.2,Opava,north Moravia,182027,17,49,12,2,7,56.4,8746,3.33,3.74,90,4355,4433
1665,0,73,POPLATEK MESICNE,260,28,3178.942857142857,3016.296591594667,20505.14285714286,800.0,17905.6,5.6,0.0,0.0,1.0,1578.0,Opava,north Moravia,182027,17,49,12,2,7,56.4,8746,3.33,3.74,90,4355,4433
12,0,21,POPLATEK MESICNE,260,34,2135.944117647059,2365.162969487954,22980.682352941174,1100.0,25727.8,6.8,0.0,0.0,2.0,3592.0,Tabor,south Bohemia,103347,87,16,7,1,7,67.0,9104,1.51,2.07,123,2299,2354
3398,0,43,POPLATEK MESICNE,260,26,2612.8846153846152,2497.266598774317,26716.453846153843,700.0,28598.2,5.2,0.0,0.0,1.0,1990.0,Hradec Kralove,east Bohemia,161854,73,21,6,1,6,76.3,9425,1.72,2.50,125,4085,3891
4475,0,72,POPLATEK MESICNE,259,32,8930.853125,8634.18844306241,35177.415625,500.0,29326.5,6.4,0.0,0.0,1.0,1691.9,Olomouc,north Moravia,226122,32,50,7,4,4,62.6,8994,3.80,4.79,110,9672,9208
2586,0,57,POPLATEK MESICNE,259,30,8223.893333333333,9099.246540044167,44086.42333333333,1000.0,39999.9,6.0,0.0,0.0,0.0,0.0,Hodonin,south Moravia,161954,21,37,20,3,8,48.0,8720,3.73,4.50,116,3729,3651
189,0,76,POPLATEK MESICNE,259,43,8054.941860465116,10108.699387590977,41361.91395348837,700.0,36908.2,8.6,0.0,0.0,3.0,5354.0,Sumperk,north Moravia,127369,31,32,13,2,7,51.2,8369,4.73,5.88,107,3736,2807
3077,0,64,POPLATEK MESICNE,259,35,6900.045714285715,6824.492819911618,36635.42571428571,600.0,30560.8,7.0,0.0,0.0,1.0,3698.0,Zlin,south Moravia,197099,29,41,10,2,10,74.7,9624,1.60,2.31,145,4484,4265
3634,0,21,POPLATEK MESICNE,259,35,23400.11142857143,24241.482032055173,65613.52285714285,1000.0,59701.6,7.0,0.0,0.0,1.0,4851.1,Tabor,south Bohemia,103347,87,16,7,1,7,67.0,9104,1.51,2.07,123,2299,2354
3897,0,13,POPLATEK MESICNE,259,33,10825.848484848484,11078.280772476646,52030.54242424242,1000.0,51476.2,6.6,0.0,0.0,1.0,5350.0,Rakovnik,central Bohemia,53921,61,22,1,1,2,41.3,8598,2.77,3.26,123,1597,1875
2055,1,37,POPLATEK MESICNE,258,38,5007.534210526315,4886.363563227899,18477.610526315788,700.0,11560.2,7.6,1.0,0.0,2.0,11365.0,Litomerice,north Bohemia,114006,71,26,6,2,9,62.3,9065,4.46,5.39,123,4147,4166
3012,0,49,POPLATEK MESICNE,257,35,1905.0485714285714,2287.3105572948775,32521.62,600.0,39312.0,7.0,0.0,0.0,1.0,2601.0,Semily,east Bohemia,75685,31,28,5,1,9,60.8,8208,1.89,2.26,155,1660,2123
1035,0,73,POPLATEK MESICNE,257,42,7590.285714285715,8694.56251232726,40978.823809523805,700.0,29987.0,8.4,0.0,0.0,2.0,7136.0,Opava,north Moravia,182027,17,49,12,2,7,56.4,8746,3.33,3.74,90,4355,4433
1687,0,23,POPLATEK MESICNE,257,25,2118.02,2081.849296298846,13412.408000000001,200.0,16133.6,5.0,0.0,0.0,0.0,0.0,Cheb,west Bohemia,87419,21,11,4,3,9,85.5,8624,1.79,2.66,102,2879,3198
407,0,72,POPLATEK TYDNE,257,27,7900.940740740741,10869.374760103916,40830.8962962963,400.0,46385.5,5.4,0.0,0.0,2.0,5425.0,Olomouc,north Moravia,226122,32,50,7,4,4,62.6,8994,3.80,4.79,110,9672,9208
2744,0,70,POPLATEK TYDNE,256,31,8666.132258064516,8151.856901278672,27974.91290322581,900.0,25768.0,6.2,0.0,0.0,1.0,14384.0,Karvina,north Moravia,285387,0,2,8,5,7,89.9,10177,6.63,7.75,81,9878,10108
3194,0,11,POPLATEK MESICNE,256,34,6696.494117647058,6487.8849248538745,25662.464705882354,1100.0,24212.0,6.8,0.0,0.0,1.0,7584.0,Praha - zapad,central Bohemia,75637,35,36,9,0,7,36.5,9622,0.45,0.59,154,3475,3529
109,0,53,POPLATEK MESICNE,255,43,1694.4627906976743,2175.0569676199348,27045.383720930233,1100.0,27301.4,8.6,0.0,0.0,0.0,0.0,Blansko,south Moravia,107911,88,33,6,2,7,50.9,8240,2.53,3.56,99,1850,1903
1198,0,70,POPLATEK MESICNE,255,35,9120.097142857143,9183.115603889748,38887.83714285714,1100.0,32445.2,7.0,0.0,0.0,0.0,0.0,Karvina,north Moravia,285387,0,2,8,5,7,89.9,10177,6.63,7.75,81,9878,10108
3830,0,56,POPLATEK MESICNE,255,34,6863.144117647059,6981.395946726152,32497.158823529415,700.0,36442.1,6.8,0.0,1.0,1.0,5498.0,Breclav,south Moravia,124605,11,42,14,1,8,46.0,8772,4.69,4.98,126,2854,3158
3692,0,70,POPLATEK MESICNE,254,24,2340.4041666666667,2157.2249685103525,20470.033333333333,500.0,23808.7,4.8,0.0,0.0,1.0,3263.0,Karvina,north Moravia,285387,0,2,8,5,7,89.9,10177,6.63,7.75,81,9878,10108
3217,0,75,POPLATEK PO OBRATU,252,53,10161.703773584906,12462.157029984233,43371.20943396226,300.0,22858.2,10.6,0.0,0.0,2.0,10147.3,Prerov,north Moravia,138032,67,30,4,2,5,64.6,8819,5.38,5.66,99,4063,4505
453,0,75,POPLATEK MESICNE,251,35,11291.808571428572,11676.548642858555,55511.165714285715,1100.0,50215.1,7.0,0.0,1.0,1.0,7012.0,Prerov,north Moravia,138032,67,30,4,2,5,64.6,8819,5.38,5.66,99,4063,4505
2539,0,24,POPLATEK MESICNE,251,29,2503.1517241379306,2440.38197209557,25851.537931034483,500.0,27865.2,5.8,0.0,0.0,2.0,3823.0,Karlovy Vary,west Bohemia,122603,25,21,6,2,8,80.0,8991,1.39,2.01,128,5198,5273
794,0,63,POPLATEK MESICNE,251,27,1361.325925925926,1208.1470821031276,12626.437037037036,900.0,13775.0,5.4,0.0,0.0,2.0,2014.0,Vyskov,south Moravia,86513,38,36,5,1,5,50.5,8288,3.79,4.52,110,1562,1460
636,0,75,POPLATEK MESICNE,251,26,2274.603846153846,1958.803909222313,16907.82307692308,1000.0,16754.9,5.2,0.0,0.0,1.0,3056.0,Prerov,north Moravia,138032,67,30,4,2,5,64.6,8819,5.38,5.66,99,4063,4505
309,0,14,POPLATEK MESICNE,250,36,9144.138888888889,9848.108299168867,33172.45,900.0,26872.2,7.2,1.0,1.0,1.0,1901.0,Ceske Budejovice,south Bohemia,177686,69,27,10,1,9,74.8,10045,1.42,1.71,135,6604,6295
873,1,73,POPLATEK MESICNE,249,45,2890.8133333333335,3038.1209789934305,24298.23111111111,1000.0,18239.8,9.0,1.0,0.0,4.0,7604.0,Opava,north Moravia,182027,17,49,12,2,7,56.4,8746,3.33,3.74,90,4355,4433
589,0,1,POPLATEK MESICNE,249,34,9782.85588235294,9794.442305350678,50103.464705882354,700.0,47986.9,6.8,0.0,0.0,1.0,5746.0,Hl.m. Praha,Prague,1204953,0,0,0,1,1,100.0,12541,0.29,0.43,167,85677,99107
9484,1,5,POPLATEK MESICNE,249,42,3430.204761904762,4275.639132023872,25862.51428571429,900.0,23551.8,8.4,0.0,0.0,0.0,0.0,Kolin,central Bohemia,95616,65,30,4,1,6,51.4,9307,3.85,4.43,118,2616,3040
3052,0,44,POPLATEK MESICNE,249,14,6809.542857142857,8903.16319843807,24679.907142857144,800.0,19733.5,2.8,0.0,0.0,2.0,10319.5,Chrudim,east Bohemia,105606,77,26,7,2,7,53.0,8254,2.79,3.76,97,2166,2325
10134,1,22,POPLATEK MESICNE,249,54,15564.688888888888,14839.800409577636,61436.659259259264,600.0,58498.0,10.8,1.0,0.0,2.0,15216.8,Domazlice,west Bohemia,58400,65,16,4,1,6,52.4,8620,1.10,1.25,100,1089,1117
3846,0,61,POPLATEK MESICNE,248,25,1542.2920000000001,1283.7090499538176,11610.431999999999,700.0,11612.5,5.0,0.0,1.0,1.0,2016.0,Trebic,south Moravia,117897,139,28,5,1,6,53.8,8814,4.76,5.74,107,2112,2059
912,0,65,POPLATEK MESICNE,248,23,1627.321739130435,1581.9323597643374,16191.082608695653,400.0,19839.5,4.6,0.0,0.0,1.0,2332.0,Znojmo,south Moravia,114200,101,41,4,1,4,43.7,8403,5.74,5.72,105,2157,2718
2080,0,74,POPLATEK MESICNE,248,42,19940.261904761905,21966.298315340104,67880.91428571429,400.0,54890.3,8.4,1.0,0.0,2.0,19589.0,Ostrava - mesto,north Moravia,323870,0,0,0,1,1,100.0,10673,4.75,5.44,100,18782,18347
2857,0,19,POPLATEK MESICNE,247,28,14686.185714285715,16131.65235987276,61609.25,900.0,47472.2,5.6,0.0,0.0,1.0,6317.0,Prachatice,south Bohemia,51428,50,11,3,1,4,52.7,8402,3.13,3.98,120,999,1099
647,0,1,POPLATEK MESICNE,247,35,6005.257142857143,6061.142853324227,39085.34571428571,1100.0,39067.2,7.0,0.0,0.0,1.0,6465.0,Hl.m. Praha,Prague,1204953,0,0,0,1,1,100.0,12541,0.29,0.43,167,85677,99107
2952,1,65,POPLATEK MESICNE,247,29,2012.2379310344827,2021.6233894736667,22301.162068965517,900.0,21560.6,5.8,0.0,0.0,2.0,2379.0,Znojmo,south Moravia,114200,101,41,4,1,4,43.7,8403,5.74,5.72,105,2157,2718
240,0,72,POPLATEK MESICNE,247,34,11149.758823529412,11005.578417663653,42456.541176470586,300.0,31661.6,6.8,0.0,0.0,2.0,10671.0,Olomouc,north Moravia,226122,32,50,7,4,4,62.6,8994,3.80,4.79,110,9672,9208
1693,0,1,POPLATEK PO OBRATU,246,32,12632.325,12915.789755254438,44839.93125,1100.0,34152.4,6.4,0.0,0.0,2.0,13758.0,Hl.m. Praha,Prague,1204953,0,0,0,1,1,100.0,12541,0.29,0.43,167,85677,99107
2612,0,1,POPLATEK MESICNE,246,36,10697.783333333333,10915.590095756226,41376.35555555556,300.0,24478.1,7.2,0.0,0.0,1.0,2259.5,Hl.m. Praha,Prague,1204953,0,0,0,1,1,100.0,12541,0.29,0.43,167,85677,99107
3104,0,1,POPLATEK MESICNE,246,37,1896.9648648648647,2186.635168372759,32931.95675675676,700.0,34406.8,7.4,0.0,1.0,1.0,2004.0,Hl.m. Praha,Prague,1204953,0,0,0,1,1,100.0,12541,0.29,0.43,167,85677,99107
1488,0,25,POPLATEK MESICNE,246,38,4869.473684210527,5303.902381479295,24982.11315789474,700.0,21143.1,7.6,0.0,0.0,2.0,6080.0,Klatovy,west Bohemia,88757,60,33,3,2,10,61.7,8554,2.47,2.68,113,1822,2218
2451,0,54,POPLATEK MESICNE,246,34,7556.788235294117,7603.552869936397,34424.57352941176,300.0,32636.6,6.8,0.0,0.0,1.0,6944.0,Brno - mesto,south Moravia,387570,0,0,0,1,1,100.0,9897,1.60,1.96,140,18721,18696
10257,0,27,POPLATEK MESICNE,244,64,15943.0984375,16639.813463111306,58014.6421875,900.0,52947.8,12.8,1.0,0.0,2.0,17952.3,Plzen - jih,west Bohemia,67298,71,19,10,0,7,43.8,8561,0.65,1.29,110,1029,1127
1024,0,19,POPLATEK MESICNE,243,26,1268.1,1406.6871856955263,13880.084615384616,600.0,18609.7,5.2,0.0,0.0,1.0,2074.0,Prachatice,south Bohemia,51428,50,11,3,1,4,52.7,8402,3.13,3.98,120,999,1099
2173,0,64,POPLATEK MESICNE,243,31,2228.735483870968,2487.932470352091,25011.464516129032,900.0,28422.5,6.2,0.0,0.0,1.0,1951.0,Zlin,south Moravia,197099,29,41,10,2,10,74.7,9624,1.60,2.31,145,4484,4265
98,0,55,POPLATEK MESICNE,243,34,1776.2558823529414,1965.0998950922628,18358.95588235294,1100.0,15644.4,6.8,0.0,0.0,2.0,2318.0,Brno - venkov,south Moravia,157042,49,70,18,0,9,33.9,8743,1.88,2.43,111,3659,3894
3119,0,33,POPLATEK MESICNE,243,33,1099.0727272727272,1269.685576794686,14257.148484848485,1100.0,17292.6,6.6,0.0,0.0,3.0,2112.0,Decin,north Bohemia,133777,24,17,7,3,11,84.7,8705,5.75,7.61,116,4650,4859
1230,0,1,POPLATEK MESICNE,242,31,12656.425806451613,15233.556942420852,62219.68064516129,700.0,47127.0,6.2,0.0,0.0,1.0,3213.4,Hl.m. Praha,Prague,1204953,0,0,0,1,1,100.0,12541,0.29,0.43,167,85677,99107
2594,0,19,POPLATEK PO OBRATU,242,19,3779.8631578947366,7306.553895967536,23774.505263157895,400.0,15217.5,3.8,0.0,0.0,3.0,12607.0,Prachatice,south Bohemia,51428,50,11,3,1,4,52.7,8402,3.13,3.98,120,999,1099
3773,0,10,POPLATEK MESICNE,241,29,2354.3793103448274,2452.1592074827367,24217.575862068963,700.0,26852.4,5.8,0.0,0.0,1.0,3146.0,Praha - vychod,central Bohemia,92084,55,29,4,3,5,46.7,10124,0.56,0.54,141,3810,4316
3635,0,10,POPLATEK MESICNE,241,40,1860.6950000000002,2511.306587084367,22908.1,600.0,20961.7,8.0,0.0,0.0,2.0,2538.0,Praha - vychod,central Bohemia,92084,55,29,4,3,5,46.7,10124,0.56,0.54,141,3810,4316
293,0,1,POPLATEK MESICNE,241,44,4237.006818181818,4894.985278425151,39569.193181818184,600.0,31615.5,8.8,0.0,0.0,3.0,3847.0,Hl.m. Praha,Prague,1204953,0,0,0,1,1,100.0,12541,0.29,0.43,167,85677,99107
1178,0,41,POPLATEK MESICNE,241,34,9807.847058823529,10282.258413351148,48550.06764705882,900.0,45530.6,6.8,0.0,0.0,1.0,5639.0,Usti nad Labem,north Bohemia,118650,8,8,5,1,3,85.6,9832,3.32,4.48,114,6445,5471
3988,0,23,POPLATEK MESICNE,241,46,1448.1847826086957,2626.7262131124694,28945.091304347825,700.0,31012.0,9.2,0.0,0.0,0.0,0.0,Cheb,west Bohemia,87419,21,11,4,3,9,85.5,8624,1.79,2.66,102,2879,3198
2816,0,74,POPLATEK MESICNE,241,39,7358.507692307692,8519.877031061715,46517.89743589744,1100.0,38623.6,7.8,0.0,0.0,2.0,4577.0,Ostrava - mesto,north Moravia,323870,0,0,0,1,1,100.0,10673,4.75,5.44,100,18782,18347
722,1,38,POPLATEK PO OBRATU,241,45,14398.857777777777,15534.613966551204,54413.04222222222,500.0,42948.6,9.0,0.0,1.0,0.0,0.0,Louny,north Bohemia,85852,41,23,4,2,4,59.8,8965,7.08,8.23,104,2653,2822
2184,1,6,POPLATEK MESICNE,238,33,11697.469696969696,13048.17131817436,49444.43636363636,700.0,59524.3,6.6,0.0,1.0,1.0,3165.0,Kutna Hora,central Bohemia,77963,60,23,4,2,4,51.5,8546,2.95,4.02,126,2640,3120
10022,0,1,POPLATEK MESICNE,238,38,10291.15,11656.017638849136,54621.38947368421,400.0,48994.0,7.6,1.0,0.0,3.0,16324.7,Hl.m. Praha,Prague,1204953,0,0,0,1,1,100.0,12541,0.29,0.43,167,85677,99107
1385,0,53,POPLATEK MESICNE,237,34,7752.30294117647,8018.871928428372,51871.123529411765,1000.0,61269.4,6.8,0.0,0.0,1.0,9834.0,Blansko,south Moravia,107911,88,33,6,2,7,50.9,8240,2.53,3.56,99,1850,1903
3506,0,70,POPLATEK MESICNE,237,37,4954.224324324324,5170.038843417663,34653.30540540541,500.0,35928.0,7.4,0.0,0.0,2.0,7646.0,Karvina,north Moravia,285387,0,2,8,5,7,89.9,10177,6.63,7.75,81,9878,10108
316,0,62,POPLATEK MESICNE,237,42,2788.785714285714,7328.808172183866,36314.759523809524,600.0,35953.7,8.4,0.0,0.0,0.0,0.0,Uherske Hradiste,south Moravia,145688,22,41,13,2,5,40.7,8544,1.29,1.86,109,2719,2906
3711,1,3,POPLATEK MESICNE,237,42,12111.07857142857,14143.742494837117,46093.961904761905,400.0,96115.7,8.4,1.0,0.0,1.0,7683.2,Beroun,central Bohemia,75232,55,26,4,1,5,41.7,8980,1.95,2.21,111,2824,2813
1982,0,6,POPLATEK MESICNE,237,30,6733.3,7071.132076558741,37072.39666666666,500.0,46917.9,6.0,0.0,0.0,1.0,3732.0,Kutna Hora,central Bohemia,77963,60,23,4,2,4,51.5,8546,2.95,4.02,126,2640,3120
2071,1,35,POPLATEK MESICNE,237,35,7016.645714285714,7891.548273174836,38123.37714285714,1000.0,44397.7,7.0,0.0,0.0,2.0,3218.0,Jablonec n. Nisou,north Bohemia,88768,10,18,5,1,7,80.5,8867,1.02,1.21,130,3384,3620
2800,0,41,POPLATEK MESICNE,237,34,8832.95294117647,9070.189855893908,48806.06176470588,900.0,56298.2,6.8,0.0,0.0,1.0,8740.0,Usti nad Labem,north Bohemia,118650,8,8,5,1,3,85.6,9832,3.32,4.48,114,6445,5471
997,0,54,POPLATEK MESICNE,237,38,1577.2631578947369,2191.609144777152,25293.505263157895,700.0,29128.3,7.6,0.0,0.0,4.0,2470.0,Brno - mesto,south Moravia,387570,0,0,0,1,1,100.0,9897,1.60,1.96,140,18721,18696
367,0,23,POPLATEK MESICNE,236,33,6219.730303030303,6327.192379102917,47221.59090909091,400.0,58062.2,6.6,0.0,0.0,1.0,6384.0,Cheb,west Bohemia,87419,21,11,4,3,9,85.5,8624,1.79,2.66,102,2879,3198
2141,0,21,POPLATEK MESICNE,236,32,11459.184375,12272.07004964103,55388.240625,900.0,69681.1,6.4,0.0,1.0,1.0,5796.0,Tabor,south Bohemia,103347,87,16,7,1,7,67.0,9104,1.51,2.07,123,2299,2354
2127,0,1,POPLATEK MESICNE,236,29,1747.3586206896553,2073.1076364994447,22515.05517241379,400.0,23515.8,5.8,0.0,0.0,1.0,1995.0,Hl.m. Praha,Prague,1204953,0,0,0,1,1,100.0,12541,0.29,0.43,167,85677,99107
3214,0,67,POPLATEK MESICNE,235,27,1689.2740740740742,1816.2011095844646,14833.62962962963,4019.0,19759.4,5.4,0.0,0.0,1.0,2679.0,Bruntal,north Moravia,106054,38,25,6,2,6,63.1,8110,5.77,6.55,109,3244,3079
250,0,56,POPLATEK MESICNE,235,29,3018.5758620689653,3495.544755997592,35139.61034482758,500.0,37269.7,5.8,0.0,0.0,1.0,3066.0,Breclav,south Moravia,124605,11,42,14,1,8,46.0,8772,4.69,4.98,126,2854,3158
3742,0,59,POPLATEK MESICNE,234,28,1860.8535714285715,1946.4512105809276,18419.62857142857,1000.0,21995.1,5.6,0.0,0.0,1.0,2969.0,Kromeriz,south Moravia,108871,41,29,7,2,6,62.1,8444,3.24,3.47,106,2595,2305
3577,0,74,POPLATEK MESICNE,234,35,5335.774285714286,5518.991717767831,31859.765714285717,700.0,36451.3,7.0,0.0,1.0,1.0,7964.0,Ostrava - mesto,north Moravia,323870,0,0,0,1,1,100.0,10673,4.75,5.44,100,18782,18347
2448,0,23,POPLATEK MESICNE,234,23,1467.0260869565216,1377.8190276392982,13868.856521739131,1000.0,16108.6,4.6,0.0,0.0,2.0,2260.0,Cheb,west Bohemia,87419,21,11,4,3,9,85.5,8624,1.79,2.66,102,2879,3198
1130,0,1,POPLATEK MESICNE,234,21,2787.095238095238,2861.735685816597,28758.56666666667,200.0,34850.0,4.2,0.0,0.0,1.0,2241.0,Hl.m. Praha,Prague,1204953,0,0,0,1,1,100.0,12541,0.29,0.43,167,85677,99107
2118,0,42,POPLATEK MESICNE,234,35,9749.731428571427,10370.455124840768,45920.18,300.0,55715.7,7.0,0.0,0.0,1.0,9871.0,Havlickuv Brod,east Bohemia,95907,87,25,5,2,7,59.1,8388,2.41,2.94,87,1658,1668
2005,0,16,POPLATEK MESICNE,234,34,1503.5058823529412,1847.5518518891142,24268.764705882353,700.0,27547.6,6.8,0.0,1.0,3.0,2274.0,Jindrichuv Hradec,south Bohemia,93931,74,21,10,1,8,56.9,8427,1.12,1.54,107,1874,1913
475,0,3,POPLATEK MESICNE,234,19,2219.115789473684,1942.5030674259085,16829.831578947367,200.0,19130.1,3.8,0.0,0.0,1.0,2760.0,Beroun,central Bohemia,75232,55,26,4,1,5,41.7,8980,1.95,2.21,111,2824,2813
6922,0,3,POPLATEK TYDNE,233,31,16285.96129032258,16799.646045709364,55995.44193548387,1100.0,58084.8,6.2,1.0,0.0,1.0,5811.7,Beroun,central Bohemia,75232,55,26,4,1,5,41.7,8980,1.95,2.21,111,2824,2813
3122,0,74,POPLATEK MESICNE,233,31,3481.516129032258,3494.3389942492963,32633.874193548385,1100.0,31935.4,6.2,0.0,0.0,1.0,4944.0,Ostrava - mesto,north Moravia,323870,0,0,0,1,1,100.0,10673,4.75,5.44,100,18782,18347
282,0,69,POPLATEK MESICNE,233,32,8389.54375,9801.659655448664,49751.69375,200.0,65245.8,6.4,0.0,0.0,2.0,8333.0,Jesenik,north Moravia,42821,4,13,5,1,3,48.4,8173,?,7.01,124,?,1358
3140,0,3,POPLATEK MESICNE,232,32,2879.615625,3027.3153774035686,27853.98125,1000.0,33146.8,6.4,0.0,0.0,2.0,4354.0,Beroun,central Bohemia,75232,55,26,4,1,5,41.7,8980,1.95,2.21,111,2824,2813
3790,1,1,POPLATEK TYDNE,232,50,16775.99,18650.03205671316,61690.002,1100.0,35009.5,10.0,0.0,0.0,0.0,0.0,Hl.m. Praha,Prague,1204953,0,0,0,1,1,100.0,12541,0.29,0.43,167,85677,99107
5164,0,5,POPLATEK MESICNE,232,37,3010.1945945945945,3076.866329829204,27168.318918918918,6392.0,26986.9,7.4,1.0,0.0,2.0,4882.0,Kolin,central Bohemia,95616,65,30,4,1,6,51.4,9307,3.85,4.43,118,2616,3040
8149,1,64,POPLATEK PO OBRATU,231,59,15116.271186440677,18567.46785627514,62494.01016949153,700.0,77868.5,11.8,0.0,0.0,1.0,4190.3,Zlin,south Moravia,197099,29,41,10,2,10,74.7,9624,1.60,2.31,145,4484,4265
2900,0,20,POPLATEK MESICNE,231,15,6385.3133333333335,7663.5282820519105,29295.053333333333,500.0,21779.8,3.0,0.0,0.0,0.0,0.0,Strakonice,south Bohemia,70646,94,14,3,1,4,58.4,8547,2.65,3.64,120,1563,1542
383,0,38,POPLATEK MESICNE,230,20,1552.125,1403.7251139941518,12277.3,600.0,13781.5,4.0,0.0,0.0,1.0,2057.0,Louny,north Bohemia,85852,41,23,4,2,4,59.8,8965,7.08,8.23,104,2653,2822
1953,0,9,POPLATEK TYDNE,230,17,3909.611764705882,7593.013047852146,26082.376470588235,600.0,27663.6,3.4,0.0,0.0,0.0,0.0,Nymburk,central Bohemia,81344,61,23,4,2,6,55.3,8899,3.39,3.97,149,2987,2487
3344,0,70,POPLATEK MESICNE,230,40,12644.66,13543.28567646184,65246.777500000004,1000.0,102855.8,8.0,0.0,0.0,1.0,8537.0,Karvina,north Moravia,285387,0,2,8,5,7,89.9,10177,6.63,7.75,81,9878,10108
139,0,38,POPLATEK TYDNE,230,30,15077.933333333332,15839.302104996083,61114.193333333336,1000.0,77691.9,6.0,0.0,0.0,0.0,0.0,Louny,north Bohemia,85852,41,23,4,2,4,59.8,8965,7.08,8.23,104,2653,2822
1808,0,28,POPLATEK MESICNE,229,14,5672.821428571428,6304.053455476524,43696.37142857142,400.0,58419.5,2.8,1.0,0.0,1.0,8033.2,Plzen - sever,west Bohemia,72541,66,26,10,0,8,36.9,8594,1.62,2.01,112,1580,1525
3299,0,11,POPLATEK TYDNE,229,17,2343.305882352941,5943.807554134659,25902.229411764707,200.0,32036.5,3.4,0.0,0.0,1.0,4676.0,Praha - zapad,central Bohemia,75637,35,36,9,0,7,36.5,9622,0.45,0.59,154,3475,3529
1697,0,63,POPLATEK MESICNE,228,21,1405.4857142857143,1485.0116205894533,15300.833333333334,800.0,19043.7,4.2,0.0,0.0,3.0,2221.0,Vyskov,south Moravia,86513,38,36,5,1,5,50.5,8288,3.79,4.52,110,1562,1460
2392,0,1,POPLATEK MESICNE,227,14,8258.778571428571,13612.04359055039,27139.842857142856,1100.0,17222.8,2.8,0.0,0.0,0.0,0.0,Hl.m. Praha,Prague,1204953,0,0,0,1,1,100.0,12541,0.29,0.43,167,85677,99107
8713,0,53,POPLATEK MESICNE,227,39,6421.169230769231,7897.290531740145,33360.65897435897,400.0,30254.9,7.8,1.0,0.0,1.0,2845.0,Blansko,south Moravia,107911,88,33,6,2,7,50.9,8240,2.53,3.56,99,1850,1903
3403,0,63,POPLATEK MESICNE,225,41,11311.251219512194,13006.512762441782,57684.37804878049,700.0,71235.3,8.2,1.0,0.0,1.0,1995.0,Vyskov,south Moravia,86513,38,36,5,1,5,50.5,8288,3.79,4.52,110,1562,1460
1424,1,32,POPLATEK MESICNE,225,31,8189.374193548388,8815.570082037339,36727.72580645161,600.0,30039.0,6.2,0.0,1.0,1.0,6224.0,Ceska Lipa,north Bohemia,105058,32,19,7,2,10,81.0,9272,2.80,3.22,118,4340,4505
2366,0,68,POPLATEK MESICNE,225,26,2022.3076923076924,2179.5869748047367,21056.196153846155,700.0,22648.9,5.2,0.0,0.0,2.0,1649.0,Frydek - Mistek,north Moravia,228848,15,40,18,2,6,57.2,9893,4.09,4.72,96,5623,5887
2668,0,21,POPLATEK MESICNE,225,31,6637.970967741936,6852.154599500975,42651.68064516129,900.0,38385.4,6.2,0.0,0.0,1.0,9884.0,Tabor,south Bohemia,103347,87,16,7,1,7,67.0,9104,1.51,2.07,123,2299,2354
2698,0,49,POPLATEK MESICNE,224,16,9072.8375,12276.269925178145,40295.28125,1000.0,34965.5,3.2,0.0,1.0,0.0,0.0,Semily,east Bohemia,75685,31,28,5,1,9,60.8,8208,1.89,2.26,155,1660,2123
3872,0,25,POPLATEK MESICNE,224,42,5513.254761904762,6377.340300118331,33874.583333333336,1100.0,24543.0,8.4,0.0,0.0,5.0,13325.2,Klatovy,west Bohemia,88757,60,33,3,2,10,61.7,8554,2.47,2.68,113,1822,2218
10343,1,8,POPLATEK MESICNE,223,35,3713.425714285714,4421.271627121536,18526.845714285715,800.0,15762.1,7.0,0.0,0.0,0.0,0.0,Mlada Boleslav,central Bohemia,112065,95,19,7,1,8,69.4,11277,1.25,1.44,127,5179,4987
2743,1,51,POPLATEK MESICNE,223,33,8701.554545454544,9987.80072861047,42282.64848484848,200.0,39614.2,6.6,0.0,0.0,3.0,8011.0,Trutnov,east Bohemia,121947,37,28,7,3,11,70.5,8541,2.51,2.97,131,3496,3839
834,0,3,POPLATEK MESICNE,222,30,2104.8066666666664,2163.8698724233877,15455.019999999999,900.0,14573.1,6.0,0.0,1.0,1.0,2473.0,Beroun,central Bohemia,75232,55,26,4,1,5,41.7,8980,1.95,2.21,111,2824,2813
1956,0,63,POPLATEK MESICNE,222,29,3472.103448275862,3515.2475234411468,37190.120689655174,300.0,42014.0,5.8,0.0,0.0,1.0,4674.0,Vyskov,south Moravia,86513,38,36,5,1,5,50.5,8288,3.79,4.52,110,1562,1460
4729,1,66,POPLATEK MESICNE,222,29,4805.706896551724,4423.9782740466135,24669.57931034483,300.0,22052.5,5.8,0.0,0.0,0.0,0.0,Zdar nad Sazavou,south Moravia,125832,151,41,2,3,5,48.3,8512,3.51,4.12,102,2247,2103
760,0,1,POPLATEK MESICNE,221,37,4265.77027027027,5031.60586751745,29414.970270270267,300.0,25204.4,7.4,0.0,0.0,3.0,5206.0,Hl.m. Praha,Prague,1204953,0,0,0,1,1,100.0,12541,0.29,0.43,167,85677,99107
2324,1,1,POPLATEK MESICNE,221,29,7081.4689655172415,7501.876262742706,29789.620689655174,800.0,24583.7,5.8,0.0,1.0,1.0,4151.0,Hl.m. Praha,Prague,1204953,0,0,0,1,1,100.0,12541,0.29,0.43,167,85677,99107
7559,0,56,POPLATEK MESICNE,221,32,2608.496875,2869.912812262756,27143.784375,900.0,30351.0,6.4,1.0,0.0,2.0,5178.0,Breclav,south Moravia,124605,11,42,14,1,8,46.0,8772,4.69,4.98,126,2854,3158
9208,1,29,POPLATEK MESICNE,221,43,6857.448837209302,9783.42116861776,42758.09302325582,1100.0,40982.4,8.6,1.0,0.0,1.0,3421.5,Rokycany,west Bohemia,45714,52,10,5,1,6,55.6,8843,2.82,3.60,113,818,888
3163,0,41,POPLATEK MESICNE,221,15,7723.286666666667,12225.162976586253,35496.35333333334,500.0,26049.1,3.0,0.0,0.0,4.0,12705.7,Usti nad Labem,north Bohemia,118650,8,8,5,1,3,85.6,9832,3.32,4.48,114,6445,5471
3732,0,21,POPLATEK MESICNE,220,20,2143.5299999999997,2000.532850096641,19421.145,500.0,24035.0,4.0,0.0,0.0,1.0,1668.0,Tabor,south Bohemia,103347,87,16,7,1,7,67.0,9104,1.51,2.07,123,2299,2354
1710,0,74,POPLATEK MESICNE,220,21,3122.1190476190477,3090.5379540816266,28035.438095238093,900.0,33507.5,4.2,0.0,0.0,1.0,2071.0,Ostrava - mesto,north Moravia,323870,0,0,0,1,1,100.0,10673,4.75,5.44,100,18782,18347
868,0,1,POPLATEK MESICNE,219,31,4897.596774193548,4668.564632052973,23297.690322580645,200.0,15389.8,6.2,0.0,0.0,2.0,6358.0,Hl.m. Praha,Prague,1204953,0,0,0,1,1,100.0,12541,0.29,0.43,167,85677,99107
534,0,1,POPLATEK MESICNE,219,33,5693.7787878787885,6573.020983001155,37706.0696969697,800.0,43163.0,6.6,0.0,0.0,3.0,3801.0,Hl.m. Praha,Prague,1204953,0,0,0,1,1,100.0,12541,0.29,0.43,167,85677,99107
3662,0,4,POPLATEK MESICNE,219,26,10019.3,10328.069637875222,45595.56538461538,600.0,53228.8,5.2,0.0,0.0,0.0,0.0,Kladno,central Bohemia,149893,63,29,6,2,6,67.4,9753,4.64,5.05,109,5244,5892
11053,0,46,POPLATEK MESICNE,218,42,10479.440476190477,15020.112998228116,36520.038095238095,1100.0,6183.0,8.4,0.0,0.0,1.0,3619.1,Nachod,east Bohemia,112709,48,20,7,3,10,73.5,8369,1.79,2.31,117,2854,2618
3172,0,77,POPLATEK MESICNE,218,22,1277.209090909091,1296.5882148782007,12659.395454545454,600.0,14199.0,4.4,0.0,0.0,2.0,1942.0,Vsetin,north Moravia,148545,8,35,12,3,4,53.5,8909,4.01,5.56,113,3460,3590
3905,1,54,POPLATEK PO OBRATU,217,55,16758.03818181818,17322.482314412817,60424.53272727272,800.0,71758.1,11.0,0.0,0.0,1.0,7689.0,Brno - mesto,south Moravia,387570,0,0,0,1,1,100.0,9897,1.60,1.96,140,18721,18696
464,0,43,POPLATEK MESICNE,217,20,2734.7400000000002,2285.5094135374766,20276.06,600.0,20707.8,4.0,0.0,1.0,1.0,3509.0,Hradec Kralove,east Bohemia,161854,73,21,6,1,6,76.3,9425,1.72,2.50,125,4085,3891
1574,0,75,POPLATEK MESICNE,217,19,1995.1105263157895,1772.1011028640353,17731.92631578947,1000.0,21299.5,3.8,0.0,0.0,1.0,2390.0,Prerov,north Moravia,138032,67,30,4,2,5,64.6,8819,5.38,5.66,99,4063,4505
2891,1,42,POPLATEK MESICNE,217,34,8229.932352941178,8604.422395303498,33766.67647058824,300.0,23692.7,6.8,0.0,0.0,3.0,11298.0,Havlickuv Brod,east Bohemia,95907,87,25,5,2,7,59.1,8388,2.41,2.94,87,1658,1668
2860,1,54,POPLATEK TYDNE,215,44,19147.81818181818,17642.719483820456,64032.12954545455,600.0,43804.2,8.8,0.0,0.0,0.0,0.0,Brno - mesto,south Moravia,387570,0,0,0,1,1,100.0,9897,1.60,1.96,140,18721,18696
10679,0,1,POPLATEK MESICNE,215,37,20527.824324324323,22422.628176742517,67822.90810810811,900.0,36825.5,7.4,1.0,0.0,2.0,14911.8,Hl.m. Praha,Prague,1204953,0,0,0,1,1,100.0,12541,0.29,0.43,167,85677,99107
5,0,15,POPLATEK MESICNE,215,18,2463.3722222222223,2252.4191008010907,22244.094444444447,600.0,27575.6,3.6,0.0,0.0,1.0,2668.0,Cesky Krumlov,south Bohemia,58796,22,16,7,1,5,51.9,9045,3.13,3.60,124,1845,1879
4130,0,70,POPLATEK MESICNE,213,14,1999.707142857143,3132.0144612261406,13334.957142857142,300.0,8795.6,2.8,0.0,0.0,0.0,0.0,Karvina,north Moravia,285387,0,2,8,5,7,89.9,10177,6.63,7.75,81,9878,10108
4527,0,9,POPLATEK MESICNE,213,19,14359.578947368422,17057.377113683717,41973.96315789474,600.0,43231.9,3.8,0.0,0.0,1.0,2156.0,Nymburk,central Bohemia,81344,61,23,4,2,6,55.3,8899,3.39,3.97,149,2987,2487
3951,1,22,POPLATEK MESICNE,212,29,3185.5689655172414,3114.3460593223654,19453.724137931036,600.0,15068.4,5.8,0.0,0.0,1.0,7284.0,Domazlice,west Bohemia,58400,65,16,4,1,6,52.4,8620,1.10,1.25,100,1089,1117
3700,0,1,POPLATEK MESICNE,211,31,8864.86129032258,9450.341705592004,46305.81290322581,800.0,41223.0,6.2,0.0,0.0,1.0,5230.0,Hl.m. Praha,Prague,1204953,0,0,0,1,1,100.0,12541,0.29,0.43,167,85677,99107
2564,1,36,POPLATEK MESICNE,211,30,9424.7,9535.805092785098,42473.84333333334,1000.0,28831.9,6.0,0.0,0.0,1.0,8086.0,Liberec,north Bohemia,159617,29,19,8,1,9,85.2,9198,3.33,4.28,131,5796,6132
3202,0,8,POPLATEK MESICNE,210,28,1808.0678571428573,1952.8323043540042,18586.26785714286,1100.0,20012.3,5.6,0.0,0.0,2.0,2521.0,Mlada Boleslav,central Bohemia,112065,95,19,7,1,8,69.4,11277,1.25,1.44,127,5179,4987
879,0,9,POPLATEK MESICNE,210,24,1386.6041666666667,1416.0399446217937,11955.824999999999,500.0,15454.8,4.8,0.0,0.0,1.0,2094.0,Nymburk,central Bohemia,81344,61,23,4,2,6,55.3,8899,3.39,3.97,149,2987,2487
2404,1,8,POPLATEK MESICNE,209,28,5944.125,6218.29114686098,35024.139285714286,200.0,43530.5,5.6,0.0,0.0,1.0,5488.0,Mlada Boleslav,central Bohemia,112065,95,19,7,1,8,69.4,11277,1.25,1.44,127,5179,4987
1537,0,54,POPLATEK MESICNE,208,22,5283.25,5811.200487461793,37434.604545454546,200.0,50587.6,4.4,0.0,0.0,0.0,0.0,Brno - mesto,south Moravia,387570,0,0,0,1,1,100.0,9897,1.60,1.96,140,18721,18696
3768,0,52,POPLATEK MESICNE,208,33,13673.281818181818,14105.81509884431,58384.63939393939,400.0,27509.9,6.6,0.0,0.0,0.0,0.0,Usti nad Orlici,east Bohemia,139012,59,41,8,3,10,61.9,8363,2.52,3.49,108,2564,2799
5944,0,27,POPLATEK MESICNE,208,30,9563.446666666667,10828.57287861158,45763.33666666667,1000.0,60475.8,6.0,1.0,0.0,2.0,6325.0,Plzen - jih,west Bohemia,67298,71,19,10,0,7,43.8,8561,0.65,1.29,110,1029,1127
9673,0,76,POPLATEK MESICNE,207,32,6358.10625,7001.253679621336,38379.25625,1100.0,43467.7,6.4,1.0,0.0,2.0,6134.2,Sumperk,north Moravia,127369,31,32,13,2,7,51.2,8369,4.73,5.88,107,3736,2807
229,0,1,POPLATEK MESICNE,207,23,2215.5521739130436,2382.8718292066987,22210.108695652172,1100.0,28954.6,4.6,0.0,0.0,1.0,2505.0,Hl.m. Praha,Prague,1204953,0,0,0,1,1,100.0,12541,0.29,0.43,167,85677,99107
614,0,25,POPLATEK MESICNE,207,24,2308.445833333333,2541.441048761452,21776.066666666666,200.0,26433.5,4.8,0.0,0.0,1.0,1664.0,Klatovy,west Bohemia,88757,60,33,3,2,10,61.7,8554,2.47,2.68,113,1822,2218
1724,0,48,POPLATEK MESICNE,207,25,2617.8920000000003,2839.1174605735023,22562.384,1100.0,30043.5,5.0,0.0,0.0,1.0,1604.0,Rychnov nad Kneznou,east Bohemia,78955,50,24,8,1,9,59.0,9060,1.78,2.44,124,1655,1717
1185,0,12,POPLATEK MESICNE,207,18,2097.9555555555553,1878.486795025445,14694.083333333334,700.0,14839.4,3.6,0.0,0.0,2.0,2830.0,Pribram,central Bohemia,107870,84,29,6,1,6,58.0,8754,3.83,4.31,137,3804,3868
349,0,72,POPLATEK MESICNE,206,32,3654.30625,3390.1165441892235,20275.103125,1100.0,21010.2,6.4,1.0,0.0,2.0,8228.0,Olomouc,north Moravia,226122,32,50,7,4,4,62.6,8994,3.80,4.79,110,9672,9208
682,0,54,POPLATEK MESICNE,206,25,1163.972,1266.372878381403,12861.892,800.0,15215.6,5.0,0.0,0.0,2.0,2014.0,Brno - mesto,south Moravia,387570,0,0,0,1,1,100.0,9897,1.60,1.96,140,18721,18696
291,0,7,POPLATEK MESICNE,206,53,17205.85471698113,17659.941760059097,59961.20754716981,10440.1,73140.3,10.6,0.0,0.0,3.0,14928.9,Melnik,central Bohemia,94725,38,28,1,3,6,63.4,9920,2.26,2.87,130,4289,4846
3211,0,72,POPLATEK MESICNE,205,21,1228.752380952381,1418.5028655660333,12111.261904761905,200.0,17248.3,4.2,0.0,0.0,1.0,2012.0,Olomouc,north Moravia,226122,32,50,7,4,4,62.6,8994,3.80,4.79,110,9672,9208
3060,0,73,POPLATEK MESICNE,205,29,8680.903448275862,9538.842059835548,45557.09655172414,400.0,62393.2,5.8,0.0,0.0,1.0,3960.0,Opava,north Moravia,182027,17,49,12,2,7,56.4,8746,3.33,3.74,90,4355,4433
4471,1,4,POPLATEK TYDNE,205,24,14225.637499999999,13927.319423998928,52243.60833333334,700.0,56223.3,4.8,0.0,1.0,2.0,14347.2,Kladno,central Bohemia,149893,63,29,6,2,6,67.4,9753,4.64,5.05,109,5244,5892
2956,0,15,POPLATEK MESICNE,204,23,6884.060869565217,6984.940673382411,40097.108695652176,400.0,54885.6,4.6,0.0,0.0,1.0,9042.0,Cesky Krumlov,south Bohemia,58796,22,16,7,1,5,51.9,9045,3.13,3.60,124,1845,1879
2019,0,64,POPLATEK MESICNE,203,27,1098.5407407407406,1309.0952111049417,13274.077777777777,700.0,16350.8,5.4,0.0,0.0,3.0,2102.0,Zlin,south Moravia,197099,29,41,10,2,10,74.7,9624,1.60,2.31,145,4484,4265
1491,0,47,POPLATEK MESICNE,203,27,6081.7555555555555,6534.564077352493,39351.01111111111,1000.0,55015.7,5.4,0.0,0.0,1.0,6966.0,Pardubice,east Bohemia,162580,83,26,5,1,6,72.8,9538,1.51,1.81,111,6079,5410
3496,0,42,POPLATEK MESICNE,203,23,14961.756521739131,15282.765324372482,53920.078260869566,700.0,59448.0,4.6,0.0,0.0,0.0,0.0,Havlickuv Brod,east Bohemia,95907,87,25,5,2,7,59.1,8388,2.41,2.94,87,1658,1668
1841,0,36,POPLATEK MESICNE,202,24,2484.6875,3211.038307668599,28941.245833333334,300.0,37615.9,4.8,0.0,0.0,2.0,3099.0,Liberec,north Bohemia,159617,29,19,8,1,9,85.2,9198,3.33,4.28,131,5796,6132
7180,0,7,POPLATEK TYDNE,202,27,11387.570370370371,11763.034198670353,37373.32592592593,700.0,19788.4,5.4,1.0,0.0,2.0,12245.5,Melnik,central Bohemia,94725,38,28,1,3,6,63.4,9920,2.26,2.87,130,4289,4846
5648,0,59,POPLATEK MESICNE,201,24,22693.533333333336,21541.556518580277,65218.78333333333,1100.0,55986.4,4.8,0.0,0.0,0.0,0.0,Kromeriz,south Moravia,108871,41,29,7,2,6,62.1,8444,3.24,3.47,106,2595,2305
2509,0,43,POPLATEK MESICNE,201,57,14203.261403508772,13948.308990887368,67436.5350877193,900.0,75254.5,11.4,0.0,0.0,3.0,13400.0,Hradec Kralove,east Bohemia,161854,73,21,6,1,6,76.3,9425,1.72,2.50,125,4085,3891
2878,0,1,POPLATEK MESICNE,200,18,3722.8222222222225,3127.769882568194,19366.255555555555,700.0,17198.9,3.6,0.0,0.0,1.0,3192.0,Hl.m. Praha,Prague,1204953,0,0,0,1,1,100.0,12541,0.29,0.43,167,85677,99107
1015,1,1,POPLATEK MESICNE,200,24,3415.3958333333335,3484.178117979615,26643.25,1100.0,25011.0,4.8,0.0,0.0,1.0,3925.0,Hl.m. Praha,Prague,1204953,0,0,0,1,1,100.0,12541,0.29,0.43,167,85677,99107
1753,0,71,POPLATEK MESICNE,200,13,9131.815384615385,10716.625761703646,41270.976923076916,900.0,39913.7,2.6,0.0,0.0,0.0,0.0,Novy Jicin,north Moravia,161227,5,35,11,4,10,69.7,8678,5.93,5.57,102,4980,4595
2372,1,1,POPLATEK MESICNE,199,27,1888.3666666666668,2507.711752850518,26195.522222222222,500.0,30522.1,5.4,0.0,0.0,4.0,2292.0,Hl.m. Praha,Prague,1204953,0,0,0,1,1,100.0,12541,0.29,0.43,167,85677,99107
6097,0,29,POPLATEK MESICNE,199,27,3990.162962962963,4062.86194554719,31102.414814814812,1000.0,24663.9,5.4,1.0,0.0,2.0,3883.0,Rokycany,west Bohemia,45714,52,10,5,1,6,55.6,8843,2.82,3.60,113,818,888
2720,0,2,POPLATEK TYDNE,198,60,16332.303333333333,17337.587756672714,74872.925,200.0,33188.1,12.0,1.0,0.0,3.0,13533.2,Benesov,central Bohemia,88884,80,26,6,2,5,46.7,8507,1.67,1.85,132,2159,2674
2006,0,25,POPLATEK MESICNE,198,14,2589.214285714286,2495.893895321534,21585.428571428572,700.0,28520.6,2.8,0.0,0.0,2.0,3135.0,Klatovy,west Bohemia,88757,60,33,3,2,10,61.7,8554,2.47,2.68,113,1822,2218
3953,0,1,POPLATEK MESICNE,198,31,12054.632258064517,16419.555892459193,59628.37741935484,500.0,47028.3,6.2,1.0,0.0,1.0,5297.7,Hl.m. Praha,Prague,1204953,0,0,0,1,1,100.0,12541,0.29,0.43,167,85677,99107
2135,0,51,POPLATEK MESICNE,197,25,4846.028,4788.152607262359,27641.936,300.0,27688.3,5.0,0.0,0.0,2.0,6841.0,Trutnov,east Bohemia,121947,37,28,7,3,11,70.5,8541,2.51,2.97,131,3496,3839
1551,0,72,POPLATEK MESICNE,196,19,2717.9736842105262,2836.013890782881,26265.77894736842,1100.0,30751.1,3.8,0.0,0.0,2.0,3063.0,Olomouc,north Moravia,226122,32,50,7,4,4,62.6,8994,3.80,4.79,110,9672,9208
1095,0,54,POPLATEK MESICNE,196,31,7522.9548387096775,9431.543690539696,45456.87741935484,400.0,43707.7,6.2,0.0,0.0,4.0,7575.0,Brno - mesto,south Moravia,387570,0,0,0,1,1,100.0,9897,1.60,1.96,140,18721,18696
3703,0,74,POPLATEK MESICNE,196,17,1446.0,1320.7987266234018,11494.435294117648,400.0,12635.6,3.4,0.0,0.0,2.0,2012.0,Ostrava - mesto,north Moravia,323870,0,0,0,1,1,100.0,10673,4.75,5.44,100,18782,18347
3719,0,37,POPLATEK MESICNE,195,24,6023.7625,6132.0684593595115,32824.049999999996,200.0,34723.9,4.8,0.0,0.0,1.0,3197.0,Litomerice,north Bohemia,114006,71,26,6,2,9,62.3,9065,4.46,5.39,123,4147,4166
2057,0,1,POPLATEK MESICNE,194,29,7879.731034482759,10000.415101031109,49205.84482758621,900.0,50552.4,5.8,0.0,0.0,4.0,5414.0,Hl.m. Praha,Prague,1204953,0,0,0,1,1,100.0,12541,0.29,0.43,167,85677,99107
2560,0,15,POPLATEK MESICNE,194,24,4233.787499999999,3979.604718989334,28534.587499999998,800.0,28305.1,4.8,0.0,1.0,2.0,5591.0,Cesky Krumlov,south Bohemia,58796,22,16,7,1,5,51.9,9045,3.13,3.60,124,1845,1879
3986,0,19,POPLATEK MESICNE,194,28,4287.160714285715,4349.50180589807,27836.860714285714,1100.0,28546.0,5.6,0.0,0.0,2.0,6609.0,Prachatice,south Bohemia,51428,50,11,3,1,4,52.7,8402,3.13,3.98,120,999,1099
4858,1,67,POPLATEK MESICNE,193,33,15143.31212121212,18448.575543161147,56362.796969696974,600.0,51002.7,6.6,1.0,0.0,1.0,6983.3,Bruntal,north Moravia,106054,38,25,6,2,6,63.1,8110,5.77,6.55,109,3244,3079
1354,0,31,POPLATEK MESICNE,193,18,2199.3500000000004,2020.6752270553757,16219.677777777779,1000.0,18209.9,3.6,0.0,0.0,1.0,3080.0,Tachov,west Bohemia,51313,34,12,3,1,4,59.2,8930,3.52,4.20,108,1328,1452
3262,0,23,POPLATEK MESICNE,192,24,11227.245833333334,11748.63524003789,49330.387500000004,700.0,52435.4,4.8,0.0,0.0,1.0,8340.0,Cheb,west Bohemia,87419,21,11,4,3,9,85.5,8624,1.79,2.66,102,2879,3198
3100,0,65,POPLATEK MESICNE,192,24,9750.762499999999,10250.518305869582,33211.35833333333,600.0,34365.9,4.8,0.0,0.0,2.0,6497.0,Znojmo,south Moravia,114200,101,41,4,1,4,43.7,8403,5.74,5.72,105,2157,2718
1839,0,5,POPLATEK MESICNE,192,24,6120.041666666667,6494.766960970874,31489.641666666666,600.0,37036.5,4.8,0.0,0.0,1.0,3093.0,Kolin,central Bohemia,95616,65,30,4,1,6,51.4,9307,3.85,4.43,118,2616,3040
3996,0,1,POPLATEK MESICNE,192,20,2925.87,3016.132192080656,23424.59,1100.0,24129.6,4.0,0.0,0.0,1.0,1511.0,Hl.m. Praha,Prague,1204953,0,0,0,1,1,100.0,12541,0.29,0.43,167,85677,99107
622,1,24,POPLATEK MESICNE,192,26,11074.034615384615,12722.358414757613,37990.25769230769,700.0,33425.0,5.2,0.0,0.0,4.0,9428.0,Karlovy Vary,west Bohemia,122603,25,21,6,2,8,80.0,8991,1.39,2.01,128,5198,5273
2340,0,14,POPLATEK MESICNE,192,23,4389.313043478261,4291.100268452491,28754.865217391307,1100.0,34510.3,4.6,0.0,0.0,0.0,0.0,Ceske Budejovice,south Bohemia,177686,69,27,10,1,9,74.8,10045,1.42,1.71,135,6604,6295
641,0,40,POPLATEK MESICNE,192,24,11583.166666666666,12439.746105918326,45784.083333333336,800.0,48537.7,4.8,0.0,0.0,1.0,3330.0,Teplice,north Bohemia,128118,9,16,6,3,8,85.3,9317,6.49,7.07,97,6949,6872
3461,0,8,POPLATEK MESICNE,191,7,3628.5714285714284,3937.729585143485,16157.142857142857,900.0,25400.0,1.4,0.0,0.0,0.0,0.0,Mlada Boleslav,central Bohemia,112065,95,19,7,1,8,69.4,11277,1.25,1.44,127,5179,4987
672,0,53,POPLATEK MESICNE,191,7,4842.857142857143,5233.500148994343,21457.14285714286,400.0,25900.0,1.4,0.0,0.0,0.0,0.0,Blansko,south Moravia,107911,88,33,6,2,7,50.9,8240,2.53,3.56,99,1850,1903
8645,1,60,POPLATEK MESICNE,191,31,6222.945161290322,7684.441793513208,35997.41935483871,700.0,33479.2,6.2,1.0,0.0,2.0,12934.0,Prostejov,south Moravia,110643,49,41,4,1,4,51.9,8441,3.45,4.48,115,1879,2252
438,0,37,POPLATEK MESICNE,191,12,8118.866666666666,11411.301192425097,32259.058333333334,900.0,27226.5,2.4,0.0,1.0,0.0,0.0,Litomerice,north Bohemia,114006,71,26,6,2,9,62.3,9065,4.46,5.39,123,4147,4166
2443,0,46,POPLATEK MESICNE,189,25,11374.44,12090.24504903988,40098.556000000004,1000.0,35981.1,5.0,0.0,0.0,1.0,7034.0,Nachod,east Bohemia,112709,48,20,7,3,10,73.5,8369,1.79,2.31,117,2854,2618
4309,0,74,POPLATEK TYDNE,189,15,3944.3799999999997,7087.622356333611,29166.786666666667,400.0,42965.7,3.0,0.0,0.0,1.0,4825.3,Ostrava - mesto,north Moravia,323870,0,0,0,1,1,100.0,10673,4.75,5.44,100,18782,18347
3075,0,71,POPLATEK MESICNE,189,14,2428.1142857142854,2396.633358839707,20995.81428571429,400.0,27689.1,2.8,0.0,1.0,1.0,1523.0,Novy Jicin,north Moravia,161227,5,35,11,4,10,69.7,8678,5.93,5.57,102,4980,4595
2200,0,1,POPLATEK MESICNE,188,22,5799.159090909091,5847.548578406013,29017.17272727273,1100.0,32537.6,4.4,0.0,0.0,1.0,397.0,Hl.m. Praha,Prague,1204953,0,0,0,1,1,100.0,12541,0.29,0.43,167,85677,99107
3245,0,45,POPLATEK MESICNE,188,19,3355.5947368421052,2928.1276627591233,18798.63157894737,1000.0,19416.4,3.8,0.0,1.0,1.0,3878.0,Jicin,east Bohemia,77917,85,19,6,1,5,53.5,8390,2.28,2.89,132,2080,2122
2806,0,53,POPLATEK MESICNE,188,25,4279.988,4319.728937128655,30942.296000000002,500.0,33043.9,5.0,0.0,0.0,1.0,5068.0,Blansko,south Moravia,107911,88,33,6,2,7,50.9,8240,2.53,3.56,99,1850,1903
556,0,12,POPLATEK MESICNE,188,23,9328.065217391304,9519.366992066452,36353.46956521739,500.0,34087.0,4.6,0.0,0.0,0.0,0.0,Pribram,central Bohemia,107870,84,29,6,1,6,58.0,8754,3.83,4.31,137,3804,3868
4301,0,1,POPLATEK MESICNE,188,23,6462.047826086957,6574.457563858203,37279.669565217395,900.0,38983.3,4.6,0.0,0.0,0.0,0.0,Hl.m. Praha,Prague,1204953,0,0,0,1,1,100.0,12541,0.29,0.43,167,85677,99107
4156,1,42,POPLATEK MESICNE,187,39,15400.620512820511,15100.803130962753,53986.94358974358,200.0,25400.0,7.8,0.0,0.0,0.0,0.0,Havlickuv Brod,east Bohemia,95907,87,25,5,2,7,59.1,8388,2.41,2.94,87,1658,1668
1921,0,42,POPLATEK MESICNE,187,26,1737.319230769231,1776.9217254610244,17434.62692307692,900.0,20174.5,5.2,0.0,0.0,2.0,2433.0,Havlickuv Brod,east Bohemia,95907,87,25,5,2,7,59.1,8388,2.41,2.94,87,1658,1668
2939,0,5,POPLATEK MESICNE,186,15,3121.2200000000003,2627.2235649608724,20051.52,200.0,22010.5,3.0,0.0,0.0,1.0,2882.0,Kolin,central Bohemia,95616,65,30,4,1,6,51.4,9307,3.85,4.43,118,2616,3040
3665,0,28,POPLATEK MESICNE,186,10,7322.5199999999995,9117.773557642482,26397.26,800.0,30625.2,2.0,0.0,0.0,3.0,10210.8,Plzen - sever,west Bohemia,72541,66,26,10,0,8,36.9,8594,1.62,2.01,112,1580,1525
3524,0,66,POPLATEK MESICNE,186,17,2501.3647058823526,2066.689149624701,17147.529411764706,200.0,16099.4,3.4,0.0,0.0,1.0,3060.0,Zdar nad Sazavou,south Moravia,125832,151,41,2,3,5,48.3,8512,3.51,4.12,102,2247,2103
5196,0,13,POPLATEK TYDNE,185,34,13413.758823529412,16258.406283988073,47637.48235294117,300.0,30427.7,6.8,1.0,0.0,2.0,14557.5,Rakovnik,central Bohemia,53921,61,22,1,1,2,41.3,8598,2.77,3.26,123,1597,1875
2883,0,77,POPLATEK MESICNE,185,18,2270.7555555555555,2303.7047337411623,19357.07777777778,200.0,22775.8,3.6,0.0,0.0,1.0,2497.0,Vsetin,north Moravia,148545,8,35,12,3,4,53.5,8909,4.01,5.56,113,3460,3590
1346,0,74,POPLATEK MESICNE,183,26,1928.9807692307693,2772.159891206744,23229.430769230767,400.0,23897.2,5.2,0.0,0.0,2.0,2067.0,Ostrava - mesto,north Moravia,323870,0,0,0,1,1,100.0,10673,4.75,5.44,100,18782,18347
1514,0,7,POPLATEK MESICNE,183,20,2283.725,2578.758950771516,21619.03,900.0,27813.9,4.0,0.0,0.0,2.0,3781.0,Melnik,central Bohemia,94725,38,28,1,3,6,63.4,9920,2.26,2.87,130,4289,4846
3154,0,1,POPLATEK MESICNE,182,25,9894.6,10865.481149608608,46003.53599999999,400.0,51098.6,5.0,0.0,0.0,2.0,4124.0,Hl.m. Praha,Prague,1204953,0,0,0,1,1,100.0,12541,0.29,0.43,167,85677,99107
2081,0,36,POPLATEK MESICNE,182,23,1715.1434782608694,2274.350161300043,23563.695652173912,600.0,31433.8,4.6,0.0,0.0,1.0,2028.0,Liberec,north Bohemia,159617,29,19,8,1,9,85.2,9198,3.33,4.28,131,5796,6132
1255,1,68,POPLATEK MESICNE,182,25,16057.348,17235.892809196164,63661.232,300.0,56189.7,5.0,0.0,0.0,1.0,4598.0,Frydek - Mistek,north Moravia,228848,15,40,18,2,6,57.2,9893,4.09,4.72,96,5623,5887
2208,0,7,POPLATEK MESICNE,182,17,1377.6000000000001,1484.2914824925729,12220.329411764706,1100.0,17383.2,3.4,0.0,0.0,1.0,2126.0,Melnik,central Bohemia,94725,38,28,1,3,6,63.4,9920,2.26,2.87,130,4289,4846
1284,0,55,POPLATEK MESICNE,182,12,16029.483333333332,14896.886968322262,47427.10833333333,1000.0,55953.8,2.4,1.0,0.0,1.0,4375.5,Brno - venkov,south Moravia,157042,49,70,18,0,9,33.9,8743,1.88,2.43,111,3659,3894
8153,0,9,POPLATEK MESICNE,182,43,14199.520930232558,15504.89182968607,65749.66511627907,200.0,58406.1,8.6,0.0,0.0,1.0,1993.6,Nymburk,central Bohemia,81344,61,23,4,2,6,55.3,8899,3.39,3.97,149,2987,2487
7721,0,13,POPLATEK MESICNE,181,23,10894.982608695653,11445.105334900003,50002.79565217392,1000.0,49340.7,4.6,1.0,0.0,1.0,3788.3,Rakovnik,central Bohemia,53921,61,22,1,1,2,41.3,8598,2.77,3.26,123,1597,1875
3889,0,16,POPLATEK MESICNE,181,20,1080.325,1303.3077064773147,12062.185000000001,1100.0,15862.1,4.0,0.0,0.0,2.0,1940.0,Jindrichuv Hradec,south Bohemia,93931,74,21,10,1,8,56.9,8427,1.12,1.54,107,1874,1913
3085,1,66,POPLATEK MESICNE,181,27,5124.614814814815,5775.976049232765,34367.92592592593,600.0,32272.3,5.4,0.0,1.0,2.0,6630.0,Zdar nad Sazavou,south Moravia,125832,151,41,2,3,5,48.3,8512,3.51,4.12,102,2247,2103
768,0,26,POPLATEK MESICNE,181,24,2458.108333333333,2251.6258459971364,17729.604166666668,800.0,21108.1,4.8,0.0,0.0,1.0,2814.0,Plzen - mesto,west Bohemia,170449,0,0,0,1,1,100.0,10787,2.64,3.09,131,6041,6261
8919,0,62,POPLATEK MESICNE,181,36,2311.3083333333334,2510.0719389093215,22268.975,1000.0,19936.3,7.2,1.0,0.0,3.0,6007.0,Uherske Hradiste,south Moravia,145688,22,41,13,2,5,40.7,8544,1.29,1.86,109,2719,2906
185,0,32,POPLATEK MESICNE,180,25,8358.68,8803.025423067154,44124.636,1000.0,58219.2,5.0,0.0,0.0,1.0,6526.0,Ceska Lipa,north Bohemia,105058,32,19,7,2,10,81.0,9272,2.80,3.22,118,4340,4505
